history,window_ms,target,group,absolute_ns,observed_group_product_sum64,observed_positive_product_sum64,observed_negative_product_sum64,outside_product_sum64,consumer_net32,consumer_margin32,reduction_residual64,upper_group_real64,upper_net32,upper_margin32,available_increment32
sham_off_01,1,10045,C1,47486000000,-981.0242312738434,43.052905719564826,-1024.0771369934082,154.70992256067711,-826.313720703125,-1489.572265625,0.0005880100412696265,12731.636708179834,12886.3466796875,12223.087890625,13712.660400390625
sham_off_01,1,10045,C1,47486125000,-980.8261225342956,43.0542936354671,-1023.8804161697626,155.27846041342946,-825.5478515625,-1488.806396484375,-0.000189441633892784,12731.636708179834,12886.916015625,12223.6572265625,13712.4638671875
sham_off_01,1,10045,C1,47486250000,-980.6283606916888,43.05568694768115,-1023.68404763937,155.84523639110603,-824.782470703125,-1488.041015625,0.0006535974578127934,12731.636708179834,12887.4814453125,12224.22265625,13712.263916015625
sham_off_01,1,10045,C1,47486375000,-980.4310994847922,43.05708414770088,-1023.488183632493,156.4113091639524,-824.01953125,-1487.278076171875,0.0002590708397747221,12731.636708179834,12888.048828125,12224.7900390625,13712.068359375
sham_off_01,1,10045,C1,47486500000,-980.2341279997823,43.05848520851155,-1023.2926132082939,156.97560317874468,-823.2587890625,-1486.517333984375,-0.000264241462332393,12731.636708179834,12888.61328125,12225.3544921875,13711.8720703125
sham_off_01,1,10045,C1,47486625000,-980.0375999980148,43.05988976131123,-1023.097489759326,157.53892959359564,-822.4990234375,-1485.757568359375,-0.0003530330808416693,12731.636708179834,12889.17578125,12225.9169921875,13711.6748046875
sham_off_01,1,10045,C1,47486750000,-979.8415038537905,43.06129920960213,-1022.9028030633926,158.10068560538684,-821.739990234375,-1484.99853515625,0.0008280140286842652,12731.636708179834,12889.73828125,12226.4794921875,13711.478271484375
sham_off_01,1,10045,C1,47486875000,-979.6458451999841,43.06271280809062,-1022.7085580080748,158.66155534221207,-820.984375,-1484.242919921875,-8.514222793110093e-05,12731.636708179834,12890.298828125,12227.0400390625,13711.283203125
sham_off_01,1,10045,C2,47486000000,-129.55814666301012,80.87898173183203,-210.43712839484215,-696.7561620501563,-826.313720703125,-1489.572265625,0.0005880100413833134,4731.151706088112,4034.39599609375,3371.137451171875,4860.709716796875
sham_off_01,1,10045,C2,47486125000,-129.54000421240926,80.87738445028663,-210.41738866269588,-696.0076579084568,-825.5478515625,-1488.806396484375,-0.000189441633892784,4731.151706088112,4035.14404296875,3371.885498046875,4860.69189453125
sham_off_01,1,10045,C2,47486250000,-129.521951649338,80.87579191848636,-210.39774356782436,-695.2611726512448,-824.782470703125,-1488.041015625,0.0006535974578127934,4731.151706088112,4035.890380859375,3372.6318359375,4860.6728515625
sham_off_01,1,10045,C2,47486375000,-129.50395806878805,80.87420704215765,-210.3781651109457,-694.5158322520517,-824.01953125,-1487.278076171875,0.0002590708397747221,4731.151706088112,4036.63623046875,3373.377685546875,4860.65576171875
sham_off_01,1,10045,C2,47486500000,-129.4860595650971,80.872627671808,-210.3586872369051,-693.7724652559407,-823.2587890625,-1486.517333984375,-0.00026424146221870615,4731.151706088112,4037.379638671875,3374.12109375,4860.638427734375
sham_off_01,1,10045,C2,47486625000,-129.46823661774397,80.87105394154787,-210.33929055929184,-693.0304337866751,-822.4990234375,-1485.757568359375,-0.0003530330809553561,4731.151706088112,4038.12158203125,3374.863037109375,4860.62060546875
sham_off_01,1,10045,C2,47486750000,-129.45048988983035,80.86948879435658,-210.31997868418694,-692.2903283585733,-821.739990234375,-1484.99853515625,0.0008280140286842652,4731.151706088112,4038.86181640625,3375.603271484375,4860.601806640625
sham_off_01,1,10045,C2,47486875000,-129.4328258894384,80.86793180182576,-210.30075769126415,-691.5514639683338,-820.984375,-1484.242919921875,-8.51422278174141e-05,4731.151706088112,4039.60009765625,3376.341552734375,4860.58447265625
sham_off_01,1,10045,C3,47486000000,0.0,0.0,0.0,-826.3143087131664,-826.313720703125,-1489.572265625,0.0005880100413833134,0.0,-826.313720703125,-1489.572265625,0.0
sham_off_01,1,10045,C3,47486125000,0.0,0.0,0.0,-825.5476621208661,-825.5478515625,-1488.806396484375,-0.000189441633892784,0.0,-825.5478515625,-1488.806396484375,0.0
sham_off_01,1,10045,C3,47486250000,0.0,0.0,0.0,-824.7831243005828,-824.782470703125,-1488.041015625,0.0006535974578127934,0.0,-824.782470703125,-1488.041015625,0.0
sham_off_01,1,10045,C3,47486375000,0.0,0.0,0.0,-824.0197903208398,-824.01953125,-1487.278076171875,0.0002590708397747221,0.0,-824.01953125,-1487.278076171875,0.0
sham_off_01,1,10045,C3,47486500000,0.0,0.0,0.0,-823.2585248210378,-823.2587890625,-1486.517333984375,-0.00026424146221870615,0.0,-823.2587890625,-1486.517333984375,0.0
sham_off_01,1,10045,C3,47486625000,0.0,0.0,0.0,-822.498670404419,-822.4990234375,-1485.757568359375,-0.0003530330809553561,0.0,-822.4990234375,-1485.757568359375,0.0
sham_off_01,1,10045,C3,47486750000,0.0,0.0,0.0,-821.7408182484037,-821.739990234375,-1484.99853515625,0.0008280140286842652,0.0,-821.739990234375,-1484.99853515625,0.0
sham_off_01,1,10045,C3,47486875000,0.0,0.0,0.0,-820.9842898577722,-820.984375,-1484.242919921875,-8.51422278174141e-05,0.0,-820.984375,-1484.242919921875,0.0
sham_off_01,1,10045,C1_external,47486000000,-981.0242312738434,43.052905719564826,-1024.0771369934082,154.70992256067711,-826.313720703125,-1489.572265625,0.0005880100412696265,12050.30884494376,12205.01953125,11541.7607421875,13031.333251953125
sham_off_01,1,10045,C1_external,47486125000,-980.8261225342956,43.0542936354671,-1023.8804161697626,155.27846041342946,-825.5478515625,-1488.806396484375,-0.000189441633892784,12050.30884494376,12205.587890625,11542.3291015625,13031.1357421875
sham_off_01,1,10045,C1_external,47486250000,-980.6283606916888,43.05568694768115,-1023.68404763937,155.84523639110603,-824.782470703125,-1488.041015625,0.0006535974578127934,12050.30884494376,12206.154296875,11542.8955078125,13030.936767578125
sham_off_01,1,10045,C1_external,47486375000,-980.4310994847922,43.05708414770088,-1023.488183632493,156.4113091639524,-824.01953125,-1487.278076171875,0.0002590708397747221,12050.30884494376,12206.720703125,11543.4619140625,13030.740234375
sham_off_01,1,10045,C1_external,47486500000,-980.2341279997823,43.05848520851155,-1023.2926132082939,156.97560317874468,-823.2587890625,-1486.517333984375,-0.000264241462332393,12050.30884494376,12207.28515625,11544.0263671875,13030.5439453125
sham_off_01,1,10045,C1_external,47486625000,-980.0375999980148,43.05988976131123,-1023.097489759326,157.53892959359564,-822.4990234375,-1485.757568359375,-0.0003530330808416693,12050.30884494376,12207.84765625,11544.5888671875,13030.3466796875
sham_off_01,1,10045,C1_external,47486750000,-979.8415038537905,43.06129920960213,-1022.9028030633926,158.10068560538684,-821.739990234375,-1484.99853515625,0.0008280140286842652,12050.30884494376,12208.41015625,11545.1513671875,13030.150146484375
sham_off_01,1,10045,C1_external,47486875000,-979.6458451999841,43.06271280809062,-1022.7085580080748,158.66155534221207,-820.984375,-1484.242919921875,-8.514222793110093e-05,12050.30884494376,12208.970703125,11545.7119140625,13029.955078125
sham_off_01,1,10056,C1,47486000000,-926.9960155354036,57.28186816934818,-984.2778837047517,86.71422631080645,-840.281982421875,-1399.468017578125,-0.00019319727789479657,12253.944621972427,12340.658203125,11781.4716796875,13180.940185546875
sham_off_01,1,10056,C1,47486125000,-926.8032483724243,57.28110681983473,-984.084355192259,87.25408752028852,-839.5487670898438,-1398.73486328125,0.00039376229199206136,12253.944621972427,12341.19921875,11782.0126953125,13180.747985839844
sham_off_01,1,10056,C1,47486250000,-926.6108712383473,57.28035831666347,-983.8912295550108,87.79280580934369,-838.8181762695312,-1398.0042724609375,-0.00011084052766818786,12253.944621972427,12341.7373046875,11782.55078125,13180.555480957031
sham_off_01,1,10056,C1,47486375000,-926.4189245143901,57.27962596882168,-983.6985504832119,88.33076499893195,-838.088134765625,-1397.274169921875,2.474983318734303e-05,12253.944621972427,12342.275390625,11783.0888671875,13180.363525390625
sham_off_01,1,10056,C1,47486500000,-926.2273411925921,57.27890579327554,-983.5062469858676,88.86765972897956,-837.3594360351562,-1396.5455322265625,0.0002454284563100373,12253.944621972427,12342.8125,11783.6259765625,13180.171936035156
sham_off_01,1,10056,C1,47486625000,-926.036110851688,57.27819994487083,-983.3143107965589,89.40363188633478,-836.6321411132812,-1395.8182373046875,0.0003378520719934386,12253.944621972427,12343.34765625,11784.1611328125,13179.979797363281
sham_off_01,1,10056,C1,47486750000,-925.8453038989664,57.277507794731754,-983.1228116936982,89.93855817634494,-835.9066162109375,-1395.0927734375,0.00012951168400832103,12253.944621972427,12343.8828125,11784.6962890625,13179.789428710938
sham_off_01,1,10056,C1,47486875000,-925.6549807621295,57.276828510487626,-982.9318092726171,90.47275210718908,-835.18212890625,-1394.3681640625,9.974869044526713e-05,12253.944621972427,12344.4169921875,11785.23046875,13179.59912109375
sham_off_01,1,10056,C2,47486000000,-200.69212590157986,58.0962303057313,-258.78835620731115,-639.589663323017,-840.281982421875,-1399.468017578125,-0.00019319727812217025,4035.4419137898904,3395.8525390625,2836.66650390625,4236.134521484375
sham_off_01,1,10056,C2,47486125000,-200.6673341691494,58.09582069516182,-258.7631548643112,-638.8818266829865,-839.5487670898438,-1398.73486328125,0.0003937622921057482,4035.4419137898904,3396.560546875,2837.37451171875,4236.109313964844
sham_off_01,1,10056,C2,47486250000,-200.6426608413458,58.09541280567646,-258.73807364702225,-638.175404587658,-838.8181762695312,-1398.0042724609375,-0.00011084052744081418,4035.4419137898904,3397.266845703125,2838.080810546875,4236.085021972656
sham_off_01,1,10056,C2,47486375000,-200.6180692985654,58.09501192718744,-258.71308122575283,-637.4700902168929,-838.088134765625,-1397.274169921875,2.4749833301029867e-05,4035.4419137898904,3397.97216796875,2838.7861328125,4236.060302734375
sham_off_01,1,10056,C2,47486500000,-200.59358552098274,58.094616025686264,-258.688201546669,-636.7660959426298,-837.3594360351562,-1396.5455322265625,0.0002454284563100373,4035.4419137898904,3398.67626953125,2839.490234375,4236.035705566406
sham_off_01,1,10056,C2,47486625000,-200.56920251995325,58.0942202731967,-258.66342279314995,-636.0632764454001,-836.6321411132812,-1395.8182373046875,0.0003378520721071254,4035.4419137898904,3399.379150390625,2840.193115234375,4236.011291503906
sham_off_01,1,10056,C2,47486750000,-200.54492192715406,58.09383276849985,-258.6387546956539,-635.3618237954674,-835.9066162109375,-1395.0927734375,0.00012951168400832103,4035.4419137898904,3400.080078125,2840.89404296875,4235.9866943359375
sham_off_01,1,10056,C2,47486875000,-200.520725607872,58.09345055371523,-258.61417616158724,-634.6615030470684,-835.18212890625,-1394.3681640625,9.974869044526713e-05,4035.4419137898904,3400.78076171875,2841.5947265625,4235.962890625
sham_off_01,1,10056,C3,47486000000,0.0,0.0,0.0,-840.2817892245967,-840.281982421875,-1399.468017578125,-0.00019319727834954392,0.0,-840.281982421875,-1399.468017578125,0.0
sham_off_01,1,10056,C3,47486125000,0.0,0.0,0.0,-839.5491608521359,-839.5487670898438,-1398.73486328125,0.0003937622921057482,0.0,-839.5487670898438,-1398.73486328125,0.0
sham_off_01,1,10056,C3,47486250000,0.0,0.0,0.0,-838.8180654290034,-838.8181762695312,-1398.0042724609375,-0.00011084052789556154,0.0,-838.8181762695312,-1398.0042724609375,0.0
sham_off_01,1,10056,C3,47486375000,0.0,0.0,0.0,-838.0881595154583,-838.088134765625,-1397.274169921875,2.4749833301029867e-05,0.0,-838.088134765625,-1397.274169921875,0.0
sham_off_01,1,10056,C3,47486500000,0.0,0.0,0.0,-837.3596814636126,-837.3594360351562,-1396.5455322265625,0.0002454284563100373,0.0,-837.3594360351562,-1396.5455322265625,0.0
sham_off_01,1,10056,C3,47486625000,0.0,0.0,0.0,-836.6324789653538,-836.6321411132812,-1395.8182373046875,0.0003378520725618728,0.0,-836.6321411132812,-1395.8182373046875,0.0
sham_off_01,1,10056,C3,47486750000,0.0,0.0,0.0,-835.9067457226215,-835.9066162109375,-1395.0927734375,0.00012951168400832103,0.0,-835.9066162109375,-1395.0927734375,0.0
sham_off_01,1,10056,C3,47486875000,0.0,0.0,0.0,-835.1822286549402,-835.18212890625,-1394.3681640625,9.974869021789345e-05,0.0,-835.18212890625,-1394.3681640625,0.0
sham_off_01,1,10056,C1_external,47486000000,-926.9960155354036,57.28186816934818,-984.2778837047517,86.71422631080645,-840.281982421875,-1399.468017578125,-0.00019319727789479657,11533.097214645026,11619.8115234375,11060.625,12460.093505859375
sham_off_01,1,10056,C1_external,47486125000,-926.8032483724243,57.28110681983473,-984.084355192259,87.25408752028852,-839.5487670898438,-1398.73486328125,0.00039376229199206136,11533.097214645026,11620.3515625,11061.1650390625,12459.900329589844
sham_off_01,1,10056,C1_external,47486250000,-926.6108712383473,57.28035831666347,-983.8912295550108,87.79280580934369,-838.8181762695312,-1398.0042724609375,-0.00011084052766818786,11533.097214645026,11620.890625,11061.7041015625,12459.708801269531
sham_off_01,1,10056,C1_external,47486375000,-926.4189245143901,57.27962596882168,-983.6985504832119,88.33076499893195,-838.088134765625,-1397.274169921875,2.474983318734303e-05,11533.097214645026,11621.427734375,11062.2412109375,12459.515869140625
sham_off_01,1,10056,C1_external,47486500000,-926.2273411925921,57.27890579327554,-983.5062469858676,88.86765972897956,-837.3594360351562,-1396.5455322265625,0.0002454284563100373,11533.097214645026,11621.96484375,11062.7783203125,12459.324279785156
sham_off_01,1,10056,C1_external,47486625000,-926.036110851688,57.27819994487083,-983.3143107965589,89.40363188633478,-836.6321411132812,-1395.8182373046875,0.0003378520719934386,11533.097214645026,11622.5,11063.3134765625,12459.132141113281
sham_off_01,1,10056,C1_external,47486750000,-925.8453038989664,57.277507794731754,-983.1228116936982,89.93855817634494,-835.9066162109375,-1395.0927734375,0.00012951168400832103,11533.097214645026,11623.03515625,11063.8486328125,12458.941772460938
sham_off_01,1,10056,C1_external,47486875000,-925.6549807621295,57.276828510487626,-982.9318092726171,90.47275210718908,-835.18212890625,-1394.3681640625,9.974869044526713e-05,11533.097214645026,11623.5703125,11064.3837890625,12458.75244140625
sham_off_01,5,10045,C1,47490000000,-974.8799226702168,43.103684160022446,-1017.9836068302393,172.2380115422893,-802.6417236328125,-1465.9002685546875,0.00018749511502846872,12731.636708179834,12903.8759765625,12240.6171875,13706.517700195312
sham_off_01,5,10045,C1,47490125000,-974.6942244822602,43.1057145094056,-1017.7999389916658,172.76306249210347,-801.931396484375,-1465.18994140625,-0.00023449421826171601,12731.636708179834,12904.3994140625,12241.140625,13706.330810546875
sham_off_01,5,10045,C1,47490250000,-974.5089049283464,43.10778359136985,-1017.6166885197163,173.28690165947046,-801.2218017578125,-1464.4803466796875,0.00020151106343746505,12731.636708179834,12904.923828125,12241.6650390625,13706.145629882812
sham_off_01,5,10045,C1,47490375000,-974.3238869162284,43.109894737414294,-1017.4337816536427,173.80884138265492,-800.5150146484375,-1463.7735595703125,3.088513597049314e-05,12731.636708179834,12905.4453125,12242.1865234375,13705.960327148438
sham_off_01,5,10045,C1,47490500000,-974.1392934714527,43.112048556926744,-1017.2513420283794,174.32982513604293,-799.8092041015625,-1463.0677490234375,0.0002642338472469419,12731.636708179834,12905.966796875,12242.7080078125,13705.776000976562
sham_off_01,5,10045,C1,47490625000,-973.9550724148204,43.11424552207684,-1017.0693179368973,174.8494714828471,-799.105712890625,-1462.3642578125,-0.000111958651700661,12731.636708179834,12906.486328125,12243.2275390625,13705.592041015625
sham_off_01,5,10045,C1,47490750000,-973.7710642515417,43.11648541700875,-1016.8875496685505,175.3671742636584,-798.40380859375,-1461.662353515625,8.139413330354728e-05,12731.636708179834,12907.00390625,12243.7451171875,13705.40771484375
sham_off_01,5,10045,C1,47490875000,-973.5875027520511,43.11877139975091,-1016.7062741518021,175.88361190708338,-797.703125,-1460.961669921875,0.0007658449677592216,12731.636708179834,12907.521484375,12244.2626953125,13705.224609375
sham_off_01,5,10045,C2,47490000000,-129.01691208779812,80.83092074096203,-209.84783282876015,-673.6249990401293,-802.6417236328125,-1465.9002685546875,0.00018749511491478188,4731.151706088112,4057.52685546875,3394.268310546875,4860.1685791015625
sham_off_01,5,10045,C2,47490125000,-129.00130649656057,80.82951775938272,-209.8308242559433,-672.9298554935963,-801.931396484375,-1465.18994140625,-0.00023449421814802918,4731.151706088112,4058.221923828125,3394.96337890625,4860.1533203125
sham_off_01,5,10045,C2,47490250000,-128.98579173535109,80.82812117785215,-209.81391291320324,-672.236211533525,-801.2218017578125,-1464.4803466796875,0.0002015110635511519,4731.151706088112,4058.91552734375,3395.656982421875,4860.1373291015625
sham_off_01,5,10045,C2,47490375000,-128.97034199535847,80.826729118824,-209.79707111418247,-671.5447035382149,-800.5150146484375,-1463.7735595703125,3.08851358568063e-05,4731.151706088112,4059.60693359375,3396.348388671875,4860.1219482421875
sham_off_01,5,10045,C2,47490500000,-128.95497626066208,80.82534335553646,-209.78031961619854,-670.8544920747477,-799.8092041015625,-1463.0677490234375,0.0002642338472469419,4731.151706088112,4060.29736328125,3397.038818359375,4860.1065673828125
sham_off_01,5,10045,C2,47490625000,-128.93968600779772,80.82396394759417,-209.76364995539188,-670.1659149241757,-799.105712890625,-1462.3642578125,-0.00011195865158697416,4731.151706088112,4060.98583984375,3397.727294921875,4860.091552734375
sham_off_01,5,10045,C2,47490750000,-128.92447571456432,80.8225925564766,-209.74706827104092,-669.479414273319,-798.40380859375,-1461.662353515625,8.139413330354728e-05,4731.151706088112,4061.671875,3398.413330078125,4860.07568359375
sham_off_01,5,10045,C2,47490875000,-128.90935823321342,80.82122242450714,-209.73058065772057,-668.7945326117542,-797.703125,-1460.961669921875,0.0007658449676455348,4731.151706088112,4062.357421875,3399.098876953125,4860.060546875
sham_off_01,5,10045,C3,47490000000,0.0,0.0,0.0,-802.6419111279274,-802.6417236328125,-1465.9002685546875,0.00018749511491478188,0.0,-802.6417236328125,-1465.9002685546875,0.0
sham_off_01,5,10045,C3,47490125000,0.0,0.0,0.0,-801.9311619901569,-801.931396484375,-1465.18994140625,-0.00023449421814802918,0.0,-801.931396484375,-1465.18994140625,0.0
sham_off_01,5,10045,C3,47490250000,0.0,0.0,0.0,-801.222003268876,-801.2218017578125,-1464.4803466796875,0.0002015110635511519,0.0,-801.2218017578125,-1464.4803466796875,0.0
sham_off_01,5,10045,C3,47490375000,0.0,0.0,0.0,-800.5150455335734,-800.5150146484375,-1463.7735595703125,3.08851358568063e-05,0.0,-800.5150146484375,-1463.7735595703125,0.0
sham_off_01,5,10045,C3,47490500000,0.0,0.0,0.0,-799.8094683354097,-799.8092041015625,-1463.0677490234375,0.0002642338472469419,0.0,-799.8092041015625,-1463.0677490234375,0.0
sham_off_01,5,10045,C3,47490625000,0.0,0.0,0.0,-799.1056009319734,-799.105712890625,-1462.3642578125,-0.00011195865158697416,0.0,-799.105712890625,-1462.3642578125,0.0
sham_off_01,5,10045,C3,47490750000,0.0,0.0,0.0,-798.4038899878833,-798.40380859375,-1461.662353515625,8.139413330354728e-05,0.0,-798.40380859375,-1461.662353515625,0.0
sham_off_01,5,10045,C3,47490875000,0.0,0.0,0.0,-797.7038908449676,-797.703125,-1460.961669921875,0.0007658449676455348,0.0,-797.703125,-1460.961669921875,0.0
sham_off_01,5,10045,C1_external,47490000000,-974.8799226702168,43.103684160022446,-1017.9836068302393,172.2380115422893,-802.6417236328125,-1465.9002685546875,0.00018749511502846872,12050.30884494376,12222.5478515625,11559.2890625,13025.189575195312
sham_off_01,5,10045,C1_external,47490125000,-974.6942244822602,43.1057145094056,-1017.7999389916658,172.76306249210347,-801.931396484375,-1465.18994140625,-0.00023449421826171601,12050.30884494376,12223.072265625,11559.8134765625,13025.003662109375
sham_off_01,5,10045,C1_external,47490250000,-974.5089049283464,43.10778359136985,-1017.6166885197163,173.28690165947046,-801.2218017578125,-1464.4803466796875,0.00020151106343746505,12050.30884494376,12223.595703125,11560.3369140625,13024.817504882812
sham_off_01,5,10045,C1_external,47490375000,-974.3238869162284,43.109894737414294,-1017.4337816536427,173.80884138265492,-800.5150146484375,-1463.7735595703125,3.088513597049314e-05,12050.30884494376,12224.1171875,11560.8583984375,13024.632202148438
sham_off_01,5,10045,C1_external,47490500000,-974.1392934714527,43.112048556926744,-1017.2513420283794,174.32982513604293,-799.8092041015625,-1463.0677490234375,0.0002642338472469419,12050.30884494376,12224.638671875,11561.3798828125,13024.447875976562
sham_off_01,5,10045,C1_external,47490625000,-973.9550724148204,43.11424552207684,-1017.0693179368973,174.8494714828471,-799.105712890625,-1462.3642578125,-0.000111958651700661,12050.30884494376,12225.158203125,11561.8994140625,13024.263916015625
sham_off_01,5,10045,C1_external,47490750000,-973.7710642515417,43.11648541700875,-1016.8875496685505,175.3671742636584,-798.40380859375,-1461.662353515625,8.139413330354728e-05,12050.30884494376,12225.67578125,11562.4169921875,13024.07958984375
sham_off_01,5,10045,C1_external,47490875000,-973.5875027520511,43.11877139975091,-1016.7062741518021,175.88361190708338,-797.703125,-1460.961669921875,0.0007658449677592216,12050.30884494376,12226.193359375,11562.9345703125,13023.896484375
sham_off_01,5,10056,C1,47490000000,-921.0168085464599,57.26973165261126,-978.2865401990712,103.49292569928252,-817.52392578125,-1376.7099609375,-4.2934072666866996e-05,12253.944621972427,12357.4375,11798.2509765625,13174.96142578125
sham_off_01,5,10056,C1,47490125000,-920.8359658684419,57.27005068363383,-978.1060165520757,103.99985186220852,-816.8363037109375,-1376.0224609375,-0.00018970470409840345,12253.944621972427,12357.9443359375,11798.7578125,13174.780639648438
sham_off_01,5,10056,C1,47490250000,-920.655476100091,57.270426804851574,-977.9259029049426,104.50606856774994,-816.1494750976562,-1375.3355712890625,-6.756531513474329e-05,12253.944621972427,12358.451171875,11799.2646484375,13174.600646972656
sham_off_01,5,10056,C1,47490375000,-920.4753977286995,57.27086396111248,-977.746261689812,105.01106712697128,-815.464111328125,-1374.650146484375,0.00021927360319295985,12253.944621972427,12358.955078125,11799.7685546875,13174.419189453125
sham_off_01,5,10056,C1,47490500000,-920.2956006138985,57.271363814973334,-977.5669644288719,105.51491185468831,-814.780517578125,-1373.966552734375,0.00017118108519298403,12253.944621972427,12359.458984375,11800.2724609375,13174.239501953125
sham_off_01,5,10056,C1,47490625000,-920.1161414843505,57.27192693646197,-977.3880684208125,106.01819941287954,-814.0980224609375,-1373.2841796875,-8.03894665750704e-05,12253.944621972427,12359.962890625,11800.7763671875,13174.060913085938
sham_off_01,5,10056,C1,47490750000,-919.9368966622887,57.27255124685778,-977.2094479091465,106.51962179961856,-813.4169921875,-1372.60302734375,0.00028267517018321087,12253.944621972427,12360.46484375,11801.2783203125,13173.8818359375
sham_off_01,5,10056,C1,47490875000,-919.7581185790619,57.2732431405315,-977.0313617195934,107.0201248315584,-812.7381591796875,-1371.92431640625,-0.00016543218396236625,12253.944621972427,12360.96484375,11801.7783203125,13173.703002929688
sham_off_01,5,10056,C2,47490000000,-199.94851377606392,58.085249558091164,-258.0337633341551,-617.5753690711135,-817.52392578125,-1376.7099609375,-4.293407255318016e-05,4035.4419137898904,3417.86669921875,2858.6806640625,4235.390625
sham_off_01,5,10056,C2,47490125000,-199.92693230509758,58.08497481048107,-258.01190711557865,-616.909181701136,-816.8363037109375,-1376.0224609375,-0.00018970470387102978,4035.4419137898904,3418.533203125,2859.34716796875,4235.3695068359375
sham_off_01,5,10056,C2,47490250000,-199.9054483026266,58.084707759320736,-257.99015606194735,-616.2439592297142,-816.1494750976562,-1375.3355712890625,-6.75653154758038e-05,4035.4419137898904,3419.19775390625,2860.01171875,4235.347229003906
sham_off_01,5,10056,C2,47490375000,-199.8840509802103,58.08444231003523,-257.96849329024553,-615.5802796215178,-815.464111328125,-1374.650146484375,0.00021927360307927302,4035.4419137898904,3419.862060546875,2860.676025390625,4235.326171875
sham_off_01,5,10056,C2,47490500000,-199.86277301609516,58.084180153906345,-257.9469531700015,-614.9179157431154,-814.780517578125,-1373.966552734375,0.00017118108553404454,4035.4419137898904,3420.524169921875,2861.338134765625,4235.3046875
sham_off_01,5,10056,C2,47490625000,-199.84157626330853,58.08392421901226,-257.9255004823208,-614.2563658081624,-814.0980224609375,-1373.2841796875,-8.03894665750704e-05,4035.4419137898904,3421.185546875,2861.99951171875,4235.2835693359375
sham_off_01,5,10056,C2,47490750000,-199.8204876035452,58.083670385181904,-257.9041579887271,-613.596787259125,-813.4169921875,-1372.60302734375,0.00028267517018321087,4035.4419137898904,3421.84521484375,2862.6591796875,4235.26220703125
sham_off_01,5,10056,C2,47490875000,-199.7994942367077,58.08342243731022,-257.8829166740179,-612.9384995107957,-812.7381591796875,-1371.92431640625,-0.0001654321840760531,4035.4419137898904,3422.503173828125,2863.317138671875,4235.2413330078125
sham_off_01,5,10056,C3,47490000000,0.0,0.0,0.0,-817.5238828471774,-817.52392578125,-1376.7099609375,-4.293407255318016e-05,0.0,-817.52392578125,-1376.7099609375,0.0
sham_off_01,5,10056,C3,47490125000,0.0,0.0,0.0,-816.8361140062336,-816.8363037109375,-1376.0224609375,-0.00018970470387102978,0.0,-816.8363037109375,-1376.0224609375,0.0
sham_off_01,5,10056,C3,47490250000,0.0,0.0,0.0,-816.1494075323408,-816.1494750976562,-1375.3355712890625,-6.75653154758038e-05,0.0,-816.1494750976562,-1375.3355712890625,0.0
sham_off_01,5,10056,C3,47490375000,0.0,0.0,0.0,-815.4643306017281,-815.464111328125,-1374.650146484375,0.00021927360307927302,0.0,-815.464111328125,-1374.650146484375,0.0
sham_off_01,5,10056,C3,47490500000,0.0,0.0,0.0,-814.7806887592103,-814.780517578125,-1373.966552734375,0.00017118108530667087,0.0,-814.780517578125,-1373.966552734375,0.0
sham_off_01,5,10056,C3,47490625000,0.0,0.0,0.0,-814.0979420714709,-814.0980224609375,-1373.2841796875,-8.03894665750704e-05,0.0,-814.0980224609375,-1373.2841796875,0.0
sham_off_01,5,10056,C3,47490750000,0.0,0.0,0.0,-813.4172748626702,-813.4169921875,-1372.60302734375,0.00028267517018321087,0.0,-813.4169921875,-1372.60302734375,0.0
sham_off_01,5,10056,C3,47490875000,0.0,0.0,0.0,-812.7379937475034,-812.7381591796875,-1371.92431640625,-0.0001654321840760531,0.0,-812.7381591796875,-1371.92431640625,0.0
sham_off_01,5,10056,C1_external,47490000000,-921.0168085464599,57.26973165261126,-978.2865401990712,103.49292569928252,-817.52392578125,-1376.7099609375,-4.2934072666866996e-05,11533.097214645026,11636.58984375,11077.4033203125,12454.11376953125
sham_off_01,5,10056,C1_external,47490125000,-920.8359658684419,57.27005068363383,-978.1060165520757,103.99985186220852,-816.8363037109375,-1376.0224609375,-0.00018970470409840345,11533.097214645026,11637.09765625,11077.9111328125,12453.933959960938
sham_off_01,5,10056,C1_external,47490250000,-920.655476100091,57.270426804851574,-977.9259029049426,104.50606856774994,-816.1494750976562,-1375.3355712890625,-6.756531513474329e-05,11533.097214645026,11637.603515625,11078.4169921875,12453.752990722656
sham_off_01,5,10056,C1_external,47490375000,-920.4753977286995,57.27086396111248,-977.746261689812,105.01106712697128,-815.464111328125,-1374.650146484375,0.00021927360319295985,11533.097214645026,11638.1083984375,11078.921875,12453.572509765625
sham_off_01,5,10056,C1_external,47490500000,-920.2956006138985,57.271363814973334,-977.5669644288719,105.51491185468831,-814.780517578125,-1373.966552734375,0.00017118108519298403,11533.097214645026,11638.611328125,11079.4248046875,12453.391845703125
sham_off_01,5,10056,C1_external,47490625000,-920.1161414843505,57.27192693646197,-977.3880684208125,106.01819941287954,-814.0980224609375,-1373.2841796875,-8.03894665750704e-05,11533.097214645026,11639.115234375,11079.9287109375,12453.213256835938
sham_off_01,5,10056,C1_external,47490750000,-919.9368966622887,57.27255124685778,-977.2094479091465,106.51962179961856,-813.4169921875,-1372.60302734375,0.00028267517018321087,11533.097214645026,11639.6171875,11080.4306640625,12453.0341796875
sham_off_01,5,10056,C1_external,47490875000,-919.7581185790619,57.2732431405315,-977.0313617195934,107.0201248315584,-812.7381591796875,-1371.92431640625,-0.00016543218396236625,11533.097214645026,11640.1171875,11080.9306640625,12452.855346679688
sham_off_01,10,10045,C1,47495000000,-967.7229077176319,43.22366908629081,-1010.9465768039227,192.1089989500947,-775.6136474609375,-1438.8721923828125,0.0002613065996683872,12731.636708179834,12923.74609375,12260.4873046875,13699.359741210938
sham_off_01,10,10045,C1,47495125000,-967.5508518748483,43.22783439526947,-1010.7786862701178,192.57498093558934,-774.975830078125,-1438.234375,4.086113392531843e-05,12731.636708179834,12924.212890625,12260.9541015625,13699.188720703125
sham_off_01,10,10045,C1,47495250000,-967.3790369505135,43.2320648407491,-1010.6111017912626,193.0398060206253,-774.33935546875,-1437.597900390625,-0.00012453886176899687,12731.636708179834,12924.67578125,12261.4169921875,13699.01513671875
sham_off_01,10,10045,C1,47495375000,-967.2073655987284,43.236356902668724,-1010.4437225013971,193.50316350947742,-773.7044677734375,-1436.9630126953125,-0.00026568418650185777,12731.636708179834,12925.1396484375,12261.880859375,13698.844116210938
sham_off_01,10,10045,C1,47495500000,-967.036194642557,43.24071005962956,-1010.2769047021866,193.96514151942847,-773.071044921875,-1436.32958984375,8.201253535844444e-06,12731.636708179834,12925.6015625,12262.3427734375,13698.672607421875
sham_off_01,10,10045,C1,47495625000,-966.8652587629317,43.24512613346592,-1010.1103848963976,194.4248652388642,-772.43994140625,-1435.698486328125,0.0004521178175309615,12731.636708179834,12926.0615234375,12262.802734375,13698.50146484375
sham_off_01,10,10045,C1,47495750000,-966.6946296679107,43.24960610398371,-1009.9442357718945,194.88355323919268,-771.811279296875,-1435.06982421875,-0.00020286815697545535,12731.636708179834,12926.521484375,12263.2626953125,13698.332763671875
sham_off_01,10,10045,C1,47495875000,-966.5243695661496,43.25414627938751,-1009.7785158455372,195.34060748759885,-771.18359375,-1434.442138671875,0.0001683285507851906,12731.636708179834,12926.978515625,12263.7197265625,13698.162109375
sham_off_01,10,10045,C2,47495000000,-128.45412461459637,80.77922947704792,-209.2333540916443,-647.1597841529408,-775.6136474609375,-1438.8721923828125,0.0002613065996683872,4731.151706088112,4083.9921875,3420.733642578125,4859.6058349609375
sham_off_01,10,10045,C2,47495125000,-128.4416533112526,80.77804984152317,-209.21970315277576,-646.5342176280064,-774.975830078125,-1438.234375,4.0861134039005265e-05,4731.151706088112,4084.6171875,3421.358642578125,4859.593017578125
sham_off_01,10,10045,C2,47495250000,-128.42925149947405,80.7768742069602,-209.20612570643425,-645.9099794304143,-774.33935546875,-1437.597900390625,-0.00012453886165531003,4731.151706088112,4085.241455078125,3421.98291015625,4859.580810546875
sham_off_01,10,10045,C2,47495375000,-128.4169284850359,80.77570752799511,-209.192636013031,-645.287273604215,-773.7044677734375,-1436.9630126953125,-0.0002656841866155446,4731.151706088112,4085.86474609375,3422.606201171875,4859.5692138671875
sham_off_01,10,10045,C2,47495500000,-128.40466260910034,80.77454349398613,-209.17920610308647,-644.6663905140281,-773.071044921875,-1436.32958984375,8.201253422157606e-06,4731.151706088112,4086.485595703125,3423.22705078125,4859.556640625
sham_off_01,10,10045,C2,47495625000,-128.39249643683434,80.77338759601116,-209.1658840328455,-644.0478970872332,-772.43994140625,-1435.698486328125,0.0004521178175309615,4731.151706088112,4087.10400390625,3423.845458984375,4859.5439453125
sham_off_01,10,10045,C2,47495750000,-128.3803752064705,80.77223461866379,-209.15260982513428,-643.4307012222475,-771.811279296875,-1435.06982421875,-0.00020286815697545535,4731.151706088112,4087.720703125,3424.462158203125,4859.531982421875
sham_off_01,10,10045,C2,47495875000,-128.3683584332466,80.77108632028103,-209.13944475352764,-642.8154036453043,-771.18359375,-1434.442138671875,0.00016832855089887744,4731.151706088112,4088.33642578125,3425.077880859375,4859.52001953125
sham_off_01,10,10045,C3,47495000000,0.0,0.0,0.0,-775.6139087675372,-775.6136474609375,-1438.8721923828125,0.0002613065996683872,0.0,-775.6136474609375,-1438.8721923828125,0.0
sham_off_01,10,10045,C3,47495125000,0.0,0.0,0.0,-774.975870939259,-774.975830078125,-1438.234375,4.0861134039005265e-05,0.0,-774.975830078125,-1438.234375,0.0
sham_off_01,10,10045,C3,47495250000,0.0,0.0,0.0,-774.3392309298883,-774.33935546875,-1437.597900390625,-0.00012453886165531003,0.0,-774.33935546875,-1437.597900390625,0.0
sham_off_01,10,10045,C3,47495375000,0.0,0.0,0.0,-773.7042020892509,-773.7044677734375,-1436.9630126953125,-0.0002656841866155446,0.0,-773.7044677734375,-1436.9630126953125,0.0
sham_off_01,10,10045,C3,47495500000,0.0,0.0,0.0,-773.0710531231284,-773.071044921875,-1436.32958984375,8.201253422157606e-06,0.0,-773.071044921875,-1436.32958984375,0.0
sham_off_01,10,10045,C3,47495625000,0.0,0.0,0.0,-772.4403935240675,-772.43994140625,-1435.698486328125,0.0004521178175309615,0.0,-772.43994140625,-1435.698486328125,0.0
sham_off_01,10,10045,C3,47495750000,0.0,0.0,0.0,-771.811076428718,-771.811279296875,-1435.06982421875,-0.00020286815697545535,0.0,-771.811279296875,-1435.06982421875,0.0
sham_off_01,10,10045,C3,47495875000,0.0,0.0,0.0,-771.1837620785509,-771.18359375,-1434.442138671875,0.00016832855089887744,0.0,-771.18359375,-1434.442138671875,0.0
sham_off_01,10,10045,C1_external,47495000000,-967.7229077176319,43.22366908629081,-1010.9465768039227,192.1089989500947,-775.6136474609375,-1438.8721923828125,0.0002613065996683872,12050.30884494376,12242.41796875,11579.1591796875,13018.031616210938
sham_off_01,10,10045,C1_external,47495125000,-967.5508518748483,43.22783439526947,-1010.7786862701178,192.57498093558934,-774.975830078125,-1438.234375,4.086113392531843e-05,12050.30884494376,12242.884765625,11579.6259765625,13017.860595703125
sham_off_01,10,10045,C1_external,47495250000,-967.3790369505135,43.2320648407491,-1010.6111017912626,193.0398060206253,-774.33935546875,-1437.597900390625,-0.00012453886176899687,12050.30884494376,12243.34765625,11580.0888671875,13017.68701171875
sham_off_01,10,10045,C1_external,47495375000,-967.2073655987284,43.236356902668724,-1010.4437225013971,193.50316350947742,-773.7044677734375,-1436.9630126953125,-0.00026568418650185777,12050.30884494376,12243.8125,11580.5537109375,13017.516967773438
sham_off_01,10,10045,C1_external,47495500000,-967.036194642557,43.24071005962956,-1010.2769047021866,193.96514151942847,-773.071044921875,-1436.32958984375,8.201253535844444e-06,12050.30884494376,12244.2734375,11581.0146484375,13017.344482421875
sham_off_01,10,10045,C1_external,47495625000,-966.8652587629317,43.24512613346592,-1010.1103848963976,194.4248652388642,-772.43994140625,-1435.698486328125,0.0004521178175309615,12050.30884494376,12244.7333984375,11581.474609375,13017.17333984375
sham_off_01,10,10045,C1_external,47495750000,-966.6946296679107,43.24960610398371,-1009.9442357718945,194.88355323919268,-771.811279296875,-1435.06982421875,-0.00020286815697545535,12050.30884494376,12245.193359375,11581.9345703125,13017.004638671875
sham_off_01,10,10045,C1_external,47495875000,-966.5243695661496,43.25414627938751,-1009.7785158455372,195.34060748759885,-771.18359375,-1434.442138671875,0.0001683285507851906,12050.30884494376,12245.650390625,11582.3916015625,13016.833984375
sham_off_01,10,10056,C1,47495000000,-914.0370793561709,57.337925047122255,-971.3750044032931,122.90797977296256,-791.1289672851562,-1350.3150634765625,0.00013229805210812629,12253.944621972427,12376.853515625,11817.6669921875,13167.982482910156
sham_off_01,10,10056,C1,47495125000,-913.8689043425749,57.34127513535523,-971.2101794779301,123.36967182044691,-790.49951171875,-1349.685546875,-0.0002791966220456743,12253.944621972427,12377.3134765625,11818.126953125,13167.81298828125
sham_off_01,10,10056,C1,47495250000,-913.7009432032701,57.34471348524132,-971.0456566885114,123.83001257744286,-789.870849609375,-1349.056884765625,8.101645221358922e-05,12253.944621972427,12377.775390625,11818.5888671875,13167.646240234375
sham_off_01,10,10056,C1,47495375000,-913.5331670370178,57.34824074355495,-970.8814077805728,124.28917728708439,-789.24365234375,-1348.4296875,0.0003374061834620079,12253.944621972427,12378.234375,11819.0478515625,13167.47802734375
sham_off_01,10,10056,C1,47495500000,-913.3657924150767,57.35185293390433,-970.717645348981,124.74732145787539,-788.6183471679688,-1347.804443359375,0.00012378923258893337,12253.944621972427,12378.6923828125,11819.505859375,13167.310729980469
sham_off_01,10,10056,C1,47495625000,-913.1986963987566,57.355552992203165,-970.5542493909597,125.20399414201438,-787.9946899414062,-1347.1807861328125,1.2315335993662302e-05,12253.944621972427,12379.1484375,11819.9619140625,13167.143127441406
sham_off_01,10,10056,C1,47495750000,-913.0318787758687,57.35934220538645,-970.3912209812552,125.65948335000166,-787.3721313476562,-1346.5582275390625,0.00026407821076190885,12253.944621972427,12379.603515625,11820.4169921875,13166.975646972656
sham_off_01,10,10056,C1,47495875000,-912.8653265844051,57.363215655931384,-970.2285422403365,126.11360632991682,-786.7510375976562,-1345.9371337890625,0.0006826568320548176,12253.944621972427,12380.056640625,11820.8701171875,13166.807678222656
sham_off_01,10,10056,C2,47495000000,-199.1619540117681,58.07741495221853,-257.23936896398664,-591.9671455714399,-791.1289672851562,-1350.3150634765625,0.00013229805176706577,4035.4419137898904,3443.475341796875,2884.289306640625,4234.604309082031
sham_off_01,10,10056,C2,47495125000,-199.14430160820484,58.07729759812355,-257.2215992063284,-591.354930913923,-790.49951171875,-1349.685546875,-0.00027919662215936114,4035.4419137898904,3444.0869140625,2884.90087890625,4234.58642578125
sham_off_01,10,10056,C2,47495250000,-199.1267114803195,58.07718577235937,-257.20389725267887,-590.7442191455079,-789.870849609375,-1349.056884765625,8.10164524409629e-05,4035.4419137898904,3444.69775390625,2885.51171875,4234.568603515625
sham_off_01,10,10056,C2,47495375000,-199.10924053937197,58.07707718014717,-257.18631771951914,-590.1347492105615,-789.24365234375,-1348.4296875,0.0003374061834620079,4035.4419137898904,3445.3076171875,2886.12158203125,4234.55126953125
sham_off_01,10,10056,C2,47495500000,-199.09183600917459,58.076972134411335,-257.1688081435859,-589.5266349480266,-788.6183471679688,-1347.804443359375,0.00012378923247524654,4035.4419137898904,3445.915771484375,2886.729736328125,4234.534118652344
sham_off_01,10,10056,C2,47495625000,-199.07456210255623,58.07687018811703,-257.15143229067326,-588.9201401541864,-787.9946899414062,-1347.1807861328125,1.2315336334722815e-05,4035.4419137898904,3446.52197265625,2887.3359375,4234.516662597656
sham_off_01,10,10056,C2,47495750000,-199.0573410950601,58.076770313084126,-257.13411140814424,-588.3150543308068,-787.3721313476562,-1346.5582275390625,0.000264078210648222,4035.4419137898904,3447.126953125,2887.94091796875,4234.499084472656
sham_off_01,10,10056,C2,47495875000,-199.04024301469326,58.07667548954487,-257.11691850423813,-587.7114772397954,-786.7510375976562,-1345.9371337890625,0.0006826568323958782,4035.4419137898904,3447.731201171875,2888.545166015625,4234.482238769531
sham_off_01,10,10056,C3,47495000000,0.0,0.0,0.0,-791.129099583208,-791.1289672851562,-1350.3150634765625,0.00013229805176706577,0.0,-791.1289672851562,-1350.3150634765625,0.0
sham_off_01,10,10056,C3,47495125000,0.0,0.0,0.0,-790.4992325221278,-790.49951171875,-1349.685546875,-0.00027919662215936114,0.0,-790.49951171875,-1349.685546875,0.0
sham_off_01,10,10056,C3,47495250000,0.0,0.0,0.0,-789.8709306258274,-789.870849609375,-1349.056884765625,8.10164524409629e-05,0.0,-789.870849609375,-1349.056884765625,0.0
sham_off_01,10,10056,C3,47495375000,0.0,0.0,0.0,-789.2439897499335,-789.24365234375,-1348.4296875,0.0003374061834620079,0.0,-789.24365234375,-1348.4296875,0.0
sham_off_01,10,10056,C3,47495500000,0.0,0.0,0.0,-788.6184709572012,-788.6183471679688,-1347.804443359375,0.00012378923247524654,0.0,-788.6183471679688,-1347.804443359375,0.0
sham_off_01,10,10056,C3,47495625000,0.0,0.0,0.0,-787.9947022567424,-787.9946899414062,-1347.1807861328125,1.231533610734914e-05,0.0,-787.9946899414062,-1347.1807861328125,0.0
sham_off_01,10,10056,C3,47495750000,0.0,0.0,0.0,-787.3723954258669,-787.3721313476562,-1346.5582275390625,0.000264078210648222,0.0,-787.3721313476562,-1346.5582275390625,0.0
sham_off_01,10,10056,C3,47495875000,0.0,0.0,0.0,-786.7517202544886,-786.7510375976562,-1345.9371337890625,0.0006826568323958782,0.0,-786.7510375976562,-1345.9371337890625,0.0
sham_off_01,10,10056,C1_external,47495000000,-914.0370793561709,57.337925047122255,-971.3750044032931,122.90797977296256,-791.1289672851562,-1350.3150634765625,0.00013229805210812629,11533.097214645026,11656.005859375,11096.8193359375,12447.134826660156
sham_off_01,10,10056,C1_external,47495125000,-913.8689043425749,57.34127513535523,-971.2101794779301,123.36967182044691,-790.49951171875,-1349.685546875,-0.0002791966220456743,11533.097214645026,11656.466796875,11097.2802734375,12446.96630859375
sham_off_01,10,10056,C1_external,47495250000,-913.7009432032701,57.34471348524132,-971.0456566885114,123.83001257744286,-789.870849609375,-1349.056884765625,8.101645221358922e-05,11533.097214645026,11656.927734375,11097.7412109375,12446.798583984375
sham_off_01,10,10056,C1_external,47495375000,-913.5331670370178,57.34824074355495,-970.8814077805728,124.28917728708439,-789.24365234375,-1348.4296875,0.0003374061834620079,11533.097214645026,11657.38671875,11098.2001953125,12446.63037109375
sham_off_01,10,10056,C1_external,47495500000,-913.3657924150767,57.35185293390433,-970.717645348981,124.74732145787539,-788.6183471679688,-1347.804443359375,0.00012378923258893337,11533.097214645026,11657.8447265625,11098.658203125,12446.463073730469
sham_off_01,10,10056,C1_external,47495625000,-913.1986963987566,57.355552992203165,-970.5542493909597,125.20399414201438,-787.9946899414062,-1347.1807861328125,1.2315335993662302e-05,11533.097214645026,11658.30078125,11099.1142578125,12446.295471191406
sham_off_01,10,10056,C1_external,47495750000,-913.0318787758687,57.35934220538645,-970.3912209812552,125.65948335000166,-787.3721313476562,-1346.5582275390625,0.00026407821076190885,11533.097214645026,11658.7568359375,11099.5703125,12446.128967285156
sham_off_01,10,10056,C1_external,47495875000,-912.8653265844051,57.363215655931384,-970.2285422403365,126.11360632991682,-786.7510375976562,-1345.9371337890625,0.0006826568320548176,11533.097214645026,11659.2099609375,11100.0234375,12445.960998535156
sham_off_01,20,10045,C1,47505000000,-954.8127365913655,43.750003198120474,-998.5627397894859,224.4592905610616,-730.353271484375,-1393.61181640625,0.00017454592887133913,12731.636708179834,12956.09765625,12292.8388671875,13686.450927734375
sham_off_01,20,10045,C1,47505125000,-954.661062337127,43.75879371944399,-998.419856056571,224.79798884116826,-729.8631591796875,-1393.1217041015625,-8.568372879835806e-05,12731.636708179834,12956.4345703125,12293.17578125,13686.297729492188
sham_off_01,20,10045,C1,47505250000,-954.5096856235854,43.76762708729587,-998.2773127108812,225.13507563364328,-729.37451171875,-1392.633056640625,9.827119208694057e-05,12731.636708179834,12956.771484375,12293.5126953125,13686.14599609375
sham_off_01,20,10045,C1,47505375000,-954.3584703278326,43.77650194647079,-998.1349722743034,225.47072665191808,-728.8873291015625,-1392.1458740234375,0.00041457435202119086,12731.636708179834,12957.1083984375,12293.849609375,13685.995727539062
sham_off_01,20,10045,C1,47505500000,-954.2074491393786,43.78541903076363,-997.9928681701422,225.80435227288945,-728.402587890625,-1391.6611328125,0.0005089758641361186,12731.636708179834,12957.44140625,12294.1826171875,13685.843994140625
sham_off_01,20,10045,C1,47505625000,-954.056737346048,43.79437884927313,-997.8511161953211,226.13685001666272,-727.91943359375,-1391.177978515625,0.000453735635232988,12731.636708179834,12957.7734375,12294.5146484375,13685.69287109375
sham_off_01,20,10045,C1,47505750000,-953.9062197632327,43.80337831609106,-997.7095980793238,226.46705606630348,-727.439453125,-1390.697998046875,-0.0002894280708005681,12731.636708179834,12958.1044921875,12294.845703125,13685.5439453125
sham_off_01,20,10045,C1,47505875000,-953.7559623686907,43.812418091452365,-997.5683804601431,226.7957959259311,-726.9599609375,-1390.218505859375,0.0002055052596006135,12731.636708179834,12958.431640625,12295.1728515625,13685.3916015625
sham_off_01,20,10045,C2,47505000000,-127.6838873103261,80.70087068527937,-208.38475799560547,-602.6695587199779,-730.353271484375,-1393.61181640625,0.00017454592898502597,4731.151706088112,4128.4814453125,3465.222900390625,4858.834716796875
sham_off_01,20,10045,C2,47505125000,-127.6769864410162,80.70008490979671,-208.3770713508129,-602.1860870549426,-729.8631591796875,-1393.1217041015625,-8.568372868467122e-05,4731.151706088112,4128.9658203125,3465.707275390625,4858.8289794921875
sham_off_01,20,10045,C2,47505250000,-127.67015051096678,80.6993028447032,-208.36945335566998,-601.7044594789754,-729.37451171875,-1392.633056640625,9.827119220062741e-05,4731.151706088112,4129.447265625,3466.188720703125,4858.82177734375
sham_off_01,20,10045,C2,47505375000,-127.66340182721615,80.69852177798748,-208.36192360520363,-601.2243418486983,-728.8873291015625,-1392.1458740234375,0.000414574351907504,4731.151706088112,4129.92724609375,3466.668701171875,4858.8145751953125
sham_off_01,20,10045,C2,47505500000,-127.65669480711222,80.6977464184165,-208.35444122552872,-600.746402059377,-728.402587890625,-1391.6611328125,0.0005089758642498055,4731.151706088112,4130.4052734375,3467.146728515625,4858.807861328125
sham_off_01,20,10045,C2,47505625000,-127.6500406563282,80.69697923958302,-208.34701989591122,-600.2698466730571,-727.91943359375,-1391.177978515625,0.0004537356353466748,4731.151706088112,4130.8818359375,3467.623291015625,4858.80126953125
sham_off_01,20,10045,C2,47505750000,-127.64346969872713,80.69620997458696,-208.3396796733141,-599.7956939982021,-727.439453125,-1390.697998046875,-0.0002894280708005681,4731.151706088112,4131.35546875,3468.096923828125,4858.794921875
sham_off_01,20,10045,C2,47505875000,-127.63693810999393,80.69544887542725,-208.33238698542118,-599.3232283327657,-726.9599609375,-1390.218505859375,0.0002055052596006135,4731.151706088112,4131.8291015625,3468.570556640625,4858.7890625
sham_off_01,20,10045,C3,47505000000,0.0,0.0,0.0,-730.353446030304,-730.353271484375,-1393.61181640625,0.00017454592898502597,0.0,-730.353271484375,-1393.61181640625,0.0
sham_off_01,20,10045,C3,47505125000,0.0,0.0,0.0,-729.8630734959588,-729.8631591796875,-1393.1217041015625,-8.568372868467122e-05,0.0,-729.8631591796875,-1393.1217041015625,0.0
sham_off_01,20,10045,C3,47505250000,0.0,0.0,0.0,-729.3746099899422,-729.37451171875,-1392.633056640625,9.827119220062741e-05,0.0,-729.37451171875,-1392.633056640625,0.0
sham_off_01,20,10045,C3,47505375000,0.0,0.0,0.0,-728.8877436759144,-728.8873291015625,-1392.1458740234375,0.000414574351907504,0.0,-728.8873291015625,-1392.1458740234375,0.0
sham_off_01,20,10045,C3,47505500000,0.0,0.0,0.0,-728.4030968664892,-728.402587890625,-1391.6611328125,0.0005089758642498055,0.0,-728.402587890625,-1391.6611328125,0.0
sham_off_01,20,10045,C3,47505625000,0.0,0.0,0.0,-727.9198873293853,-727.91943359375,-1391.177978515625,0.0004537356353466748,0.0,-727.91943359375,-1391.177978515625,0.0
sham_off_01,20,10045,C3,47505750000,0.0,0.0,0.0,-727.4391636969292,-727.439453125,-1390.697998046875,-0.0002894280708005681,0.0,-727.439453125,-1390.697998046875,0.0
sham_off_01,20,10045,C3,47505875000,0.0,0.0,0.0,-726.9601664427596,-726.9599609375,-1390.218505859375,0.0002055052596006135,0.0,-726.9599609375,-1390.218505859375,0.0
sham_off_01,20,10045,C1_external,47505000000,-954.8127365913655,43.750003198120474,-998.5627397894859,224.4592905610616,-730.353271484375,-1393.61181640625,0.00017454592887133913,12050.30884494376,12274.76953125,11611.5107421875,13005.122802734375
sham_off_01,20,10045,C1_external,47505125000,-954.661062337127,43.75879371944399,-998.419856056571,224.79798884116826,-729.8631591796875,-1393.1217041015625,-8.568372879835806e-05,12050.30884494376,12275.1064453125,11611.84765625,13004.969604492188
sham_off_01,20,10045,C1_external,47505250000,-954.5096856235854,43.76762708729587,-998.2773127108812,225.13507563364328,-729.37451171875,-1392.633056640625,9.827119208694057e-05,12050.30884494376,12275.4443359375,11612.185546875,13004.81884765625
sham_off_01,20,10045,C1_external,47505375000,-954.3584703278326,43.77650194647079,-998.1349722743034,225.47072665191808,-728.8873291015625,-1392.1458740234375,0.00041457435202119086,12050.30884494376,12275.7802734375,11612.521484375,13004.667602539062
sham_off_01,20,10045,C1_external,47505500000,-954.2074491393786,43.78541903076363,-997.9928681701422,225.80435227288945,-728.402587890625,-1391.6611328125,0.0005089758641361186,12050.30884494376,12276.11328125,11612.8544921875,13004.515869140625
sham_off_01,20,10045,C1_external,47505625000,-954.056737346048,43.79437884927313,-997.8511161953211,226.13685001666272,-727.91943359375,-1391.177978515625,0.000453735635232988,12050.30884494376,12276.4462890625,11613.1875,13004.36572265625
sham_off_01,20,10045,C1_external,47505750000,-953.9062197632327,43.80337831609106,-997.7095980793238,226.46705606630348,-727.439453125,-1390.697998046875,-0.0002894280708005681,12050.30884494376,12276.7763671875,11613.517578125,13004.2158203125
sham_off_01,20,10045,C1_external,47505875000,-953.7559623686907,43.812418091452365,-997.5683804601431,226.7957959259311,-726.9599609375,-1390.218505859375,0.0002055052596006135,12050.30884494376,12277.103515625,11613.8447265625,13004.0634765625
sham_off_01,20,10056,C1,47505000000,-901.354414104959,57.87835442692973,-959.2327685318887,155.7797926960552,-745.5748291015625,-1304.760986328125,-0.00020769265870512754,12253.944621972427,12409.724609375,11850.5380859375,13155.299438476562
sham_off_01,20,10056,C1,47505125000,-901.2045226010324,57.888290313368856,-959.0928129144013,156.1347623989834,-745.070068359375,-1304.256103515625,-0.00030815732600331103,12253.944621972427,12410.078125,11850.8916015625,13155.148193359375
sham_off_01,20,10056,C1,47505250000,-901.0549297943508,57.89828886876058,-958.9532186631113,156.48814145523716,-744.5667114257812,-1303.7528076171875,7.691333235015918e-05,12253.944621972427,12410.4326171875,11851.24609375,13154.999328613281
sham_off_01,20,10056,C1,47505375000,-900.9055163416017,57.90835301737002,-958.8138693589717,156.8403316808092,-744.0650634765625,-1303.251220703125,0.00012118423001084011,12253.944621972427,12410.78515625,11851.5986328125,13154.850219726562
sham_off_01,20,10056,C1,47505500000,-900.7562068680555,57.91848076337266,-958.6746876314282,157.19075893863737,-743.5657348632812,-1302.7518310546875,-0.0002869338630944185,12253.944621972427,12411.134765625,11851.9482421875,13154.700500488281
sham_off_01,20,10056,C1,47505625000,-900.6072636379914,57.9286680814756,-958.535931719467,157.53996644217068,-743.0675659179688,-1302.253662109375,-0.00026872214800732763,12253.944621972427,12411.484375,11852.2978515625,13154.551940917969
sham_off_01,20,10056,C1,47505750000,-900.4583641310843,57.938917768963925,-958.3972819000483,157.8872563397806,-742.5712890625,-1301.75732421875,-0.0001812711963111724,12253.944621972427,12411.83203125,11852.6455078125,13154.4033203125
sham_off_01,20,10056,C1,47505875000,-900.3097628504366,57.949226664346405,-958.258989514783,158.23335695331116,-742.0765380859375,-1301.2626953125,-0.0001321888120173753,12253.944621972427,12412.177734375,11852.9912109375,13154.254272460938
sham_off_01,20,10056,C2,47505000000,-198.03369124419987,58.079019866883755,-256.1127111110836,-547.5409301647037,-745.5748291015625,-1304.760986328125,-0.00020769265893250122,4035.4419137898904,3487.90087890625,2928.71484375,4233.4757080078125
sham_off_01,20,10056,C2,47505125000,-198.0229870788753,58.07917009294033,-256.10215717181563,-547.0467731231738,-745.070068359375,-1304.256103515625,-0.0003081573258896242,4035.4419137898904,3488.39501953125,2929.208984375,4233.465087890625
sham_off_01,20,10056,C2,47505250000,-198.0124025773257,58.07932140678167,-256.0917239841074,-546.5543857617879,-744.5667114257812,-1303.7528076171875,7.691333235015918e-05,4035.4419137898904,3488.8876953125,2929.70166015625,4233.454406738281
sham_off_01,20,10056,C2,47505375000,-198.00189396180212,58.07947575300932,-256.08136971481144,-546.0632906989902,-744.0650634765625,-1303.251220703125,0.00012118422978346644,4035.4419137898904,3489.37890625,2930.19287109375,4233.4439697265625
sham_off_01,20,10056,C2,47505500000,-197.9914381466806,58.07963355630636,-256.07107170298696,-545.5740097827379,-743.5657348632812,-1302.7518310546875,-0.00028693386275335797,4035.4419137898904,3489.867919921875,2930.681884765625,4233.433654785156
sham_off_01,20,10056,C2,47505625000,-197.98107187077403,58.079793475568295,-256.0608653463423,-545.0862253250468,-743.0675659179688,-1302.253662109375,-0.0002687221478936408,4035.4419137898904,3490.355712890625,2931.169677734375,4233.423278808594
sham_off_01,20,10056,C2,47505750000,-197.9707895386964,58.07995594292879,-256.0507454816252,-544.6003182526074,-742.5712890625,-1301.75732421875,-0.00018127119619748555,4035.4419137898904,3490.84130859375,2931.6552734375,4233.41259765625
sham_off_01,20,10056,C2,47505875000,-197.96056448668242,58.080120004713535,-256.04068449139595,-544.1158414104432,-742.0765380859375,-1301.2626953125,-0.00013218881190368847,4035.4419137898904,3491.325927734375,2932.139892578125,4233.4024658203125
sham_off_01,20,10056,C3,47505000000,0.0,0.0,0.0,-745.5746214089036,-745.5748291015625,-1304.760986328125,-0.00020769265893250122,0.0,-745.5748291015625,-1304.760986328125,0.0
sham_off_01,20,10056,C3,47505125000,0.0,0.0,0.0,-745.0697602020491,-745.070068359375,-1304.256103515625,-0.0003081573258896242,0.0,-745.070068359375,-1304.256103515625,0.0
sham_off_01,20,10056,C3,47505250000,0.0,0.0,0.0,-744.5667883391136,-744.5667114257812,-1303.7528076171875,7.691333235015918e-05,0.0,-744.5667114257812,-1303.7528076171875,0.0
sham_off_01,20,10056,C3,47505375000,0.0,0.0,0.0,-744.0651846607923,-744.0650634765625,-1303.251220703125,0.00012118422978346644,0.0,-744.0650634765625,-1303.251220703125,0.0
sham_off_01,20,10056,C3,47505500000,0.0,0.0,0.0,-743.5654479294185,-743.5657348632812,-1302.7518310546875,-0.00028693386275335797,0.0,-743.5657348632812,-1302.7518310546875,0.0
sham_off_01,20,10056,C3,47505625000,0.0,0.0,0.0,-743.0672971958209,-743.0675659179688,-1302.253662109375,-0.0002687221478936408,0.0,-743.0675659179688,-1302.253662109375,0.0
sham_off_01,20,10056,C3,47505750000,0.0,0.0,0.0,-742.5711077913038,-742.5712890625,-1301.75732421875,-0.00018127119619748555,0.0,-742.5712890625,-1301.75732421875,0.0
sham_off_01,20,10056,C3,47505875000,0.0,0.0,0.0,-742.0764058971256,-742.0765380859375,-1301.2626953125,-0.00013218881190368847,0.0,-742.0765380859375,-1301.2626953125,0.0
sham_off_01,20,10056,C1_external,47505000000,-901.354414104959,57.87835442692973,-959.2327685318887,155.7797926960552,-745.5748291015625,-1304.760986328125,-0.00020769265870512754,11533.097214645026,11688.876953125,11129.6904296875,12434.451782226562
sham_off_01,20,10056,C1_external,47505125000,-901.2045226010324,57.888290313368856,-959.0928129144013,156.1347623989834,-745.070068359375,-1304.256103515625,-0.00030815732600331103,11533.097214645026,11689.2314453125,11130.044921875,12434.301513671875
sham_off_01,20,10056,C1_external,47505250000,-901.0549297943508,57.89828886876058,-958.9532186631113,156.48814145523716,-744.5667114257812,-1303.7528076171875,7.691333235015918e-05,11533.097214645026,11689.5859375,11130.3994140625,12434.152648925781
sham_off_01,20,10056,C1_external,47505375000,-900.9055163416017,57.90835301737002,-958.8138693589717,156.8403316808092,-744.0650634765625,-1303.251220703125,0.00012118423001084011,11533.097214645026,11689.9375,11130.7509765625,12434.002563476562
sham_off_01,20,10056,C1_external,47505500000,-900.7562068680555,57.91848076337266,-958.6746876314282,157.19075893863737,-743.5657348632812,-1302.7518310546875,-0.0002869338630944185,11533.097214645026,11690.287109375,11131.1005859375,12433.852844238281
sham_off_01,20,10056,C1_external,47505625000,-900.6072636379914,57.9286680814756,-958.535931719467,157.53996644217068,-743.0675659179688,-1302.253662109375,-0.00026872214800732763,11533.097214645026,11690.63671875,11131.4501953125,12433.704284667969
sham_off_01,20,10056,C1_external,47505750000,-900.4583641310843,57.938917768963925,-958.3972819000483,157.8872563397806,-742.5712890625,-1301.75732421875,-0.0001812711963111724,11533.097214645026,11690.984375,11131.7978515625,12433.5556640625
sham_off_01,20,10056,C1_external,47505875000,-900.3097628504366,57.949226664346405,-958.258989514783,158.23335695331116,-742.0765380859375,-1301.2626953125,-0.0001321888120173753,11533.097214645026,11691.330078125,11132.1435546875,12433.406616210938
sham_off_01,50,10045,C1,47535000000,-926.2155787271574,45.54387932297432,-971.7594580501318,253.9850839864639,-672.230224609375,-1335.48876953125,0.0002701313185298204,12731.636708179834,12985.62109375,12322.3623046875,13657.851318359375
sham_off_01,50,10045,C1,47535125000,-926.1497984538728,45.545281319791634,-971.6950797736645,253.8895267120879,-672.2603759765625,-1335.5189208984375,-0.00010423477760923561,12731.636708179834,12985.525390625,12322.2666015625,13657.785766601562
sham_off_01,50,10045,C1,47535250000,-926.0847732305167,45.54662321213502,-971.6313964426517,253.7922556257622,-672.29248046875,-1335.551025390625,3.713600449373189e-05,12731.636708179834,12985.4296875,12322.1708984375,13657.72216796875
sham_off_01,50,10045,C1,47535375000,-926.0205249296073,45.54790133670532,-971.5684262663126,253.6932311071928,-672.3270263671875,-1335.5855712890625,0.00026745522700366564,12731.636708179834,12985.330078125,12322.0712890625,13657.657104492188
sham_off_01,50,10045,C1,47535500000,-925.956965348261,45.54911980913344,-971.5060851573944,253.59281833823434,-672.36376953125,-1335.622314453125,0.00037747877661331586,12731.636708179834,12985.228515625,12321.9697265625,13657.59228515625
sham_off_01,50,10045,C1,47535625000,-925.8941903281273,45.55027532398091,-971.4444656521082,253.4904472619737,-672.403564453125,-1335.662109375,0.00017861302853816596,12731.636708179834,12985.1279296875,12321.869140625,13657.531494140625
sham_off_01,50,10045,C1,47535750000,-925.8321793575832,45.551369021361204,-971.3835483789444,253.38648412941757,-672.4459228515625,-1335.7044677734375,-0.00022762339688142674,12731.636708179834,12985.0234375,12321.7646484375,13657.469360351562
sham_off_01,50,10045,C1,47535875000,-925.7708481249274,45.552405432158636,-971.323253557086,253.2810972641123,-672.489501953125,-1335.748046875,0.00024890769009289215,12731.636708179834,12984.91796875,12321.6591796875,13657.407470703125
sham_off_01,50,10045,C2,47535000000,-127.36030589789152,80.65803051739931,-208.01833641529083,-544.870188842802,-672.230224609375,-1335.48876953125,0.0002701313185298204,4731.151706088112,4186.28173828125,3523.023193359375,4858.511962890625
sham_off_01,50,10045,C2,47535125000,-127.36330919712782,80.65828029066324,-208.02158948779106,-544.8969625446571,-672.2603759765625,-1335.5189208984375,-0.00010423477760923561,4731.151706088112,4186.2548828125,3522.996337890625,4858.5152587890625
sham_off_01,50,10045,C2,47535250000,-127.36633075028658,80.6585308983922,-208.02486164867878,-544.9261868544679,-672.29248046875,-1335.551025390625,3.713600449373189e-05,4731.151706088112,4186.2255859375,3522.967041015625,4858.51806640625
sham_off_01,50,10045,C2,47535375000,-127.36936033517122,80.65878745168447,-208.0281477868557,-544.9579334872433,-672.3270263671875,-1335.5855712890625,0.00026745522700366564,4731.151706088112,4186.19384765625,3522.935302734375,4858.5208740234375
sham_off_01,50,10045,C2,47535500000,-127.37244293093681,80.65904331207275,-208.03148624300957,-544.9917040790897,-672.36376953125,-1335.622314453125,0.000377478776499629,4731.151706088112,4186.16015625,3522.901611328125,4858.52392578125
sham_off_01,50,10045,C2,47535625000,-127.37555953860283,80.6593012213707,-208.03486075997353,-545.0281835275507,-672.403564453125,-1335.662109375,0.00017861302853816596,4731.151706088112,4186.12353515625,3522.864990234375,4858.527099609375
sham_off_01,50,10045,C2,47535750000,-127.37869162112474,80.6595635637641,-208.03825518488884,-545.067003607041,-672.4459228515625,-1335.7044677734375,-0.0002276233967677399,4731.151706088112,4186.0849609375,3522.826416015625,4858.5308837890625
sham_off_01,50,10045,C2,47535875000,-127.38185422122478,80.65982466936111,-208.0416788905859,-545.1078966395903,-672.489501953125,-1335.748046875,0.00024890769009289215,4731.151706088112,4186.04345703125,3522.784912109375,4858.532958984375
sham_off_01,50,10045,C3,47535000000,0.0,0.0,0.0,-672.2304947406935,-672.230224609375,-1335.48876953125,0.0002701313185298204,0.0,-672.230224609375,-1335.48876953125,0.0
sham_off_01,50,10045,C3,47535125000,0.0,0.0,0.0,-672.2602717417849,-672.2603759765625,-1335.5189208984375,-0.00010423477760923561,0.0,-672.2603759765625,-1335.5189208984375,0.0
sham_off_01,50,10045,C3,47535250000,0.0,0.0,0.0,-672.2925176047545,-672.29248046875,-1335.551025390625,3.713600449373189e-05,0.0,-672.29248046875,-1335.551025390625,0.0
sham_off_01,50,10045,C3,47535375000,0.0,0.0,0.0,-672.3272938224145,-672.3270263671875,-1335.5855712890625,0.00026745522700366564,0.0,-672.3270263671875,-1335.5855712890625,0.0
sham_off_01,50,10045,C3,47535500000,0.0,0.0,0.0,-672.3641470100265,-672.36376953125,-1335.622314453125,0.000377478776499629,0.0,-672.36376953125,-1335.622314453125,0.0
sham_off_01,50,10045,C3,47535625000,0.0,0.0,0.0,-672.4037430661535,-672.403564453125,-1335.662109375,0.00017861302853816596,0.0,-672.403564453125,-1335.662109375,0.0
sham_off_01,50,10045,C3,47535750000,0.0,0.0,0.0,-672.4456952281657,-672.4459228515625,-1335.7044677734375,-0.0002276233967677399,0.0,-672.4459228515625,-1335.7044677734375,0.0
sham_off_01,50,10045,C3,47535875000,0.0,0.0,0.0,-672.4897508608151,-672.489501953125,-1335.748046875,0.00024890769009289215,0.0,-672.489501953125,-1335.748046875,0.0
sham_off_01,50,10045,C1_external,47535000000,-926.2155787271574,45.54387932297432,-971.7594580501318,253.9850839864639,-672.230224609375,-1335.48876953125,0.0002701313185298204,12050.30884494376,12304.29296875,11641.0341796875,12976.523193359375
sham_off_01,50,10045,C1_external,47535125000,-926.1497984538728,45.545281319791634,-971.6950797736645,253.8895267120879,-672.2603759765625,-1335.5189208984375,-0.00010423477760923561,12050.30884494376,12304.197265625,11640.9384765625,12976.457641601562
sham_off_01,50,10045,C1_external,47535250000,-926.0847732305167,45.54662321213502,-971.6313964426517,253.7922556257622,-672.29248046875,-1335.551025390625,3.713600449373189e-05,12050.30884494376,12304.1015625,11640.8427734375,12976.39404296875
sham_off_01,50,10045,C1_external,47535375000,-926.0205249296073,45.54790133670532,-971.5684262663126,253.6932311071928,-672.3270263671875,-1335.5855712890625,0.00026745522700366564,12050.30884494376,12304.001953125,11640.7431640625,12976.328979492188
sham_off_01,50,10045,C1_external,47535500000,-925.956965348261,45.54911980913344,-971.5060851573944,253.59281833823434,-672.36376953125,-1335.622314453125,0.00037747877661331586,12050.30884494376,12303.9013671875,11640.642578125,12976.26513671875
sham_off_01,50,10045,C1_external,47535625000,-925.8941903281273,45.55027532398091,-971.4444656521082,253.4904472619737,-672.403564453125,-1335.662109375,0.00017861302853816596,12050.30884494376,12303.7998046875,11640.541015625,12976.203369140625
sham_off_01,50,10045,C1_external,47535750000,-925.8321793575832,45.551369021361204,-971.3835483789444,253.38648412941757,-672.4459228515625,-1335.7044677734375,-0.00022762339688142674,12050.30884494376,12303.6962890625,11640.4375,12976.142211914062
sham_off_01,50,10045,C1_external,47535875000,-925.7708481249274,45.552405432158636,-971.323253557086,253.2810972641123,-672.489501953125,-1335.748046875,0.00024890769009289215,12050.30884494376,12303.58984375,11640.3310546875,12976.079345703125
sham_off_01,50,10056,C1,47535000000,-872.7937402743818,60.21215378865889,-933.0058940630406,189.9123287858597,-682.8814697265625,-1242.067626953125,-5.8238040423930215e-05,12253.944621972427,12443.8564453125,11884.669921875,13126.737915039062
sham_off_01,50,10056,C1,47535125000,-872.7262723223073,60.216205259715245,-932.9424775820225,189.82748766065993,-682.8988647460938,-1242.0849609375,-8.008444638107903e-05,12253.944621972427,12443.771484375,11884.5849609375,13126.670349121094
sham_off_01,50,10056,C1,47535250000,-872.6595109495108,60.22020491410445,-932.8797158636153,189.7406754903177,-682.9188232421875,-1242.10498046875,1.2217005632919609e-05,12253.944621972427,12443.685546875,11884.4990234375,13126.604370117188
sham_off_01,50,10056,C1,47535375000,-872.5935614374984,60.22415433213534,-932.8177157696337,189.65216718339116,-682.9412231445312,-1242.1273193359375,0.00017110957594468346,12253.944621972427,12443.5966796875,11884.41015625,13126.537902832031
sham_off_01,50,10056,C1,47535500000,-872.5281483229384,60.22805522231913,-932.7562035452574,189.56221798501315,-682.9658203125,-1242.15185546875,0.00011002542521509895,12253.944621972427,12443.5068359375,11884.3203125,13126.47265625
sham_off_01,50,10056,C1,47535625000,-872.4635346409538,60.23190569983338,-932.6954403407872,189.47012532814006,-682.9935302734375,-1242.1796875,-0.00012096062380351214,12253.944621972427,12443.4140625,11884.2275390625,13126.407592773438
sham_off_01,50,10056,C1,47535750000,-872.3997166473806,60.2357096056998,-932.6354262530804,189.3764392304074,-683.0234375,-1242.20947265625,-0.0001600830267989295,12253.944621972427,12443.3203125,11884.1337890625,13126.34375
sham_off_01,50,10056,C1,47535875000,-872.3364769880753,60.23946459692901,-932.5759415850043,189.28138053779276,-683.05517578125,-1242.2412109375,-7.933096742362977e-05,12253.944621972427,12443.224609375,11884.0380859375,13126.27978515625
sham_off_01,50,10056,C2,47535000000,-197.1955006159842,58.19420088455081,-255.389701500535,-485.68591087253776,-682.8814697265625,-1242.067626953125,-5.823804053761705e-05,4035.4419137898904,3549.755859375,2990.56982421875,4232.6373291015625
sham_off_01,50,10056,C2,47535125000,-197.19768408546224,58.19487949460745,-255.3925635800697,-485.70110057618535,-682.8988647460938,-1242.0849609375,-8.008444615370536e-05,4035.4419137898904,3549.740966796875,2990.554931640625,4232.639831542969
sham_off_01,50,10056,C2,47535250000,-197.19991698348895,58.19555800780654,-255.3954749912955,-485.7189184757044,-682.9188232421875,-1242.10498046875,1.2217005860293284e-05,4035.4419137898904,3549.723388671875,2990.537353515625,4232.6422119140625
sham_off_01,50,10056,C2,47535375000,-197.2021669363603,58.19623876363039,-255.3984056999907,-485.739227317747,-682.9412231445312,-1242.1273193359375,0.0001711095760583703,4035.4419137898904,3549.70263671875,2990.5166015625,4232.643859863281
sham_off_01,50,10056,C2,47535500000,-197.20450129918754,58.19691691920161,-255.40141821838915,-485.7614290387378,-682.9658203125,-1242.15185546875,0.00011002542532878579,4035.4419137898904,3549.68115234375,2990.4951171875,4232.64697265625
sham_off_01,50,10056,C2,47535625000,-197.2068470553495,58.19759736210108,-255.40444441745058,-485.7865622574643,-682.9935302734375,-1242.1796875,-0.0001209606236898253,4035.4419137898904,3549.6552734375,2990.46923828125,4232.6488037109375
sham_off_01,50,10056,C2,47535750000,-197.20922536030412,58.198279317468405,-255.40750467777252,-485.81405205666897,-683.0234375,-1242.20947265625,-0.00016008302691261633,4035.4419137898904,3549.6279296875,2990.44189453125,4232.6513671875
sham_off_01,50,10056,C2,47535875000,-197.21165883075446,58.19896029308438,-255.41061912383884,-485.84343761952823,-683.05517578125,-1242.2412109375,-7.933096730994293e-05,4035.4419137898904,3549.59814453125,2990.412109375,4232.6533203125
sham_off_01,50,10056,C3,47535000000,0.0,0.0,0.0,-682.881411488522,-682.8814697265625,-1242.067626953125,-5.823804053761705e-05,0.0,-682.8814697265625,-1242.067626953125,0.0
sham_off_01,50,10056,C3,47535125000,0.0,0.0,0.0,-682.8987846616476,-682.8988647460938,-1242.0849609375,-8.008444615370536e-05,0.0,-682.8988647460938,-1242.0849609375,0.0
sham_off_01,50,10056,C3,47535250000,0.0,0.0,0.0,-682.9188354591934,-682.9188232421875,-1242.10498046875,1.2217005860293284e-05,0.0,-682.9188232421875,-1242.10498046875,0.0
sham_off_01,50,10056,C3,47535375000,0.0,0.0,0.0,-682.9413942541073,-682.9412231445312,-1242.1273193359375,0.0001711095760583703,0.0,-682.9412231445312,-1242.1273193359375,0.0
sham_off_01,50,10056,C3,47535500000,0.0,0.0,0.0,-682.9659303379253,-682.9658203125,-1242.15185546875,0.00011002542532878579,0.0,-682.9658203125,-1242.15185546875,0.0
sham_off_01,50,10056,C3,47535625000,0.0,0.0,0.0,-682.9934093128138,-682.9935302734375,-1242.1796875,-0.0001209606236898253,0.0,-682.9935302734375,-1242.1796875,0.0
sham_off_01,50,10056,C3,47535750000,0.0,0.0,0.0,-683.0232774169731,-683.0234375,-1242.20947265625,-0.00016008302691261633,0.0,-683.0234375,-1242.20947265625,0.0
sham_off_01,50,10056,C3,47535875000,0.0,0.0,0.0,-683.0550964502827,-683.05517578125,-1242.2412109375,-7.933096730994293e-05,0.0,-683.05517578125,-1242.2412109375,0.0
sham_off_01,50,10056,C1_external,47535000000,-872.7937402743818,60.21215378865889,-933.0058940630406,189.9123287858597,-682.8814697265625,-1242.067626953125,-5.8238040423930215e-05,11533.097214645026,11723.009765625,11163.8232421875,12405.891235351562
sham_off_01,50,10056,C1_external,47535125000,-872.7262723223073,60.216205259715245,-932.9424775820225,189.82748766065993,-682.8988647460938,-1242.0849609375,-8.008444638107903e-05,11533.097214645026,11722.923828125,11163.7373046875,12405.822692871094
sham_off_01,50,10056,C1_external,47535250000,-872.6595109495108,60.22020491410445,-932.8797158636153,189.7406754903177,-682.9188232421875,-1242.10498046875,1.2217005632919609e-05,11533.097214645026,11722.837890625,11163.6513671875,12405.756713867188
sham_off_01,50,10056,C1_external,47535375000,-872.5935614374984,60.22415433213534,-932.8177157696337,189.65216718339116,-682.9412231445312,-1242.1273193359375,0.00017110957594468346,11533.097214645026,11722.7490234375,11163.5625,12405.690246582031
sham_off_01,50,10056,C1_external,47535500000,-872.5281483229384,60.22805522231913,-932.7562035452574,189.56221798501315,-682.9658203125,-1242.15185546875,0.00011002542521509895,11533.097214645026,11722.6591796875,11163.47265625,12405.625
sham_off_01,50,10056,C1_external,47535625000,-872.4635346409538,60.23190569983338,-932.6954403407872,189.47012532814006,-682.9935302734375,-1242.1796875,-0.00012096062380351214,11533.097214645026,11722.5673828125,11163.380859375,12405.560913085938
sham_off_01,50,10056,C1_external,47535750000,-872.3997166473806,60.2357096056998,-932.6354262530804,189.3764392304074,-683.0234375,-1242.20947265625,-0.0001600830267989295,11533.097214645026,11722.47265625,11163.2861328125,12405.49609375
sham_off_01,50,10056,C1_external,47535875000,-872.3364769880753,60.23946459692901,-932.5759415850043,189.28138053779276,-683.05517578125,-1242.2412109375,-7.933096742362977e-05,11533.097214645026,11722.3779296875,11163.19140625,12405.43310546875
profile_off_01,1,10045,C1,47486000000,-978.4268904880097,43.043257747549724,-1021.4701482355595,159.0627354426947,-819.3646240234375,-1482.6231689453125,-0.0004689781225124534,12731.636708179834,12890.7001953125,12227.44140625,13710.064819335938
profile_off_01,1,10045,C1,47486125000,-978.2251851229437,43.04478766336368,-1021.2699727863073,159.6081845892195,-818.616943359375,-1481.87548828125,5.717434919461084e-05,12731.636708179834,12891.2451171875,12227.986328125,13709.862060546875
profile_off_01,1,10045,C1,47486250000,-978.0237762080036,43.04634747938294,-1021.0701236873865,160.15278656731152,-817.8709716796875,-1481.1295166015625,1.796100457340799e-05,12731.636708179834,12891.791015625,12228.5322265625,13709.661987304688
profile_off_01,1,10045,C1,47486375000,-977.8229443786208,43.0479358377392,-1020.8708802163601,160.6956544207419,-817.127197265625,-1480.3857421875,9.269225392927183e-05,12731.636708179834,12892.3330078125,12229.07421875,13709.460205078125
profile_off_01,1,10045,C1,47486500000,-977.6223327938959,43.049552949841285,-1020.6718857437372,161.2373202192266,-816.38525390625,-1479.643798828125,-0.0002413315806961691,12731.636708179834,12892.8740234375,12229.615234375,13709.25927734375
profile_off_01,1,10045,C1,47486625000,-977.422262767568,43.0512022429558,-1020.4734650105238,161.77772729180288,-815.644775390625,-1478.9033203125,-0.00023991485988972272,12731.636708179834,12893.4140625,12230.1552734375,13709.058837890625
profile_off_01,1,10045,C1,47486750000,-977.2225706541531,43.05288523793295,-1020.275455892086,162.31682046846345,-814.9056396484375,-1478.1641845703125,0.00011053725211240817,12731.636708179834,12893.955078125,12230.6962890625,13708.860717773438
profile_off_01,1,10045,C1,47486875000,-977.023175812759,43.05459826489495,-1020.0777740776539,162.85472463647102,-814.168701171875,-1477.42724609375,-0.00024999558706895186,12731.636708179834,12894.4921875,12231.2333984375,13708.660888671875
profile_off_01,1,10045,C2,47486000000,-129.61171798035502,80.74552443996072,-210.35724242031574,-689.7524370649601,-819.3646240234375,-1482.6231689453125,-0.00046897812239876657,4731.151706088112,4041.399169921875,3378.140625,4860.7637939453125
profile_off_01,1,10045,C2,47486125000,-129.5934709198773,80.74390250071883,-210.33737342059612,-689.0235296138469,-818.616943359375,-1481.87548828125,5.717434919461084e-05,4731.151706088112,4042.12841796875,3378.869873046875,4860.745361328125
profile_off_01,1,10045,C2,47486250000,-129.57529840618372,80.74229118973017,-210.3175895959139,-688.295691234508,-817.8709716796875,-1481.1295166015625,1.7961004232347477e-05,4731.151706088112,4042.856201171875,3379.59765625,4860.7271728515625
profile_off_01,1,10045,C2,47486375000,-129.5572062395513,80.74068567529321,-210.2978919148445,-687.5700837183279,-817.127197265625,-1480.3857421875,9.26922541566455e-05,4731.151706088112,4043.58203125,3380.323486328125,4860.709228515625
profile_off_01,1,10045,C2,47486500000,-129.53919760510325,80.7390866316855,-210.27828423678875,-686.8458149695659,-816.38525390625,-1479.643798828125,-0.00024133158080985595,4731.151706088112,4044.3056640625,3381.047119140625,4860.69091796875
profile_off_01,1,10045,C2,47486625000,-129.5212745591998,80.73748856037855,-210.25876311957836,-686.1232609165654,-815.644775390625,-1478.9033203125,-0.00023991485977603588,4731.151706088112,4045.028564453125,3381.77001953125,4860.67333984375
profile_off_01,1,10045,C2,47486750000,-129.50340535491705,80.73590365797281,-210.23930901288986,-685.4023448307723,-814.9056396484375,-1478.1641845703125,0.00011053725188503449,4731.151706088112,4045.749755859375,3382.4912109375,4860.6553955078125
profile_off_01,1,10045,C2,47486875000,-129.4856232404709,80.73432566225529,-210.21994890272617,-684.6828279358169,-814.168701171875,-1477.42724609375,-0.0002499955871826387,4731.151706088112,4046.468994140625,3383.21044921875,4860.6376953125
profile_off_01,1,10045,C3,47486000000,0.0,0.0,0.0,-819.3641550453151,-819.3646240234375,-1482.6231689453125,-0.00046897812239876657,0.0,-819.3646240234375,-1482.6231689453125,0.0
profile_off_01,1,10045,C3,47486125000,0.0,0.0,0.0,-818.6170005337242,-818.616943359375,-1481.87548828125,5.717434919461084e-05,0.0,-818.616943359375,-1481.87548828125,0.0
profile_off_01,1,10045,C3,47486250000,0.0,0.0,0.0,-817.8709896406917,-817.8709716796875,-1481.1295166015625,1.7961004232347477e-05,0.0,-817.8709716796875,-1481.1295166015625,0.0
profile_off_01,1,10045,C3,47486375000,0.0,0.0,0.0,-817.1272899578792,-817.127197265625,-1480.3857421875,9.26922541566455e-05,0.0,-817.127197265625,-1480.3857421875,0.0
profile_off_01,1,10045,C3,47486500000,0.0,0.0,0.0,-816.3850125746692,-816.38525390625,-1479.643798828125,-0.00024133158080985595,0.0,-816.38525390625,-1479.643798828125,0.0
profile_off_01,1,10045,C3,47486625000,0.0,0.0,0.0,-815.6445354757652,-815.644775390625,-1478.9033203125,-0.00023991485977603588,0.0,-815.644775390625,-1478.9033203125,0.0
profile_off_01,1,10045,C3,47486750000,0.0,0.0,0.0,-814.9057501856894,-814.9056396484375,-1478.1641845703125,0.00011053725188503449,0.0,-814.9056396484375,-1478.1641845703125,0.0
profile_off_01,1,10045,C3,47486875000,0.0,0.0,0.0,-814.1684511762878,-814.168701171875,-1477.42724609375,-0.0002499955871826387,0.0,-814.168701171875,-1477.42724609375,0.0
profile_off_01,1,10045,C1_external,47486000000,-978.4268904880097,43.043257747549724,-1021.4701482355595,159.0627354426947,-819.3646240234375,-1482.6231689453125,-0.0004689781225124534,12050.30884494376,12209.373046875,11546.1142578125,13028.737670898438
profile_off_01,1,10045,C1_external,47486125000,-978.2251851229437,43.04478766336368,-1021.2699727863073,159.6081845892195,-818.616943359375,-1481.87548828125,5.717434919461084e-05,12050.30884494376,12209.9169921875,11546.658203125,13028.533935546875
profile_off_01,1,10045,C1_external,47486250000,-978.0237762080036,43.04634747938294,-1021.0701236873865,160.15278656731152,-817.8709716796875,-1481.1295166015625,1.796100457340799e-05,12050.30884494376,12210.462890625,11547.2041015625,13028.333862304688
profile_off_01,1,10045,C1_external,47486375000,-977.8229443786208,43.0479358377392,-1020.8708802163601,160.6956544207419,-817.127197265625,-1480.3857421875,9.269225392927183e-05,12050.30884494376,12211.0048828125,11547.74609375,13028.132080078125
profile_off_01,1,10045,C1_external,47486500000,-977.6223327938959,43.049552949841285,-1020.6718857437372,161.2373202192266,-816.38525390625,-1479.643798828125,-0.0002413315806961691,12050.30884494376,12211.546875,11548.2880859375,13027.93212890625
profile_off_01,1,10045,C1_external,47486625000,-977.422262767568,43.0512022429558,-1020.4734650105238,161.77772729180288,-815.644775390625,-1478.9033203125,-0.00023991485988972272,12050.30884494376,12212.0859375,11548.8271484375,13027.730712890625
profile_off_01,1,10045,C1_external,47486750000,-977.2225706541531,43.05288523793295,-1020.275455892086,162.31682046846345,-814.9056396484375,-1478.1641845703125,0.00011053725211240817,12050.30884494376,12212.626953125,11549.3681640625,13027.532592773438
profile_off_01,1,10045,C1_external,47486875000,-977.023175812759,43.05459826489495,-1020.0777740776539,162.85472463647102,-814.168701171875,-1477.42724609375,-0.00024999558706895186,12050.30884494376,12213.1640625,11549.9052734375,13027.332763671875
profile_off_01,1,10056,C1,47486000000,-924.1026307428541,57.39098614358281,-981.4936168864369,94.45496514816932,-829.6475830078125,-1388.833740234375,8.258687228135386e-05,12253.944621972427,12348.3984375,11789.2119140625,13178.046020507812
profile_off_01,1,10056,C1,47486125000,-923.9061609542969,57.39033725866645,-981.2964982129633,94.97093032037628,-828.9351806640625,-1388.121337890625,4.9969858082477e-05,12253.944621972427,12348.916015625,11789.7294921875,13177.851196289062
profile_off_01,1,10056,C1,47486250000,-923.7100349959433,57.38973152484009,-981.0997665207833,95.48615208715228,-828.2239990234375,-1387.41015625,-0.00011611464651650749,12253.944621972427,12349.4296875,11790.2431640625,13177.653686523438
profile_off_01,1,10056,C1,47486375000,-923.5144051185459,57.389170637109885,-980.9035757556558,96.00027043998216,-827.514404296875,-1386.700439453125,-0.00026961831122207514,12253.944621972427,12349.9453125,11790.7587890625,13177.459716796875
profile_off_01,1,10056,C1,47486500000,-923.3189896044769,57.3886534275971,-980.707643032074,96.51345118308564,-826.8058471679688,-1385.991943359375,-0.00030874657750246115,12253.944621972427,12350.4580078125,11791.271484375,13177.263854980469
profile_off_01,1,10056,C1,47486625000,-923.1241452815999,57.388183495862336,-980.5123287774622,97.02576599186705,-826.0980834960938,-1385.2841796875,0.00029579363911125256,12253.944621972427,12350.970703125,11791.7841796875,13177.068786621094
profile_off_01,1,10056,C1,47486750000,-922.92954559935,57.387765350437476,-980.3173109497875,97.53692670913733,-825.3927001953125,-1384.578857421875,-8.130509979764611e-05,12253.944621972427,12351.4814453125,11792.294921875,13176.874145507812
profile_off_01,1,10056,C1,47486875000,-922.7353433560977,57.387392041792545,-980.1227353978902,98.04732186138153,-824.6879272460938,-1383.8740234375,9.424862241758092e-05,12253.944621972427,12351.9921875,11792.8056640625,13176.680114746094
profile_off_01,1,10056,C2,47486000000,-200.67283046990633,58.027119636535645,-258.699950106442,-628.9748351247786,-829.6475830078125,-1388.833740234375,8.25868723950407e-05,4035.4419137898904,3406.46728515625,2847.28125,4236.1148681640625
profile_off_01,1,10056,C2,47486125000,-200.64792706817389,58.026656836271286,-258.67458390444517,-628.2873035657465,-828.9351806640625,-1388.121337890625,4.996985785510333e-05,4035.4419137898904,3407.155029296875,2847.968994140625,4236.0902099609375
profile_off_01,1,10056,C2,47486250000,-200.6231318116188,58.02620176970959,-258.6493335813284,-627.6007510971722,-828.2239990234375,-1387.41015625,-0.00011611464651650749,4035.4419137898904,3407.841064453125,2848.655029296875,4236.0650634765625
profile_off_01,1,10056,C2,47486375000,-200.59844728559256,58.02575033158064,-258.6241976171732,-626.9156873929714,-827.514404296875,-1386.700439453125,-0.00026961831099470146,4035.4419137898904,3408.5263671875,2849.34033203125,4236.040771484375
profile_off_01,1,10056,C2,47486500000,-200.57384423911572,58.02530466765165,-258.59914890676737,-626.2316941822755,-826.8058471679688,-1385.991943359375,-0.00030874657750246115,4035.4419137898904,3409.210205078125,2850.024169921875,4236.016052246094
profile_off_01,1,10056,C2,47486625000,-200.54935988783836,58.02485938370228,-258.57421927154064,-625.5490194018944,-826.0980834960938,-1385.2841796875,0.0002957936389975657,4035.4419137898904,3409.89306640625,2850.70703125,4235.991149902344
profile_off_01,1,10056,C2,47486750000,-200.52494622766972,58.02442353218794,-258.54936975985765,-624.8676726625429,-825.3927001953125,-1384.578857421875,-8.130509991133295e-05,4035.4419137898904,3410.57421875,2851.38818359375,4235.9669189453125
profile_off_01,1,10056,C2,47486875000,-200.50063651800156,58.02398907393217,-258.5246255919337,-624.1873849767144,-824.6879272460938,-1383.8740234375,9.424862219020724e-05,4035.4419137898904,3411.2548828125,2852.06884765625,4235.942810058594
profile_off_01,1,10056,C3,47486000000,0.0,0.0,0.0,-829.6476655946849,-829.6475830078125,-1388.833740234375,8.25868723950407e-05,0.0,-829.6475830078125,-1388.833740234375,0.0
profile_off_01,1,10056,C3,47486125000,0.0,0.0,0.0,-828.9352306339204,-828.9351806640625,-1388.121337890625,4.996985785510333e-05,0.0,-828.9351806640625,-1388.121337890625,0.0
profile_off_01,1,10056,C3,47486250000,0.0,0.0,0.0,-828.223882908791,-828.2239990234375,-1387.41015625,-0.00011611464651650749,0.0,-828.2239990234375,-1387.41015625,0.0
profile_off_01,1,10056,C3,47486375000,0.0,0.0,0.0,-827.514134678564,-827.514404296875,-1386.700439453125,-0.00026961831099470146,0.0,-827.514404296875,-1386.700439453125,0.0
profile_off_01,1,10056,C3,47486500000,0.0,0.0,0.0,-826.8055384213912,-826.8058471679688,-1385.991943359375,-0.00030874657750246115,0.0,-826.8058471679688,-1385.991943359375,0.0
profile_off_01,1,10056,C3,47486625000,0.0,0.0,0.0,-826.0983792897327,-826.0980834960938,-1385.2841796875,0.0002957936389975657,0.0,-826.0980834960938,-1385.2841796875,0.0
profile_off_01,1,10056,C3,47486750000,0.0,0.0,0.0,-825.3926188902126,-825.3927001953125,-1384.578857421875,-8.130509991133295e-05,0.0,-825.3927001953125,-1384.578857421875,0.0
profile_off_01,1,10056,C3,47486875000,0.0,0.0,0.0,-824.6880214947162,-824.6879272460938,-1383.8740234375,9.424862241758092e-05,0.0,-824.6879272460938,-1383.8740234375,0.0
profile_off_01,1,10056,C1_external,47486000000,-924.1026307428541,57.39098614358281,-981.4936168864369,94.45496514816932,-829.6475830078125,-1388.833740234375,8.258687228135386e-05,11533.097214645026,11627.5517578125,11068.365234375,12457.199340820312
profile_off_01,1,10056,C1_external,47486125000,-923.9061609542969,57.39033725866645,-981.2964982129633,94.97093032037628,-828.9351806640625,-1388.121337890625,4.9969858082477e-05,11533.097214645026,11628.068359375,11068.8818359375,12457.003540039062
profile_off_01,1,10056,C1_external,47486250000,-923.7100349959433,57.38973152484009,-981.0997665207833,95.48615208715228,-828.2239990234375,-1387.41015625,-0.00011611464651650749,11533.097214645026,11628.5830078125,11069.396484375,12456.807006835938
profile_off_01,1,10056,C1_external,47486375000,-923.5144051185459,57.389170637109885,-980.9035757556558,96.00027043998216,-827.514404296875,-1386.700439453125,-0.00026961831122207514,11533.097214645026,11629.09765625,11069.9111328125,12456.612060546875
profile_off_01,1,10056,C1_external,47486500000,-923.3189896044769,57.3886534275971,-980.707643032074,96.51345118308564,-826.8058471679688,-1385.991943359375,-0.00030874657750246115,11533.097214645026,11629.6103515625,11070.423828125,12456.416198730469
profile_off_01,1,10056,C1_external,47486625000,-923.1241452815999,57.388183495862336,-980.5123287774622,97.02576599186705,-826.0980834960938,-1385.2841796875,0.00029579363911125256,11533.097214645026,11630.123046875,11070.9365234375,12456.221130371094
profile_off_01,1,10056,C1_external,47486750000,-922.92954559935,57.387765350437476,-980.3173109497875,97.53692670913733,-825.3927001953125,-1384.578857421875,-8.130509979764611e-05,11533.097214645026,11630.6337890625,11071.447265625,12456.026489257812
profile_off_01,1,10056,C1_external,47486875000,-922.7353433560977,57.387392041792545,-980.1227353978902,98.04732186138153,-824.6879272460938,-1383.8740234375,9.424862241758092e-05,11533.097214645026,11631.14453125,11071.9580078125,12455.832458496094
profile_off_01,5,10045,C1,47490000000,-972.1695570052043,43.11060170825567,-1015.28015871346,175.87603926399242,-796.293701171875,-1459.55224609375,-0.00018343066312809242,12731.636708179834,12907.513671875,12244.2548828125,13703.807373046875
profile_off_01,5,10045,C1,47490125000,-971.9805199494173,43.11344793536175,-1015.093967884779,176.3794415474531,-795.6014404296875,-1458.8599853515625,-0.00036202772332671884,12731.636708179834,12908.015625,12244.7568359375,13703.617065429688
profile_off_01,5,10045,C1,47490250000,-971.7918206823855,43.11634620299047,-1014.908166885376,176.88157910076052,-794.9102783203125,-1458.1688232421875,-3.673868752684939e-05,12731.636708179834,12908.5185546875,12245.259765625,13703.428833007812
profile_off_01,5,10045,C1,47490375000,-971.6035169814993,43.11929638634438,-1014.7228133678436,177.38218534374118,-794.2210693359375,-1457.4796142578125,0.00026230182061226515,12731.636708179834,12909.01953125,12245.7607421875,13703.240600585938
profile_off_01,5,10045,C1,47490500000,-971.4156439687958,43.12229905166713,-1014.537943020463,177.8818277889768,-793.533935546875,-1456.79248046875,-0.00011936705595871899,12731.636708179834,12909.5185546875,12246.259765625,13703.052490234375
profile_off_01,5,10045,C1,47490625000,-971.228227244471,43.12535567417299,-1014.353582918644,178.37957983871502,-792.8486328125,-1456.107177734375,1.4593255968975427e-05,12731.636708179834,12910.017578125,12246.7587890625,13702.8662109375
profile_off_01,5,10045,C1,47490750000,-971.0410664326098,43.128466313466795,-1014.1695327460766,178.87635727869565,-792.16455078125,-1455.423095703125,0.0001583726641456451,12731.636708179834,12910.513671875,12247.2548828125,13702.67822265625
profile_off_01,5,10045,C1,47490875000,-970.8543019822455,43.13163011459352,-1013.985932096839,179.37189549136338,-791.482421875,-1454.740966796875,-1.538411788715166e-05,12731.636708179834,12911.0078125,12247.7490234375,13702.490234375
profile_off_01,5,10045,C2,47490000000,-129.06697594374418,80.69688899070024,-209.76386493444443,-667.2265417974677,-796.293701171875,-1459.55224609375,-0.00018343066312809242,4731.151706088112,4063.9248046875,3400.666259765625,4860.218505859375
profile_off_01,5,10045,C2,47490125000,-129.0512767136097,80.6954715102911,-209.7467482239008,-666.5498016883544,-795.6014404296875,-1458.8599853515625,-0.0003620277234404057,4731.151706088112,4064.6015625,3401.343017578125,4860.2030029296875
profile_off_01,5,10045,C2,47490250000,-129.03562989085913,80.69406095892191,-209.72969084978104,-665.874611690766,-794.9102783203125,-1458.1688232421875,-3.673868741316255e-05,4731.151706088112,4065.27685546875,3402.018310546875,4860.1871337890625
profile_off_01,5,10045,C2,47490375000,-129.0200654566288,80.69265654683113,-209.71272200345993,-665.2012661811293,-794.2210693359375,-1457.4796142578125,0.00026230182061226515,4731.151706088112,4065.95068359375,3402.692138671875,4860.1717529296875
profile_off_01,5,10045,C2,47490500000,-129.0045958608389,80.69125877320766,-209.69585463404655,-664.5292203189802,-793.533935546875,-1456.79248046875,-0.00011936705595871899,4731.151706088112,4066.62255859375,3403.364013671875,4860.156494140625
profile_off_01,5,10045,C2,47490625000,-128.9892130419612,80.68986628204584,-209.67907932400703,-663.8594343637949,-792.8486328125,-1456.107177734375,1.4593256082662265e-05,4731.151706088112,4067.2919921875,3404.033447265625,4860.140625
profile_off_01,5,10045,C2,47490750000,-128.97387414425611,80.68847750872374,-209.66235165297985,-663.1908350096578,-792.16455078125,-1455.423095703125,0.00015837266391827143,4731.151706088112,4067.9609375,3404.702392578125,4860.12548828125
profile_off_01,5,10045,C2,47490875000,-128.95863335579634,80.68709667772055,-209.64573003351688,-662.5237731350855,-791.482421875,-1454.740966796875,-1.5384118114525336e-05,4731.151706088112,4068.6279296875,3405.369384765625,4860.1103515625
profile_off_01,5,10045,C3,47490000000,0.0,0.0,0.0,-796.2935177412119,-796.293701171875,-1459.55224609375,-0.00018343066312809242,0.0,-796.293701171875,-1459.55224609375,0.0
profile_off_01,5,10045,C3,47490125000,0.0,0.0,0.0,-795.6010784019641,-795.6014404296875,-1458.8599853515625,-0.0003620277234404057,0.0,-795.6014404296875,-1458.8599853515625,0.0
profile_off_01,5,10045,C3,47490250000,0.0,0.0,0.0,-794.9102415816251,-794.9102783203125,-1458.1688232421875,-3.673868741316255e-05,0.0,-794.9102783203125,-1458.1688232421875,0.0
profile_off_01,5,10045,C3,47490375000,0.0,0.0,0.0,-794.2213316377581,-794.2210693359375,-1457.4796142578125,0.00026230182061226515,0.0,-794.2210693359375,-1457.4796142578125,0.0
profile_off_01,5,10045,C3,47490500000,0.0,0.0,0.0,-793.533816179819,-793.533935546875,-1456.79248046875,-0.00011936705595871899,0.0,-793.533935546875,-1456.79248046875,0.0
profile_off_01,5,10045,C3,47490625000,0.0,0.0,0.0,-792.8486474057561,-792.8486328125,-1456.107177734375,1.4593256082662265e-05,0.0,-792.8486328125,-1456.107177734375,0.0
profile_off_01,5,10045,C3,47490750000,0.0,0.0,0.0,-792.1647091539139,-792.16455078125,-1455.423095703125,0.00015837266391827143,0.0,-792.16455078125,-1455.423095703125,0.0
profile_off_01,5,10045,C3,47490875000,0.0,0.0,0.0,-791.4824064908819,-791.482421875,-1454.740966796875,-1.5384118114525336e-05,0.0,-791.482421875,-1454.740966796875,0.0
profile_off_01,5,10045,C1_external,47490000000,-972.1695570052043,43.11060170825567,-1015.28015871346,175.87603926399242,-796.293701171875,-1459.55224609375,-0.00018343066312809242,12050.30884494376,12226.185546875,11562.9267578125,13022.479248046875
profile_off_01,5,10045,C1_external,47490125000,-971.9805199494173,43.11344793536175,-1015.093967884779,176.3794415474531,-795.6014404296875,-1458.8599853515625,-0.00036202772332671884,12050.30884494376,12226.6875,11563.4287109375,13022.288940429688
profile_off_01,5,10045,C1_external,47490250000,-971.7918206823855,43.11634620299047,-1014.908166885376,176.88157910076052,-794.9102783203125,-1458.1688232421875,-3.673868752684939e-05,12050.30884494376,12227.19140625,11563.9326171875,13022.101684570312
profile_off_01,5,10045,C1_external,47490375000,-971.6035169814993,43.11929638634438,-1014.7228133678436,177.38218534374118,-794.2210693359375,-1457.4796142578125,0.00026230182061226515,12050.30884494376,12227.6923828125,11564.43359375,13021.913452148438
profile_off_01,5,10045,C1_external,47490500000,-971.4156439687958,43.12229905166713,-1014.537943020463,177.8818277889768,-793.533935546875,-1456.79248046875,-0.00011936705595871899,12050.30884494376,12228.19140625,11564.9326171875,13021.725341796875
profile_off_01,5,10045,C1_external,47490625000,-971.228227244471,43.12535567417299,-1014.353582918644,178.37957983871502,-792.8486328125,-1456.107177734375,1.4593255968975427e-05,12050.30884494376,12228.689453125,11565.4306640625,13021.5380859375
profile_off_01,5,10045,C1_external,47490750000,-971.0410664326098,43.128466313466795,-1014.1695327460766,178.87635727869565,-792.16455078125,-1455.423095703125,0.0001583726641456451,12050.30884494376,12229.185546875,11565.9267578125,13021.35009765625
profile_off_01,5,10045,C1_external,47490875000,-970.8543019822455,43.13163011459352,-1013.985932096839,179.37189549136338,-791.482421875,-1454.740966796875,-1.538411788715166e-05,12050.30884494376,12229.6806640625,11566.421875,13021.1630859375
profile_off_01,5,10056,C1,47490000000,-918.0043237180992,57.39712919578123,-975.4014529138803,110.48405583361728,-807.5203857421875,-1366.70654296875,-0.00011785770561800746,12253.944621972427,12364.427734375,11805.2412109375,13171.948120117188
profile_off_01,5,10056,C1,47490125000,-917.8199673370113,57.398384157509554,-975.2183514945209,110.96848313573264,-806.851318359375,-1366.037353515625,0.00016584190370849683,12253.944621972427,12364.9140625,11805.7275390625,13171.765380859375
profile_off_01,5,10056,C1,47490250000,-917.635915882943,57.399710573198504,-975.0356264561415,111.4517801100501,-806.1841430664062,-1365.3702392578125,-7.293513363038073e-06,12253.944621972427,12365.396484375,11806.2099609375,13171.580627441406
profile_off_01,5,10056,C1,47490375000,-917.4521856801179,57.40111033343108,-974.853296013549,111.93403534807294,-805.5179443359375,-1364.7041015625,0.0002059961074110106,12253.944621972427,12365.87890625,11806.6923828125,13171.396850585938
profile_off_01,5,10056,C1,47490500000,-917.2688543086374,57.40258598164968,-974.6714402902871,112.41536536585318,-804.8538818359375,-1364.0400390625,-0.00039289315327550867,12253.944621972427,12366.359375,11807.1728515625,13171.213256835938
profile_off_01,5,10056,C1,47490625000,-917.0859681902765,57.404135790249796,-974.4901039805263,112.89532911441938,-804.1904296875,-1363.37646484375,0.0002093883571205879,12253.944621972427,12366.83984375,11807.6533203125,13171.0302734375
profile_off_01,5,10056,C1,47490750000,-916.9033646239134,57.40576134899834,-974.3091259729117,113.374744540557,-803.528564453125,-1362.714599609375,5.5630231372560957e-05,12253.944621972427,12367.3193359375,11808.1328125,13170.847900390625
profile_off_01,5,10056,C1,47490875000,-916.7210842007767,57.40746242087374,-974.1285466216505,113.85295739226513,-802.8676147460938,-1362.0537109375,0.0005120624177834543,12253.944621972427,12367.7978515625,11808.611328125,13170.665466308594
profile_off_01,5,10056,C2,47490000000,-199.9257499575615,58.01458282023668,-257.9403327777982,-607.5945179269202,-807.5203857421875,-1366.70654296875,-0.00011785770584538113,4035.4419137898904,3427.84716796875,2868.6611328125,4235.3675537109375
profile_off_01,5,10056,C2,47490125000,-199.90406561642885,58.014261960983276,-257.91832757741213,-606.9474185848501,-806.851318359375,-1366.037353515625,0.0001658419039358705,4035.4419137898904,3428.4951171875,2869.30908203125,4235.346435546875
profile_off_01,5,10056,C2,47490250000,-199.8824482858181,58.01394584029913,-257.89639412611723,-606.3016874870746,-806.1841430664062,-1365.3702392578125,-7.293513590411749e-06,4035.4419137898904,3429.140380859375,2869.954345703125,4235.324523925781
profile_off_01,5,10056,C2,47490375000,-199.86095015704632,58.0136332064867,-257.874583363533,-605.6572001749989,-805.5179443359375,-1364.7041015625,0.0002059961077520711,4035.4419137898904,3429.78515625,2870.59912109375,4235.3031005859375
profile_off_01,5,10056,C2,47490500000,-199.8395659700036,58.01332654803991,-257.8528925180435,-605.0139229727806,-804.8538818359375,-1364.0400390625,-0.00039289315327550867,4035.4419137898904,3430.427978515625,2871.241943359375,4235.2818603515625
profile_off_01,5,10056,C2,47490625000,-199.818286575377,58.013022661209106,-257.8313092365861,-604.3723525004802,-804.1904296875,-1363.37646484375,0.00020938835723427474,4035.4419137898904,3431.06982421875,2871.8837890625,4235.26025390625
profile_off_01,5,10056,C2,47490750000,-199.79706689715385,58.01272001862526,-257.8097869157791,-603.7315531862027,-803.528564453125,-1362.714599609375,5.563023159993463e-05,4035.4419137898904,3431.710693359375,2872.524658203125,4235.2392578125
profile_off_01,5,10056,C2,47490875000,-199.77596978843212,58.01242587715387,-257.788395665586,-603.0921570200794,-802.8676147460938,-1362.0537109375,0.0005120624177834543,4035.4419137898904,3432.35009765625,2873.1640625,4235.217712402344
profile_off_01,5,10056,C3,47490000000,0.0,0.0,0.0,-807.5202678844817,-807.5203857421875,-1366.70654296875,-0.00011785770584538113,0.0,-807.5203857421875,-1366.70654296875,0.0
profile_off_01,5,10056,C3,47490125000,0.0,0.0,0.0,-806.8514842012789,-806.851318359375,-1366.037353515625,0.0001658419039358705,0.0,-806.851318359375,-1366.037353515625,0.0
profile_off_01,5,10056,C3,47490250000,0.0,0.0,0.0,-806.1841357728927,-806.1841430664062,-1365.3702392578125,-7.293513590411749e-06,0.0,-806.1841430664062,-1365.3702392578125,0.0
profile_off_01,5,10056,C3,47490375000,0.0,0.0,0.0,-805.5181503320453,-805.5179443359375,-1364.7041015625,0.0002059961077520711,0.0,-805.5179443359375,-1364.7041015625,0.0
profile_off_01,5,10056,C3,47490500000,0.0,0.0,0.0,-804.8534889427842,-804.8538818359375,-1364.0400390625,-0.00039289315327550867,0.0,-804.8538818359375,-1364.0400390625,0.0
profile_off_01,5,10056,C3,47490625000,0.0,0.0,0.0,-804.1906390758572,-804.1904296875,-1363.37646484375,0.00020938835723427474,0.0,-804.1904296875,-1363.37646484375,0.0
profile_off_01,5,10056,C3,47490750000,0.0,0.0,0.0,-803.5286200833566,-803.528564453125,-1362.714599609375,5.563023159993463e-05,0.0,-803.528564453125,-1362.714599609375,0.0
profile_off_01,5,10056,C3,47490875000,0.0,0.0,0.0,-802.8681268085115,-802.8676147460938,-1362.0537109375,0.0005120624177834543,0.0,-802.8676147460938,-1362.0537109375,0.0
profile_off_01,5,10056,C1_external,47490000000,-918.0043237180992,57.39712919578123,-975.4014529138803,110.48405583361728,-807.5203857421875,-1366.70654296875,-0.00011785770561800746,11533.097214645026,11643.580078125,11084.3935546875,12451.100463867188
profile_off_01,5,10056,C1_external,47490125000,-917.8199673370113,57.398384157509554,-975.2183514945209,110.96848313573264,-806.851318359375,-1366.037353515625,0.00016584190370849683,11533.097214645026,11644.06640625,11084.8798828125,12450.917724609375
profile_off_01,5,10056,C1_external,47490250000,-917.635915882943,57.399710573198504,-975.0356264561415,111.4517801100501,-806.1841430664062,-1365.3702392578125,-7.293513363038073e-06,11533.097214645026,11644.548828125,11085.3623046875,12450.732971191406
profile_off_01,5,10056,C1_external,47490375000,-917.4521856801179,57.40111033343108,-974.853296013549,111.93403534807294,-805.5179443359375,-1364.7041015625,0.0002059961074110106,11533.097214645026,11645.03125,11085.8447265625,12450.549194335938
profile_off_01,5,10056,C1_external,47490500000,-917.2688543086374,57.40258598164968,-974.6714402902871,112.41536536585318,-804.8538818359375,-1364.0400390625,-0.00039289315327550867,11533.097214645026,11645.51171875,11086.3251953125,12450.365600585938
profile_off_01,5,10056,C1_external,47490625000,-917.0859681902765,57.404135790249796,-974.4901039805263,112.89532911441938,-804.1904296875,-1363.37646484375,0.0002093883571205879,11533.097214645026,11645.9921875,11086.8056640625,12450.1826171875
profile_off_01,5,10056,C1_external,47490750000,-916.9033646239134,57.40576134899834,-974.3091259729117,113.374744540557,-803.528564453125,-1362.714599609375,5.5630231372560957e-05,11533.097214645026,11646.4716796875,11087.28515625,12450.000244140625
profile_off_01,5,10056,C1_external,47490875000,-916.7210842007767,57.40746242087374,-974.1285466216505,113.85295739226513,-802.8676147460938,-1362.0537109375,0.0005120624177834543,11533.097214645026,11646.9501953125,11087.763671875,12449.817810058594
profile_off_01,10,10045,C1,47495000000,-964.9015473387012,43.26843150343802,-1008.1699788421392,194.93351250685964,-769.96826171875,-1433.226806640625,-0.00022688690842187498,12731.636708179834,12926.5703125,12263.3115234375,13696.53857421875
profile_off_01,10,10045,C1,47495125000,-964.7272959031941,43.27360478259308,-1008.0009006857872,195.38108596010488,-769.34619140625,-1432.604736328125,1.853683920671756e-05,12731.636708179834,12927.017578125,12263.7587890625,13696.36376953125
profile_off_01,10,10045,C1,47495250000,-964.5534105742515,43.2788404380738,-1007.8322510123253,195.82695896362384,-768.7265625,-1431.985107421875,-0.00011088937230852025,12731.636708179834,12927.4638671875,12264.205078125,13696.1904296875
profile_off_01,10,10045,C1,47495375000,-964.3799227523448,43.28413901749832,-1007.6640617698431,196.27155890335143,-768.108154296875,-1431.36669921875,0.00020955211834916554,12731.636708179834,12927.908203125,12264.6494140625,13696.016357421875
profile_off_01,10,10045,C1,47495500000,-964.2066857392688,43.28949986148886,-1007.4961856007576,196.71489593667593,-767.4912109375,-1430.749755859375,0.000578865092847991,12731.636708179834,12928.3525390625,12265.09375,13695.84375
profile_off_01,10,10045,C1,47495625000,-964.0338456707108,43.29492201637156,-1007.3287676870823,197.1566495775578,-766.876953125,-1430.135498046875,0.00024296815297475405,12731.636708179834,12928.79296875,12265.5341796875,13695.669921875
profile_off_01,10,10045,C1,47495750000,-963.861407719237,43.3004077303584,-1007.1618154495955,197.59694599621707,-766.2646484375,-1429.523193359375,-0.0001867144800371534,12731.636708179834,12929.234375,12265.9755859375,13695.4990234375
profile_off_01,10,10045,C1,47495875000,-963.6892074058306,43.305956586216645,-1006.9951639920473,198.0354930017802,-765.654052734375,-1428.91259765625,-0.00033833032455277134,12731.636708179834,12929.671875,12266.4130859375,13695.325927734375
profile_off_01,10,10045,C2,47495000000,-128.49969519674778,80.6448045372963,-209.14449973404408,-641.4683396350938,-769.96826171875,-1433.226806640625,-0.00022688690842187498,4731.151706088112,4089.68310546875,3426.424560546875,4859.6513671875
profile_off_01,10,10045,C2,47495125000,-128.48710498213768,80.64362001419067,-209.13072499632835,-640.8591049609515,-769.34619140625,-1432.604736328125,1.853683920671756e-05,4731.151706088112,4090.29248046875,3427.033935546875,4859.638671875
profile_off_01,10,10045,C2,47495250000,-128.47459434717894,80.6424405798316,-209.11703492701054,-640.2518572634485,-768.7265625,-1431.985107421875,-0.00011088937253589393,4731.151706088112,4090.8994140625,3427.640869140625,4859.6259765625
profile_off_01,10,10045,C2,47495375000,-128.462140314281,80.6412668004632,-209.1034071147442,-639.6462235347121,-768.108154296875,-1431.36669921875,0.00020955211812179186,4731.151706088112,4091.505615234375,3428.2470703125,4859.61376953125
profile_off_01,10,10045,C2,47495500000,-128.4497867822647,80.64009912312031,-209.08988590538502,-639.0420030203284,-767.4912109375,-1430.749755859375,0.0005788650930753647,4731.151706088112,4092.110107421875,3428.8515625,4859.601318359375
profile_off_01,10,10045,C2,47495625000,-128.4374814555049,80.63893591612577,-209.07641737163067,-638.4397146376477,-766.876953125,-1430.135498046875,0.00024296815263369353,4731.151706088112,4092.711669921875,3429.453125,4859.588623046875
profile_off_01,10,10045,C2,47495750000,-128.4252782613039,80.63777767121792,-209.06305593252182,-637.8391834617162,-766.2646484375,-1429.523193359375,-0.00018671447992346657,4731.151706088112,4093.31201171875,3430.053466796875,4859.57666015625
profile_off_01,10,10045,C2,47495875000,-128.41314012557268,80.63662826269865,-209.04976838827133,-637.2405742784777,-765.654052734375,-1428.91259765625,-0.0003383303246664582,4731.151706088112,4093.910888671875,3430.65234375,4859.56494140625
profile_off_01,10,10045,C3,47495000000,0.0,0.0,0.0,-769.9680348318416,-769.96826171875,-1433.226806640625,-0.00022688690842187498,0.0,-769.96826171875,-1433.226806640625,0.0
profile_off_01,10,10045,C3,47495125000,0.0,0.0,0.0,-769.3462099430892,-769.34619140625,-1432.604736328125,1.853683920671756e-05,0.0,-769.34619140625,-1432.604736328125,0.0
profile_off_01,10,10045,C3,47495250000,0.0,0.0,0.0,-768.7264516106275,-768.7265625,-1431.985107421875,-0.00011088937253589393,0.0,-768.7265625,-1431.985107421875,0.0
profile_off_01,10,10045,C3,47495375000,0.0,0.0,0.0,-768.1083638489931,-768.108154296875,-1431.36669921875,0.00020955211812179186,0.0,-768.108154296875,-1431.36669921875,0.0
profile_off_01,10,10045,C3,47495500000,0.0,0.0,0.0,-767.4917898025931,-767.4912109375,-1430.749755859375,0.0005788650930753647,0.0,-767.4912109375,-1430.749755859375,0.0
profile_off_01,10,10045,C3,47495625000,0.0,0.0,0.0,-766.8771960931526,-766.876953125,-1430.135498046875,0.00024296815263369353,0.0,-766.876953125,-1430.135498046875,0.0
profile_off_01,10,10045,C3,47495750000,0.0,0.0,0.0,-766.2644617230201,-766.2646484375,-1429.523193359375,-0.00018671447992346657,0.0,-766.2646484375,-1429.523193359375,0.0
profile_off_01,10,10045,C3,47495875000,0.0,0.0,0.0,-765.6537144040503,-765.654052734375,-1428.91259765625,-0.0003383303246664582,0.0,-765.654052734375,-1428.91259765625,0.0
profile_off_01,10,10045,C1_external,47495000000,-964.9015473387012,43.26843150343802,-1008.1699788421392,194.93351250685964,-769.96826171875,-1433.226806640625,-0.00022688690842187498,12050.30884494376,12245.2431640625,11581.984375,13015.21142578125
profile_off_01,10,10045,C1_external,47495125000,-964.7272959031941,43.27360478259308,-1008.0009006857872,195.38108596010488,-769.34619140625,-1432.604736328125,1.853683920671756e-05,12050.30884494376,12245.689453125,11582.4306640625,13015.03564453125
profile_off_01,10,10045,C1_external,47495250000,-964.5534105742515,43.2788404380738,-1007.8322510123253,195.82695896362384,-768.7265625,-1431.985107421875,-0.00011088937230852025,12050.30884494376,12246.1357421875,11582.876953125,13014.8623046875
profile_off_01,10,10045,C1_external,47495375000,-964.3799227523448,43.28413901749832,-1007.6640617698431,196.27155890335143,-768.108154296875,-1431.36669921875,0.00020955211834916554,12050.30884494376,12246.580078125,11583.3212890625,13014.688232421875
profile_off_01,10,10045,C1_external,47495500000,-964.2066857392688,43.28949986148886,-1007.4961856007576,196.71489593667593,-767.4912109375,-1430.749755859375,0.000578865092847991,12050.30884494376,12247.025390625,11583.7666015625,13014.5166015625
profile_off_01,10,10045,C1_external,47495625000,-964.0338456707108,43.29492201637156,-1007.3287676870823,197.1566495775578,-766.876953125,-1430.135498046875,0.00024296815297475405,12050.30884494376,12247.46484375,11584.2060546875,13014.341796875
profile_off_01,10,10045,C1_external,47495750000,-963.861407719237,43.3004077303584,-1007.1618154495955,197.59694599621707,-766.2646484375,-1429.523193359375,-0.0001867144800371534,12050.30884494376,12247.90625,11584.6474609375,13014.1708984375
profile_off_01,10,10045,C1_external,47495875000,-963.6892074058306,43.305956586216645,-1006.9951639920473,198.0354930017802,-765.654052734375,-1428.91259765625,-0.00033833032455277134,12050.30884494376,12248.34375,11585.0849609375,13013.997802734375
profile_off_01,10,10056,C1,47495000000,-910.903230156096,57.50903742080709,-968.4122675769031,129.02910697589823,-781.8740234375,-1341.06005859375,9.974269778467715e-05,12253.944621972427,12382.9736328125,11823.787109375,13164.84765625
profile_off_01,10,10056,C1,47495125000,-910.7325367323873,57.5135561514827,-968.24609288387,129.47050701259604,-781.26171875,-1340.44775390625,0.0003109697912577758,12253.944621972427,12383.416015625,11824.2294921875,13164.677734375
profile_off_01,10,10056,C1,47495250000,-910.5623104236848,57.51816127450996,-968.0804716981947,129.910600535065,-780.6515502929688,-1339.837646484375,0.00015959565109824325,12253.944621972427,12383.85546875,11824.6689453125,13164.507019042969
profile_off_01,10,10056,C1,47495375000,-910.3924114976097,57.52285207509808,-967.9152635727078,130.34944797156368,-780.0430908203125,-1339.229248046875,-0.00012729426646274078,12253.944621972427,12384.294921875,11825.1083984375,13164.338012695312
profile_off_01,10,10056,C1,47495500000,-910.222768645121,57.52763246992393,-967.750401115045,130.78751618374417,-779.4353637695312,-1338.6214599609375,-0.00011130815437354613,12253.944621972427,12384.732421875,11825.5458984375,13164.167785644531
profile_off_01,10,10056,C1,47495625000,-910.0535065488921,57.53249944988334,-967.5860059987754,131.22413367816443,-778.8292236328125,-1338.015380859375,0.0001492379151386558,12253.944621972427,12385.1689453125,11825.982421875,13163.998168945312
profile_off_01,10,10056,C1,47495750000,-909.8845670762333,57.537453731628915,-967.4220208078623,131.65964894871468,-778.2247314453125,-1337.410888671875,0.00018668220616291364,12253.944621972427,12385.603515625,11826.4169921875,13163.828247070312
profile_off_01,10,10056,C1,47495875000,-909.7159126911206,57.54249812216632,-967.2584108132869,132.09396244581103,-777.6219482421875,-1336.80810546875,2.0031220628879964e-06,12253.944621972427,12386.0390625,11826.8525390625,13163.661010742188
profile_off_01,10,10056,C2,47495000000,-199.13498179242015,58.00494406372309,-257.13992585614324,-582.7391413877776,-781.8740234375,-1341.06005859375,9.974269778467715e-05,4035.4419137898904,3452.702880859375,2893.516845703125,4234.576904296875
profile_off_01,10,10056,C2,47495125000,-199.11720945686102,58.004784755408764,-257.1219942122698,-582.1448202629304,-781.26171875,-1340.44775390625,0.00031096979137146263,4035.4419137898904,3453.29736328125,2894.111328125,4234.55908203125
profile_off_01,10,10056,C2,47495250000,-199.09954295679927,58.00462771952152,-257.1041706763208,-581.5521669318205,-780.6515502929688,-1339.837646484375,0.00015959565098455641,4035.4419137898904,3453.89013671875,2894.7041015625,4234.541687011719
profile_off_01,10,10056,C2,47495375000,-199.08195321261883,58.00447717308998,-257.0864303857088,-580.9610103134273,-780.0430908203125,-1339.229248046875,-0.00012729426634905394,4035.4419137898904,3454.4814453125,2895.29541015625,4234.5245361328125
profile_off_01,10,10056,C2,47495500000,-199.0644645690918,58.00432872772217,-257.06879329681396,-580.3707878922851,-779.4353637695312,-1338.6214599609375,-0.00011130815437354613,4035.4419137898904,3455.0712890625,2895.88525390625,4234.506652832031
profile_off_01,10,10056,C2,47495625000,-199.0470565110445,58.00418485701084,-257.05124136805534,-579.7823163596829,-778.8292236328125,-1338.015380859375,0.00014923791491128213,4035.4419137898904,3455.659423828125,2896.473388671875,4234.4886474609375
profile_off_01,10,10056,C2,47495750000,-199.0297695323825,58.00404295325279,-257.0338124856353,-579.1951485951363,-778.2247314453125,-1337.410888671875,0.00018668220627660048,4035.4419137898904,3456.2470703125,2897.06103515625,4234.4718017578125
profile_off_01,10,10056,C2,47495875000,-199.0125680975616,58.00390902906656,-257.01647712662816,-578.609382147748,-777.6219482421875,-1336.80810546875,2.0031220628879964e-06,4035.4419137898904,3456.8330078125,2897.64697265625,4234.4549560546875
profile_off_01,10,10056,C3,47495000000,0.0,0.0,0.0,-781.8741231801978,-781.8740234375,-1341.06005859375,9.974269778467715e-05,0.0,-781.8740234375,-1341.06005859375,0.0
profile_off_01,10,10056,C3,47495125000,0.0,0.0,0.0,-781.2620297197914,-781.26171875,-1340.44775390625,0.00031096979137146263,0.0,-781.26171875,-1340.44775390625,0.0
profile_off_01,10,10056,C3,47495250000,0.0,0.0,0.0,-780.6517098886197,-780.6515502929688,-1339.837646484375,0.00015959565098455641,0.0,-780.6515502929688,-1339.837646484375,0.0
profile_off_01,10,10056,C3,47495375000,0.0,0.0,0.0,-780.0429635260462,-780.0430908203125,-1339.229248046875,-0.00012729426634905394,0.0,-780.0430908203125,-1339.229248046875,0.0
profile_off_01,10,10056,C3,47495500000,0.0,0.0,0.0,-779.4352524613769,-779.4353637695312,-1338.6214599609375,-0.00011130815437354613,0.0,-779.4353637695312,-1338.6214599609375,0.0
profile_off_01,10,10056,C3,47495625000,0.0,0.0,0.0,-778.8293728707274,-778.8292236328125,-1338.015380859375,0.00014923791491128213,0.0,-778.8292236328125,-1338.015380859375,0.0
profile_off_01,10,10056,C3,47495750000,0.0,0.0,0.0,-778.2249181275188,-778.2247314453125,-1337.410888671875,0.00018668220627660048,0.0,-778.2247314453125,-1337.410888671875,0.0
profile_off_01,10,10056,C3,47495875000,0.0,0.0,0.0,-777.6219502453096,-777.6219482421875,-1336.80810546875,2.0031220628879964e-06,0.0,-777.6219482421875,-1336.80810546875,0.0
profile_off_01,10,10056,C1_external,47495000000,-910.903230156096,57.50903742080709,-968.4122675769031,129.02910697589823,-781.8740234375,-1341.06005859375,9.974269778467715e-05,11533.097214645026,11662.1259765625,11102.939453125,12444.0
profile_off_01,10,10056,C1_external,47495125000,-910.7325367323873,57.5135561514827,-968.24609288387,129.47050701259604,-781.26171875,-1340.44775390625,0.0003109697912577758,11533.097214645026,11662.568359375,11103.3818359375,12443.830078125
profile_off_01,10,10056,C1_external,47495250000,-910.5623104236848,57.51816127450996,-968.0804716981947,129.910600535065,-780.6515502929688,-1339.837646484375,0.00015959565109824325,11533.097214645026,11663.0078125,11103.8212890625,12443.659362792969
profile_off_01,10,10056,C1_external,47495375000,-910.3924114976097,57.52285207509808,-967.9152635727078,130.34944797156368,-780.0430908203125,-1339.229248046875,-0.00012729426646274078,11533.097214645026,11663.447265625,11104.2607421875,12443.490356445312
profile_off_01,10,10056,C1_external,47495500000,-910.222768645121,57.52763246992393,-967.750401115045,130.78751618374417,-779.4353637695312,-1338.6214599609375,-0.00011130815437354613,11533.097214645026,11663.884765625,11104.6982421875,12443.320129394531
profile_off_01,10,10056,C1_external,47495625000,-910.0535065488921,57.53249944988334,-967.5860059987754,131.22413367816443,-778.8292236328125,-1338.015380859375,0.0001492379151386558,11533.097214645026,11664.3212890625,11105.134765625,12443.150512695312
profile_off_01,10,10056,C1_external,47495750000,-909.8845670762333,57.537453731628915,-967.4220208078623,131.65964894871468,-778.2247314453125,-1337.410888671875,0.00018668220616291364,11533.097214645026,11664.755859375,11105.5693359375,12442.980590820312
profile_off_01,10,10056,C1_external,47495875000,-909.7159126911206,57.54249812216632,-967.2584108132869,132.09396244581103,-777.6219482421875,-1336.80810546875,2.0031220628879964e-06,11533.097214645026,11665.19140625,11106.0048828125,12442.813354492188
profile_off_01,20,10045,C1,47505000000,-951.9538753531514,43.87288146693132,-995.8267568200827,226.08568619281778,-725.8677978515625,-1389.1263427734375,0.00039130877109982976,12731.636708179834,12957.72265625,12294.4638671875,13683.590454101562
profile_off_01,20,10045,C1,47505125000,-951.8032698432291,43.882628460756465,-995.6858983039856,226.4142818246728,-725.389404296875,-1388.64794921875,-0.00041627831865298504,12731.636708179834,12958.05078125,12294.7919921875,13683.440185546875
profile_off_01,20,10045,C1,47505250000,-951.6529345944147,43.892417998649606,-995.5453525930643,226.74082142202178,-724.911376953125,-1388.169921875,0.0007362192678783686,12731.636708179834,12958.37890625,12295.1201171875,13683.290283203125
profile_off_01,20,10045,C1,47505375000,-951.5027751775038,43.90225166067954,-995.4050268381834,227.06590053230138,-724.4365234375,-1387.695068359375,0.00035120770246521715,12731.636708179834,12958.703125,12295.4443359375,13683.1396484375
profile_off_01,20,10045,C1,47505500000,-951.352888688965,43.91212738998395,-995.265016078949,227.38960291185867,-723.962890625,-1387.221435546875,0.0003951521063072505,12731.636708179834,12959.0263671875,12295.767578125,13682.9892578125
profile_off_01,20,10045,C1,47505625000,-951.2031833799767,43.92204427996396,-995.1252276599407,227.71161832207054,-723.491943359375,-1386.75048828125,-0.00037830146879969107,12731.636708179834,12959.3486328125,12296.08984375,13682.840576171875
profile_off_01,20,10045,C1,47505750000,-951.0538624264896,43.93200401583323,-994.9858664423227,228.03219722031872,-723.021728515625,-1386.2802734375,-6.330945416266331e-05,12731.636708179834,12959.669921875,12296.4111328125,13682.691650390625
profile_off_01,20,10045,C1,47505875000,-950.9047205048212,43.942003930865944,-994.8467244356871,228.35079433912506,-722.553955078125,-1385.8125,-2.891242888836132e-05,12731.636708179834,12959.9873046875,12296.728515625,13682.541259765625
profile_off_01,20,10045,C2,47505000000,-127.72039202600718,80.5665729418397,-208.28696496784687,-598.1477971343261,-725.8677978515625,-1389.1263427734375,0.00039130877075876924,4731.151706088112,4133.00390625,3469.745361328125,4858.8717041015625
profile_off_01,20,10045,C2,47505125000,-127.71338703483343,80.56579757481813,-208.27918460965157,-597.6756009837231,-725.389404296875,-1388.64794921875,-0.00041627831842561136,4731.151706088112,4133.4755859375,3470.217041015625,4858.864990234375
profile_off_01,20,10045,C2,47505250000,-127.70644371211529,80.56502656638622,-208.2714702785015,-597.2056694602777,-724.911376953125,-1388.169921875,0.0007362192679920554,4731.151706088112,4133.9462890625,3470.687744140625,4858.857666015625
profile_off_01,20,10045,C2,47505375000,-127.69956309348345,80.56426338106394,-208.2638264745474,-596.7373115517189,-724.4365234375,-1387.695068359375,0.0003512077023515303,4731.151706088112,4134.4140625,3471.155517578125,4858.8505859375
profile_off_01,20,10045,C2,47505500000,-127.69274885952473,80.56350645422935,-208.25625531375408,-596.2705369175815,-723.962890625,-1387.221435546875,0.00039515210619356367,4731.151706088112,4134.880859375,3471.622314453125,4858.84375
profile_off_01,20,10045,C2,47505625000,-127.68597146123648,80.56275670975447,-208.24872817099094,-595.8055935966697,-723.491943359375,-1386.75048828125,-0.00037830146879969107,4731.151706088112,4135.345703125,3472.087158203125,4858.837646484375
profile_off_01,20,10045,C2,47505750000,-127.67927841842175,80.56200934946537,-208.24128776788712,-595.3423867877491,-723.021728515625,-1386.2802734375,-6.330945416266331e-05,4731.151706088112,4135.8095703125,3472.551025390625,4858.831298828125
profile_off_01,20,10045,C2,47505875000,-127.67264494299889,80.56126981973648,-208.23391476273537,-594.8812812226975,-722.553955078125,-1385.8125,-2.8912428660987644e-05,4731.151706088112,4136.2705078125,3473.011962890625,4858.824462890625
profile_off_01,20,10045,C3,47505000000,0.0,0.0,0.0,-725.8681891603333,-725.8677978515625,-1389.1263427734375,0.00039130877075876924,0.0,-725.8677978515625,-1389.1263427734375,0.0
profile_off_01,20,10045,C3,47505125000,0.0,0.0,0.0,-725.3889880185566,-725.389404296875,-1388.64794921875,-0.00041627831842561136,0.0,-725.389404296875,-1388.64794921875,0.0
profile_off_01,20,10045,C3,47505250000,0.0,0.0,0.0,-724.912113172393,-724.911376953125,-1388.169921875,0.0007362192679920554,0.0,-724.911376953125,-1388.169921875,0.0
profile_off_01,20,10045,C3,47505375000,0.0,0.0,0.0,-724.4368746452024,-724.4365234375,-1387.695068359375,0.0003512077023515303,0.0,-724.4365234375,-1387.695068359375,0.0
profile_off_01,20,10045,C3,47505500000,0.0,0.0,0.0,-723.9632857771062,-723.962890625,-1387.221435546875,0.00039515210619356367,0.0,-723.962890625,-1387.221435546875,0.0
profile_off_01,20,10045,C3,47505625000,0.0,0.0,0.0,-723.4915650579062,-723.491943359375,-1386.75048828125,-0.00037830146879969107,0.0,-723.491943359375,-1386.75048828125,0.0
profile_off_01,20,10045,C3,47505750000,0.0,0.0,0.0,-723.0216652061708,-723.021728515625,-1386.2802734375,-6.330945416266331e-05,0.0,-723.021728515625,-1386.2802734375,0.0
profile_off_01,20,10045,C3,47505875000,0.0,0.0,0.0,-722.5539261656963,-722.553955078125,-1385.8125,-2.8912428660987644e-05,0.0,-722.553955078125,-1385.8125,0.0
profile_off_01,20,10045,C1_external,47505000000,-951.9538753531514,43.87288146693132,-995.8267568200827,226.08568619281778,-725.8677978515625,-1389.1263427734375,0.00039130877109982976,12050.30884494376,12276.39453125,11613.1357421875,13002.262329101562
profile_off_01,20,10045,C1_external,47505125000,-951.8032698432291,43.882628460756465,-995.6858983039856,226.4142818246728,-725.389404296875,-1388.64794921875,-0.00041627831865298504,12050.30884494376,12276.72265625,11613.4638671875,13002.112060546875
profile_off_01,20,10045,C1_external,47505250000,-951.6529345944147,43.892417998649606,-995.5453525930643,226.74082142202178,-724.911376953125,-1388.169921875,0.0007362192678783686,12050.30884494376,12277.05078125,11613.7919921875,13001.962158203125
profile_off_01,20,10045,C1_external,47505375000,-951.5027751775038,43.90225166067954,-995.4050268381834,227.06590053230138,-724.4365234375,-1387.695068359375,0.00035120770246521715,12050.30884494376,12277.375,11614.1162109375,13001.8115234375
profile_off_01,20,10045,C1_external,47505500000,-951.352888688965,43.91212738998395,-995.265016078949,227.38960291185867,-723.962890625,-1387.221435546875,0.0003951521063072505,12050.30884494376,12277.69921875,11614.4404296875,13001.662109375
profile_off_01,20,10045,C1_external,47505625000,-951.2031833799767,43.92204427996396,-995.1252276599407,227.71161832207054,-723.491943359375,-1386.75048828125,-0.00037830146879969107,12050.30884494376,12278.021484375,11614.7626953125,13001.513427734375
profile_off_01,20,10045,C1_external,47505750000,-951.0538624264896,43.93200401583323,-994.9858664423227,228.03219722031872,-723.021728515625,-1386.2802734375,-6.330945416266331e-05,12050.30884494376,12278.341796875,11615.0830078125,13001.363525390625
profile_off_01,20,10045,C1_external,47505875000,-950.9047205048212,43.942003930865944,-994.8467244356871,228.35079433912506,-722.553955078125,-1385.8125,-2.891242888836132e-05,12050.30884494376,12278.6591796875,11615.400390625,13001.213134765625
profile_off_01,20,10056,C1,47505000000,-898.1647492477125,58.13988085673986,-956.3046301044524,160.5790636761676,-737.585205078125,-1296.771240234375,0.00048049341990008543,12253.944621972427,12414.5234375,11855.3369140625,13152.108642578125
profile_off_01,20,10056,C1,47505125000,-898.0157803935568,58.1509225493659,-956.1667029429227,160.92258328173602,-737.093017578125,-1296.279052734375,0.00017953369581391598,12253.944621972427,12414.8662109375,11855.6796875,13151.959228515625
profile_off_01,20,10056,C1,47505250000,-897.8669943747416,58.16202835055738,-956.029022725299,161.26429045110308,-736.602783203125,-1295.788818359375,-7.927948649921746e-05,12253.944621972427,12415.208984375,11856.0224609375,13151.811767578125
profile_off_01,20,10056,C1,47505375000,-897.7183683543064,58.17319843260861,-955.8915667869151,161.6047142526795,-736.1138916015625,-1295.300048828125,-0.00023749993556521076,12253.944621972427,12415.548828125,11856.3623046875,13151.662719726562
profile_off_01,20,10056,C1,47505500000,-897.569984520072,58.18443234801864,-955.7544168680906,161.94418429556254,-735.6258544921875,-1294.81201171875,-5.426767802418908e-05,12253.944621972427,12415.888671875,11856.7021484375,13151.514526367188
profile_off_01,20,10056,C1,47505625000,-897.4217563670721,58.19572946348823,-955.6174858305603,162.2817814229893,-735.14013671875,-1294.326171875,-0.00016177466716271738,12253.944621972427,12416.2255859375,11857.0390625,13151.36572265625
profile_off_01,20,10056,C1,47505750000,-897.2738936873589,58.20708848773805,-955.4809821750969,162.61819307547466,-734.6558837890625,-1293.842041015625,-0.00018317717831450864,12253.944621972427,12416.5625,11857.3759765625,13151.218383789062
profile_off_01,20,10056,C1,47505875000,-897.1261903736586,58.218509305283995,-955.3446996789426,162.95313482117353,-734.1729736328125,-1293.359130859375,8.191967253878829e-05,12253.944621972427,12416.8974609375,11857.7109375,13151.070434570312
profile_off_01,20,10056,C2,47505000000,-197.9988079946488,58.00364858657122,-256.00245658122003,-539.5868775768963,-737.585205078125,-1296.771240234375,0.0004804934201274591,4035.4419137898904,3495.85546875,2936.66943359375,4233.440673828125
profile_off_01,20,10056,C2,47505125000,-197.988021844998,58.003772400319576,-255.99179424531758,-539.1051752668229,-737.093017578125,-1296.279052734375,0.00017953369592760282,4035.4419137898904,3496.3369140625,2937.15087890625,4233.429931640625
profile_off_01,20,10056,C2,47505250000,-197.97733390703797,58.00389542430639,-255.98122933134437,-538.6253700166008,-736.602783203125,-1295.788818359375,-7.927948627184378e-05,4035.4419137898904,3496.81640625,2937.63037109375,4233.419189453125
profile_off_01,20,10056,C2,47505375000,-197.96672565862536,58.00402671843767,-255.97075237706304,-538.1469284430013,-736.1138916015625,-1295.300048828125,-0.00023749993579258444,4035.4419137898904,3497.29443359375,2938.1083984375,4233.4083251953125
profile_off_01,20,10056,C2,47505500000,-197.9561925381422,58.00415959209204,-255.96035213023424,-537.6696076863673,-735.6258544921875,-1294.81201171875,-5.426767802418908e-05,4035.4419137898904,3497.7724609375,2938.58642578125,4233.3983154296875
profile_off_01,20,10056,C2,47505625000,-197.9457106627524,58.00429990142584,-255.95001056417823,-537.1942642813306,-735.14013671875,-1294.326171875,-0.00016177466704903054,4035.4419137898904,3498.24755859375,2939.0615234375,4233.3876953125
profile_off_01,20,10056,C2,47505750000,-197.93533767014742,58.0044407248497,-255.93977839499712,-536.7203629417368,-734.6558837890625,-1293.842041015625,-0.00018317717831450864,4035.4419137898904,3498.7216796875,2939.53564453125,4233.3775634765625
profile_off_01,20,10056,C2,47505875000,-197.92503383941948,58.004584223032,-255.92961806245148,-536.2480217130656,-734.1729736328125,-1293.359130859375,8.191967253878829e-05,4035.4419137898904,3499.19384765625,2940.0078125,4233.3668212890625
profile_off_01,20,10056,C3,47505000000,0.0,0.0,0.0,-737.5856855715451,-737.585205078125,-1296.771240234375,0.0004804934201274591,0.0,-737.585205078125,-1296.771240234375,0.0
profile_off_01,20,10056,C3,47505125000,0.0,0.0,0.0,-737.0931971118209,-737.093017578125,-1296.279052734375,0.00017953369592760282,0.0,-737.093017578125,-1296.279052734375,0.0
profile_off_01,20,10056,C3,47505250000,0.0,0.0,0.0,-736.6027039236387,-736.602783203125,-1295.788818359375,-7.927948627184378e-05,0.0,-736.602783203125,-1295.788818359375,0.0
profile_off_01,20,10056,C3,47505375000,0.0,0.0,0.0,-736.1136541016267,-736.1138916015625,-1295.300048828125,-0.00023749993579258444,0.0,-736.1138916015625,-1295.300048828125,0.0
profile_off_01,20,10056,C3,47505500000,0.0,0.0,0.0,-735.6258002245095,-735.6258544921875,-1294.81201171875,-5.426767802418908e-05,0.0,-735.6258544921875,-1294.81201171875,0.0
profile_off_01,20,10056,C3,47505625000,0.0,0.0,0.0,-735.139974944083,-735.14013671875,-1294.326171875,-0.00016177466704903054,0.0,-735.14013671875,-1294.326171875,0.0
profile_off_01,20,10056,C3,47505750000,0.0,0.0,0.0,-734.6557006118842,-734.6558837890625,-1293.842041015625,-0.00018317717831450864,0.0,-734.6558837890625,-1293.842041015625,0.0
profile_off_01,20,10056,C3,47505875000,0.0,0.0,0.0,-734.173055552485,-734.1729736328125,-1293.359130859375,8.191967253878829e-05,0.0,-734.1729736328125,-1293.359130859375,0.0
profile_off_01,20,10056,C1_external,47505000000,-898.1647492477125,58.13988085673986,-956.3046301044524,160.5790636761676,-737.585205078125,-1296.771240234375,0.00048049341990008543,11533.097214645026,11693.67578125,11134.4892578125,12431.260986328125
profile_off_01,20,10056,C1_external,47505125000,-898.0157803935568,58.1509225493659,-956.1667029429227,160.92258328173602,-737.093017578125,-1296.279052734375,0.00017953369581391598,11533.097214645026,11694.0185546875,11134.83203125,12431.111572265625
profile_off_01,20,10056,C1_external,47505250000,-897.8669943747416,58.16202835055738,-956.029022725299,161.26429045110308,-736.602783203125,-1295.788818359375,-7.927948649921746e-05,11533.097214645026,11694.361328125,11135.1748046875,12430.964111328125
profile_off_01,20,10056,C1_external,47505375000,-897.7183683543064,58.17319843260861,-955.8915667869151,161.6047142526795,-736.1138916015625,-1295.300048828125,-0.00023749993556521076,11533.097214645026,11694.701171875,11135.5146484375,12430.815063476562
profile_off_01,20,10056,C1_external,47505500000,-897.569984520072,58.18443234801864,-955.7544168680906,161.94418429556254,-735.6258544921875,-1294.81201171875,-5.426767802418908e-05,11533.097214645026,11695.041015625,11135.8544921875,12430.666870117188
profile_off_01,20,10056,C1_external,47505625000,-897.4217563670721,58.19572946348823,-955.6174858305603,162.2817814229893,-735.14013671875,-1294.326171875,-0.00016177466716271738,11533.097214645026,11695.37890625,11136.1923828125,12430.51904296875
profile_off_01,20,10056,C1_external,47505750000,-897.2738936873589,58.20708848773805,-955.4809821750969,162.61819307547466,-734.6558837890625,-1293.842041015625,-0.00018317717831450864,11533.097214645026,11695.71484375,11136.5283203125,12430.370727539062
profile_off_01,20,10056,C1_external,47505875000,-897.1261903736586,58.218509305283995,-955.3446996789426,162.95313482117353,-734.1729736328125,-1293.359130859375,8.191967253878829e-05,11533.097214645026,11696.0498046875,11136.86328125,12430.222778320312
profile_off_01,50,10045,C1,47535000000,-923.9226590510682,45.94942422544205,-969.8720832765102,255.2575948059266,-668.6649169921875,-1331.9234619140625,0.0001472529540933465,12731.636708179834,12986.89453125,12323.6357421875,13655.559448242188
profile_off_01,50,10045,C1,47535125000,-923.8584761041952,45.95203307086697,-969.8105091750622,255.16424434026976,-668.6942138671875,-1331.9527587890625,1.789673797247815e-05,12731.636708179834,12986.80078125,12323.5419921875,13655.494995117188
profile_off_01,50,10045,C1,47535250000,-923.7950376631073,45.95458042013126,-969.7496180832386,255.06915597820807,-668.7257080078125,-1331.9842529296875,0.00017367708676374605,12731.636708179834,12986.70703125,12323.4482421875,13655.432739257812
profile_off_01,50,10045,C1,47535375000,-923.7323406283631,45.95705932929382,-969.6893999576569,254.97239922043082,-668.7598876953125,-1332.0184326171875,5.3712619774159975e-05,12731.636708179834,12986.609375,12323.3505859375,13655.369262695312
profile_off_01,50,10045,C1,47535500000,-923.6703425172174,45.95947180954575,-969.6298143267632,254.87413394384794,-668.796142578125,-1332.0546875,6.599524442663096e-05,12731.636708179834,12986.51171875,12323.2529296875,13655.307861328125
profile_off_01,50,10045,C1,47535625000,-923.6090864759826,45.961821176395404,-969.5709076523781,254.77381013384547,-668.8355712890625,-1332.0941162109375,-0.0002949469253508141,12731.636708179834,12986.41015625,12323.1513671875,13655.245727539062
profile_off_01,50,10045,C1,47535750000,-923.5485785079642,45.96410539024635,-969.5126838982105,254.67206270864608,-668.8765869140625,-1332.1351318359375,-7.111474440080201e-05,12731.636708179834,12986.30859375,12323.0498046875,13655.185180664062
profile_off_01,50,10045,C1,47535875000,-923.4887785751388,45.96632416657953,-969.4551027417183,254.56873062611157,-668.920166015625,-1332.1787109375,-0.00011806659779267648,12731.636708179834,12986.205078125,12322.9462890625,13655.125244140625
profile_off_01,50,10045,C2,47535000000,-127.37862181663513,80.53710195422173,-207.91572377085686,-541.2864424285065,-668.6649169921875,-1331.9234619140625,0.0001472529540933465,4731.151706088112,4189.865234375,3526.606689453125,4858.5301513671875
profile_off_01,50,10045,C2,47535125000,-127.38162422180176,80.5373977869749,-207.91902200877666,-541.3126075421237,-668.6942138671875,-1331.9527587890625,1.789673797247815e-05,4731.151706088112,4189.8388671875,3526.580322265625,4858.5330810546875
profile_off_01,50,10045,C2,47535250000,-127.38464239984751,80.53769340366125,-207.92233580350876,-541.3412392850519,-668.7257080078125,-1331.9842529296875,0.00017367708687743288,4731.151706088112,4189.810546875,3526.552001953125,4858.5362548828125
profile_off_01,50,10045,C2,47535375000,-127.38770016282797,80.53799181431532,-207.9256919771433,-541.3722412451043,-668.7598876953125,-1332.0184326171875,5.3712619774159975e-05,4731.151706088112,4189.7802734375,3526.521728515625,4858.5401611328125
profile_off_01,50,10045,C2,47535500000,-127.39079105108976,80.53829146176577,-207.92908251285553,-541.4054175222795,-668.796142578125,-1332.0546875,6.599524431294412e-05,4731.151706088112,4189.74658203125,3526.488037109375,4858.542724609375
profile_off_01,50,10045,C2,47535625000,-127.39389391243458,80.53859293460846,-207.93248684704304,-541.4413824297026,-668.8355712890625,-1332.0941162109375,-0.0002949469253508141,4731.151706088112,4189.7099609375,3526.451416015625,4858.5455322265625
profile_off_01,50,10045,C2,47535750000,-127.39704274386168,80.53889674693346,-207.93593949079514,-541.4794730554563,-668.8765869140625,-1332.1351318359375,-7.111474451448885e-05,4731.151706088112,4189.671875,3526.413330078125,4858.5484619140625
profile_off_01,50,10045,C2,47535875000,-127.4002293124795,80.53920001536608,-207.93942932784557,-541.5198186365478,-668.920166015625,-1332.1787109375,-0.00011806659767898964,4731.151706088112,4189.6318359375,3526.373291015625,4858.552001953125
profile_off_01,50,10045,C3,47535000000,0.0,0.0,0.0,-668.6650642451416,-668.6649169921875,-1331.9234619140625,0.0001472529540933465,0.0,-668.6649169921875,-1331.9234619140625,0.0
profile_off_01,50,10045,C3,47535125000,0.0,0.0,0.0,-668.6942317639255,-668.6942138671875,-1331.9527587890625,1.789673797247815e-05,0.0,-668.6942138671875,-1331.9527587890625,0.0
profile_off_01,50,10045,C3,47535250000,0.0,0.0,0.0,-668.7258816848994,-668.7257080078125,-1331.9842529296875,0.00017367708687743288,0.0,-668.7257080078125,-1331.9842529296875,0.0
profile_off_01,50,10045,C3,47535375000,0.0,0.0,0.0,-668.7599414079323,-668.7598876953125,-1332.0184326171875,5.3712619774159975e-05,0.0,-668.7598876953125,-1332.0184326171875,0.0
profile_off_01,50,10045,C3,47535500000,0.0,0.0,0.0,-668.7962085733693,-668.796142578125,-1332.0546875,6.599524431294412e-05,0.0,-668.796142578125,-1332.0546875,0.0
profile_off_01,50,10045,C3,47535625000,0.0,0.0,0.0,-668.8352763421371,-668.8355712890625,-1332.0941162109375,-0.0002949469253508141,0.0,-668.8355712890625,-1332.0941162109375,0.0
profile_off_01,50,10045,C3,47535750000,0.0,0.0,0.0,-668.876515799318,-668.8765869140625,-1332.1351318359375,-7.111474451448885e-05,0.0,-668.8765869140625,-1332.1351318359375,0.0
profile_off_01,50,10045,C3,47535875000,0.0,0.0,0.0,-668.9200479490273,-668.920166015625,-1332.1787109375,-0.00011806659767898964,0.0,-668.920166015625,-1332.1787109375,0.0
profile_off_01,50,10045,C1_external,47535000000,-923.9226590510682,45.94942422544205,-969.8720832765102,255.2575948059266,-668.6649169921875,-1331.9234619140625,0.0001472529540933465,12050.30884494376,12305.56640625,11642.3076171875,12974.231323242188
profile_off_01,50,10045,C1_external,47535125000,-923.8584761041952,45.95203307086697,-969.8105091750622,255.16424434026976,-668.6942138671875,-1331.9527587890625,1.789673797247815e-05,12050.30884494376,12305.47265625,11642.2138671875,12974.166870117188
profile_off_01,50,10045,C1_external,47535250000,-923.7950376631073,45.95458042013126,-969.7496180832386,255.06915597820807,-668.7257080078125,-1331.9842529296875,0.00017367708676374605,12050.30884494376,12305.37890625,11642.1201171875,12974.104614257812
profile_off_01,50,10045,C1_external,47535375000,-923.7323406283631,45.95705932929382,-969.6893999576569,254.97239922043082,-668.7598876953125,-1332.0184326171875,5.3712619774159975e-05,12050.30884494376,12305.28125,11642.0224609375,12974.041137695312
profile_off_01,50,10045,C1_external,47535500000,-923.6703425172174,45.95947180954575,-969.6298143267632,254.87413394384794,-668.796142578125,-1332.0546875,6.599524442663096e-05,12050.30884494376,12305.18359375,11641.9248046875,12973.979736328125
profile_off_01,50,10045,C1_external,47535625000,-923.6090864759826,45.961821176395404,-969.5709076523781,254.77381013384547,-668.8355712890625,-1332.0941162109375,-0.0002949469253508141,12050.30884494376,12305.0830078125,11641.82421875,12973.918579101562
profile_off_01,50,10045,C1_external,47535750000,-923.5485785079642,45.96410539024635,-969.5126838982105,254.67206270864608,-668.8765869140625,-1332.1351318359375,-7.111474440080201e-05,12050.30884494376,12304.98046875,11641.7216796875,12973.857055664062
profile_off_01,50,10045,C1_external,47535875000,-923.4887785751388,45.96632416657953,-969.4551027417183,254.56873062611157,-668.920166015625,-1332.1787109375,-0.00011806659779267648,12050.30884494376,12304.876953125,11641.6181640625,12973.797119140625
profile_off_01,50,10056,C1,47535000000,-870.0945342088804,60.817612044630884,-930.9121462535113,194.45098991704845,-675.6439819335938,-1234.830078125,-0.0004376417617777406,12253.944621972427,12448.396484375,11889.2099609375,13124.040466308594
profile_off_01,50,10056,C1,47535125000,-870.028294787054,60.82319294264441,-930.8514877296984,194.3691154439416,-675.6591186523438,-1234.84521484375,6.069076869152923e-05,12253.944621972427,12448.314453125,11889.1279296875,13123.973571777344
profile_off_01,50,10056,C1,47535250000,-869.9627448679074,60.828723990811426,-930.7914688587189,194.28553872677412,-675.6777954101562,-1234.8638916015625,-0.0005892690229529762,12253.944621972427,12448.228515625,11889.0419921875,13123.906311035156
profile_off_01,50,10056,C1,47535375000,-869.8979179204965,60.83419819385164,-930.7321161143482,194.20015585093006,-675.6976928710938,-1234.8837890625,6.919847271547042e-05,12253.944621972427,12448.14453125,11888.9580078125,13123.842224121094
profile_off_01,50,10056,C1,47535500000,-869.8338017134128,60.83961804153944,-930.6734197549522,194.11343167062114,-675.719970703125,-1234.906005859375,0.0003993396666146509,12253.944621972427,12448.05859375,11888.8720703125,13123.778564453125
profile_off_01,50,10056,C1,47535625000,-869.770344527636,60.84498734566168,-930.6153318732977,194.02436158099363,-675.7457275390625,-1234.931884765625,0.00025540757985709206,12253.944621972427,12447.96875,11888.7822265625,13123.714477539062
profile_off_01,50,10056,C1,47535750000,-869.7075950537584,60.85030365579216,-930.5578987095505,193.93390006210393,-675.7734985351562,-1234.9595947265625,0.00019645649820176914,12253.944621972427,12447.8779296875,11888.69140625,13123.651428222656
profile_off_01,50,10056,C1,47535875000,-869.6455787380736,60.85556862898657,-930.5011473670602,193.84162413445165,-675.8038940429688,-1234.989990234375,6.056065319626214e-05,12253.944621972427,12447.7861328125,11888.599609375,13123.590026855469
profile_off_01,50,10056,C2,47535000000,-197.14947894355282,58.12359807640314,-255.27307701995596,-478.49406534827904,-675.6439819335938,-1234.830078125,-0.00043764176189142745,4035.4419137898904,3556.94775390625,2997.76171875,4232.591735839844
profile_off_01,50,10056,C2,47535125000,-197.15170628903434,58.12431291863322,-255.27601920766756,-478.507473054078,-675.6591186523438,-1234.84521484375,6.069076857784239e-05,4035.4419137898904,3556.934326171875,2997.748291015625,4232.593444824219
profile_off_01,50,10056,C2,47535250000,-197.15395672200248,58.12502698600292,-255.2789837080054,-478.52324941913093,-675.6777954101562,-1234.8638916015625,-0.0005892690228392894,4035.4419137898904,3556.91845703125,2997.732421875,4232.596252441406
profile_off_01,50,10056,C2,47535375000,-197.15625126566738,58.12574166432023,-255.2819929299876,-478.541510803899,-675.6976928710938,-1234.8837890625,6.919847260178358e-05,4035.4419137898904,3556.90087890625,2997.71484375,4232.598571777344
profile_off_01,50,10056,C2,47535500000,-197.1585842827335,58.12645687907934,-255.28504116181284,-478.5617857600578,-675.719970703125,-1234.906005859375,0.0003993396662735904,4035.4419137898904,3556.880615234375,2997.694580078125,4232.6005859375
profile_off_01,50,10056,C2,47535625000,-197.16094329580665,58.127171985805035,-255.28811528161168,-478.5850396508358,-675.7457275390625,-1234.931884765625,0.0002554075799707789,4035.4419137898904,3556.856689453125,2997.670654296875,4232.6024169921875
profile_off_01,50,10056,C2,47535750000,-197.16336982604116,58.127890795469284,-255.29126062151045,-478.6103251656132,-675.7734985351562,-1234.9595947265625,0.0001964564980880823,4035.4419137898904,3556.83154296875,2997.6455078125,4232.605041503906
profile_off_01,50,10056,C2,47535875000,-197.1658206069842,58.128607373684645,-255.29442798066884,-478.6381339966374,-675.8038940429688,-1234.989990234375,6.0560652855201624e-05,4035.4419137898904,3556.8037109375,2997.61767578125,4232.607604980469
profile_off_01,50,10056,C3,47535000000,0.0,0.0,0.0,-675.6435442918319,-675.6439819335938,-1234.830078125,-0.00043764176189142745,0.0,-675.6439819335938,-1234.830078125,0.0
profile_off_01,50,10056,C3,47535125000,0.0,0.0,0.0,-675.6591793431123,-675.6591186523438,-1234.84521484375,6.069076857784239e-05,0.0,-675.6591186523438,-1234.84521484375,0.0
profile_off_01,50,10056,C3,47535250000,0.0,0.0,0.0,-675.6772061411334,-675.6777954101562,-1234.8638916015625,-0.0005892690228392894,0.0,-675.6777954101562,-1234.8638916015625,0.0
profile_off_01,50,10056,C3,47535375000,0.0,0.0,0.0,-675.6977620695664,-675.6976928710938,-1234.8837890625,6.919847260178358e-05,0.0,-675.6976928710938,-1234.8837890625,0.0
profile_off_01,50,10056,C3,47535500000,0.0,0.0,0.0,-675.7203700427913,-675.719970703125,-1234.906005859375,0.0003993396662735904,0.0,-675.719970703125,-1234.906005859375,0.0
profile_off_01,50,10056,C3,47535625000,0.0,0.0,0.0,-675.7459829466425,-675.7457275390625,-1234.931884765625,0.0002554075799707789,0.0,-675.7457275390625,-1234.931884765625,0.0
profile_off_01,50,10056,C3,47535750000,0.0,0.0,0.0,-675.7736949916543,-675.7734985351562,-1234.9595947265625,0.0001964564980880823,0.0,-675.7734985351562,-1234.9595947265625,0.0
profile_off_01,50,10056,C3,47535875000,0.0,0.0,0.0,-675.8039546036216,-675.8038940429688,-1234.989990234375,6.0560652855201624e-05,0.0,-675.8038940429688,-1234.989990234375,0.0
profile_off_01,50,10056,C1_external,47535000000,-870.0945342088804,60.817612044630884,-930.9121462535113,194.45098991704845,-675.6439819335938,-1234.830078125,-0.0004376417617777406,11533.097214645026,11727.548828125,11168.3623046875,12403.192810058594
profile_off_01,50,10056,C1_external,47535125000,-870.028294787054,60.82319294264441,-930.8514877296984,194.3691154439416,-675.6591186523438,-1234.84521484375,6.069076869152923e-05,11533.097214645026,11727.466796875,11168.2802734375,12403.125915527344
profile_off_01,50,10056,C1_external,47535250000,-869.9627448679074,60.828723990811426,-930.7914688587189,194.28553872677412,-675.6777954101562,-1234.8638916015625,-0.0005892690229529762,11533.097214645026,11727.3818359375,11168.1953125,12403.059631347656
profile_off_01,50,10056,C1_external,47535375000,-869.8979179204965,60.83419819385164,-930.7321161143482,194.20015585093006,-675.6976928710938,-1234.8837890625,6.919847271547042e-05,11533.097214645026,11727.2978515625,11168.111328125,12402.995544433594
profile_off_01,50,10056,C1_external,47535500000,-869.8338017134128,60.83961804153944,-930.6734197549522,194.11343167062114,-675.719970703125,-1234.906005859375,0.0003993396666146509,11533.097214645026,11727.2109375,11168.0244140625,12402.930908203125
profile_off_01,50,10056,C1_external,47535625000,-869.770344527636,60.84498734566168,-930.6153318732977,194.02436158099363,-675.7457275390625,-1234.931884765625,0.00025540757985709206,11533.097214645026,11727.12109375,11167.9345703125,12402.866821289062
profile_off_01,50,10056,C1_external,47535750000,-869.7075950537584,60.85030365579216,-930.5578987095505,193.93390006210393,-675.7734985351562,-1234.9595947265625,0.00019645649820176914,11533.097214645026,11727.03125,11167.8447265625,12402.804748535156
profile_off_01,50,10056,C1_external,47535875000,-869.6455787380736,60.85556862898657,-930.5011473670602,193.84162413445165,-675.8038940429688,-1234.989990234375,6.056065319626214e-05,11533.097214645026,11726.939453125,11167.7529296875,12402.743347167969
