profile,arm,trial_ms,field_L,field_R,sensor_used_L,sensor_used_R,DN_q_usada_L,DN_q_usada_R,DN_baseline_L,DN_baseline_R,command_deg_s,yaw_deg
causal_cuda,plus,1,0.7767470016243557,0.3988103930316604,0.7766285475738758,0.39873439145384565,0.7195505546069066,0.7453355188109316,0.7195551168337462,0.7455248474961915,0.23079395069124606,0.0002328401748457054
causal_cuda,plus,2,0.7768648191425768,0.39888585891593625,0.7767470016243557,0.3988103930316604,0.7195353786496714,0.7453283296181962,0.7195551168337462,0.7455248474961915,0.22083086114919082,0.00045578999780104823
causal_cuda,plus,3,0.7769819928680757,0.3989607817289314,0.7768648191425768,0.39888585891593625,0.7195200713034698,0.7453210719020652,0.7195551168337462,0.7455248474961915,0.21078757198907183,0.0006686994063898055
causal_cuda,plus,4,0.7770985183644237,0.3990351569472866,0.7769819928680757,0.3989607817289314,0.7195046932446547,0.745313756646986,0.7195551168337462,0.7455248474961915,0.20072613803913245,0.0008714840995764916
causal_cuda,plus,5,0.7772143938811122,0.399108982791781,0.7770985183644237,0.3990351569472866,0.7194893071018886,0.7453063968324276,0.7195551168337462,0.7455248474961915,0.19070860369729345,0.0010641247156968348
causal_cuda,plus,6,0.7773296202431835,0.3991822601404223,0.7772143938811122,0.399108982791781,0.7194739780831176,0.7452990078576812,0.7195551168337462,0.7455248474961915,0.18079725015791315,0.0012466663552856971
causal_cuda,plus,7,0.7774442007574389,0.39925499245388524,0.7773296202431835,0.3991822601404223,0.7194587736522339,0.7452916075646344,0.7195551168337462,0.7455248474961915,0.17105415780987307,0.0014192181493797307
causal_cuda,plus,8,0.7775581411209371,0.3993271856986769,0.7774442007574389,0.39925499245388524,0.7194437627746101,0.745284216078806,0.7195551168337462,0.7455248474961915,0.16154045658751714,0.0015819524730318335
causal_cuda,plus,9,0.7776714493199269,0.39939884825595573,0.7775581411209371,0.3993271856986769,0.7194290147808897,0.7452768554538516,0.7195551168337462,0.7455248474961915,0.15231534446229184,0.0017351034911428087
causal_cuda,plus,10,0.7777841355175403,0.39946999081470436,0.7776714493199269,0.39939884825595573,0.7194145983976706,0.7452695491004626,0.7195551168337462,0.7455248474961915,0.1434355833242172,0.0018789650554822401
causal_cuda,plus,11,0.777896211930798,0.3995406262504656,0.7777841355175403,0.39946999081470436,0.7194005809575003,0.7452623214744772,0.7195551168337462,0.7455248474961915,0.13495489537332941,0.0020138880300635265
causal_cuda,plus,12,0.7780076926955215,0.3996107694885855,0.777896211930798,0.3995406262504656,0.71938702736112,0.7452551975255988,0.7195551168337462,0.7455248474961915,0.1269233495616229,0.0021402770387339842
causal_cuda,plus,13,0.7781185937195729,0.39968043735282927,0.7780076926955215,0.3996107694885855,0.719373999149845,0.7452482021377765,0.7195551168337462,0.7455248474961915,0.11938689672409195,0.0022585866876170257
causal_cuda,plus,14,0.7782289325240116,0.399749648399297,0.7781185937195729,0.39968043735282927,0.7193615536618462,0.7452413597276315,0.7195551168337462,0.7455248474961915,0.11238681295370836,0.0023693172772141224
causal_cuda,plus,15,0.7783387280772585,0.3998184227414155,0.7782289325240116,0.399749648399297,0.7193497435761396,0.7452346938017548,0.7195551168337462,0.7455248474961915,0.10595967966345912,0.002473010202805881
causal_cuda,plus,16,0.7784480006293588,0.3998867818739449,0.7783387280772585,0.3998184227414155,0.7193386166245356,0.7452282265744382,0.7195551168337462,0.7455248474961915,0.10013749904679095,0.0025702432928937924
causal_cuda,plus,17,0.7785567715476465,0.399954748497677,0.7784480006293588,0.3998867818739449,0.7193282154064716,0.7452219788349347,0.7195551168337462,0.7455248474961915,0.09494762723742219,0.0026616261323511026
causal_cuda,plus,18,0.778665063153829,0.4000223463450131,0.7785567715476465,0.399954748497677,0.719318577198923,0.7452159697402223,0.7195551168337462,0.7455248474961915,0.09041279513879867,0.0027477953779282416
causal_cuda,plus,19,0.7787728985604571,0.4000896000043793,0.778665063153829,0.4000223463450131,0.7193097336996956,0.7452102167111362,0.7195551168337462,0.7455248474961915,0.08655091742508066,0.0028294100044377046
causal_cuda,plus,20,0.7788803015040834,0.4001565347406979,0.7787728985604571,0.4000896000043793,0.7193017108559508,0.7452047354239975,0.7195551168337462,0.7455248474961915,0.08337488911053778,0.0029071464042260686
causal_cuda,plus,21,0.7789872961770116,0.4002231763139949,0.7788803015040834,0.4001565347406979,0.719294528976978,0.7451995398763183,0.7195551168337462,0.7455248474961915,0.08089264502964731,0.0029816934147675056
causal_cuda,plus,22,0.779093907060167,0.40028955079902157,0.7789872961770116,0.4002231763139949,0.7192882030240864,0.7451946426233415,0.7195551168337462,0.7455248474961915,0.07910722733836342,0.0030537473652998415
causal_cuda,plus,23,0.7792001587570958,0.4003556844059399,0.779093907060167,0.40028955079902157,0.7192827426688709,0.7451900548494583,0.7195551168337462,0.7455248474961915,0.07801676995537457,0.0031240071435263417
causal_cuda,plus,24,0.7793060758348858,0.4004216033083885,0.7792001587570958,0.4003556844059399,0.7192781526256281,0.7451857862780161,0.7195551168337462,0.7455248474961915,0.07761502753544738,0.003193169481193081
causal_cuda,plus,25,0.7794116826789533,0.40048733348648824,0.7793060758348858,0.4004216033083885,0.7192744330424972,0.7451818450913931,0.7195551168337462,0.7455248474961915,0.07789196491414459,0.0032619246838976323
causal_cuda,plus,26,0.7795170033617285,0.400552900584899,0.7794116826789533,0.40048733348648824,0.7192715797835402,0.745178237951004,0.7195551168337462,0.7455248474961915,0.07883408523104031,0.0033309527923108817
causal_cuda,plus,27,0.779622061514464,0.4006183297743446,0.7795170033617285,0.400552900584899,0.7192695844259158,0.7451749703303794,0.7195551168337462,0.7455248474961915,0.08042401061065751,0.0034009198082856074
causal_cuda,plus,28,0.7797268801912667,0.40068364560481623,0.779622061514464,0.4006183297743446,0.7192684341383357,0.745172046810889,0.7195551168337462,0.7455248474961915,0.08263996108739415,0.003472473637202711
causal_cuda,plus,29,0.7798314817265201,0.40074887185162533,0.7797268801912667,0.40068364560481623,0.7192681115723488,0.745169470972978,0.7195551168337462,0.7455248474961915,0.08545575505750269,0.0035462398102765746
causal_cuda,plus,30,0.7799358875928355,0.4008140313620472,0.7798314817265201,0.40074887185162533,0.7192685947703545,0.7451672450995591,0.7195551168337462,0.7455248474961915,0.08884106545984179,0.003622817234145259
causal_cuda,plus,31,0.7800401182637342,0.4008791459071101,0.7799358875928355,0.4008140313620472,0.7192698573668955,0.7451653701998391,0.7195551168337462,0.7455248474961915,0.09276164216998034,0.0037027741008159865
causal_cuda,plus,32,0.7801441930788188,0.40094423603619234,0.7800401182637342,0.4008791459071101,0.7192718688009946,0.745163846285678,0.7195551168337462,0.7455248474961915,0.09717923287409595,0.0037866438760545407
causal_cuda,plus,33,0.7802481301133188,0.40100932093640634,0.7801441930788188,0.40094423603619234,0.7192745946447612,0.7451626724364387,0.7195551168337462,0.7455248474961915,0.10205191386114046,0.003874921430650602
causal_cuda,plus,34,0.7803519460666659,0.4010744183125709,0.7802481301133188,0.40100932093640634,0.7192779973185791,0.7451618465208616,0.7195551168337462,0.7455248474961915,0.10733533268573661,0.003968059803895585
causal_cuda,plus,35,0.780455656180566,0.40113954429913085,0.7803519460666659,0.4010744183125709,0.7192820367230918,0.745161364968208,0.7195551168337462,0.7455248474961915,0.11298378542164045,0.0040664679214899024
causal_cuda,plus,36,0.7805592741815712,0.4012047133986968,0.780455656180566,0.40113954429913085,0.7192866705566038,0.7451612227621318,0.7195551168337462,0.7455248474961915,0.11895062269406524,0.004170509072451978
causal_cuda,plus,37,0.7806628122407383,0.40126993843915665,0.7805592741815712,0.4012047133986968,0.7192918546847331,0.7451614135361212,0.7195551168337462,0.7455248474961915,0.12518859426164,0.004280499893070555
causal_cuda,plus,38,0.7807662809510231,0.40133523055001485,0.7806628122407383,0.40126993843915665,0.7192975439176998,0.7451619298137143,0.7195551168337462,0.7455248474961915,0.13165052206513458,0.004396709889334716
causal_cuda,plus,39,0.7808696893166528,0.40140059915170434,0.7807662809510231,0.40133523055001485,0.7193036923623103,0.7451627633899172,0.7195551168337462,0.7455248474961915,0.1382892655818456,0.004519361298747526
causal_cuda,plus,40,0.7809730447447006,0.40146605194733803,0.7808696893166528,0.40140059915170434,0.7193102534375013,0.7451639055264965,0.7195551168337462,0.7455248474961915,0.1450574995389073,0.004648628978202396
causal_cuda,plus,41,0.7810763530394199,0.40153159491738744,0.7809730447447006,0.40146605194733803,0.7193171799087361,0.7451653467839037,0.7195551168337462,0.7455248474961915,0.15190796908801998,0.004784640354159819
causal_cuda,plus,42,0.7811796184038222,0.40159723232212846,0.7810763530394199,0.40153159491738744,0.7193244240820055,0.7451670769521422,0.7195551168337462,0.7455248474961915,0.15879382056049676,0.004927475591244956
causal_cuda,plus,43,0.7812828434534558,0.4016629667172101,0.7811796184038222,0.40159723232212846,0.7193319383166792,0.7451690851193585,0.7195551168337462,0.7455248474961915,0.1656691580683023,0.005077168142292976
causal_cuda,plus,44,0.7813860292448876,0.40172879898504316,0.7812828434534558,0.4016629667172101,0.7193396756553183,0.7451713599344819,0.7195551168337462,0.7455248474961915,0.1724895033174093,0.005233705751152229
causal_cuda,plus,45,0.7814891753131142,0.40179472837584557,0.7813860292448876,0.40172879898504316,0.7193475903153125,0.7451738901322602,0.7195551168337462,0.7455248474961915,0.17921175476269133,0.0053970317104585774
causal_cuda,plus,46,0.7815922797167814,0.4018607525570711,0.7814891753131142,0.40179472837584557,0.7193556379429438,0.7451766645060877,0.7195551168337462,0.7455248474961915,0.18579453914196964,0.005567046342946469
causal_cuda,plus,47,0.781695339095518,0.4019268676758322,0.7815922797167814,0.4018607525570711,0.7193637756846463,0.7451796715718187,0.7195551168337462,0.7455248474961915,0.19219871990744655,0.005743608852242232
causal_cuda,plus,48,0.7817983487415342,0.4019930684366784,0.781695339095518,0.4019268676758322,0.7193719623497833,0.7451828993659564,0.7195551168337462,0.7455248474961915,0.19838785142542686,0.005926539610641157
causal_cuda,plus,49,0.7819013026886278,0.40205934819806205,0.7817983487415342,0.4019930684366784,0.719380158891203,0.745186335385571,0.7195551168337462,0.7455248474961915,0.2043288521650747,0.006115622980672697
causal_cuda,plus,50,0.78200419381915,0.4021256990881541,0.7819013026886278,0.40205934819806205,0.7193883289343475,0.7451899667283945,0.7195551168337462,0.7455248474961915,0.20999248791594147,0.006310610683669893
causal_cuda,plus,51,0.7821070139837959,0.4021921121344428,0.78200419381915,0.4021256990881541,0.7193964392887009,0.7451937804868137,0.7195551168337462,0.7455248474961915,0.21535351560555,0.006511225535348331
causal_cuda,plus,52,0.7822097541342122,0.4022585774070763,0.7821070139837959,0.4021921121344428,0.7194044604560416,0.7451977638372622,0.7195551168337462,0.7455248474961915,0.22039120286226666,0.00671716555783064
causal_cuda,plus,53,0.7823124044701434,0.4023250841777884,0.7822097541342122,0.4022585774070763,0.719412366870173,0.7452019039331756,0.7195551168337462,0.7455248474961915,0.2250897573077012,0.0069281085237093976
causal_cuda,plus,54,0.7824149545864767,0.40239162107870285,0.7823124044701434,0.4023250841777884,0.7194201364428066,0.7452061880778889,0.7195551168337462,0.7455248474961915,0.22943754102879826,0.007143716439856007
causal_cuda,plus,55,0.7825173936007024,0.402458176239969,0.7824149545864767,0.40239162107870285,0.7194277499190614,0.7452106040277481,0.7195551168337462,0.7455248474961915,0.23342588573194276,0.007363639346579021
causal_cuda,plus,56,0.7826197102609185,0.40252473740625494,0.7825173936007024,0.402458176239969,0.7194351906105125,0.7452151399527767,0.7195551168337462,0.7455248474961915,0.23704880660361294,0.007587518479226674
causal_cuda,plus,57,0.7827218930429174,0.4025912920412936,0.7826197102609185,0.40252473740625494,0.7194424442659283,0.7452197843921681,0.7195551168337462,0.7455248474961915,0.24030289466678467,0.007814989092281621
causal_cuda,plus,58,0.7828239302394709,0.40265782742389744,0.7827218930429174,0.4025912920412936,0.7194494988950553,0.7452245262544884,0.7195551168337462,0.7455248474961915,0.243187095115236,0.008045683046077556
causal_cuda,plus,59,0.7829258100462262,0.40272433074021297,0.7828239302394709,0.40265782742389744,0.7194563446971752,0.7452293546517205,0.7195551168337462,0.7455248474961915,0.24570282383759962,0.00827923130057684
causal_cuda,plus,60,0.7830275206469774,0.40279078917522987,0.7829258100462262,0.40272433074021297,0.7194629739469712,0.7452342587878361,0.7195551168337462,0.7455248474961915,0.24785396296991483,0.00851526639908684
causal_cuda,plus,61,0.7831290502982625,0.40285719000354386,0.7830275206469774,0.40279078917522987,0.7194693810346432,0.7452392280178997,0.7195551168337462,0.7455248474961915,0.24964683646238794,0.008753424936855936
causal_cuda,plus,62,0.7832303874121088,0.4029235206780718,0.7831290502982625,0.40285719000354386,0.7194755625978388,0.745244252071911,0.7195551168337462,0.7455248474961915,0.2510900950459696,0.008993349969045994
causal_cuda,plus,63,0.7833315206332819,0.4029897689128484,0.7832303874121088,0.4029235206780718,0.719481517474106,0.7452493212641558,0.7195551168337462,0.7455248474961915,0.25219439582472636,0.00923469324106918
causal_cuda,plus,64,0.7834324389125336,0.4030559227614513,0.7833315206332819,0.4029897689128484,0.7194872467084187,0.7452544264654981,0.7195551168337462,0.7455248474961915,0.25297244642123556,0.009477117296029292
causal_cuda,plus,65,0.7835331315821703,0.4031219706978717,0.7834324389125336,0.4030559227614513,0.7194927536910561,0.7452595589987694,0.7195551168337462,0.7455248474961915,0.2534393077709593,0.009720297670924083
causal_cuda,plus,66,0.7836335884408676,0.4031879017072862,0.7835331315821703,0.4031219706978717,0.7194980445658653,0.7452647106378698,0.7195551168337462,0.7455248474961915,0.2536129049347206,0.00996392540054103
causal_cuda,plus,67,0.7837337998413723,0.4032537053799832,0.7836335884408676,0.4031879017072862,0.7195031279677027,0.7452698736424498,0.7195551168337462,0.7455248474961915,0.25351365740672943,0.010207709602156001
causal_cuda,plus,68,0.7838337567729814,0.4033193719996468,0.7837337998413723,0.4032537053799832,0.7195080147577928,0.745275040741414,0.7195551168337462,0.7455248474961915,0.2531641708338955,0.010451379875235034
causal_cuda,plus,69,0.783933450934242,0.40338489262110805,0.7838337567729814,0.4033193719996468,0.7195127177123543,0.7452802051890409,0.7195551168337462,0.7455248474961915,0.25258878004634083,0.010694688380198158
causal_cuda,plus,70,0.7840328747891946,0.4034502591303417,0.783933450934242,0.40338489262110805,0.7195172508984531,0.7452853607576174,0.7195551168337462,0.7455248474961915,0.25181278128998474,0.0109374113840488
causal_cuda,plus,71,0.7841320216037766,0.40351546428305735,0.7840328747891946,0.4034502591303417,0.7195216292390322,0.7452905018097382,0.7195551168337462,0.7455248474961915,0.25086180090671184,0.011179350179872927
causal_cuda,plus,72,0.7842308854709664,0.4035805017310724,0.7841320216037766,0.40351546428305735,0.7195258683600505,0.7452956230538421,0.7195551168337462,0.7455248474961915,0.24976191057054223,0.011420331679261153
causal_cuda,plus,73,0.7843294613329286,0.40364536604539625,0.7842308854709664,0.4035805017310724,0.7195299843700281,0.7453007192670372,0.7195551168337462,0.7455248474961915,0.24853969891565061,0.011660208942743111
causal_cuda,plus,74,0.784427744995884,0.4037100527315144,0.7843294613329286,0.40364536604539625,0.7195339935737377,0.7453057854277932,0.7195551168337462,0.7455248474961915,0.2472217498438687,0.011898861491687285
causal_cuda,plus,75,0.7845257331317653,0.4037745582304689,0.784427744995884,0.4037100527315144,0.7195379121679757,0.7453108168281786,0.7195551168337462,0.7455248474961915,0.24583412376534264,0.012136195207375522
causal_cuda,plus,76,0.7846234232695134,0.40383887990878375,0.7845257331317653,0.4037745582304689,0.7195417559712806,0.7453158088758783,0.7195551168337462,0.7455248474961915,0.24440226777599583,0.012372141923890467
causal_cuda,plus,77,0.7847208137780087,0.40390301603938,0.7846234232695134,0.40383887990878375,0.7195455401348904,0.7453207570285209,0.7195551168337462,0.7455248474961915,0.24295073727630145,0.0126066587769742
causal_cuda,plus,78,0.7848179038391083,0.40396696577188906,0.7847208137780087,0.40390301603938,0.7195492788022755,0.7453256567314547,0.7195551168337462,0.7455248474961915,0.2415028489701601,0.012839727258523226
causal_cuda,plus,79,0.7849146934147947,0.40403072909662624,0.7848179038391083,0.40396696577188906,0.7195529852990735,0.74533050355162,0.7195551168337462,0.7455248474961915,0.24008075060757958,0.013071352111097667
causal_cuda,plus,80,0.7850111832173281,0.404094306811801,0.7849146934147947,0.40403072909662624,0.7195566725767147,0.7453352932807292,0.7195551168337462,0.7455248474961915,0.23870584530922542,0.013301560351948183
causal_cuda,plus,81,0.7851073746784695,0.4041577004898034,0.7850111832173281,0.404094306811801,0.719560352877948,0.7453400219295437,0.7195551168337462,0.7455248474961915,0.23739838127055848,0.013530400276323462
causal_cuda,plus,82,0.7852032699074022,0.40422091243144176,0.7851073746784695,0.4041577004898034,0.7195640372396955,0.7453446857395432,0.7195551168337462,0.7455248474961915,0.2361768167651117,0.013757940099566213
causal_cuda,plus,83,0.7852988716345155,0.4042839456049962,0.7852032699074022,0.40422091243144176,0.7195677352661667,0.7453492812771967,0.7195551168337462,0.7455248474961915,0.235057419077665,0.013984266158217906
causal_cuda,plus,84,0.7853941831489396,0.40434680357856095,0.7852988716345155,0.4042839456049962,0.719571455346858,0.7453538054839872,0.7195551168337462,0.7455248474961915,0.23405447346683883,0.014209480944344932
causal_cuda,plus,85,0.785489208241585,0.4044094904583028,0.7853941831489396,0.40434680357856095,0.7195752049369708,0.7453582555102939,0.7195551168337462,0.7455248474961915,0.23318083961944933,0.014433701353453898
causal_cuda,plus,86,0.7855839511557873,0.40447201083496315,0.785489208241585,0.4044094904583028,0.7195789905009258,0.7453626285526397,0.7195551168337462,0.7455248474961915,0.23244808377428106,0.014657057191527656
causal_cuda,plus,87,0.7856784165393909,0.40453436973200907,0.7855839511557873,0.40447201083496315,0.7195828173133826,0.7453669218089334,0.7195551168337462,0.7455248474961915,0.23186628597403974,0.014879689726939205
causal_cuda,plus,88,0.7857726093823909,0.4045965725383967,0.7856784165393909,0.40453436973200907,0.71958668900053,0.7453711329138448,0.7195551168337462,0.7455248474961915,0.23144292449259074,0.015101749763033467
causal_cuda,plus,89,0.7858665349295956,0.4046586249145465,0.7857726093823909,0.4045965725383967,0.7195906072952059,0.7453752604193787,0.7195551168337462,0.7455248474961915,0.23118197061608664,0.015323394911945343
causal_cuda,plus,90,0.7859601985818181,0.40472053268594776,0.7858665349295956,0.4046586249145465,0.7195945720143458,0.7453793034244812,0.7195551168337462,0.7455248474961915,0.2310843222746912,0.015544786545945044
causal_cuda,plus,91,0.7860536058009416,0.4047823017409214,0.7859601985818181,0.40472053268594776,0.7195985809298202,0.745383261078879,0.7195551168337462,0.7455248474961915,0.2311482617155924,0.0157660869207632
causal_cuda,plus,92,0.7861467620246758,0.4048439379388445,0.7860536058009416,0.4047823017409214,0.7196026299407966,0.7453871324152508,0.7195551168337462,0.7455248474961915,0.23136987986266142,0.01598745663631007
causal_cuda,plus,93,0.7862396725984422,0.4049054470368783,0.7861467620246758,0.4048439379388445,0.7196067136728332,0.7453909162551233,0.7195551168337462,0.7455248474961915,0.231743941077671,0.01620905266617001
causal_cuda,plus,94,0.7863323427272986,0.4049668346382829,0.7862396725984422,0.4049054470368783,0.7196108258394135,0.7453946111131899,0.7195551168337462,0.7455248474961915,0.23226445361792902,0.016431027023401157
causal_cuda,plus,95,0.7864247774379004,0.4050281061516832,0.7863323427272986,0.4049668346382829,0.719614958982994,0.7453982150743265,0.7195551168337462,0.7455248474961915,0.23292450022837316,0.01665352572086931
causal_cuda,plus,96,0.7865169815413586,0.40508926675137513,0.7864247774379004,0.4050281061516832,0.7196191044530751,0.7454017259054053,0.7195551168337462,0.7455248474961915,0.23371607154431037,0.016876687730729145
causal_cuda,plus,97,0.7866089595906102,0.40515032133180356,0.7865169815413586,0.40508926675137513,0.7196232525805702,0.7454051415452112,0.7195551168337462,0.7455248474961915,0.2346296727843862,0.01710064374861986
causal_cuda,plus,98,0.7867007158244438,0.40521127444774774,0.7866089595906102,0.40515032133180356,0.719627392546214,0.7454084605294464,0.7195551168337462,0.7455248474961915,0.23565362987279492,0.017325514517494867
causal_cuda,plus,99,0.7867922540842468,0.4052721302252763,0.7867007158244438,0.40521127444774774,0.7196315121772726,0.7454116829031291,0.7195551168337462,0.7455248474961915,0.23677269838982515,0.017551408269497415
causal_cuda,plus,100,0.7868835777106273,0.40533289225103,0.7867922540842468,0.4052721302252763,0.7196355982450199,0.7454148104512551,0.7195551168337462,0.7455248474961915,0.23796814753473064,0.017778417559895843
causal_cuda,plus,101,0.7869746894542965,0.40539356347669275,0.7868835777106273,0.40533289225103,0.7196396369057589,0.7454178456960123,0.7195551168337462,0.7455248474961915,0.23921956143099327,0.018006616630600547
causal_cuda,plus,102,0.7870655914119792,0.40545414615038927,0.7869746894542965,0.40539356347669275,0.7196436135372432,0.7454207913095763,0.7195551168337462,0.7455248474961915,0.24050536789479968,0.018236059598564225
causal_cuda,plus,103,0.7871562849715729,0.40551464175817487,0.7870655914119792,0.40545414615038927,0.7196475123910705,0.7454236500534123,0.7195551168337462,0.7455248474961915,0.2418024809856136,0.018466778915524173
causal_cuda,plus,104,0.787246770762653,0.40557505097134494,0.7871562849715729,0.40551464175817487,0.7196513165155011,0.7454264244191783,0.7195551168337462,0.7455248474961915,0.24308665288099632,0.01869878398269975
causal_cuda,plus,105,0.7873370486189414,0.4056353736065947,0.787246770762653,0.40557505097134494,0.7196550077873927,0.7454291161935245,0.7195551168337462,0.7455248474961915,0.24433305657369628,0.018932060141850116
causal_cuda,plus,106,0.7874271175555381,0.40569560860206955,0.7873370486189414,0.4056353736065947,0.7196585670319752,0.7454317262065581,0.7195551168337462,0.7455248474961915,0.24551674886927155,0.01916656812659312
causal_cuda,plus,107,0.7875169757653796,0.4057557540140581,0.7874271175555381,0.40569560860206955,0.7196619746422639,0.7454342543038557,0.7195551168337462,0.7455248474961915,0.24661347746431522,0.01940224411350755
causal_cuda,plus,108,0.7876066206327945,0.40581580703206577,0.7875169757653796,0.4057557540140581,0.7196652110034488,0.745436699554423,0.7195551168337462,0.7455248474961915,0.24759995040396918,0.019639000287838826
causal_cuda,plus,109,0.7876960487518797,0.4058757639991399,0.7876066206327945,0.40581580703206577,0.7196682564955715,0.745439060531881,0.7195551168337462,0.7455248474961915,0.24845348825967337,0.019876725518400917
causal_cuda,plus,110,0.7877852559428293,0.4059356204299791,0.7876960487518797,0.4058757639991399,0.7196710915784411,0.7454413355148477,0.7195551168337462,0.7455248474961915,0.2491518795502235,0.020115285931609606
causal_cuda,plus,111,0.7878742372654763,0.405995371026023,0.7877852559428293,0.4059356204299791,0.7196736967705779,0.7454435225451932,0.7195551168337462,0.7455248474961915,0.24967328116697465,0.020354525379644883
causal_cuda,plus,112,0.787962987027388,0.4060550096846742,0.7878742372654763,0.405995371026023,0.7196760526028704,0.7454456196340187,0.7195551168337462,0.7455248474961915,0.24999590299686025,0.02059426572006373
causal_cuda,plus,113,0.7880514987868023,0.40611452950293747,0.787962987027388,0.4060550096846742,0.7196781396591487,0.7454476248536365,0.7195551168337462,0.7455248474961915,0.25009794298698196,0.02083430692840693
causal_cuda,plus,114,0.7881397653568689,0.40617392278239645,0.7880514987868023,0.40611452950293747,0.7196799388071125,0.7454495363216078,0.7195551168337462,0.7455248474961915,0.24995789405587962,0.02107442725952069
causal_cuda,plus,115,0.7882277788202887,0.4062331810452844,0.7881397653568689,0.40617392278239645,0.7196814317557471,0.7454513522578128,0.7195551168337462,0.7455248474961915,0.24955516696432942,0.0213143837501093
causal_cuda,plus,116,0.7883155305585134,0.40629229506615505,0.7882277788202887,0.4062331810452844,0.719682601571198,0.7454530711174706,0.7195551168337462,0.7455248474961915,0.2488705666826989,0.021553913180667905
causal_cuda,plus,117,0.7884030112901124,0.406351254913409,0.7883155305585134,0.40629229506615505,0.719683432970886,0.7454546919010002,0.7195551168337462,0.7455248474961915,0.24788627181093345,0.021792733306057244
causal_cuda,plus,118,0.7884902111130458,0.40641004999500374,0.7884030112901124,0.406351254913409,0.7196839123913823,0.7454562142059578,0.7195551168337462,0.7455248474961915,0.24658585359242027,0.022030544183991196
causal_cuda,plus,119,0.7885771195514996,0.406468669109036,0.7884902111130458,0.40641004999500374,0.7196840280028826,0.7454576380670351,0.7195551168337462,0.7455248474961915,0.24495449274419734,0.022267029633013635
causal_cuda,plus,120,0.7886637256100437,0.40652710050211566,0.7885771195514996,0.406468669109036,0.719683770141829,0.74545896414552,0.7195551168337462,0.7455248474961915,0.24297928213873488,0.02250185891068668
causal_cuda,plus,121,0.7887500178389243,0.4065853319396404,0.7886637256100437,0.40652710050211566,0.7196831319353659,0.7454601939711047,0.7195551168337462,0.7455248474961915,0.24064970371014446,0.022734688734772135
causal_cuda,plus,122,0.7888359844059887,0.406643350783154,0.7887500178389243,0.4065853319396404,0.719682109352563,0.7454613300944032,0.7195551168337462,0.7455248474961915,0.23795750219560738,0.02296516548864247
causal_cuda,plus,123,0.7889216131737812,0.40670114407321056,0.7888359844059887,0.406643350783154,0.7196807010132263,0.7454623756815619,0.7195551168337462,0.7455248474961915,0.23489695263170632,0.023192927571130895
causal_cuda,plus,124,0.7890068917902532,0.406758698626733,0.7889216131737812,0.40670114407321056,0.7196789083312976,0.7454633340465373,0.7195551168337462,0.7455248474961915,0.23146562334187176,0.023417608170262838
causal_cuda,plus,125,0.7890918077907827,0.4068160011464686,0.7890068917902532,0.406758698626733,0.7196767353144776,0.7454642084503471,0.7195551168337462,0.7455248474961915,0.22766437770672238,0.02363883836954983
causal_cuda,plus,126,0.7891763487034643,0.40687303833391003,0.7890918077907827,0.4068160011464686,0.7196741885954494,0.7454650022322622,0.7195551168337462,0.7455248474961915,0.22349725112536895,0.02385625032383132
causal_cuda,plus,127,0.7892605021543283,0.40692979700207493,0.7891763487034643,0.40687303833391003,0.7196712773992048,0.7454657188306666,0.7195551168337462,0.7455248474961915,0.21897138617835513,0.02406948040561474
causal_cuda,plus,128,0.7893442559726118,0.4069862641882702,0.7892605021543283,0.40692979700207493,0.7196680133375436,0.745466361559382,0.7195551168337462,0.7455248474961915,0.2140970574948862,0.02427817233754581
causal_cuda,plus,129,0.7894275982917094,0.4070424272621433,0.7893442559726118,0.4069862641882702,0.7196644100699964,0.7454669335857013,0.7195551168337462,0.7455248474961915,0.2088872784601271,0.024481980166711992
causal_cuda,plus,130,0.789510517642467,0.40709827402547544,0.7894275982917094,0.4070424272621433,0.7196604830682962,0.7454674379039418,0.7195551168337462,0.7455248474961915,0.20335754265497893,0.024680570986333805
causal_cuda,plus,131,0.7895930030405622,0.4071537928055344,0.789510517642467,0.40709827402547544,0.7196562496941167,0.7454678774888019,0.7195551168337462,0.7455248474961915,0.19752573176049298,0.02487362746802546
causal_cuda,plus,132,0.7896750440691233,0.40720897254324834,0.7895930030405622,0.4071537928055344,0.7196517292391763,0.7454682554538533,0.7195551168337462,0.7455248474961915,0.19141196999350463,0.025060850246006794
causal_cuda,plus,133,0.7897566309632362,0.4072638028832966,0.7896750440691233,0.40720897254324834,0.7196469430983012,0.7454685749088936,0.7195551168337462,0.7455248474961915,0.18503902023446842,0.02524196037290949
causal_cuda,plus,134,0.7898377546964193,0.407318274266254,0.7897566309632362,0.4072638028832966,0.7196419146736419,0.7454688389792856,0.7195551168337462,0.7455248474961915,0.17843214236709387,0.025416701836093125
causal_cuda,plus,135,0.7899184070618133,0.4073723780150533,0.7898377546964193,0.407318274266254,0.7196366691288321,0.7454690508901819,0.7195551168337462,0.7455248474961915,0.17161868295152763,0.025584843895785525
causal_cuda,plus,136,0.7899985807441006,0.4074261064114609,0.7899184070618133,0.4073723780150533,0.7196312331614753,0.7454692140151822,0.7195551168337462,0.7455248474961915,0.16462773168337283,0.025746183123203537
causal_cuda,plus,137,0.7900782693781556,0.4074794527583129,0.7899985807441006,0.4074261064114609,0.7196256345654641,0.7454693319000846,0.7195551168337462,0.7455248474961915,0.1574895460030812,0.025900545018885168
causal_cuda,plus,138,0.7901574675935302,0.4075324114265146,0.7900782693781556,0.4074794527583129,0.7196199017728416,0.74546940810649,0.7195551168337462,0.7455248474961915,0.15023517450027934,0.02604778519219053
causal_cuda,plus,139,0.7902361710458097,0.4075849778879426,0.7901574675935302,0.4075324114265146,0.7196140635744156,0.7454694462315055,0.7195551168337462,0.7455248474961915,0.14289608312899416,0.0261877901444052
causal_cuda,plus,140,0.7903143764329621,0.40763714873225254,0.7902361710458097,0.4075849778879426,0.7196081489360924,0.7454694501706721,0.7195551168337462,0.7455248474961915,0.13550359671258164,0.026320477594595104
causal_cuda,plus,141,0.7903920814981485,0.4076889216691549,0.7903143764329621,0.40763714873225254,0.719602186922465,0.7454694242499175,0.7195551168337462,0.7455248474961915,0.1280886375463121,0.02644579640292477
causal_cuda,plus,142,0.7904692850283951,0.4077402955262217,0.7903920814981485,0.4076889216691549,0.7195962068649715,0.7454693731662522,0.7195551168337462,0.7455248474961915,0.12068200818735447,0.026563726402372367
causal_cuda,plus,143,0.7905459868515766,0.40779127024486905,0.7904692850283951,0.4077402955262217,0.7195902385396205,0.7454693022865291,0.7195551168337462,0.7455248474961915,0.11331423886642161,0.02667427819937984
causal_cuda,plus,144,0.7906221878359186,0.40784184687903763,0.7905459868515766,0.40779127024486905,0.7195843122771314,0.7454692174536816,0.7195551168337462,0.7455248474961915,0.10601596569200074,0.02677749307912336
causal_cuda,plus,145,0.7906978898949437,0.4078920275996981,0.7906221878359186,0.40784184687903763,0.7195784586682683,0.7454691245726868,0.7195551168337462,0.7455248474961915,0.09881807838702092,0.026873443095780658
causal_cuda,plus,146,0.7907730959946669,0.407941815701791,0.7906978898949437,0.4078920275996981,0.7195727082600185,0.7454690293615109,0.7195551168337462,0.7455248474961915,0.0917516504576866,0.02696223123413688
causal_cuda,plus,147,0.790847810160823,0.40799121561120866,0.7907730959946669,0.407941815701791,0.719567091374709,0.7454689371868183,0.7195551168337462,0.7455248474961915,0.08484791705260857,0.027043991571673587
causal_cuda,plus,148,0.7909220374850894,0.40804023289073293,0.790847810160823,0.40799121561120866,0.7195616378127301,0.7454688528172401,0.7195551168337462,0.7455248474961915,0.07813821043240006,0.027118889410189695
causal_cuda,plus,149,0.790995784133076,0.40808887424780654,0.7909220374850894,0.40804023289073293,0.7195563767704946,0.7454687801680508,0.7195551168337462,0.7455248474961915,0.07165417523312133,0.027187121467846964
causal_cuda,plus,150,0.7910690573505068,0.40813714754042185,0.790995784133076,0.40808887424780654,0.7195513366989248,0.7454687224220087,0.7195551168337462,0.7455248474961915,0.06542743943811007,0.02724891601201307
causal_cuda,plus,151,0.7911418654494976,0.40818506176179026,0.7910690573505068,0.40813714754042185,0.7195465446056963,0.7454686824229855,0.7195551168337462,0.7455248474961915,0.059488249272194677,0.02730453234119068
causal_cuda,plus,152,0.7912142177668585,0.4082326269951221,0.7911418654494976,0.40818506176179026,0.7195420253136531,0.7454686625763207,0.7195551168337462,0.7455248474961915,0.053864665802871046,0.0273542593897389
causal_cuda,plus,153,0.7912861245974905,0.408279854341778,0.7912142177668585,0.4082326269951221,0.7195378009790289,0.745468664867596,0.7195551168337462,0.7455248474961915,0.04858193841687082,0.02739841357657724
causal_cuda,plus,154,0.7913575971045408,0.40832675582461736,0.7912861245974905,0.408279854341778,0.7195338908602206,0.7454686911739855,0.7195551168337462,0.7455248474961915,0.04366182600049619,0.027437335962645193
causal_cuda,plus,155,0.7914286472162405,0.4083733442771055,0.7913575971045408,0.40832675582461736,0.7195303113405628,0.7454687431950864,0.7195551168337462,0.7455248474961915,0.039122711463567224,0.02747138904373969
causal_cuda,plus,156,0.7914992875276303,0.4084196332376583,0.7914286472162405,0.4083733442771055,0.7195270763438019,0.7454688222267275,0.7195551168337462,0.7455248474961915,0.03498040367588943,0.027500953761887104
causal_cuda,plus,157,0.7915695312147635,0.40846563685741144,0.7914992875276303,0.4084196332376583,0.719524197523155,0.7454689290200293,0.7195551168337462,0.7455248474961915,0.03124855010991023,0.027526426948156768
causal_cuda,plus,158,0.7916393919585868,0.40851136981843283,0.7915695312147635,0.40846563685741144,0.7195216843996168,0.7454690637904634,0.7195551168337462,0.7455248474961915,0.02793879871476824,0.027548219078681768
causal_cuda,plus,159,0.7917088838747104,0.4085568472583513,0.7916393919585868,0.40851136981843283,0.7195195446486323,0.7454692264363149,0.7195551168337462,0.7455248474961915,0.02506088359121936,0.027566752215875567
causal_cuda,plus,160,0.7917780214423246,0.40860208469419623,0.7917088838747104,0.4085568472583513,0.7195177841467627,0.7454694168309006,0.7195551168337462,0.7455248474961915,0.02262231851695118,0.027582457912757263
causal_cuda,plus,161,0.7918468194332043,0.40864709794639004,0.7917780214423246,0.40860208469419623,0.7195164069339037,0.7454696346056686,0.7195551168337462,0.7455248474961915,0.020628621305323037,0.027595775123984367
causal_cuda,plus,162,0.7919152928480899,0.40869190307066666,0.7918468194332043,0.40864709794639004,0.7195154153738147,0.7454698789376799,0.7195551168337462,0.7455248474961915,0.019083780555884954,0.027607148362022826
causal_cuda,plus,163,0.7919834568672142,0.4087365163051333,0.7919152928480899,0.40869190307066666,0.7195148106252662,0.7454701485139221,0.7195551168337462,0.7455248474961915,0.017990889594221897,0.027617026306842263
causal_cuda,plus,164,0.7920513268030818,0.40878095401985115,0.7919834568672142,0.4087365163051333,0.719514592357057,0.7454704417737075,0.7195551168337462,0.7455248474961915,0.017351487588572793,0.02762586046191018
causal_cuda,plus,165,0.7921189180382422,0.40882523265052784,0.7920513268030818,0.40878095401985115,0.7195147582936704,0.7454707571716785,0.7195551168337462,0.7455248474961915,0.017164663117352257,0.02763410330956617
causal_cuda,plus,166,0.7921862459477984,0.40886936861594764,0.7921189180382422,0.40882523265052784,0.7195153040345458,0.7454710931736623,0.7195551168337462,0.7455248474961915,0.01742683359468183,0.027642205989565127
causal_cuda,plus,167,0.7922533258152864,0.4089133782283469,0.7921862459477984,0.40886936861594764,0.7195162229528491,0.7454714480819928,0.7195551168337462,0.7455248474961915,0.018131837145247406,0.02765061579407302
causal_cuda,plus,168,0.7923201727514033,0.40895727760685036,0.7922533258152864,0.4089133782283469,0.7195175064159846,0.7454718199324339,0.7195551168337462,0.7455248474961915,0.019271337066432297,0.027659773781408603
causal_cuda,plus,169,0.7923868016140182,0.4090010825923642,0.7923201727514033,0.40895727760685036,0.7195191437777143,0.7454722066602677,0.7195551168337462,0.7455248474961915,0.020834604278348965,0.027670112438300976
causal_cuda,plus,170,0.7924532269213409,0.40904480865528253,0.7923868016140182,0.4090010825923642,0.719521122279564,0.7454726063642744,0.7195551168337462,0.7455248474961915,0.022808063967639767,0.027682053124237882
causal_cuda,plus,171,0.7925194627562947,0.4090884707938752,0.7924532269213409,0.40904480865528253,0.7195234268879875,0.7454730173139391,0.7195551168337462,0.7455248474961915,0.02517508287284679,0.027696003245381462
causal_cuda,plus,172,0.7925855226615047,0.40913208342277463,0.7925194627562947,0.4090884707938752,0.7195260401852293,0.7454734381101692,0.7195551168337462,0.7455248474961915,0.027915631820818503,0.0277123531466259
causal_cuda,plus,173,0.7926514195289821,0.4091756602558384,0.7925855226615047,0.40913208342277463,0.7195289424416386,0.7454738676867587,0.7195551168337462,0.7455248474961915,0.031006374188910255,0.027731472858192774
causal_cuda,plus,174,0.792717165496318,0.40921921419601504,0.7926514195289821,0.4091756602558384,0.719532111894637,0.7454743050560486,0.7195551168337462,0.7455248474961915,0.03442133249846381,0.027753709080286626
causal_cuda,plus,175,0.7927827718566253,0.40926275723992844,0.792717165496318,0.40921921419601504,0.7195355251453724,0.7454747492926073,0.7195551168337462,0.7455248474961915,0.0381324046863177,0.027779382617552528
causal_cuda,plus,176,0.7928482489826033,0.40930630039759774,0.7927827718566253,0.40926275723992844,0.7195391575231324,0.7454751995758155,0.7195551168337462,0.7455248474961915,0.04210976655494145,0.027808786256855456
causal_cuda,plus,177,0.7929136062657326,0.40934985362836157,0.7928482489826033,0.40930630039759774,0.7195429834587728,0.745475655140256,0.7195551168337462,0.7455248474961915,0.04632240084128928,0.027842183112397834
causal_cuda,plus,178,0.7929788520689679,0.4093934257912457,0.7929136062657326,0.40934985362836157,0.7195469765425714,0.7454761151111157,0.7195551168337462,0.7455248474961915,0.05073837566871316,0.027879805376500144
causal_cuda,plus,179,0.793043993690974,0.4094370246076903,0.7929788520689679,0.4093934257912457,0.719551109791007,0.7454765785146098,0.7195551168337462,0.7455248474961915,0.05532516547587753,0.027921853411186248
causal_cuda,plus,180,0.7931090373417052,0.40948065663637195,0.793043993690974,0.4094370246076903,0.7195553558840854,0.7454770442475406,0.7195551168337462,0.7455248474961915,0.0600499862837512,0.02796849517514488
causal_cuda,plus,181,0.7931739881272505,0.4095243272579209,0.7931090373417052,0.40948065663637195,0.7195596871905353,0.7454775109718137,0.7195551168337462,0.7455248474961915,0.06487995967348897,0.028019865917030984
causal_cuda,plus,182,0.793238850044461,0.4095680406700552,0.7931739881272505,0.4095243272579209,0.7195640760210238,0.7454779770670198,0.7195551168337462,0.7455248474961915,0.06978248919853582,0.028076068156167366
causal_cuda,plus,183,0.7933036259802266,0.40961179988766133,0.793238850044461,0.4095680406700552,0.7195684947646889,0.7454784409194192,0.7195551168337462,0.7455248474961915,0.07472507053077648,0.028137171779633263
causal_cuda,plus,184,0.7933683177042421,0.4096556067359778,0.7933036259802266,0.40961179988766133,0.7195729158497349,0.7454789013478329,0.7195551168337462,0.7455248474961915,0.07967471067585652,0.02820321390319691
causal_cuda,plus,185,0.7934329258555569,0.4096994618371071,0.7933683177042421,0.4096556067359778,0.7195773118824322,0.7454793577124083,0.7195551168337462,0.7455248474961915,0.08459796650544935,0.02827419852715707
causal_cuda,plus,186,0.7934974499321168,0.409743364599661,0.7934329258555569,0.4096994618371071,0.7195816559862499,0.7454798099274632,0.7195551168337462,0.7455248474961915,0.08946135318507639,0.02835009629549745
causal_cuda,plus,187,0.7935618882904735,0.4097873132191775,0.7934974499321168,0.409743364599661,0.7195859222372528,0.7454802585186887,0.7195551168337462,0.7455248474961915,0.09423181729455413,0.02843084457751388
causal_cuda,plus,188,0.7936262381584127,0.40983130469227647,0.7935618882904735,0.4097873132191775,0.7195900857733596,0.7454807043887198,0.7195551168337462,0.7455248474961915,0.0988771666070807,0.02851634795004543
causal_cuda,plus,189,0.7936904956586136,0.409875334842525,0.7936262381584127,0.40983130469227647,0.7195941228189716,0.7454811486795236,0.7195551168337462,0.7455248474961915,0.10336627291110512,0.02860647900490676
causal_cuda,plus,190,0.7937546558462591,0.4099193983611233,0.7936904956586136,0.409875334842525,0.7195980109941248,0.7454815925697397,0.7195551168337462,0.7455248474961915,0.10766971137482806,0.02870107957940604
causal_cuda,plus,191,0.7938187127706483,0.40996348887303924,0.7937546558462591,0.4099193983611233,0.7196017298657187,0.7454820369575659,0.7195551168337462,0.7455248474961915,0.11176084503517512,0.028799962727248385
causal_cuda,plus,192,0.793882659558237,0.4100075990259236,0.7938187127706483,0.40996348887303924,0.7196052609674879,0.7454824822549831,0.7195551168337462,0.7455248474961915,0.1156161060718116,0.028902915324550804
causal_cuda,plus,193,0.7939464885071059,0.41005172059114303,0.793882659558237,0.4100075990259236,0.7196085877723325,0.7454829283311831,0.7195551168337462,0.7455248474961915,0.11921503097565118,0.02900970098335165
causal_cuda,plus,194,0.7940101911908916,0.4100958445748004,0.7939464885071059,0.41005172059114303,0.7196116958554012,0.7454833744029582,0.7195551168337462,0.7455248474961915,0.1225406001779674,0.029120063223047055
causal_cuda,plus,195,0.7940737585723899,0.41013996133894887,0.7940101911908916,0.4100958445748004,0.7196145730348286,0.7454838189861139,0.7195551168337462,0.7455248474961915,0.12557947343227094,0.02923372891109466
causal_cuda,plus,196,0.7941371811235935,0.4101840607295637,0.7940737585723899,0.41013996133894887,0.7196172094459913,0.7454842599410398,0.7195551168337462,0.7455248474961915,0.1283220245065821,0.02935041187137699
causal_cuda,plus,197,0.79420044894475,0.4102281322033898,0.7941371811235935,0.4101840607295637,0.7196195975848741,0.7454846947870555,0.7195551168337462,0.7455248474961915,0.1307620016186508,0.029469816424096962
causal_cuda,plus,198,0.7942635518701615,0.41027216494062985,0.79420044894475,0.4102281322033898,0.7196217324682223,0.7454851215530707,0.7195551168337462,0.7455248474961915,0.1328956639973071,0.029591640473739744
causal_cuda,plus,199,0.7943264795629599,0.41031614794578675,0.7942635518701615,0.41027216494062985,0.7196236116598005,0.7454855387734269,0.7195551168337462,0.7455248474961915,0.13472181919079404,0.029715578247930807
causal_cuda,plus,200,0.7943892216097237,0.41036007014820586,0.7943264795629599,0.41031614794578675,0.7196252352023947,0.7454859451754057,0.7195551168337462,0.7455248474961915,0.13624212789541199,0.029841323044166757
causal_cuda,plus,201,0.7944517676179006,0.41040392050550434,0.7943892216097237,0.41036007014820586,0.7196266056871135,0.74548633971324,0.7195551168337462,0.7455248474961915,0.13746114760011968,0.02996857006684195
causal_cuda,plus,202,0.7945141073168155,0.4104476881107521,0.7944517676179006,0.41040392050550434,0.7196277284184759,0.745486721595679,0.7195551168337462,0.7455248474961915,0.13838650409397968,0.03009701937509135
causal_cuda,plus,203,0.7945762306620013,0.41049136230308864,0.7945141073168155,0.4104476881107521,0.7196286113607957,0.745487090200084,0.7195551168337462,0.7455248474961915,0.13902893169788227,0.030226378924879782
causal_cuda,plus,204,0.7946381279428458,0.41053493278181596,0.7945762306620013,0.41049136230308864,0.7196292653569523,0.7454874451863365,0.7195551168337462,0.7455248474961915,0.13940240432220094,0.030356367707582876
causal_cuda,plus,205,0.7946997898901519,0.41057838972032795,0.7946381279428458,0.41053493278181596,0.7196297038321497,0.7454877863648123,0.7195551168337462,0.7455248474961915,0.1395239306033537,0.030486718870690765
causal_cuda,plus,206,0.7947612077721541,0.4106217238677509,0.7946997898901519,0.41057838972032795,0.719629941965571,0.745488113520537,0.7195551168337462,0.7455248474961915,0.13941273930444226,0.03061718245510292
causal_cuda,plus,207,0.7948223734631604,0.41066492662148746,0.7947612077721541,0.4106217238677509,0.7196299961120984,0.7454884269192643,0.7195551168337462,0.7455248474961915,0.13908892541008616,0.030747527256579588
causal_cuda,plus,208,0.7948832794716937,0.4107079900567267,0.7948223734631604,0.41066492662148746,0.7196298834520937,0.7454887282151018,0.7195551168337462,0.7455248474961915,0.13857187953448474,0.0308775414218303
causal_cuda,plus,209,0.794943918949736,0.4107509069357355,0.7948832794716937,0.4107079900567267,0.7196296219124482,0.7454890197768245,0.7195551168337462,0.7455248474961915,0.13788103121842937,0.031007032521159772
causal_cuda,plus,210,0.7950042857128753,0.4107936707286314,0.794943918949736,0.4107509069357355,0.7196292302359337,0.7454893039053648,0.7195551168337462,0.7455248474961915,0.13703691336771437,0.031135828038230784
causal_cuda,plus,211,0.7950643742784946,0.4108362756532881,0.7950042857128753,0.4107936707286314,0.7196287281185093,0.7454895825730553,0.7195551168337462,0.7455248474961915,0.13606165989174906,0.03126377645440925
causal_cuda,plus,212,0.7951241799109023,0.4108787167226694,0.7950643742784946,0.4108362756532881,0.7196281360132231,0.745489857467174,0.7195551168337462,0.7455248474961915,0.13497870679324783,0.03139074853882562
causal_cuda,plus,213,0.7951836986650535,0.4109209897906912,0.7951241799109023,0.4108787167226694,0.7196274749353958,0.7454901299151243,0.7195551168337462,0.7455248474961915,0.13381264265293377,0.03151663858034226
causal_cuda,plus,214,0.7952429274338422,0.41096309160182903,0.7951836986650535,0.4109209897906912,0.7196267664925775,0.7454904005783145,0.7195551168337462,0.7455248474961915,0.13258962873993935,0.031641365734145666
causal_cuda,plus,215,0.7953018640014528,0.4110050198471378,0.7952429274338422,0.41096309160182903,0.7196260328930244,0.7454906693660338,0.7195551168337462,0.7455248474961915,0.13133751745387018,0.031764875557655614
causal_cuda,plus,216,0.7953605070975722,0.41104677322118255,0.7953018640014528,0.4110050198471378,0.7196252968440333,0.7454909354912787,0.7195551168337462,0.7455248474961915,0.13008565579885947,0.03188714156152628
causal_cuda,plus,217,0.795418856443239,0.4110883514700878,0.7953605070975722,0.41104677322118255,0.7196245813069438,0.7454911976962116,0.7195551168337462,0.7455248474961915,0.1288642978089827,0.03200816648336513
causal_cuda,plus,218,0.7954769127851309,0.41112975542730223,0.795418856443239,0.4110883514700878,0.7196239093705806,0.7454914543739544,0.7195551168337462,0.7455248474961915,0.12770429428541819,0.032127983199131904
causal_cuda,plus,219,0.7955346779144754,0.41117098703302773,0.7954769127851309,0.41112975542730223,0.7196233037346029,0.745491703597044,0.7195551168337462,0.7455248474961915,0.12663641170715914,0.032246655157479154
causal_cuda,plus,220,0.7955921546629625,0.4112120493292723,0.7955346779144754,0.41117098703302773,0.7196227861572974,0.7454919433157591,0.7195551168337462,0.7455248474961915,0.125690394385925,0.032364276104090095
causal_cuda,plus,221,0.7956493468774577,0.4112529464323842,0.7955921546629625,0.4112120493292723,0.7196223771516971,0.7454921713647,0.7195551168337462,0.7455248474961915,0.12489457624177128,0.032480969174343954
causal_cuda,plus,222,0.7957062593837747,0.41129368349397055,0.7956493468774577,0.4112529464323842,0.7196220959291559,0.7454923853605393,0.7195551168337462,0.7455248474961915,0.1242759375933092,0.032596885689343935
causal_cuda,plus,223,0.7957628979423553,0.41133426665325756,0.7957062593837747,0.41129368349397055,0.7196219602538834,0.745492582802271,0.7195551168337462,0.7455248474961915,0.12385979771892468,0.032712203734831746
causal_cuda,plus,224,0.7958192691875802,0.411374702972171,0.7957628979423553,0.41133426665325756,0.719621986164968,0.7454927614663764,0.7195551168337462,0.7455248474961915,0.12366897343362335,0.03282712624624651
causal_cuda,plus,225,0.795875380550789,0.4114150003531962,0.7958192691875802,0.411374702972171,0.7196221878653428,0.7454929194959466,0.7195551168337462,0.7455248474961915,0.12372352852959126,0.03294187861700948
causal_cuda,plus,226,0.7959312401732431,0.4114551674466111,0.795875380550789,0.4114150003531962,0.719622577717007,0.7454930554817379,0.7195551168337462,0.7455248474961915,0.1240406660694741,0.03305670603339195
causal_cuda,plus,227,0.7959868568132498,0.4114952135516162,0.7959312401732431,0.4114551674466111,0.7196231663164073,0.7454931685772105,0.7195551168337462,0.7455248474961915,0.12463467841737838,0.03317187066414817
causal_cuda,plus,228,0.7960422397516215,0.41153514851575784,0.7959868568132498,0.4114952135516162,0.7196239623782936,0.7454932582898829,0.7195551168337462,0.7455248474961915,0.12551706242703806,0.0332876488315037
causal_cuda,plus,229,0.7960973987007183,0.4115749826382316,0.7960422397516215,0.41153514851575784,0.7196249727172944,0.7454933242227908,0.7195551168337462,0.7455248474961915,0.12669681909501265,0.033404328322035326
causal_cuda,plus,230,0.7961523437185708,0.4116147265786524,0.7960973987007183,0.4115749826382316,0.7196262023331242,0.7454933660515557,0.7195551168337462,0.7455248474961915,0.12818058839513816,0.03352220587225929
causal_cuda,plus,231,0.7962070851277958,0.41165439127099857,0.7961523437185708,0.4116147265786524,0.7196276545283513,0.745493383514232,0.7195551168337462,0.7455248474961915,0.12997280887515786,0.03364158481178947
causal_cuda,plus,232,0.7962616334423801,0.4116939878459479,0.7962070851277958,0.41165439127099857,0.7196293310469233,0.7454933762356623,0.7195551168337462,0.7455248474961915,0.1320761099494733,0.033762772959363474
causal_cuda,plus,233,0.7963159992989659,0.4117335275580845,0.7962616334423801,0.4116939878459479,0.7196312319288621,0.7454933436780253,0.7195551168337462,0.7455248474961915,0.13449119203964557,0.03388608065426979
causal_cuda,plus,234,0.7963701933806414,0.4117730217052639,0.7963159992989659,0.4117335275580845,0.719633355285954,0.7454932854547631,0.7195551168337462,0.7455248474961915,0.13721615422808736,0.034011818536669125
causal_cuda,plus,235,0.7964242263301934,0.41181248153688055,0.7963701933806414,0.4117730217052639,0.7196356973599349,0.7454932015470934,0.7195551168337462,0.7455248474961915,0.14024629663338686,0.03414029500137872
causal_cuda,plus,236,0.796478108655108,0.4118519181534564,0.7964242263301934,0.41181248153688055,0.7196382525676798,0.7454930925114703,0.7195551168337462,0.7455248474961915,0.14357391802957375,0.03427181340828156
causal_cuda,plus,237,0.7965318506292299,0.4118913424027381,0.796478108655108,0.4118519181534564,0.7196410134997405,0.7454929593746241,0.7195551168337462,0.7455248474961915,0.1471884455983283,0.0344066692103695
causal_cuda,plus,238,0.7965854622052407,0.41193076478726676,0.7965318506292299,0.4118913424027381,0.7196439712527724,0.7454928032364121,0.7195551168337462,0.7455248474961915,0.15107734671252235,0.03454514745081383
causal_cuda,plus,239,0.7966389529469524,0.41197019539297514,0.7965854622052407,0.41193076478726676,0.7196471158602941,0.7454926251364904,0.7195551168337462,0.7455248474961915,0.15522683397885728,0.03468752089045779
causal_cuda,plus,240,0.7966923319743501,0.4120096438313744,0.7966389529469524,0.41197019539297514,0.7196504363810644,0.7454924261684607,0.7195551168337462,0.7455248474961915,0.1596218336219167,0.03483404851328942
causal_cuda,plus,241,0.7967456079134716,0.41204911918691123,0.7966923319743501,0.4120096438313744,0.7196539209910617,0.7454922075773381,0.7195551168337462,0.7455248474961915,0.16424597931418158,0.034984974157310944
causal_cuda,plus,242,0.796798788848517,0.4120886299667498,0.7967456079134716,0.41204911918691123,0.7196575569847988,0.7454919707483344,0.7195551168337462,0.7455248474961915,0.16908162862551704,0.03514052519824418
causal_cuda,plus,243,0.7968518822769242,0.4121281840537013,0.796798788848517,0.4120886299667498,0.7196613307409093,0.7454917170575871,0.7195551168337462,0.7455248474961915,0.17411000733769508,0.035300911315516714
causal_cuda,plus,244,0.7969048950608432,0.41216778865538634,0.7968518822769242,0.4121281840537013,0.7196652273564687,0.7454914478925253,0.7195551168337462,0.7455248474961915,0.1793107284935736,0.03546632312929887
causal_cuda,plus,245,0.7969578333678851,0.41220745024210753,0.7969048950608432,0.41216778865538634,0.7196692303021824,0.7454911646757878,0.7195551168337462,0.7455248474961915,0.18466133339110063,0.03563693049343897
causal_cuda,plus,246,0.7970107026073187,0.4122471744798791,0.7969578333678851,0.41220745024210753,0.7196733214758526,0.7454908687195382,0.7195551168337462,0.7455248474961915,0.19013754175767064,0.03581288065882404
causal_cuda,plus,247,0.7970635073713289,0.41228696616882876,0.7970107026073187,0.4122471744798791,0.7196774813737338,0.7454905610744815,0.7195551168337462,0.7455248474961915,0.19571365568625965,0.03599429661349518
causal_cuda,plus,248,0.797116251380948,0.412326829186564,0.7970635073713289,0.41228696616882876,0.7196816890663331,0.7454902425297252,0.7195551168337462,0.7455248474961915,0.20136253115562514,0.03618127556865147
causal_cuda,plus,249,0.797168937427207,0.41236676642655073,0.797116251380948,0.412326829186564,0.7196859219918811,0.7454899138177059,0.7195551168337462,0.7455248474961915,0.20705506619898062,0.036373887282422857
causal_cuda,plus,250,0.7972215673086711,0.4124067797326741,0.797168937427207,0.41236676642655073,0.719690156071259,0.7454895755924942,0.7195551168337462,0.7455248474961915,0.21276037323852462,0.0365721722751573
causal_cuda,plus,251,0.7972741417778192,0.4124468698431477,0.7972215673086711,0.4124067797326741,0.7196943660918025,0.7454892282378099,0.7195551168337462,0.7455248474961915,0.21844649921138296,0.036776140338389496
causal_cuda,plus,252,0.7973266604993318,0.4124870363470191,0.7972741417778192,0.4124468698431477,0.7196985259745301,0.7454888719449982,0.7195551168337462,0.7455248474961915,0.2240806629839742,0.036985769413661274
causal_cuda,plus,253,0.7973791220199588,0.4125272776529544,0.7973266604993318,0.4124870363470191,0.7197026093120906,0.7454885069258266,0.7195551168337462,0.7455248474961915,0.22962966197578,0.03720100482340172
causal_cuda,plus,254,0.7974315237548225,0.4125675909753682,0.7973791220199588,0.4125272776529544,0.7197065897979045,0.7454881332881459,0.7195551168337462,0.7455248474961915,0.2350605630993649,0.037421759002370436
causal_cuda,plus,255,0.7974838619842717,0.4126079723317526,0.7974315237548225,0.4125675909753682,0.719710441154961,0.7454877510517752,0.7195551168337462,0.7455248474961915,0.24034059415435288,0.037647911528665645
causal_cuda,plus,256,0.7975361318553605,0.412648416544867,0.7974838619842717,0.4126079723317526,0.7197141372959008,0.7454873602432633,0.7195551168337462,0.7455248474961915,0.24543722503879786,0.037879309268816996
causal_cuda,plus,257,0.7975883273913165,0.41268891725336737,0.7975361318553605,0.412648416544867,0.7197176528796722,0.7454869611104592,0.7195551168337462,0.7455248474961915,0.2503185936794654,0.03811576675789752
causal_cuda,plus,258,0.7976404415087575,0.4127294669305844,0.7975883273913165,0.41268891725336737,0.7197209635233174,0.7454865542628083,0.7195551168337462,0.7455248474961915,0.2549535940201148,0.038357066800244866
causal_cuda,plus,259,0.7976924660411325,0.412770056909861,0.7976404415087575,0.4127294669305844,0.7197240459394675,0.7454861406604614,0.7195551168337462,0.7455248474961915,0.2593120594982078,0.038602961244805556
causal_cuda,plus,260,0.797744391777478,0.41281067742599503,0.7976924660411325,0.412770056909861,0.7197268783216233,0.745485721276988,0.7195551168337462,0.7455248474961915,0.2633656618551822,0.038853172229124766
causal_cuda,plus,261,0.797796208513639,0.4128513176698383,0.797744391777478,0.41281067742599503,0.7197294402077278,0.7454852970040238,0.7195551168337462,0.7455248474961915,0.2670878574137815,0.03910739378309813
causal_cuda,plus,262,0.7978479051064534,0.4128919658460058,0.797796208513639,0.4128513176698383,0.7197317125187501,0.7454848688053458,0.7195551168337462,0.7455248474961915,0.27045374047400755,0.03936529348879958
causal_cuda,plus,263,0.7978994695376568,0.41293260924076597,0.7978479051064534,0.4128919658460058,0.7197336781250646,0.7454844376797727,0.7195551168337462,0.7455248474961915,0.27344079269019184,0.0396265144290453
causal_cuda,plus,264,0.7979508889875649,0.4129732343002206,0.7978994695376568,0.41293260924076597,0.7197353220018334,0.7454840048182921,0.7195551168337462,0.7455248474961915,0.2760288779130694,0.039890677417190545
causal_cuda,plus,265,0.7980021499110875,0.4130138267109092,0.7979508889875649,0.4129732343002206,0.7197366311103204,0.7454835715955026,0.7195551168337462,0.7455248474961915,0.27820010208047086,0.040157383267711566
causal_cuda,plus,266,0.7980532381181016,0.41305437148494634,0.7980021499110875,0.4130138267109092,0.7197375943614245,0.7454831392598835,0.7195551168337462,0.7455248474961915,0.2799391510619615,0.04042621518692613
causal_cuda,plus,267,0.7981041388616305,0.4130948530533374,0.7980532381181016,0.41305437148494634,0.719738202701191,0.7454827088080636,0.7195551168337462,0.7455248474961915,0.28123355140219225,0.04069674139216772
causal_cuda,plus,268,0.7981548369355029,0.4131352553692257,0.7981041388616305,0.4130948530533374,0.7197384491665525,0.7454822807703366,0.7195551168337462,0.7455248474961915,0.28207400488291884,0.04096851800883883
causal_cuda,plus,269,0.7982053167779359,0.41317556201736116,0.7981548369355029,0.4131352553692257,0.7197383288753664,0.7454818552380125,0.7195551168337462,0.7455248474961915,0.28245434033044964,0.04124109212699523
causal_cuda,plus,270,0.7982555625759759,0.41321575632440677,0.7982053167779359,0.41317556201736116,0.719737839169729,0.7454814320953174,0.7195551168337462,0.7455248474961915,0.28237140209574374,0.04151400485869772
causal_cuda,plus,271,0.7983055583719917,0.4132558214713447,0.7982555625759759,0.41321575632440677,0.7197369798182301,0.7454810110714528,0.7195551168337462,0.7455248474961915,0.28182523664728176,0.04178679444467548
causal_cuda,plus,272,0.7983552881764476,0.4132957406124331,0.7983055583719917,0.4132558214713447,0.7197357531706775,0.7454805916493854,0.7195551168337462,0.7455248474961915,0.2808193990761041,0.042058999548203246
causal_cuda,plus,273,0.7984047360885004,0.4133354970023426,0.7983552881764476,0.4132957406124331,0.7197341644304563,0.7454801731577795,0.7195551168337462,0.7455248474961915,0.27936117865110066,0.042330162777716396
causal_cuda,plus,274,0.7984538864182644,0.4133750741250024,0.7984047360885004,0.4133354970023426,0.719732221958473,0.7454797552907797,0.7195551168337462,0.7455248474961915,0.2774613312669309,0.042599834237364576
causal_cuda,plus,275,0.7985027237979624,0.41341445581069836,0.7984538864182644,0.4133750741250024,0.7197299367586941,0.745479338233241,0.7195551168337462,0.7455248474961915,0.27513328422730327,0.04286757470254088
causal_cuda,plus,276,0.7985512332789937,0.4134536263382271,0.7985027237979624,0.41341445581069836,0.7197273218624051,0.7454789222905617,0.7195551168337462,0.7455248474961915,0.27239283244692897,0.04313295835208919
causal_cuda,plus,277,0.7985994004195531,0.4134925705270248,0.7985512332789937,0.4134536263382271,0.7197243920765516,0.7454785077429652,0.7195551168337462,0.7455248474961915,0.2692580089145055,0.04339557521953452
causal_cuda,plus,278,0.7986472113663204,0.4135312738229751,0.7985994004195531,0.4134925705270248,0.7197211638366059,0.745478094775042,0.7195551168337462,0.7455248474961915,0.26574899181151224,0.04365503347412414
causal_cuda,plus,279,0.798694652931838,0.41356972237961,0.7986472113663204,0.4135312738229751,0.7197176551452706,0.7454776834919518,0.7195551168337462,0.7455248474961915,0.26188801071171536,0.04391096157979746
causal_cuda,plus,280,0.7987417126694488,0.4136079031367042,0.798694652931838,0.41356972237961,0.7197138857600316,0.7454772741030675,0.7195551168337462,0.7455248474961915,0.2576993542874401,0.04416301039020709
causal_cuda,plus,281,0.7987883789482975,0.41364580389887384,0.7987417126694488,0.4136079031367042,0.7197098772774911,0.7454768669424997,0.7195551168337462,0.7455248474961915,0.25320945269211487,0.044410855254312764
causal_cuda,plus,282,0.798834641022133,0.4136834134076335,0.7987883789482975,0.41364580389887384,0.7197056527367879,0.7454764625091835,0.7195551168337462,0.7455248474961915,0.2484463358556438,0.04465419792597913
causal_cuda,plus,283,0.7988804890844915,0.4137207213990685,0.798834641022133,0.4136834134076335,0.7197012362634403,0.7454760615598075,0.7195551168337462,0.7455248474961915,0.2434390758282341,0.04489276804935116
causal_cuda,plus,284,0.7989259143152614,0.41375771865238103,0.7988804890844915,0.4137207213990685,0.7196966531331405,0.7454756651021753,0.7195551168337462,0.7455248474961915,0.23821787648000062,0.045126324397784856
causal_cuda,plus,285,0.7989709089215501,0.41379439703238347,0.7989259143152614,0.41375771865238103,0.7196919296168113,0.7454752744242367,0.7195551168337462,0.7455248474961915,0.2328138456572759,0.04535465595324695
causal_cuda,plus,286,0.7990154661710626,0.4138307495240923,0.7989709089215501,0.41379439703238347,0.7196870928001184,0.7454748911254186,0.7195551168337462,0.7455248474961915,0.2272587321634303,0.04557758276669688
causal_cuda,plus,287,0.7990595804190556,0.4138667702605249,0.7990154661710626,0.4138307495240923,0.7196821706335035,0.7454745172499379,0.7195551168337462,0.7455248474961915,0.22158482262541165,0.0457949566361151
causal_cuda,plus,288,0.7991032471317917,0.4139024545467887,0.7990595804190556,0.4138667702605249,0.7196771918683694,0.7454741552228173,0.7195551168337462,0.7455248474961915,0.21582494210192485,0.04600666169397982
causal_cuda,plus,289,0.7991464629078341,0.4139377988818712,0.7991032471317917,0.4139024545467887,0.7196721856500766,0.7454738074822316,0.7195551168337462,0.7455248474961915,0.21001240508432592,0.04621261494179407
causal_cuda,plus,290,0.7991892254916076,0.4139728009722952,0.7991464629078341,0.4139377988818712,0.7196671808988496,0.7454734762667762,0.7195551168337462,0.7455248474961915,0.20418050818698627,0.04641276654834314
causal_cuda,plus,291,0.7992315337716767,0.4140074597296856,0.7991892254916076,0.4139728009722952,0.7196622056822405,0.7454731635116815,0.7195551168337462,0.7455248474961915,0.19836187579336453,0.0466070996795338
causal_cuda,plus,292,0.7992733877620393,0.4140417752504447,0.7992315337716767,0.4140074597296856,0.7196572868492777,0.7454728708511231,0.7195551168337462,0.7455248474961915,0.1925879993410466,0.04679562981979757
causal_cuda,plus,293,0.7993147885658897,0.41407574877697984,0.7992733877620393,0.4140417752504447,0.7196524497269804,0.7454725997646469,0.7195551168337462,0.7455248474961915,0.1868886741961247,0.046978403576446226
causal_cuda,plus,294,0.7993557383245393,0.41410938264331654,0.7993147885658897,0.41407574877697984,0.7196477180415459,0.7454723517056698,0.7195551168337462,0.7455248474961915,0.18129173903934287,0.04715549705926492
causal_cuda,plus,295,0.7993962401585991,0.4141426802125684,0.7993557383245393,0.41410938264331654,0.7196431139100219,0.7454721280618133,0.7195551168337462,0.7455248474961915,0.17582311310423776,0.04732701406084061
causal_cuda,plus,296,0.799436298102265,0.41417564580721006,0.7993962401585991,0.4141426802125684,0.7196386577168472,0.7454719302678756,0.7195551168337462,0.7455248474961915,0.1705064991905631,0.04749308405328634
causal_cuda,plus,297,0.7994759170300797,0.4142082846314562,0.799436298102265,0.41417564580721006,0.7196343680949764,0.7454717599260506,0.7195551168337462,0.7455248474961915,0.16536320820984315,0.04765385997518479
causal_cuda,plus,298,0.7995151025797895,0.4142406026896017,0.7994759170300797,0.4142082846314562,0.7196302621316063,0.7454716189616196,0.7195551168337462,0.7455248474961915,0.16041221999105607,0.047809515927610846
causal_cuda,plus,299,0.7995538610727925,0.4142726067018657,0.7995151025797895,0.4142406026896017,0.7196263554290881,0.7454715097517476,0.7195551168337462,0.7455248474961915,0.1556700970408218,0.04796024481512973
causal_cuda,plus,300,0.799592199433136,0.41430430401877644,0.7995538610727925,0.4142726067018657,0.7196226619620703,0.7454714349523652,0.7195551168337462,0.7455248474961915,0.15115102103636088,0.04810625596121554
causal_cuda,plus,301,0.7996301251141511,0.41433570254363283,0.799592199433136,0.41430430401877644,0.7196191943151684,0.7454713972149082,0.7195551168337462,0.7455248474961915,0.14686744233631444,0.04824777298512117
causal_cuda,plus,302,0.7996676460306925,0.41436681066092673,0.7996301251141511,0.41433570254363283,0.7196159635984251,0.7454713992436058,0.7195551168337462,0.7455248474961915,0.14282990208926008,0.04838503185291643
causal_cuda,plus,303,0.7997047704821295,0.41439763715514,0.7996676460306925,0.41436681066092673,0.7196129790524926,0.7454714440366678,0.7195551168337462,0.7455248474961915,0.13904623719723214,0.04851827862762548
causal_cuda,plus,304,0.7997415070646369,0.4144281911183308,0.7997047704821295,0.41439763715514,0.7196102477857593,0.7454715346805622,0.7195551168337462,0.7455248474961915,0.13552150826719986,0.04864776689620953
causal_cuda,plus,305,0.799777864580724,0.4144584818548652,0.7997415070646369,0.4144281911183308,0.7196077746738432,0.7454716741121978,0.7195551168337462,0.7455248474961915,0.13225817063034914,0.048773755135073316
causal_cuda,plus,306,0.7998138519505462,0.4144885187880804,0.799777864580724,0.4144584818548652,0.7196055621589027,0.7454718648069163,0.7195551168337462,0.7455248474961915,0.12925621308419263,0.04889650414943958
causal_cuda,plus,307,0.7998494781279951,0.414518311372023,0.7998138519505462,0.4144885187880804,0.7196036103121694,0.7454721086379443,0.7195551168337462,0.7455248474961915,0.1265134114148308,0.04901627467293679
causal_cuda,plus,308,0.7998847520282647,0.4145478690153202,0.7998494781279951,0.414518311372023,0.7196019173017059,0.7454724068492455,0.7195551168337462,0.7455248474961915,0.12402594662205352,0.049133325334423716
causal_cuda,plus,309,0.7999196824699363,0.4145772010203412,0.7998847520282647,0.4145478690153202,0.7196004795758438,0.7454727599038564,0.7195551168337462,0.7455248474961915,0.1217888236650158,0.04924791107004012
causal_cuda,plus,310,0.799954278128147,0.414606316534096,0.7999196824699363,0.4145772010203412,0.7195992919221257,0.7454731674076014,0.7195551168337462,0.7455248474961915,0.11979604059467877,0.0493602818624197
causal_cuda,plus,311,0.7999885474929683,0.4146352245046384,0.799954278128147,0.414606316534096,0.7195983474679204,0.7454736281499049,0.7195551168337462,0.7455248474961915,0.11804053856024824,0.04947068161695256
causal_cuda,plus,312,0.8000224988257812,0.4146639336354205,0.7999885474929683,0.4146352245046384,0.7195976376984348,0.7454741403661107,0.7195551168337462,0.7455248474961915,0.11651389681412241,0.04957934695406152
causal_cuda,plus,313,0.800056140103277,0.4146924523266984,0.8000224988257812,0.4146639336354205,0.7195971523088881,0.7454747021875301,0.7195551168337462,0.7455248474961915,0.11520558597479534,0.04968650560078913
causal_cuda,plus,314,0.8000894789487659,0.41472078860362127,0.800056140103277,0.4146924523266984,0.7195968791244136,0.7454753116975928,0.7195551168337462,0.7455248474961915,0.11410279798447426,0.04979237439420103
causal_cuda,plus,315,0.800122522557601,0.41474895003817724,0.8000894789487659,0.41472078860362127,0.7195968042612657,0.745475967062039,0.7195551168337462,0.7455248474961915,0.11319048505932151,0.049897157124547675
causal_cuda,plus,316,0.8001552776001705,0.4147769436476686,0.800122522557601,0.41474895003817724,0.7195969119924884,0.7454766676875089,0.7195551168337462,0.7455248474961915,0.11244974458086567,0.050001041676978275
causal_cuda,plus,317,0.8001877500971416,0.41480477576410557,0.8001552776001705,0.4147769436476686,0.7195971846664683,0.7454774145393892,0.7195551168337462,0.7455248474961915,0.11185732042625256,0.05010419633930496
causal_cuda,plus,318,0.8002199452961491,0.41483245190512735,0.8001877500971416,0.41480477576410557,0.7195976028614985,0.745478209245095,0.7195551168337462,0.7455248474961915,0.11138691663888099,0.05020676622524434
causal_cuda,plus,319,0.8002518675720294,0.4148599766696992,0.8002199452961491,0.41483245190512735,0.7195981455281094,0.7454790533930848,0.7195551168337462,0.7455248474961915,0.11101025130809183,0.050308870472861145
causal_cuda,plus,320,0.8002835203569526,0.4148873536652737,0.8002518675720294,0.4148599766696992,0.7195987901585348,0.7454799478886057,0.7195551168337462,0.7455248474961915,0.1106980734639916,0.05041060037439138
causal_cuda,plus,321,0.8003149061016299,0.41491458546763105,0.8002835203569526,0.4148873536652737,0.7195995131997555,0.745480892638443,0.7195551168337462,0.7455248474961915,0.11042107319521029,0.050512018444919704
causal_cuda,plus,322,0.8003460262628976,0.4149416736084639,0.8003149061016299,0.41491458546763105,0.7196002904281144,0.745481886487758,0.7195551168337462,0.7455248474961915,0.11015042873751967,0.050613158263558944
causal_cuda,plus,323,0.800376881309205,0.41496861858177125,0.8003460262628976,0.4149416736084639,0.7196010970224561,0.7454829271094283,0.7195551168337462,0.7455248474961915,0.10985803617438752,0.050714024813686365
causal_cuda,plus,324,0.8004074707335023,0.41499541985804694,0.800376881309205,0.41496861858177125,0.719601907451388,0.7454840110109033,0.7195551168337462,0.7455248474961915,0.10951636000681934,0.05081459500007668
causal_cuda,plus,325,0.8004377930660311,0.4150220758983455,0.8004074707335023,0.41499541985804694,0.7196026955940757,0.7454851338026741,0.7195551168337462,0.7455248474961915,0.10909824857412728,0.05091481812135612
causal_cuda,plus,326,0.8004678458837992,0.4150485841648636,0.8004377930660311,0.4150220758983455,0.7196034349338984,0.7454862905323888,0.7195551168337462,0.7455248474961915,0.10857675842135364,0.051014616216491504
causal_cuda,plus,327,0.8004976258161071,0.41507494112735327,0.8004678458837992,0.4150485841648636,0.7196040986547287,0.7454874758797556,0.7195551168337462,0.7455248474961915,0.10792503087929758,0.05111388427550878
causal_cuda,plus,328,0.8005271285493639,0.41510114226875805,0.8004976258161071,0.41507494112735327,0.7196046599788731,0.7454886843904354,0.7195551168337462,0.7455248474961915,0.10711642180854258,0.05121249042645104
causal_cuda,plus,329,0.800556348839093,0.41512718209836774,0.8005271285493639,0.41510114226875805,0.7196050926003097,0.745489910504382,0.7195551168337462,0.7455248474961915,0.10612500719447929,0.05131027634851648
causal_cuda,plus,330,0.8005852805284398,0.41515305417178044,0.800556348839093,0.41512718209836774,0.7196053707126538,0.745491148604958,0.7195551168337462,0.7455248474961915,0.10492555641189201,0.051407057874030215
causal_cuda,plus,331,0.8006139165667407,0.4151787511109207,0.8005852805284398,0.41515305417178044,0.7196054691275061,0.7454923932912522,0.7195551168337462,0.7455248474961915,0.1034933395223465,0.05150262557319252
causal_cuda,plus,332,0.8006422490300222,0.4152042646260628,0.8006139165667407,0.4151787511109207,0.719605363441396,0.7454936393390252,0.7195551168337462,0.7455248474961915,0.10180438433121662,0.05159674539157777
causal_cuda,plus,333,0.8006702691486033,0.41522958554526374,0.8006422490300222,0.4152042646260628,0.7196050303719899,0.7454948817677989,0.7195551168337462,0.7455248474961915,0.09983581235464459,0.0516891595033826
causal_cuda,plus,334,0.8006979673402785,0.4152547038496421,0.8006702691486033,0.41522958554526374,0.7196044480488382,0.7454961161269974,0.7195551168337462,0.7455248474961915,0.09756584434860177,0.05177958732340926
causal_cuda,plus,335,0.8007253332471026,0.4152796087124046,0.8006979673402785,0.4152547038496421,0.7196035961738808,0.7454973385785771,0.7195551168337462,0.7455248474961915,0.09497389746669194,0.05186772661571126
causal_cuda,plus,336,0.800752355781031,0.4153042885471121,0.8007253332471026,0.4152796087124046,0.7196024562998673,0.745498545760613,0.7195551168337462,0.7455248474961915,0.09204110358131658,0.05195325486965885
causal_cuda,plus,337,0.8007790231900425,0.41532873107736173,0.800752355781031,0.4153042885471121,0.7196010121626635,0.7454997343045142,0.7195551168337462,0.7455248474961915,0.08875132796343084,0.05203583130528955
causal_cuda,plus,338,0.8008053231470526,0.4153529234303053,0.8007790231900425,0.41532873107736173,0.7195992499173739,0.7455009006494101,0.7195551168337462,0.7455248474961915,0.08509169672130984,0.05211509955685756
causal_cuda,plus,339,0.8008312428475693,0.4153768522392975,0.8008053231470526,0.4153529234303053,0.7195971580759775,0.7455020412750292,0.7195551168337462,0.7455248474961915,0.0810522285267671,0.05219069057375236
causal_cuda,plus,340,0.8008567691045952,0.4154005037436092,0.8008312428475693,0.4153768522392975,0.7195947274579234,0.7455031528906655,0.7195551168337462,0.7455248474961915,0.07662553755329302,0.05226222539440073
causal_cuda,plus,341,0.8008818884419054,0.41542386388636804,0.8008567691045952,0.4154005037436092,0.7195919512533618,0.7455042324100056,0.7195551168337462,0.7455248474961915,0.07180694492559389,0.05232931785175765
causal_cuda,plus,342,0.8009065871924379,0.4154469184177586,0.8008818884419054,0.41542386388636804,0.7195888252425625,0.7455052768769926,0.7195551168337462,0.7455248474961915,0.06659484673678932,0.05239157743105238
causal_cuda,plus,343,0.800930851609453,0.41546965301152183,0.8009065871924379,0.4154469184177586,0.7195853480355902,0.7455062832152111,0.7195551168337462,0.7455248474961915,0.06099132813764254,0.05244861251640032
causal_cuda,plus,344,0.8009546679919148,0.41549205339625983,0.800930851609453,0.41546965301152183,0.7195815211774763,0.7455072480656834,0.7195551168337462,0.7455248474961915,0.05500249900104636,0.05250003405586767
causal_cuda,plus,345,0.8009780228184976,0.41551410549569556,0.8009546679919148,0.41549205339625983,0.7195773493782397,0.7455081680079827,0.7195551168337462,0.7455248474961915,0.04863850659981093,0.052545459460276334
causal_cuda,plus,346,0.8010009028779713,0.41553579556506925,0.8009780228184976,0.41551410549569556,0.719572840203137,0.7455090397237263,0.7195551168337462,0.7455248474961915,0.04191294556858787,0.05258451635111783
causal_cuda,plus,347,0.8010232953896967,0.4155571103170874,0.8010009028779713,0.41553579556506925,0.7195680036196054,0.7455098598100506,0.7195551168337462,0.7455248474961915,0.03484252599864192,0.05261684598207239
causal_cuda,plus,348,0.8010451881171864,0.41557803704051166,0.8010232953896967,0.4155571103170874,0.7195628519270932,0.7455106247529961,0.7195551168337462,0.7455248474961915,0.027447019980987794,0.05264210644571676
causal_cuda,plus,349,0.8010665694758448,0.415598563712569,0.8010451881171864,0.41557803704051166,0.7195573996045456,0.7455113309495298,0.7195551168337462,0.7455248474961915,0.01974904412386361,0.05265997570347736
causal_cuda,plus,350,0.8010874286316173,0.415618679101766,0.8010665694758448,0.415598563712569,0.7195516631116532,0.7455119748354556,0.7195551168337462,0.7455248474961915,0.011773651542912728,0.052670154334293784
causal_cuda,plus,351,0.8011077555801419,0.41563837285025446,0.8010874286316173,0.415618679101766,0.7195456606219736,0.7455125534255056,0.7195551168337462,0.7455248474961915,0.0035473230464638256,0.05267236767949157
causal_cuda,plus,352,0.8011275412044072,0.41565763553363316,0.8011077555801419,0.41563837285025446,0.7195394119840627,0.7455130646497229,0.7195551168337462,0.7455248474961915,-0.004902502447519129,0.052666367342709464
causal_cuda,plus,353,0.8011467773228118,0.41567645871064196,0.8011275412044072,0.41565763553363316,0.719532938682218,0.7455135071423216,0.7195551168337462,0.7455248474961915,-0.013547213922213131,0.05265193243502608
causal_cuda,plus,354,0.8011654567328077,0.4156948349681907,0.8011467773228118,0.41567645871064196,0.7195262633961097,0.7455138799276567,0.7195551168337462,0.7455248474961915,-0.0223571873739446,0.05262887071307887
causal_cuda,plus,355,0.8011835732517039,0.4157127579633783,0.8011654567328077,0.4156948349681907,0.7195194097266008,0.7455141821193837,0.7195551168337462,0.7455248474961915,-0.03130175398631658,0.05259701965115937
causal_cuda,plus,356,0.801201121760454,0.4157302224685903,0.8011835732517039,0.4157127579633783,0.7195124024960927,0.7455144129616152,0.7195551168337462,0.7455248474961915,-0.04034887795542259,0.052556247625716423
causal_cuda,plus,357,0.8012180982544853,0.4157472244239046,0.801201121760454,0.4157302224685903,0.7195052679872418,0.7455145718434989,0.7195551168337462,0.7455248474961915,-0.04946487844475233,0.052506455326835066
causal_cuda,plus,358,0.8012344998917491,0.4157637609865808,0.8012180982544853,0.4157472244239046,0.7194980335290947,0.7455146583653252,0.7195551168337462,0.7455248474961915,-0.05861503187726797,0.0524475770722006
causal_cuda,plus,359,0.8012503250256213,0.41577983056468815,0.8012344998917491,0.4157637609865808,0.7194907271181897,0.7455146725510087,0.7195551168337462,0.7455248474961915,-0.06776431352466984,0.05237958164457268
causal_cuda,plus,360,0.8012655732209327,0.4157954328330535,0.8012503250256213,0.41577983056468815,0.7194833771269552,0.7455146148775811,0.7195551168337462,0.7455248474961915,-0.07687780119423769,0.0523024726218182
causal_cuda,plus,361,0.8012802452621324,0.41581056874095584,0.8012655732209327,0.4157954328330535,0.719476012235182,0.7455144860722416,0.7195551168337462,0.7455248474961915,-0.08592050951714185,0.0522162884979025
causal_cuda,plus,362,0.8012943431563457,0.41582524051445885,0.8012802452621324,0.41581056874095584,0.7194686612212063,0.7455142870961043,0.7195551168337462,0.7455248474961915,-0.0948576327585167,0.05212110266862169
causal_cuda,plus,363,0.8013078701300428,0.41583945165207764,0.8012943431563457,0.41582524051445885,0.7194613529606518,0.7455140192819955,0.7195551168337462,0.7455248474961915,-0.10365472049224181,0.052017023240011895
causal_cuda,plus,364,0.8013208306215976,0.4158532069161223,0.8013078701300428,0.41583945165207764,0.7194541164278202,0.7455136843375967,0.7195551168337462,0.7455248474961915,-0.11227768140363407,0.05190419272761915
causal_cuda,plus,365,0.8013332302700779,0.41586651232011673,0.8013208306215976,0.4158532069161223,0.719446980389126,0.7455132841587981,0.7195551168337462,0.7455248474961915,-0.12069293439545205,0.05178278765575328
causal_cuda,plus,366,0.8013450758975619,0.41587937510946144,0.8013332302700779,0.41586651232011673,0.7194399730319727,0.7455128206883217,0.7195551168337462,0.7455248474961915,-0.12886769645751436,0.05165301796756694
causal_cuda,plus,367,0.801356375483994,0.4158918037343085,0.8013450758975619,0.41587937510946144,0.7194331217152213,0.7455122958245027,0.7195551168337462,0.7455248474961915,-0.13677018076537595,0.051515126218902196
causal_cuda,plus,368,0.801367138133309,0.4159038078133525,0.801356375483994,0.4158918037343085,0.7194264528503681,0.745511711560251,0.7195551168337462,0.7455248474961915,-0.1443699184815357,0.05136938651952505
causal_cuda,plus,369,0.8013773740191826,0.4159153980763847,0.801367138133309,0.4159038078133525,0.7194199915044,0.7455110704882347,0.7195551168337462,0.7455248474961915,-0.1516388848923455,0.051216102850844436
causal_cuda,plus,370,0.8013870943061151,0.41592658628115625,0.8013773740191826,0.4159153980763847,0.7194137610753855,0.7455103759612144,0.7195551168337462,0.7455248474961915,-0.1585521030795886,0.05105560665356279
causal_cuda,plus,371,0.8013963110505312,0.4159373851094405,0.8013870943061151,0.41592658628115625,0.7194077829720684,0.7455096321053221,0.7195551168337462,0.7455248474961915,-0.16508805829318476,0.05088825384311235
causal_cuda,plus,372,0.8014050370907422,0.41594780805154585,0.8013963110505312,0.4159373851094405,0.7194020763435962,0.7455088435251205,0.7195551168337462,0.7455248474961915,-0.1712286644150748,0.05071442153592898
causal_cuda,plus,373,0.8014132859339257,0.41595786928780537,0.8014050370907422,0.41594780805154585,0.7193966578893133,0.7455080150128593,0.7195551168337462,0.7455248474961915,-0.17695913555566486,0.050534504729512264
causal_cuda,plus,374,0.8014210716452339,0.41596758357239366,0.8014132859339257,0.41595786928780537,0.7193915418608628,0.7455071513793188,0.7195551168337462,0.7455248474961915,-0.18226776936711173,0.05034891308199008
causal_cuda,plus,375,0.8014284087490082,0.4159769661298502,0.8014210716452339,0.41596758357239366,0.7193867404274923,0.745506257192751,0.7195551168337462,0.7455248474961915,-0.18714516240608348,0.050158068092599706
causal_cuda,plus,376,0.8014353121472019,0.4159860325696446,0.8014284087490082,0.4159769661298502,0.7193822641046094,0.7455053367943281,0.7195551168337462,0.7455248474961915,-0.19158369211296525,0.04996240081959513
causal_cuda,plus,377,0.8014417970447056,0.4159947988080429,0.8014353121472019,0.4159860325696446,0.7193781217798169,0.7455043945670163,0.7195551168337462,0.7455248474961915,-0.19557781780591413,0.04976234979005767
causal_cuda,plus,378,0.8014478788722857,0.41600328098756634,0.8014417970447056,0.4159947988080429,0.7193743204321249,0.7455034348336887,0.7195551168337462,0.7455248474961915,-0.1991243019311601,0.049558358818813986
causal_cuda,plus,379,0.8014535732073187,0.4160114953942176,0.8014478788722857,0.41600328098756634,0.7193708650284765,0.7455024617297252,0.7195551168337462,0.7455248474961915,-0.2022221783581014,0.04935087475806199
causal_cuda,plus,380,0.8014588957020613,0.4160194583826297,0.8014535732073187,0.4160114953942176,0.7193677588654669,0.7455014790281398,0.7195551168337462,0.7455248474961915,-0.20487210617259957,0.0491403454919066
causal_cuda,plus,381,0.8014638620273683,0.4160271863173592,0.8014588957020613,0.4160194583826297,0.7193650038174104,0.7455004899168566,0.7195551168337462,0.7455248474961915,-0.20707578108637667,0.04892721840920444
causal_cuda,plus,382,0.8014684878217099,0.41603469551979705,0.8014638620273683,0.4160271863173592,0.7193625999800186,0.745499496983384,0.7195551168337462,0.7455248474961915,-0.20883636018878562,0.048711939014225436
causal_cuda,plus,383,0.8014727886377793,0.4160420022126027,0.8014684878217099,0.41603469551979705,0.71936054557211,0.7454985022013374,0.7195551168337462,0.7455248474961915,-0.21015856720254597,0.04849494944457433
causal_cuda,plus,384,0.8014767798901218,0.4160491224652685,0.8014727886377793,0.4160420022126027,0.7193588372632624,0.7454975070890436,0.7195551168337462,0.7455248474961915,-0.2110484812419945,0.048276687018642406
causal_cuda,plus,385,0.8014804767929482,0.4160560721295103,0.8014767798901218,0.4160491224652685,0.7193574698510538,0.7454965131422107,0.7195551168337462,0.7455248474961915,-0.21151447938914633,0.0480575824644518
causal_cuda,plus,386,0.8014838942784748,0.41606286675446336,0.8014804767929482,0.4160560721295103,0.7193564358409551,0.745495521936056,0.7195551168337462,0.7455248474961915,-0.2115678885459532,0.04783805754891546
causal_cuda,plus,387,0.801487046903763,0.41606952148995835,0.8014838942784748,0.41606286675446336,0.719355725306238,0.7454945349022073,0.7195551168337462,0.7455248474961915,-0.21122288244138715,0.047618522383118034
causal_cuda,plus,388,0.8014899487565603,0.416076050988827,0.801487046903763,0.41606952148995835,0.719355326105722,0.7454935533603836,0.7195551168337462,0.7455248474961915,-0.21049625040403064,0.04739937272802308
causal_cuda,plus,389,0.8014926133617062,0.41608246930990045,0.8014899487565603,0.416076050988827,0.7193552240327051,0.7454925787049397,0.7195551168337462,0.7455248474961915,-0.20940744553651072,0.047180987335082136
causal_cuda,plus,390,0.8014950535842575,0.4160887898176782,0.8014926133617062,0.41608246930990045,0.7193554028524215,0.7454916126286719,0.7195551168337462,0.7455248474961915,-0.20797881873878454,0.04696372519117631
causal_cuda,plus,391,0.8014972815389416,0.41609502508865326,0.8014950535842575,0.4160887898176782,0.7193558445824233,0.7454906567969204,0.7195551168337462,0.7455248474961915,-0.20623486386280554,0.04674792297890917
causal_cuda,plus,392,0.801499308519487,0.41610118683838987,0.8014972815389416,0.41609502508865326,0.7193565298346946,0.7454897124551659,0.7195551168337462,0.7455248474961915,-0.2042013028326853,0.04653389316140988
causal_cuda,plus,393,0.8015011449494945,0.4161072858710775,0.801499308519487,0.41610118683838987,0.7193574381052615,0.7454887803006229,0.7195551168337462,0.7455248474961915,-0.20190456556776198,0.04632192271509439
causal_cuda,plus,394,0.801502800345578,0.41611333204189555,0.8015011449494945,0.4161072858710775,0.719358547892878,0.745487860626221,0.7195551168337462,0.7455248474961915,-0.199371822968495,0.04611227220343039
causal_cuda,plus,395,0.8015042832854845,0.4161193342245986,0.801502800345578,0.41611333204189555,0.7193598367272644,0.7454869533365339,0.7195551168337462,0.7455248474961915,-0.19663097284900816,0.0459051749713808
causal_cuda,plus,396,0.8015056013827487,0.41612530028590333,0.8015042832854845,0.4161193342245986,0.7193612813952843,0.7454860579090022,0.7195551168337462,0.7455248474961915,-0.19371031039001352,0.04570083652288304
causal_cuda,plus,397,0.8015067612646495,0.4161312370633357,0.8015056013827487,0.41612530028590333,0.7193628580765095,0.7454851736575013,0.7195551168337462,0.7455248474961915,-0.19063868881981155,0.045499433977653325
causal_cuda,plus,398,0.8015077685526613,0.4161371503456752,0.8015067612646495,0.4161312370633357,0.7193645426759763,0.7454842999223973,0.7195551168337462,0.7455248474961915,-0.18744534206080374,0.04530111559139982
causal_cuda,plus,399,0.8015086278499625,0.4161430448607348,0.8015077685526613,0.4161371503456752,0.7193663111050072,0.7454834360649388,0.7195551168337462,0.7455248474961915,-0.18415952772962016,0.04510600048539004
causal_cuda,plus,400,0.8015093427358772,0.41614892427035566,0.8015086278499625,0.4161430448607348,0.7193681391809892,0.7454825812905297,0.7195551168337462,0.7455248474961915,-0.1808104319156042,0.044914178574828156
causal_cuda,minus,1,0.3987808570467977,0.7767190162502958,0.3987343914538457,0.7766285475738759,0.7195505546069066,0.7453355188109316,0.7195551168337462,0.7455248474961915,0.23079395069124606,0.0002328401748457054
causal_cuda,minus,2,0.39882759217919933,0.7768095960975093,0.3987808570467977,0.7767190162502958,0.719535378648992,0.7453283296224209,0.7195551168337462,0.7455248474961915,0.2208308550309136,0.0004557899953567812
causal_cuda,minus,3,0.3988746035580572,0.7769002932017023,0.39882759217919933,0.7768095960975093,0.7195200712836632,0.7453210720258621,0.7195551168337462,0.7455248474961915,0.21078739280376865,0.0006686993292817078
causal_cuda,minus,4,0.39892189537765277,0.7769911114754589,0.3988746035580572,0.7769002932017023,0.7195046931077074,0.7453137575074676,0.7195551168337462,0.7455248474961915,0.20072489326220444,0.0008714834512772995
causal_cuda,minus,5,0.39896946938130307,0.7770820526804247,0.39892189537765277,0.7769911114754589,0.7194893065760447,0.7453064001519984,0.7195551168337462,0.7455248474961915,0.1907038039215048,0.0010641216327371694
causal_cuda,minus,6,0.3990173249190346,0.7771731164519459,0.39896946938130307,0.7770820526804247,0.7194739766200187,0.7452990171353371,0.7195551168337462,0.7455248474961915,0.18078384176755932,0.0012466558598305255
causal_cuda,minus,7,0.3990654590059718,0.7772643003292461,0.3990173249190346,0.7771731164519459,0.7194587703307845,0.7452916287162261,0.7195551168337462,0.7455248474961915,0.17102360230565788,0.0014191895133421895
causal_cuda,minus,8,0.3991138663906697,0.7773555997989783,0.3990654590059718,0.7772643003292461,0.7194437562206648,0.7452842579872283,0.7195551168337462,0.7455248474961915,0.1614799418364258,0.0015818857292799748
causal_cuda,minus,9,0.39916253964140025,0.7774470083590354,0.3991138663906697,0.7773555997989783,0.7194290031073457,0.745276930398143,0.7195551168337462,0.7455248474961915,0.15220717257316124,0.0017349652038092245
causal_cuda,minus,10,0.3992114692488744,0.7775385176005776,0.39916253964140025,0.7774470083590354,0.7194145791663978,0.7452696730524142,0.7195551168337462,0.7455248474961915,0.1432567514010815,0.0018787035101013316
causal_cuda,minus,11,0.3992606437423435,0.7776301173049812,0.3992114692488744,0.7775385176005776,0.7194005511624806,0.7452625142651127,0.7195551168337462,0.7455248474961915,0.13467686558278283,0.002013428021228947
causal_cuda,minus,12,0.39931004981920204,0.7777217955553919,0.3992606437423435,0.7776301173049812,0.7193869834310783,0.745255482891523,0.7195551168337462,0.7455248474961915,0.12651199398576213,0.002139514434844614
causal_cuda,minus,13,0.39935967248682114,0.7778135388614151,0.39931004981920204,0.7777217955553919,0.7193739369669386,0.7452486076622568,0.7195551168337462,0.7455248474961915,0.11880259417926312,0.0022573829395469147
causal_cuda,minus,14,0.3994094952167023,0.7779053322967443,0.39935967248682114,0.7778135388614151,0.7193614685952948,0.7452419166933696,0.7195551168337462,0.7455248474961915,0.11158467517377543,0.002367494019068772
causal_cuda,minus,15,0.3994595001053782,0.7779971596442823,0.3994094952167023,0.7779053322967443,0.7193496305259561,0.7452354369722084,0.7195551168337462,0.7455248474961915,0.10488987968948198,0.0024703440700761803
causal_cuda,minus,16,0.39950966803439675,0.7780890035413885,0.3994595001053782,0.7779971596442823,0.719338470074405,0.7452291939204477,0.7195551168337462,0.7455248474961915,0.09874567962598862,0.002566461060041547
causal_cuda,minus,17,0.3995599788281739,0.7781808456239517,0.39950966803439675,0.7780890035413885,0.7193280294806155,0.7452232112212909,0.7195551168337462,0.7455248474961915,0.09317536442105649,0.002656400247815327
causal_cuda,minus,18,0.3996104114099689,0.7782726666694258,0.3995599788281739,0.7781808456239517,0.7193183457243817,0.7452175105860486,0.7195551168337462,0.7455248474961915,0.0881981014693791,0.0027407399540493316
causal_cuda,minus,19,0.3996609439585034,0.7783644467410858,0.3996104114099689,0.7782726666694258,0.7193094502685968,0.7452121116343703,0.7195551168337462,0.7455248474961915,0.08382876502580239,0.0028200773008961733
causal_cuda,minus,20,0.39971155406843867,0.7784561653364099,0.3996609439585034,0.7783644467410858,0.7193013688883529,0.7452070318804012,0.7195551168337462,0.7455248474961915,0.0800777403549926,0.0028950238267952955
causal_cuda,minus,21,0.3997622189129779,0.7785478015379249,0.39971155406843867,0.7784561653364099,0.7192941217819008,0.7452022868006867,0.7195551168337462,0.7455248474961915,0.07695097822268054,0.002966201036969096
causal_cuda,minus,22,0.3998129154059452,0.7786393341639053,0.3997622189129779,0.7785478015379249,0.7192877238591916,0.7451978900782292,0.7195551168337462,0.7455248474961915,0.0744500513609151,0.0030342359709152333
causal_cuda,minus,23,0.3998636203634844,0.7787307419190432,0.3998129154059452,0.7786393341639053,0.7192821847965878,0.7451938536866144,0.7195551168337462,0.7455248474961915,0.07257211865945506,0.0030997567779991186
causal_cuda,minus,24,0.39991431065926075,0.7788220035392902,0.3998636203634844,0.7787307419190432,0.7192775093629945,0.7451901878160853,0.7195551168337462,0.7455248474961915,0.07131042608801069,0.0031633884922257494
causal_cuda,minus,25,0.3999649633655271,0.7789130979236656,0.39991431065926075,0.7788220035392902,0.7192736978149322,0.7451869008142036,0.7195551168337462,0.7455248474961915,0.07065487551045706,0.003225749228619179
causal_cuda,minus,26,0.4000155558800809,0.7790040042530343,0.3999649633655271,0.7789130979236656,0.7192707461660809,0.7451839992236412,0.7195551168337462,0.7455248474961915,0.07059231513302673,0.003287446783303949
causal_cuda,minus,27,0.4000660660509099,0.7790947021069029,0.4000155558800809,0.7790040042530343,0.719268646183556,0.7451814881381897,0.7195551168337462,0.7455248474961915,0.0711060906120025,0.0033490752673230872
causal_cuda,minus,28,0.4001164723104748,0.7791851715894803,0.4000660660509099,0.7790947021069029,0.7192673852629686,0.7451793715230443,0.7195551168337462,0.7455248474961915,0.0721754892170897,0.0034112114250888226
causal_cuda,minus,29,0.40016675381850947,0.779275393463878,0.4001164723104748,0.7791851715894803,0.7192669463130389,0.7451776521260105,0.7195551168337462,0.7455248474961915,0.07377570713635363,0.003474410698970587
causal_cuda,minus,30,0.40021689060540355,0.7793653492869782,0.40016675381850947,0.779275393463878,0.719267307662252,0.7451763312021832,0.7195551168337462,0.7455248474961915,0.07587807744817238,0.0035392032902166193
causal_cuda,minus,31,0.4002668637115005,0.7794550215405472,0.40021689060540355,0.7793653492869782,0.7192684432584769,0.7451754085605585,0.7195551168337462,0.7455248474961915,0.07845026193416257,0.003606090350103841
causal_cuda,minus,32,0.4003166553245504,0.7795443937607247,0.4002668637115005,0.7794550215405472,0.7192703228719957,0.7451748828497687,0.7195551168337462,0.7455248474961915,0.08145614842556213,0.003675540221308893
causal_cuda,minus,33,0.40036624891321276,0.7796334506638991,0.4003166553245504,0.7795443937607247,0.7192729124295512,0.7451747516452765,0.7195551168337462,0.7455248474961915,0.08485616015794693,0.00374798479865035
causal_cuda,minus,34,0.4004156293406805,0.7797221782540212,0.40036624891321276,0.7796334506638991,0.7192761747251092,0.7451750111900795,0.7195551168337462,0.7455248474961915,0.08860846901659396,0.0038238164952986153
causal_cuda,minus,35,0.40046478294706267,0.7798105639006218,0.4004156293406805,0.7797221782540212,0.7192800700460297,0.745175656187576,0.7195551168337462,0.7455248474961915,0.09267003792542265,0.0039033861340556086
causal_cuda,minus,36,0.4005136976058918,0.7798985963926279,0.40046478294706267,0.7798105639006218,0.7192845564823288,0.745176679808154,0.7195551168337462,0.7455248474961915,0.09699700018250555,0.003987001566542858
causal_cuda,minus,37,0.400562362762731,0.7799862659754884,0.4005136976058918,0.7798985963926279,0.7192895903031292,0.7451780738047322,0.7195551168337462,0.7455248474961915,0.10154498667185033,0.00407492677669552
causal_cuda,minus,38,0.4006107694551535,0.7800735643709069,0.400562362762731,0.7799862659754884,0.7192951267300296,0.7451798287646137,0.7195551168337462,0.7455248474961915,0.1062697787164679,0.004167381500082001
causal_cuda,minus,39,0.40065891032035145,0.7801604847850286,0.4006107694551535,0.7800735643709069,0.7193011202896061,0.745181934505147,0.7195551168337462,0.7455248474961915,0.11112725533703612,0.004264541163962576
causal_cuda,minus,40,0.4007067796009677,0.7802470219150498,0.40065891032035145,0.7801604847850286,0.7193075248284388,0.7451843802802598,0.7195551168337462,0.7455248474961915,0.11607315518903644,0.004366536835590296
causal_cuda,minus,41,0.4007543731486021,0.7803331719537057,0.4007067796009677,0.7802470219150498,0.7193142935464658,0.7451871546210884,0.7195551168337462,0.7455248474961915,0.12106331853860602,0.004473455216526645
causal_cuda,minus,42,0.40080168841996283,0.7804189325868656,0.4007543731486021,0.7803331719537057,0.7193213791973841,0.7451902452781934,0.7195551168337462,0.7455248474961915,0.12605401086232498,0.004585338844805165
causal_cuda,minus,43,0.40084872446024505,0.7805043029791489,0.40080168841996283,0.7804189325868656,0.7193287345979453,0.7451936392989581,0.7195551168337462,0.7455248474961915,0.13100246320052672,0.004702186664474084
causal_cuda,minus,44,0.40089548187117646,0.7805892837451059,0.40084872446024505,0.7805043029791489,0.7193363132481668,0.7451973232977058,0.7195551168337462,0.7455248474961915,0.13586730996962856,0.004823955032520644
causal_cuda,minus,45,0.40094196276982225,0.7806738769117515,0.40089548187117646,0.7805892837451059,0.7193440698233542,0.745201283985585,0.7195551168337462,0.7455248474961915,0.14060854183021504,0.0049505589654472715
causal_cuda,minus,46,0.4009881707393174,0.7807580858735164,0.40094196276982225,0.7806738769117515,0.7193519604293664,0.7452055081496054,0.7195551168337462,0.7455248474961915,0.14518785058075775,0.0050818736005169285
causal_cuda,minus,47,0.4010341107669776,0.7808419153353271,0.4009881707393174,0.7807580858735164,0.7193599426656582,0.7452099823242132,0.7195551168337462,0.7455248474961915,0.1495691175758724,0.005217736014287766
causal_cuda,minus,48,0.4010797891674057,0.7809253712415659,0.4010341107669776,0.7808419153353271,0.7193679757892738,0.745214692596404,0.7195551168337462,0.7455248474961915,0.15371886101969515,0.0053579474638922875
causal_cuda,minus,49,0.4011252134870654,0.781008460687555,0.4010797891674057,0.7809253712415659,0.719376021195285,0.7452196245505772,0.7195551168337462,0.7455248474961915,0.1576069035282088,0.005502276156704511
causal_cuda,minus,50,0.40117039238961033,0.7810911918129146,0.4011252134870654,0.781008460687555,0.7193840429461967,0.7452247634135556,0.7195551168337462,0.7455248474961915,0.16120685049987263,0.005650460558058512
causal_cuda,minus,51,0.4012153355276574,0.7811735736821315,0.40117039238961033,0.7810911918129146,0.7193920082819664,0.7452300944577355,0.7195551168337462,0.7455248474961915,0.16449622171511652,0.005802213059155292
causal_cuda,minus,52,0.40126005340086396,0.7812556161522054,0.4012153355276574,0.7811735736821315,0.7193998881256964,0.7452356030823668,0.7195551168337462,0.7455248474961915,0.16745697935686601,0.005957224018402485
causal_cuda,minus,53,0.40130455719843133,0.7813373297255766,0.40126005340086396,0.7812556161522054,0.7194076573210904,0.7452412747109036,0.7195551168337462,0.7455248474961915,0.1700759507104979,0.006115166233399805
causal_cuda,minus,54,0.4013488586420002,0.7814187254033397,0.40130455719843133,0.7813373297255766,0.7194152941747477,0.7452470949678414,0.7195551168337462,0.7455248474961915,0.17234403408848334,0.006275699347042973
causal_cuda,minus,55,0.40139296985012246,0.7814998145587467,0.4013488586420002,0.7814187254033397,0.7194227798107135,0.7452530499795924,0.7195551168337462,0.7455248474961915,0.1742550158926317,0.006438473565339109
causal_cuda,minus,56,0.4014369032241218,0.7815806088307694,0.40139296985012246,0.7814998145587467,0.7194300979135426,0.7452591263384558,0.7195551168337462,0.7455248474961915,0.17580529376155557,0.006603132741417994
causal_cuda,minus,57,0.4014806713461998,0.7816611200290581,0.4014369032241218,0.7815806088307694,0.7194372345882798,0.7452653110599741,0.7195551168337462,0.7455248474961915,0.17699375419305644,0.006769317119164953
causal_cuda,minus,58,0.4015242868863346,0.7817413600470612,0.4014806713461998,0.7816611200290581,0.7194441781728161,0.745271591571382,0.7195551168337462,0.7455248474961915,0.17782155214086895,0.006936665834984979
causal_cuda,minus,59,0.40156776251279885,0.7818213407784073,0.4015242868863346,0.7817413600470612,0.7194509191686903,0.7452779555328153,0.7195551168337462,0.7455248474961915,0.17829224751174305,0.007104819334159629
causal_cuda,minus,60,0.40161111080334877,0.7819010740338177,0.40156776251279885,0.7818213407784073,0.7194574501284919,0.7452843907377377,0.7195551168337462,0.7455248474961915,0.17841178881533154,0.007273421779899536
causal_cuda,minus,61,0.4016543441572751,0.7819805714587214,0.40161111080334877,0.7819010740338177,0.7194637656967509,0.7452908851761104,0.7195551168337462,0.7455248474961915,0.17818848549552238,0.00744212344292805
causal_cuda,minus,62,0.40169747470952777,0.782059844452743,0.4016543441572751,0.7819805714587214,0.7194698627450077,0.7452974272581353,0.7195551168337462,0.7455248474961915,0.17763289760123022,0.007610583031492979
causal_cuda,minus,63,0.4017405142509032,0.7821389040948126,0.40169747470952777,0.782059844452743,0.7194757403241115,0.7453040060318149,0.7195551168337462,0.7455248474961915,0.17675750519406178,0.007778469840275193
causal_cuda,minus,64,0.40178347415291793,0.7822177610726325,0.4017405142509032,0.7821389040948126,0.7194813996709675,0.745310611162931,0.7195551168337462,0.7455248474961915,0.17557674248831268,0.007945465768983695
causal_cuda,minus,65,0.4018263652901366,0.7822964256096426,0.40178347415291793,0.7822177610726325,0.7194868443631562,0.7453172328321194,0.7195551168337462,0.7455248474961915,0.1741073202432079,0.008111267432667546
causal_cuda,minus,66,0.40186919795252585,0.782374907382492,0.4018263652901366,0.7822964256096426,0.7194920807137604,0.7453238617329239,0.7195551168337462,0.7455248474961915,0.17236872213025184,0.008275588579834903
causal_cuda,minus,67,0.40191198175467474,0.7824532154354745,0.40186919795252585,0.782374907382492,0.7194971175002736,0.7453304890958813,0.7195551168337462,0.7455248474961915,0.17038283733553458,0.008438162587992792
causal_cuda,minus,68,0.40195472555071643,0.7825313581002975,0.40191198175467474,0.7824532154354745,0.7195019657028867,0.7453371066731888,0.7195551168337462,0.7455248474961915,0.16817365408639082,0.008598744775781597
causal_cuda,minus,69,0.4019974373596248,0.7826093429255727,0.40195472555071643,0.7825313581002975,0.7195066381945574,0.745343706780584,0.7195551168337462,0.7455248474961915,0.1657668214831329,0.008757114401163335
causal_cuda,minus,70,0.40204012430833463,0.7826871766230623,0.4019974373596248,0.7826093429255727,0.7195111491182853,0.745350282300307,0.7195551168337462,0.7455248474961915,0.16318886921854253,0.008913076129829278
causal_cuda,minus,71,0.40208279259657914,0.7827648650343606,0.40204012430833463,0.7826871766230623,0.7195155134561478,0.7453568267587222,0.7195551168337462,0.7455248474961915,0.16046657326823358,0.00906646087295826
causal_cuda,minus,72,0.4021254474740618,0.7828424131091318,0.40208279259657914,0.7827648650343606,0.7195197468761432,0.7453633340781257,0.7195551168337462,0.7455248474961915,0.1576270751003943,0.009217126298949552
causal_cuda,minus,73,0.40216809322114266,0.782919824886581,0.4021254474740618,0.7828424131091318,0.7195238655088299,0.7453697983115166,0.7195551168337462,0.7455248474961915,0.15469793438060186,0.009364957275636243
causal_cuda,minus,74,0.40221073313793315,0.7829971034847827,0.40216809322114266,0.782919824886581,0.7195278856574022,0.745376213792559,0.7195551168337462,0.7455248474961915,0.15170657991692338,0.00950986607597315
causal_cuda,minus,75,0.40225336954782887,0.7830742511036318,0.40221073313793315,0.7829971034847827,0.719531823496741,0.7453825752316484,0.7195551168337462,0.7455248474961915,0.14867981389929844,0.009651792167858275
causal_cuda,minus,76,0.40229600381214287,0.7831512690382139,0.40225336954782887,0.7830742511036318,0.7195356948030626,0.7453888775181539,0.7195551168337462,0.7455248474961915,0.14564372109962426,0.009790701701376747
causal_cuda,minus,77,0.4023386363537562,0.7832281577006893,0.40229600381214287,0.7831512690382139,0.719539514667004,0.7453951156556506,0.7195551168337462,0.7455248474961915,0.14262339116675432,0.009926586752840194
causal_cuda,minus,78,0.40238126669100305,0.7833049166517888,0.4023386363537562,0.7832281577006893,0.7195432971727866,0.7454012846966183,0.7195551168337462,0.7455248474961915,0.13964259908682025,0.010059464287053288
causal_cuda,minus,79,0.4024238934774787,0.7833815446379077,0.40238126669100305,0.7833049166517888,0.7195470555865997,0.7454073798705744,0.7195551168337462,0.7455248474961915,0.13672387996711363,0.010189374971503184
causal_cuda,minus,80,0.40246651453891064,0.7834580396254084,0.4024238934774787,0.7833815446379077,0.7195508027623945,0.7454133966867259,0.7195551168337462,0.7455248474961915,0.1338889072057555,0.010316382107589561
causal_cuda,minus,81,0.40250912691148283,0.7835343988362792,0.40246651453891064,0.7834580396254084,0.7195545508063489,0.7454193309317727,0.7195551168337462,0.7455248474961915,0.13115807566358947,0.010440570523087445
causal_cuda,minus,82,0.4025517268924668,0.7836106187954576,0.40250912691148283,0.7835343988362792,0.7195583105875725,0.7454251786841326,0.7195551168337462,0.7455248474961915,0.1285498721766889,0.01056204509737313
causal_cuda,minus,83,0.40259431010597024,0.7836866953924636,0.4025517268924668,0.7836106187954576,0.7195620915038011,0.7454309363885142,0.7195551168337462,0.7455248474961915,0.12608048913916287,0.010680928851115823
causal_cuda,minus,84,0.40263687157459366,0.7837626239486346,0.40259431010597024,0.7836866953924636,0.719565901724201,0.7454366008903575,0.7195551168337462,0.7455248474961915,0.12376408423314122,0.010797360894969188
causal_cuda,minus,85,0.40267940578417316,0.7838383992778237,0.40263687157459366,0.7837626239486346,0.719569748478056,0.7454421692694663,0.7195551168337462,0.7455248474961915,0.1216133484391734,0.010911494617175777
causal_cuda,minus,86,0.40272190674024233,0.7839140157392748,0.40267940578417316,0.7838383992778237,0.7195736379665203,0.7454476386788542,0.7195551168337462,0.7455248474961915,0.1196395967617174,0.011023496126199461
causal_cuda,minus,87,0.4027643680230487,0.7839894672891711,0.40272190674024233,0.7839140157392748,0.7195775751697477,0.7454530063017174,0.7195551168337462,0.7455248474961915,0.11785258072727738,0.011133542728430257
causal_cuda,minus,88,0.4028067828581333,0.7840647475469512,0.4027643680230487,0.7839894672891711,0.7195815633964956,0.7454582697964807,0.7195551168337462,0.7455248474961915,0.11625936941410815,0.011241820923601153
causal_cuda,minus,89,0.4028491442136155,0.7841398498869521,0.4028067828581333,0.7840647475469512,0.7195856040520453,0.7454634277682254,0.7195551168337462,0.7455248474961915,0.11486347023613923,0.01134852360942773
causal_cuda,minus,90,0.402891444909348,0.7842147675413161,0.4028491442136155,0.7841398498869521,0.7195896966159463,0.7454684793825759,0.7195551168337462,0.7455248474961915,0.11366528326482354,0.011453846982021787
causal_cuda,minus,91,0.40293367772163874,0.7842894936986955,0.402891444909348,0.7842147675413161,0.7195938385129325,0.7454734238824489,0.7195551168337462,0.7455248474961915,0.11266254356916017,0.011557987612519582
causal_cuda,minus,92,0.4029758354770992,0.7843640215926937,0.40293367772163874,0.7842894936986955,0.7195980252910869,0.7454782604081033,0.7195551168337462,0.7455248474961915,0.11185076858741833,0.011661139869431736
causal_cuda,minus,93,0.40301791112716734,0.7844383445720772,0.4029758354770992,0.7843640215926937,0.7196022512325574,0.7454829878967647,0.7195551168337462,0.7455248474961915,0.11122414657713887,0.011763493926054025
causal_cuda,minus,94,0.40305989780056667,0.7845124561501486,0.40301791112716734,0.7844383445720772,0.7196065097087865,0.7454876049918578,0.7195551168337462,0.7455248474961915,0.11077609392500781,0.011865234412454129
causal_cuda,minus,95,0.4031017888447838,0.7845863500438175,0.40305989780056667,0.7845124561501486,0.7196107929186992,0.74549210992442,0.7195551168337462,0.7455248474961915,0.11049907631499771,0.01196653935625136
causal_cuda,minus,96,0.4031435778669056,0.7846600202121429,0.4031017888447838,0.7845863500438175,0.7196150918721989,0.7454965006484833,0.7195551168337462,0.7455248474961915,0.11038441907853194,0.012067579110180304
causal_cuda,minus,97,0.4031852587809885,0.7847334609011423,0.4031435778669056,0.7846600202121429,0.7196193965615681,0.7455007753471846,0.7195551168337462,0.7455248474961915,0.11042188913587081,0.012168515064018948
causal_cuda,minus,98,0.40322682586967035,0.7848066667021241,0.4031852587809885,0.7847334609011423,0.7196236958275886,0.7455049328151402,0.7195551168337462,0.7455248474961915,0.1105990501310127,0.012269497922744677
causal_cuda,minus,99,0.4032682738753406,0.7848796326380608,0.40322682586967035,0.7848066667021241,0.7196279771635941,0.745508973412243,0.7195551168337462,0.7455248474961915,0.11089982612089383,0.012370665099126654
causal_cuda,minus,100,0.4033095981113306,0.7849523542689585,0.4032682738753406,0.7848796326380608,0.7196322270535378,0.7455128991956759,0.7195551168337462,0.7455248474961915,0.11130475922524469,0.012472137555562313
causal_cuda,minus,101,0.403350794555794,0.785024827780848,0.4033095981113306,0.7849523542689585,0.7196364314101283,0.7455167129240379,0.7195551168337462,0.7455248474961915,0.1117928014786339,0.012574017233220047
causal_cuda,minus,102,0.4033918599209892,0.7850970500514379,0.403350794555794,0.785024827780848,0.7196405753350746,0.7455204175987519,0.7195551168337462,0.7455248474961915,0.11234158844003682,0.012676385222277986
causal_cuda,minus,103,0.4034327917143346,0.7851690187080547,0.4033918599209892,0.7850970500514379,0.7196446427838231,0.7455240163498403,0.7195551168337462,0.7455248474961915,0.11292716320768197,0.012779300144927674
causal_cuda,minus,104,0.40347358829097285,0.78524073217764,0.4034327917143346,0.7851690187080547,0.7196486165279835,0.7455275119496614,0.7195551168337462,0.7455248474961915,0.11352453713840144,0.01288279677729065
causal_cuda,minus,105,0.4035142488917585,0.7853121897229838,0.40347358829097285,0.78524073217764,0.7196524781523357,0.7455309064081218,0.7195551168337462,0.7455248474961915,0.11410819191522463,0.012986885094449008
causal_cuda,minus,106,0.40355477366576425,0.7853833914643574,0.4035142488917585,0.7853121897229838,0.7196562081699218,0.7455342007497439,0.7195551168337462,0.7455248474961915,0.11465250187532584,0.01309154975544402
causal_cuda,minus,107,0.4035951636725523,0.785454338382016,0.40355477366576425,0.7853833914643574,0.7196597866650004,0.7455373950123368,0.7195551168337462,0.7455248474961915,0.1151325388829283,0.013196750171715621
causal_cuda,minus,108,0.40363542086638216,0.7855250323016284,0.4035951636725523,0.785454338382016,0.7196631937115824,0.7455404884631243,0.7195551168337462,0.7455248474961915,0.11552432507456857,0.013302421076787141
causal_cuda,minus,109,0.4036755480755868,0.7855954758751709,0.40363542086638216,0.7855250323016284,0.7196664093672794,0.7455434798782782,0.7195551168337462,0.7455248474961915,0.11580447575607089,0.013408473192157544
causal_cuda,minus,110,0.4037155489845629,0.7856656725643538,0.4036755480755868,0.7855954758751709,0.7196694137589618,0.7455463677496014,0.7195551168337462,0.7455248474961915,0.11595004797589638,0.013514793784253243
causal_cuda,minus,111,0.40375542811895093,0.7857356266271034,0.4037155489845629,0.7856656725643538,0.7196721870865025,0.7455491503623645,0.7195551168337462,0.7455248474961915,0.11593844768902947,0.013621247111387902
causal_cuda,minus,112,0.4037951908365696,0.7858053431094835,0.40375542811895093,0.7857356266271034,0.7196747095793402,0.7455518259917469,0.7195551168337462,0.7455248474961915,0.11574712975940779,0.01372767469084124
causal_cuda,minus,113,0.40383484332342334,0.7858748278424452,0.4037951908365696,0.7858053431094835,0.7196769615384355,0.7455543929731637,0.7195551168337462,0.7455248474961915,0.11535356216470942,0.01383389541553015
causal_cuda,minus,114,0.4038743925879046,0.785944087436843,0.40383484332342334,0.7858748278424452,0.7196789235737069,0.7455568496916651,0.7195551168337462,0.7455248474961915,0.1147355354907082,0.013939705734344443
causal_cuda,minus,115,0.4039138464436038,0.7860131292676296,0.4038743925879046,0.785944087436843,0.7196805771665817,0.7455591946439675,0.7195551168337462,0.7455248474961915,0.11387178785035791,0.014044880179653774
causal_cuda,minus,116,0.40395321347672014,0.7860819614434315,0.4039138464436038,0.7860131292676296,0.7196819051677582,0.7455614265802188,0.7195551168337462,0.7455248474961915,0.11274244927020659,0.014149172344730232
causal_cuda,minus,117,0.40399250300436584,0.7861505927674629,0.40395321347672014,0.7860819614434315,0.7196828920854264,0.7455635448344778,0.7195551168337462,0.7455248474961915,0.11132898856805129,0.014252316104915508
causal_cuda,minus,118,0.4040317250308445,0.7862190326965516,0.40399250300436584,0.7861505927674629,0.7196835241547762,0.7455655494761149,0.7195551168337462,0.7455248474961915,0.10961411076704076,0.014354026872098302
causal_cuda,minus,119,0.40407089020086945,0.7862872912972387,0.4040317250308445,0.7862190326965516,0.7196837893644455,0.7455674411593151,0.7195551168337462,0.7455248474961915,0.10758197797515233,0.014454002927749343
causal_cuda,minus,120,0.404110009742196,0.7863553791918271,0.40407089020086945,0.7862872912972387,0.7196836778733006,0.745569221084681,0.7195551168337462,0.7455248474961915,0.10521877802067438,0.014551927066491999
causal_cuda,minus,121,0.4041490953911519,0.786423307488147,0.404110009742196,0.7863553791918271,0.7196831826660371,0.745570891153992,0.7195551168337462,0.7455248474961915,0.10251335033628656,0.014647468737848612
causal_cuda,minus,122,0.4041881593061679,0.78649108769791,0.4041490953911519,0.786423307488147,0.7196822997596982,0.7455724541767192,0.7195551168337462,0.7455248474961915,0.09945718628112887,0.01474028651335857
causal_cuda,minus,123,0.404227213972854,0.7865587316470081,0.4041881593061679,0.78649108769791,0.7196810280463536,0.7455739135016914,0.7195551168337462,0.7455248474961915,0.09604469330498945,0.014830030776892045
causal_cuda,minus,124,0.4042662720999229,0.7866262513770962,0.404227213972854,0.7865587316470081,0.719679369065358,0.7455752725818835,0.7195551168337462,0.7455248474961915,0.09227345489569946,0.01491634666393793
causal_cuda,minus,125,0.40430534651105526,0.7866936590432687,0.4042662720999229,0.7866262513770962,0.719677326724035,0.7455765348125267,0.7195551168337462,0.7455248474961915,0.08814408474083099,0.014998877092665452
causal_cuda,minus,126,0.4043444500371695,0.7867609668120795,0.40430534651105526,0.7866936590432687,0.7196749073996818,0.7455777036998139,0.7195551168337462,0.7455248474961915,0.08366014439309513,0.015077265761505032
causal_cuda,minus,127,0.40438359540851515,0.7868281867593385,0.4043444500371695,0.7867609668120795,0.7196721199653214,0.7455787828390384,0.7195551168337462,0.7455248474961915,0.07882820387689916,0.015151160140277398
causal_cuda,minus,128,0.40442279514501445,0.7868953307661752,0.40438359540851515,0.7868281867593385,0.7196689756300055,0.7455797756920652,0.7195551168337462,0.7455248474961915,0.07365792138451942,0.015220214506399543
causal_cuda,minus,129,0.40446206144997704,0.7869624104182319,0.40442279514501445,0.7868953307661752,0.7196654876337113,0.7455806855790519,0.7195551168337462,0.7455248474961915,0.06816167350912061,0.015284092866352239
causal_cuda,minus,130,0.40450140611140534,0.7870294369120125,0.40446206144997704,0.7869624104182319,0.7196616710143043,0.7455815156519774,0.7195551168337462,0.7455248474961915,0.062354298168245795,0.01534247164494218
causal_cuda,minus,131,0.4045408404091317,0.7870964209666974,0.40450140611140534,0.7870294369120125,0.7196575427184481,0.7455822690565506,0.7195551168337462,0.7455248474961915,0.05625303181767867,0.015395042206051812
causal_cuda,minus,132,0.40458037502612443,0.7871633727398507,0.4045408404091317,0.7870964209666974,0.7196531216793206,0.745582949093321,0.7195551168337462,0.7455248474961915,0.04987740602008411,0.015441513255694872
causal_cuda,minus,133,0.40462001995704594,0.7872303017404425,0.40458037502612443,0.7871633727398507,0.7196484289881057,0.7455835590673467,0.7195551168337462,0.7455248474961915,0.04324965029202031,0.015481613340739386
causal_cuda,minus,134,0.404659784414702,0.7872972167397847,0.40462001995704594,0.7872303017404425,0.7196434877822105,0.7455841023120007,0.7195551168337462,0.7455248474961915,0.03639452304155916,0.015515093407827862
causal_cuda,minus,135,0.4046996767425742,0.7873641256882074,0.404659784414702,0.7872972167397847,0.7196383229971519,0.7455845822790393,0.7195551168337462,0.7455248474961915,0.02933888896980665,0.015541729171104635
causal_cuda,minus,136,0.4047397043376223,0.7874310356414396,0.4046996767425742,0.7873641256882074,0.719632961129231,0.7455850025755746,0.7195551168337462,0.7455248474961915,0.022111375985039924,0.015561323174665631
causal_cuda,minus,137,0.40477987358751105,0.7874979527006652,0.4047397043376223,0.7874310356414396,0.7196274298078003,0.745585366996975,0.7195551168337462,0.7455248474961915,0.014741798872100023,0.015573706431581513
causal_cuda,minus,138,0.40482018982498474,0.7875648819688251,0.40477987358751105,0.7874979527006652,0.7196217573534274,0.7455856794942706,0.7195551168337462,0.7455248474961915,0.007260646899216881,0.015578739569008349
causal_cuda,minus,139,0.4048606572977235,0.7876318275215984,0.40482018982498474,0.7875648819688251,0.7196159724789475,0.7455859441419576,0.7195551168337462,0.7455248474961915,-0.00030125070554406315,0.015576313539497733
causal_cuda,minus,140,0.40490127915236385,0.7876987923917975,0.4048606572977235,0.7876318275215984,0.7196101040960484,0.7455861652558294,0.7195551168337462,0.7455248474961915,-0.007913115062931263,0.015566349940371538
causal_cuda,minus,141,0.40494205743048794,0.787765778565111,0.40490127915236385,0.7876987923917975,0.7196041812285233,0.7455863474848429,0.7195551168337462,0.7455248474961915,-0.015544442262483148,0.015548801007696511
causal_cuda,minus,142,0.40498299306827135,0.7878327869792863,0.40494205743048794,0.787765778565111,0.7195982332117444,0.7455864958147607,0.7195551168337462,0.7455248474961915,-0.023164759973453047,0.015523649538039308
causal_cuda,minus,143,0.4050240858961296,0.7878998175232842,0.40498299306827135,0.7878327869792863,0.7195922899577111,0.7455866158473823,0.7195551168337462,0.7455248474961915,-0.030743646583170203,0.015490908832077821
causal_cuda,minus,144,0.4050653346322497,0.7879668690306006,0.4050240858961296,0.7878998175232842,0.7195863821222653,0.7455867135690071,0.7195551168337462,0.7455248474961915,-0.0382502341687152,0.015450622840347705
causal_cuda,minus,145,0.405106736867159,0.7880339392640444,0.4050653346322497,0.7879668690306006,0.7195805409024284,0.7455867949826891,0.7195551168337462,0.7455248474961915,-0.04565300354117818,0.015402866580046748
causal_cuda,minus,146,0.4051482890474181,0.788101024899687,0.405106736867159,0.7880339392640444,0.719574797543769,0.7455868658750134,0.7195551168337462,0.7455248474961915,-0.05292010980235757,0.015347746565282705
causal_cuda,minus,147,0.40518998646456866,0.7881681215158367,0.4051482890474181,0.788101024899687,0.7195691830152738,0.7455869316702043,0.7195551168337462,0.7455248474961915,-0.06001960753270976,0.01528540107389631
causal_cuda,minus,148,0.40523182324948925,0.7882352235871652,0.40518998646456866,0.7881681215158367,0.71956372767659,0.7455869971892668,0.7195551168337462,0.7455248474961915,-0.06691956661170272,0.015216000258078566
causal_cuda,minus,149,0.4052737923700919,0.7883023244820214,0.40523182324948925,0.7882352235871652,0.7195584610980037,0.745587066481301,0.7195551168337462,0.7455248474961915,-0.07358808711175935,0.015139746165004908
causal_cuda,minus,150,0.40531588563881976,0.7883694164690583,0.4052737923700919,0.7883023244820214,0.7195534117368686,0.745587143006688,0.7195551168337462,0.7455248474961915,-0.07999393305561313,0.015056872467482663
causal_cuda,minus,151,0.4053580937430545,0.7884364907456897,0.40531588563881976,0.7883694164690583,0.7195486063070524,0.745587229849834,0.7195551168337462,0.7455248474961915,-0.08610758629040777,0.014967643514324891
causal_cuda,minus,152,0.4054004063009202,0.788503537490738,0.4053580937430545,0.7884364907456897,0.719544069166175,0.7455873295758274,0.7195551168337462,0.7455248474961915,-0.09190183260396023,0.014872352653327425
causal_cuda,minus,153,0.4054428119396241,0.7885705459385487,0.4054004063009202,0.788503537490738,0.7195398219287011,0.7455874443026823,0.7195551168337462,0.7455248474961915,-0.09735233456059225,0.0147713199250461
causal_cuda,minus,154,0.4054852983961194,0.7886375044743426,0.4054428119396241,0.7885705459385487,0.719535883300813,0.7455875760503936,0.7195551168337462,0.7455248474961915,-0.10243827269202772,0.014664889135588055
causal_cuda,minus,155,0.40552785262987556,0.788704400741108,0.4054852983961194,0.7886375044743426,0.7195322691476448,0.7455877266669702,0.7195551168337462,0.7455248474961915,-0.10714216748025095,0.014553424627251843
causal_cuda,minus,156,0.4055704609274516,0.7887712217386904,0.40552785262987556,0.788704400741108,0.7195289929604426,0.7455878975643168,0.7195551168337462,0.7455248474961915,-0.11144896403834419,0.014437308349187106
causal_cuda,minus,157,0.40561310899127523,0.7888379539078283,0.4055704609274516,0.7887712217386904,0.7195260660671144,0.7455880895918252,0.7195551168337462,0.7455248474961915,-0.11534560958484232,0.014316937420318254
causal_cuda,minus,158,0.405655782017798,0.788904583204114,0.40561310899127523,0.7888379539078283,0.719523497723687,0.7455883030556824,0.7195551168337462,0.7455248474961915,-0.11882096183066107,0.014192722001297398
causal_cuda,minus,159,0.4056984647699785,0.7889710951666034,0.405655782017798,0.788904583204114,0.7195212953890429,0.7455885379469692,0.7195551168337462,0.7455248474961915,-0.12186572929123723,0.01406508332340195
causal_cuda,minus,160,0.4057411416508307,0.7890374749875084,0.4056984647699785,0.7889710951666034,0.7195194647815297,0.7455887942327858,0.7195551168337462,0.7455248474961915,-0.12447276291632925,0.013934451670934322
causal_cuda,minus,161,0.40578379677652604,0.7891037075815064,0.4057411416508307,0.7890374749875084,0.7195180098589482,0.7455890716397163,0.7195551168337462,0.7455248474961915,-0.1266368093500215,0.013801264379139866
causal_cuda,minus,162,0.405826414039999,0.7891697776460496,0.40578379677652604,0.7891037075815064,0.7195169330563784,0.7455893694462746,0.7195551168337462,0.7455248474961915,-0.12835395352465187,0.013665964122367313
causal_cuda,minus,163,0.4058689771591637,0.7892356697070223,0.405826414039999,0.7891697776460496,0.7195162356995296,0.7455896864601848,0.7195551168337462,0.7455248474961915,-0.12962107312272392,0.01352899765777238
causal_cuda,minus,164,0.4059114697261747,0.7893013681654245,0.4058689771591637,0.7892356697070223,0.7195159175775857,0.7455900213012174,0.7195551168337462,0.7455248474961915,-0.1304367248425785,0.013390814503225101
causal_cuda,minus,165,0.40595387527592025,0.789366857362455,0.4059114697261747,0.7893013681654245,0.7195159765180885,0.7455903726955972,0.7195551168337462,0.7455248474961915,-0.13080204270469967,0.01325186502026554
causal_cuda,minus,166,0.4059961773697912,0.789432121659217,0.40595387527592025,0.789366857362455,0.7195164082273299,0.7455907393457212,0.7195551168337462,0.7455248474961915,-0.13072077442873356,0.013112598060473601
causal_cuda,minus,167,0.40603835968295826,0.7894971455197595,0.4059961773697912,0.789432121659217,0.7195172062646765,0.7455911197276502,0.7195551168337462,0.7455248474961915,-0.13019906057760522,0.012973458538795057
causal_cuda,minus,168,0.40608040608693485,0.789561913589652,0.40603835968295826,0.7894971455197595,0.7195183622607235,0.7455915120338381,0.7195551168337462,0.7455248474961915,-0.1292450908182544,0.01283488516912712
causal_cuda,minus,169,0.4061223007304935,0.7896264107729865,0.40608040608693485,0.789561913589652,0.7195198659608127,0.7455919143924554,0.7195551168337462,0.7455248474961915,-0.12786932407815554,0.012697308250011474
causal_cuda,minus,170,0.40616402812578084,0.7896906223143951,0.4061223007304935,0.7896264107729865,0.7195217051940817,0.7455923250795986,0.7195551168337462,0.7455248474961915,-0.1260847930748477,0.012561147291023644
causal_cuda,minus,171,0.4062055732438812,0.7897545338901192,0.40616402812578084,0.7896906223143951,0.7195238656008511,0.745592742545924,0.7195551168337462,0.7455248474961915,-0.1239074791423001,0.012426808361453823
causal_cuda,minus,172,0.40624692162500275,0.7898181317130724,0.4062055732438812,0.7897545338901192,0.7195263304365159,0.7455931656949027,0.7195551168337462,0.7455248474961915,-0.12135690605126312,0.012294681011013608
causal_cuda,minus,173,0.4062880594999386,0.7898814026487081,0.40624692162500275,0.7898181317130724,0.7195290805900034,0.7455935939345442,0.7195551168337462,0.7455248474961915,-0.1184561830002891,0.01216513488091664
causal_cuda,minus,174,0.4063289739058494,0.7899443343254934,0.4062880594999386,0.7898814026487081,0.7195320948432556,0.7455940267830821,0.7195551168337462,0.7455248474961915,-0.11523118934405403,0.012038516523233511
causal_cuda,minus,175,0.4063696527829987,0.7900069152272478,0.4063289739058494,0.7899443343254934,0.7195353502922242,0.7455944636543658,0.7195551168337462,0.7455248474961915,-0.1117097819210307,0.01191514680505179
causal_cuda,minus,176,0.40641008505283277,0.79006913476772,0.4063696527829987,0.7900069152272478,0.7195388226868706,0.7455949039026596,0.7195551168337462,0.7455248474961915,-0.10792142746531487,0.011795318856059112
causal_cuda,minus,177,0.406450260680445,0.7901309833503227,0.40641008505283277,0.79006913476772,0.7195424867629328,0.7455953468359571,0.7195551168337462,0.7455248474961915,-0.10389680576351377,0.011679296456208021
causal_cuda,minus,178,0.406490170724728,0.7901924524162138,0.406450260680445,0.7901309833503227,0.7195463162996121,0.7455957916050165,0.7195551168337462,0.7455248474961915,-0.09966759973614417,0.01156731276012124
causal_cuda,minus,179,0.4065298073773884,0.7902535344817945,0.406490170724728,0.7901924524162138,0.7195502844300593,0.7455962372480986,0.7195551168337462,0.7455248474961915,-0.09526616395955222,0.011459569328053476
causal_cuda,minus,180,0.4065691639908819,0.7903142231657034,0.4065298073773884,0.7902535344817945,0.7195543638616686,0.7455966826810525,0.7195551168337462,0.7455248474961915,-0.09072523733032702,0.011356235461306596
causal_cuda,minus,181,0.4066082350962452,0.7903745132062097,0.4065691639908819,0.7903142231657034,0.7195585269651112,0.7455971265932397,0.7195551168337462,0.7455248474961915,-0.08607770183667728,0.011257447813790122
causal_cuda,minus,182,0.40664701640939904,0.7904344004676531,0.4066082350962452,0.7903745132062097,0.7195627460797142,0.7455975674275344,0.7195551168337462,0.7455248474961915,-0.08135617581142464,0.011163310324690201
causal_cuda,minus,183,0.40668550483494065,0.790493881944521,0.40664701640939904,0.7904344004676531,0.7195669935237559,0.7455980037314127,0.7195551168337462,0.7455248474961915,-0.07659343947573027,0.011073894190815281
causal_cuda,minus,184,0.40672369847839246,0.790552955773642,0.40668550483494065,0.790493881944521,0.719571241549781,0.7455984344947413,0.7195551168337462,0.7455248474961915,-0.07182291252256551,0.01098923756194381
causal_cuda,minus,185,0.40676159666415246,0.790611621251876,0.40672369847839246,0.790552955773642,0.7195754624943657,0.745598859219277,0.7195551168337462,0.7455248474961915,-0.06707855335299842,0.010909345066522746
causal_cuda,minus,186,0.4067991999495912,0.7906698788501236,0.40676159666415246,0.790611621251876,0.719579629161057,0.7455992779852433,0.7195551168337462,0.7455248474961915,-0.06239446312750217,0.010834187461625788
causal_cuda,minus,187,0.4068365101285188,0.7907277302172028,0.4067991999495912,0.7906698788501236,0.7195837152981965,0.7455996915709183,0.7195551168337462,0.7455248474961915,-0.05780443737196008,0.01076370160069473
causal_cuda,minus,188,0.40687353021969436,0.7907851781694364,0.4068365101285188,0.7907277302172028,0.7195876957660992,0.7456001011910052,0.7195551168337462,0.7455248474961915,-0.05334142930030759,0.010697790837468801
causal_cuda,minus,189,0.4069102644388507,0.790842226664522,0.40687353021969436,0.7907851781694364,0.7195915466450651,0.745600508232885,0.7195551168337462,0.7455248474961915,-0.04903708440990723,0.010636325898445875
causal_cuda,minus,190,0.4069467181515926,0.7908988807571308,0.4069102644388507,0.790842226664522,0.719595245542248,0.745600914037983,0.7195551168337462,0.7455248474961915,-0.04492108293466833,0.01057914629970469
causal_cuda,minus,191,0.40698289780187374,0.7909551465311941,0.4069467181515926,0.7908988807571308,0.7195987719763846,0.7456013195999426,0.7195551168337462,0.7455248474961915,-0.04102028104264442,0.010526062459945251
causal_cuda,minus,192,0.40701881082033115,0.7910110310129341,0.40698289780187374,0.7909551465311941,0.7196021073936213,0.7456017253861025,0.7195551168337462,0.7455248474961915,-0.03735846732771419,0.0104768583650241
causal_cuda,minus,193,0.40705446552068564,0.7910665420724923,0.40701881082033115,0.7910110310129341,0.7196052352302568,0.7456021313023256,0.7195551168337462,0.7455248474961915,-0.03395623998238262,0.010431294537312397
causal_cuda,minus,194,0.40708987098585264,0.7911216883157234,0.40705446552068564,0.7910665420724923,0.7196081410683959,0.7456025365963879,0.7195551168337462,0.7455248474961915,-0.030830691183805388,0.010389111272615992
causal_cuda,minus,195,0.4071250369459776,0.7911764789682336,0.40708987098585264,0.7911216883157234,0.7196108126606187,0.7456029398181815,0.7195551168337462,0.7455248474961915,-0.027995326344558508,0.010350032082641292
causal_cuda,minus,196,0.40715997365198225,0.7912309237550879,0.4071250369459776,0.7911764789682336,0.7196132400022041,0.7456033388730128,0.7195551168337462,0.7455248474961915,-0.025460040403516557,0.010313767239807703
causal_cuda,minus,197,0.40719469175065337,0.7912850327819532,0.40715997365198225,0.7912309237550879,0.7196154154736785,0.7456037313984705,0.7195551168337462,0.7455248474961915,-0.023231410758408965,0.010280017247765727
causal_cuda,minus,198,0.4072292021731496,0.7913388164290007,0.40719469175065337,0.7912850327819532,0.7196173340263322,0.7456041156008137,0.7195551168337462,0.7455248474961915,-0.02131351095051973,0.010248475888573694
causal_cuda,minus,199,0.40726351603330097,0.7913922852541322,0.4072292021731496,0.7913388164290007,0.7196189931935635,0.7456044901493369,0.7195551168337462,0.7455248474961915,-0.019707764600300152,0.010218832986225834
causal_cuda,minus,200,0.4072976445223124,0.7914454498926861,0.40726351603330097,0.7913922852541322,0.7196203931676792,0.745604853873112,0.7195551168337462,0.7455248474961915,-0.018412470504606017,0.01019077729546325
causal_cuda,minus,201,0.4073315987959257,0.7914983209498369,0.4072976445223124,0.7914454498926861,0.7196215370230352,0.7456052058444457,0.7195551168337462,0.7455248474961915,-0.01742262819116077,0.01016399961608272
causal_cuda,minus,202,0.40736538985829535,0.7915509088897722,0.4073315987959257,0.7914983209498369,0.7196224306601274,0.745605545392191,0.7195551168337462,0.7455248474961915,-0.016730024587355057,0.010138195992624333
causal_cuda,minus,203,0.40739902844579184,0.7916032239247496,0.40736538985829535,0.7915509088897722,0.7196230826520591,0.7456058719851412,0.7195551168337462,0.7455248474961915,-0.01632328030447235,0.010113070903969401
causal_cuda,minus,204,0.4074325249127891,0.7916552759059738,0.40739902844579184,0.7916032239247496,0.7196235042518558,0.7456061853452653,0.7195551168337462,0.7455248474961915,-0.016187982143875373,0.010088340385976835
causal_cuda,minus,205,0.4074658891245445,0.7917070742212012,0.4074325249127891,0.7916552759059738,0.7196237089595497,0.7456064853376045,0.7195551168337462,0.7455248474961915,-0.016307086692802737,0.010063734935613411
causal_cuda,minus,206,0.4074991303660161,0.7917586277075124,0.4074658891245445,0.7917070742212012,0.7196237118077815,0.7456067718586111,0.7195551168337462,0.7455248474961915,-0.01666167380699807,0.010039001937798275
causal_cuda,minus,207,0.4075322572844391,0.7918099445963495,0.4074991303660161,0.7917586277075124,0.7196235288990663,0.7456070456740268,0.7195551168337462,0.7455248474961915,-0.017232572411266026,0.010013907087000007
causal_cuda,minus,208,0.4075652778738522,0.7918610324986388,0.4075322572844391,0.7918099445963495,0.7196231771217315,0.7456073090657875,0.7195551168337462,0.7455248474961915,-0.018001524232984897,0.009988234597074097
causal_cuda,minus,209,0.4075981994748226,0.7919118984044221,0.4075652778738522,0.7918610324986388,0.7196226740931516,0.745607565096254,0.7195551168337462,0.7455248474961915,-0.01895033508251324,0.009961787044545645
causal_cuda,minus,210,0.4076310287597683,0.7919625486685966,0.4075981994748226,0.7919118984044221,0.7196220381927301,0.7456078167852772,0.7195551168337462,0.7455248474961915,-0.02005980499979025,0.009934385710948845
causal_cuda,minus,211,0.40766377169527973,0.7920129889745607,0.4076310287597683,0.7919625486685966,0.7196212886731542,0.7456080666671666,0.7195551168337462,0.7455248474961915,-0.02130903544539764,0.009905871630166985
causal_cuda,minus,212,0.4076964334916186,0.7920632242855471,0.40766377169527973,0.7920129889745607,0.719620445527487,0.7456083167595514,0.7195551168337462,0.7455248474961915,-0.02267555656402396,0.009876106995307055
causal_cuda,minus,213,0.40772901855024246,0.7921132587940656,0.4076964334916186,0.7920632242855471,0.7196195292570127,0.7456085684582128,0.7195551168337462,0.7455248474961915,-0.024135485981575167,0.00984497659982253
causal_cuda,minus,214,0.4077615304067157,0.7921630958669208,0.40772901855024246,0.7921132587940656,0.7196185609444894,0.7456088223026708,0.7195551168337462,0.7455248474961915,-0.025663144310901748,0.009812389410313926
causal_cuda,minus,215,0.4077939716674393,0.7922127379842777,0.4077615304067157,0.7921630958669208,0.7196175623163868,0.7456090779670714,0.7195551168337462,0.7455248474961915,-0.027230966061507586,0.00977828031452077
causal_cuda,minus,216,0.4078263439463248,0.7922621866786461,0.4077939716674393,0.7922127379842777,0.7196165556529269,0.7456093343613254,0.7195551168337462,0.7455248474961915,-0.02880973860685113,0.009742611856154326
causal_cuda,minus,217,0.4078586478103422,0.7923114424823362,0.4078263439463248,0.7922621866786461,0.7196155636203517,0.7456095898925497,0.7195551168337462,0.7455248474961915,-0.030369138729289036,0.009705375693215501
causal_cuda,minus,218,0.4078908827373415,0.7923605048866603,0.4078586478103422,0.7923114424823362,0.7196146091415994,0.7456098426069985,0.7195551168337462,0.7455248474961915,-0.03187807175018679,0.009666593694419134
causal_cuda,minus,219,0.40792304709193367,0.7924093723183965,0.4078908827373415,0.7923605048866603,0.7196137148165119,0.7456100902453355,0.7195551168337462,0.7455248474961915,-0.03330546537008969,0.009626318506605003
causal_cuda,minus,220,0.40795513812634854,0.7924580421401648,0.40792304709193367,0.7924093723183965,0.7196129024701068,0.7456103304793494,0.7195551168337462,0.7455248474961915,-0.034621130178435926,0.009584633398475262
causal_cuda,minus,221,0.4079871520024377,0.7925065106710494,0.40795513812634854,0.7924580421401648,0.7196121928743902,0.7456105608818967,0.7195551168337462,0.7455248474961915,-0.035796069739663525,0.00954165151645725
causal_cuda,minus,222,0.40801908382650975,0.7925547732194829,0.4079871520024377,0.7925065106710494,0.7196116055285703,0.745610778808308,0.7195551168337462,0.7455248474961915,-0.03680260697213818,0.009497514806099616
causal_cuda,minus,223,0.40805092769609025,0.7926028241275447,0.40801908382650975,0.7925547732194829,0.7196111584414843,0.7456109815113509,0.7195551168337462,0.7455248474961915,-0.03761479965019037,0.009452392613127358
causal_cuda,minus,224,0.40808267676504173,0.7926506568328529,0.40805092769609025,0.7926028241275447,0.7196108679250655,0.7456111665403132,0.7195551168337462,0.7455248474961915,-0.03820919720043526,0.009406479764862752
causal_cuda,minus,225,0.40811432332620656,0.792698263947268,0.40808267676504173,0.7926506568328529,0.7196107485015524,0.7456113318797499,0.7195551168337462,0.7455248474961915,-0.038565129906536294,0.00935999416907407
causal_cuda,minus,226,0.4081458589059463,0.7927456373470211,0.40811432332620656,0.792698263947268,0.7196108128885076,0.7456114760727607,0.7195551168337462,0.7455248474961915,-0.03866488152594528,0.009313174101635013
causal_cuda,minus,227,0.4081772743644515,0.7927927682683934,0.4081458589059463,0.7927456373470211,0.7196110720647436,0.7456115982432948,0.7195551168337462,0.7455248474961915,-0.03849363459427834,0.009266275362136867
causal_cuda,minus,228,0.40820855999639477,0.7928396474037405,0.4081772743644515,0.7927927682683934,0.7196115351181332,0.7456116978310982,0.7195551168337462,0.7455248474961915,-0.038039329223284755,0.009219568451356963
causal_cuda,minus,229,0.408239705626238,0.7928862649924404,0.40820855999639477,0.7928396474037405,0.7196122092814166,0.745611774344463,0.7195551168337462,0.7455248474961915,-0.037292309221333836,0.009173335930256599
causal_cuda,minus,230,0.40827070069608795,0.7929326109047141,0.408239705626238,0.7928862649924404,0.7196131000796657,0.7456118273439628,0.7195551168337462,0.7455248474961915,-0.036245117421053054,0.009127870009535854
causal_cuda,minus,231,0.40830153434778077,0.7929786747199722,0.40827070069608795,0.7929326109047141,0.719614211399799,0.7456118564329427,0.7195551168337462,0.7455248474961915,-0.03489239694611232,0.00908347030892287
causal_cuda,minus,232,0.4083321954987607,0.7930244457992548,0.40830153434778077,0.7929786747199722,0.7196155455709665,0.7456118611436635,0.7195551168337462,0.7455248474961915,-0.033230648524156796,0.009040441799072596
causal_cuda,minus,233,0.4083626729167061,0.7930699133565172,0.4083321954987607,0.7930244457992548,0.7196171032283588,0.7456118409935503,0.7195551168337462,0.7455248474961915,-0.0312584711910512,0.008999092769386152
causal_cuda,minus,234,0.40839295530334957,0.7931150665387915,0.4083626729167061,0.7930699133565172,0.7196188830500602,0.7456117956942635,0.7195551168337462,0.7455248474961915,-0.02897715277226014,0.00895973251107307
causal_cuda,minus,235,0.40842303138940333,0.7931598945170621,0.40839295530334957,0.7931150665387915,0.7196208817251066,0.7456117252830599,0.7195551168337462,0.7455248474961915,-0.02639087430515504,0.008922668677712409
causal_cuda,minus,236,0.40845289003818264,0.7932043865855425,0.40842303138940333,0.7931598945170621,0.7196230939606006,0.7456116302875866,0.7195551168337462,0.7455248474961915,-0.023506907482488466,0.008888204403973532
causal_cuda,minus,237,0.40848252035229793,0.7932485322639347,0.40845289003818264,0.7932043865855425,0.7196255125124356,0.7456115116283145,0.7195551168337462,0.7455248474961915,-0.0203354546664311,0.008856635355812159
causal_cuda,minus,238,0.40851191176796453,0.79329232138785,0.40848252035229793,0.7932485322639347,0.7196281286015282,0.7456113702756185,0.7195551168337462,0.7455248474961915,-0.01688870032727374,0.008828247176325021
causal_cuda,minus,239,0.40854105412732256,0.793335744178167,0.40851191176796453,0.79329232138785,0.7196309324203004,0.7456112071775721,0.7195551168337462,0.7455248474961915,-0.013180088005164872,0.00880331358763442
causal_cuda,minus,240,0.40856993773535283,0.7933787912956215,0.40854105412732256,0.793335744178167,0.7196339132937514,0.7456110233674442,0.7195551168337462,0.7455248474961915,-0.00922425359452992,0.008782094923503792
causal_cuda,minus,241,0.4085985534131418,0.7934214538919878,0.40856993773535283,0.7933787912956215,0.719637059603006,0.7456108200798678,0.7195551168337462,0.7455248474961915,-0.005037266316406524,0.0087648367353097
causal_cuda,minus,242,0.40862689255033946,0.7934637236605201,0.4085985534131418,0.7934214538919878,0.7196403587523025,0.7456105986487251,0.7195551168337462,0.7455248474961915,-0.0006365424682103267,0.008751768404408722
causal_cuda,minus,243,0.4086549471537964,0.7935055928828021,0.40862689255033946,0.7934637236605201,0.7196437972177373,0.7456103603968345,0.7195551168337462,0.7455248474961915,0.0039593533576235225,0.008743101859238323
causal_cuda,minus,244,0.4086827098997062,0.7935470544789792,0.4086549471537964,0.7935055928828021,0.7196473601702684,0.7456101066685713,0.7195551168337462,0.7455248474961915,0.008730196306285075,0.008739030171824425
causal_cuda,minus,245,0.4087101741962742,0.7935881020681667,0.4086827098997062,0.7935470544789792,0.7196510311793249,0.7456098388446796,0.7195551168337462,0.7455248474961915,0.013653712424867412,0.008739725833805778
causal_cuda,minus,246,0.40873733425258296,0.7936287300348487,0.4087101741962742,0.7935881020681667,0.7196547922530088,0.7456095583172015,0.7195551168337462,0.7455248474961915,0.018705660546398377,0.008745338860222773
causal_cuda,minus,247,0.408764185146176,0.7936689335940986,0.40873733425258296,0.7936287300348487,0.7196586239754512,0.745609266440118,0.7195551168337462,0.7455248474961915,0.023860066105985844,0.00875599494614221
causal_cuda,minus,248,0.40879072288668605,0.7937087088530149,0.408764185146176,0.7936689335940986,0.7196625054750995,0.7456089643987874,0.7195551168337462,0.7455248474961915,0.029089345238549724,0.008771793746802814
causal_cuda,minus,249,0.4088169444791438,0.7937480528719058,0.40879072288668605,0.7937087088530149,0.7196664142695846,0.745608653192226,0.7195551168337462,0.7455248474961915,0.0343641336676642,0.008792807161000837
causal_cuda,minus,250,0.4088428479831319,0.7937869637215361,0.4088169444791438,0.7937480528719058,0.7196703264906329,0.7456083335290425,0.7195551168337462,0.7455248474961915,0.03965369865187136,0.008819077741804904
causal_cuda,minus,251,0.40886843255715616,0.7938254405262076,0.4088428479831319,0.7937869637215361,0.7196742173658784,0.7456080057153485,0.7195551168337462,0.7455248474961915,0.04492668208966135,0.008850617550166362
causal_cuda,minus,252,0.4088936984901381,0.7938634834944942,0.40886843255715616,0.7938254405262076,0.7196780614369036,0.7456076698145944,0.7195551168337462,0.7455248474961915,0.05015117401188142,0.00888740737190119
causal_cuda,minus,253,0.40891864722361887,0.7939010939410981,0.4088936984901381,0.7938634834944942,0.7196818330060374,0.7456073258832697,0.7195551168337462,0.7455248474961915,0.0552949771334955,0.008929396188250394
causal_cuda,minus,254,0.4089432813615963,0.7939382742968614,0.40891864722361887,0.7939010939410981,0.7196855064559842,0.7456069739042817,0.7195551168337462,0.7455248474961915,0.06032609021647231,0.008976500995913739
causal_cuda,minus,255,0.40896760467518317,0.7939750281138178,0.4089432813615963,0.7939382742968614,0.7196890562150245,0.745606613985189,0.7195551168337462,0.7455248474961915,0.0652124172910196,0.009028606750376866
causal_cuda,minus,256,0.40899162210537704,0.7940113600684844,0.40896760467518317,0.7939750281138178,0.7196924568682186,0.745606246348994,0.7195551168337462,0.7455248474961915,0.06992191850611998,0.009085566345504503
causal_cuda,minus,257,0.40901533975767845,0.7940472759573217,0.40899162210537704,0.7940113600684844,0.719695683555152,0.7456058713676099,0.7195551168337462,0.7455248474961915,0.07442306556781507,0.009147200828294899
causal_cuda,minus,258,0.4090387648894761,0.7940827826852545,0.40901533975767845,0.7940472759573217,0.7196987121138928,0.7456054896958159,0.7195551168337462,0.7455248474961915,0.07868485419375647,0.009213299810369335
causal_cuda,minus,259,0.40906190588926866,0.7941178882463472,0.4090387648894761,0.7940827826852545,0.7197015193571991,0.7456051022401755,0.7195551168337462,0.7455248474961915,0.08267718788162592,0.009283622107403744
causal_cuda,minus,260,0.40908477223952067,0.7941526016887496,0.40906190588926866,0.7941178882463472,0.7197040833728711,0.7456047098594328,0.7195551168337462,0.7455248474961915,0.08637162715134836,0.009357896854368164
causal_cuda,minus,261,0.40910737446976014,0.7941869330702225,0.40908477223952067,0.7941526016887496,0.7197063833183872,0.7456043133399649,0.7195551168337462,0.7455248474961915,0.08974116284386031,0.0094358248761921
causal_cuda,minus,262,0.40912972410691745,0.794220893411026,0.40910737446976014,0.7941869330702225,0.7197083996089463,0.7456039135523432,0.7195551168337462,0.7455248474961915,0.09276025458098547,0.009517080111777432
causal_cuda,minus,263,0.40915183361498364,0.7942544946365078,0.40912972410691745,0.794220893411026,0.7197101144124316,0.7456035113965506,0.7195551168337462,0.7455248474961915,0.09540551669394769,0.009601311345193153
causal_cuda,minus,264,0.40917371632366895,0.7942877495090848,0.40915183361498364,0.7942544946365078,0.7197115118578693,0.7456031079472729,0.7195551168337462,0.7455248474961915,0.09765579599814526,0.009688144240527663
causal_cuda,minus,265,0.40919538635234404,0.7943206715556278,0.40917371632366895,0.7942877495090848,0.7197125780292055,0.7456027044757854,0.7195551168337462,0.7455248474961915,0.0994921354939436,0.00977718348963208
causal_cuda,minus,266,0.40921685852773554,0.7943532749888277,0.40919538635234404,0.7943206715556278,0.7197133009459773,0.7456023021586926,0.7195551168337462,0.7455248474961915,0.10089811300064416,0.009868015127722174
causal_cuda,minus,267,0.40923814829158794,0.7943855746188357,0.40921685852773554,0.7943532749888277,0.7197136707142447,0.7456019019478405,0.7195551168337462,0.7455248474961915,0.10186019121516782,0.00996020913277107
causal_cuda,minus,268,0.4092592715956255,0.7944175857526234,0.40923814829158794,0.7943855746188357,0.7197136796689064,0.7456015043641653,0.7195551168337462,0.7455248474961915,0.10236815218089174,0.01005332238378287
causal_cuda,minus,269,0.4092802447898491,0.7944493240868579,0.4092592715956255,0.7944175857526234,0.7197133223598828,0.745601109610279,0.7195551168337462,0.7455248474961915,0.10241493863055963,0.01014690178558908
causal_cuda,minus,270,0.4093010845103938,0.7944808056002963,0.4092802447898491,0.7944493240868579,0.7197125956347984,0.7456007177232871,0.7195551168337462,0.7455248474961915,0.10199656590141062,0.010240487381679486
causal_cuda,minus,271,0.40932180756309544,0.7945120464419761,0.4093010845103938,0.7944808056002963,0.7197114988701169,0.7456003285241368,0.7195551168337462,0.7455248474961915,0.10111247385712756,0.010333615584016798
causal_cuda,minus,272,0.40934243079904037,0.7945430628116034,0.40932180756309544,0.7945120464419761,0.7197100341130156,0.7455999415594277,0.7195551168337462,0.7455248474961915,0.09976577701459292,0.010425822630423909
causal_cuda,minus,273,0.40936297098149454,0.7945738708315505,0.40934243079904037,0.7945430628116034,0.7197082064041436,0.7455995562242678,0.7195551168337462,0.7455248474961915,0.09796351479774595,0.010516648282191454
causal_cuda,minus,274,0.4093834446520595,0.7946044864180126,0.40936297098149454,0.7945738708315505,0.719706024024534,0.7455991723041824,0.7195551168337462,0.7455248474961915,0.095716283725025,0.01060563951850213
causal_cuda,minus,275,0.4094038680105296,0.7946349251652912,0.4093834446520595,0.7946044864180126,0.7197034979182778,0.7455987900809399,0.7195551168337462,0.7455248474961915,0.09303738479902275,0.010692353798930299
causal_cuda,minus,276,0.40942425681102135,0.7946652022456846,0.4094038680105296,0.7946349251652912,0.719700641094702,0.7455984099840269,0.7195551168337462,0.7455248474961915,0.08994251313038766,0.010776361846069449
causal_cuda,minus,277,0.40944462626745415,0.7946953323183104,0.40942425681102135,0.7946652022456846,0.7196974684770043,0.7455980324650126,0.7195551168337462,0.7455248474961915,0.08644972701006412,0.010857250172023214
causal_cuda,minus,278,0.40946499096207223,0.7947253294407729,0.40944462626745415,0.7946953323183104,0.7196939969473911,0.745597657982322,0.7195551168337462,0.7455248474961915,0.08257952461745924,0.010934623535064247
causal_cuda,minus,279,0.4094853647551691,0.7947552069819023,0.40946499096207223,0.7947253294407729,0.719690245285112,0.7455972869698835,0.7195551168337462,0.7455248474961915,0.07835480704792284,0.011008107373584153
causal_cuda,minus,280,0.40950576069901845,0.7947849775384761,0.4094853647551691,0.7947552069819023,0.7196862339586954,0.7455969198328842,0.7195551168337462,0.7455248474961915,0.07380062518674554,0.011077350118824825
causal_cuda,minus,281,0.40952619095699344,0.7948146528568891,0.40950576069901845,0.7947849775384761,0.7196819850726852,0.7455965569801408,0.7195551168337462,0.7455248474961915,0.0689440737606013,0.01114202536049902
causal_cuda,minus,282,0.4095466667320363,0.7948442437637667,0.40952619095699344,0.7948146528568891,0.7196775220597328,0.7455961989044864,0.7195551168337462,0.7455248474961915,0.06381380693991973,0.01120183373978989
causal_cuda,minus,283,0.40956719820950277,0.7948737601104028,0.4095466667320363,0.7948442437637667,0.7196728694066921,0.7455958463136816,0.7195551168337462,0.7455248474961915,0.05843953301541186,0.011256504425034564
causal_cuda,minus,284,0.4095877945121944,0.7949032107289127,0.40956719820950277,0.7948737601104028,0.719668052556681,0.7455955001714671,0.7195551168337462,0.7455248474961915,0.05285184101599357,0.011305796248990418
causal_cuda,minus,285,0.40960846366525266,0.7949326033978377,0.4095877945121944,0.7949032107289127,0.7196630976218756,0.7455951616197695,0.7195551168337462,0.7455248474961915,0.04708193905592747,0.011349498578283601
causal_cuda,minus,286,0.40962921256829427,0.7949619448147279,0.40960846366525266,0.7949326033978377,0.7196580314253049,0.7455948320805368,0.7195551168337462,0.7455248474961915,0.04116157912493547,0.011387431992488928
causal_cuda,minus,287,0.4096500469748304,0.7949912405757033,0.40962921256829427,0.7949619448147279,0.7196528815734282,0.7455945135466436,0.7195551168337462,0.7455248474961915,0.0351227838161001,0.011419448766616824
causal_cuda,minus,288,0.40967097148347975,0.79502049516638,0.4096500469748304,0.7949912405757033,0.7196476759583013,0.745594208477466,0.7195551168337462,0.7455248474961915,0.02899735399647121,0.011445433018366202
causal_cuda,minus,289,0.40969198953789426,0.7950497119612057,0.40967097148347975,0.79502049516638,0.719642442340279,0.7455939193728303,0.7195551168337462,0.7455248474961915,0.02281687898298812,0.011465300622489849
causal_cuda,minus,290,0.40971310343107614,0.7950788932270177,0.40969198953789426,0.7950497119612057,0.7196372080624338,0.7455936485353043,0.7195551168337462,0.7455248474961915,0.016612675837725577,0.011478999019715275
causal_cuda,minus,291,0.40973431431140117,0.7951080401282467,0.40971310343107614,0.7950788932270177,0.7196319999725004,0.7455933979450035,0.7195551168337462,0.7455248474961915,0.010415847360944763,0.011486506994856427
causal_cuda,minus,292,0.40975562219025563,0.7951371527336778,0.40973431431140117,0.7951080401282467,0.7196268443450513,0.7455931692554615,0.7195551168337462,0.7455248474961915,0.004257189015215333,0.01148783441976775
causal_cuda,minus,293,0.409777025961451,0.7951662300345864,0.40975562219025563,0.7951371527336778,0.7196217663743055,0.7455929639077423,0.7195551168337462,0.7455248474961915,-0.0018335886571191084,0.011483021646654379
causal_cuda,minus,294,0.40979852343541096,0.7951952699771673,0.409777025961451,0.7951662300345864,0.71961678996999,0.7455927831498663,0.7195551168337462,0.7455248474961915,-0.00782814039260835,0.011472138479604155
causal_cuda,minus,295,0.4098201113838646,0.7952242695051264,0.40979852343541096,0.7951952699771673,0.7196119376538765,0.7455926280675227,0.7195551168337462,0.7455248474961915,-0.013699654718732131,0.011455282861675187
causal_cuda,minus,296,0.4098417855959036,0.7952532246132585,0.4098201113838646,0.7952242695051264,0.7196072303594717,0.7455924997246502,0.7195551168337462,0.7455248474961915,-0.019423280712914,0.011432579248150887
causal_cuda,minus,297,0.409863540945615,0.7952821304122433,0.4098417855959036,0.7952532246132585,0.7196026874147625,0.7455923993511121,0.7195551168337462,0.7455248474961915,-0.02497638463367658,0.011404176661102383
causal_cuda,minus,298,0.40988537146733417,0.7953109812008307,0.409863540945615,0.7952821304122433,0.7195983267543019,0.7455923285980254,0.7195551168337462,0.7455248474961915,-0.030338604261575197,0.011370246547841134
causal_cuda,minus,299,0.4099072704375378,0.7953397705444782,0.40988537146733417,0.7953109812008307,0.7195941647435896,0.7455922895402507,0.7195551168337462,0.7455248474961915,-0.03549207163289456,0.011330980464776985
causal_cuda,minus,300,0.4099292304604193,0.7953684913575862,0.4099072704375378,0.7953397705444782,0.7195902161133304,0.7455922845498799,0.7195551168337462,0.7455248474961915,-0.04042133701173247,0.01128658767643742
causal_cuda,minus,301,0.40995124354864476,0.7953971359811163,0.4099292304604193,0.7953684913575862,0.7195864941446489,0.7455923161243605,0.7195551168337462,0.7455248474961915,-0.04511292235330692,0.011237292921663311
causal_cuda,minus,302,0.409973301202106,0.7954256962583218,0.40995124354864476,0.7953971359811163,0.7195830104127913,0.7455923868332518,0.7195551168337462,0.7455248474961915,-0.04955557480533395,0.01118333424113871
causal_cuda,minus,303,0.40999539449521355,0.7954541636187694,0.409973301202106,0.7954256962583218,0.7195797744368679,0.7455924994045597,0.7195551168337462,0.7455248474961915,-0.05374081198143718,0.011124960547306273
causal_cuda,minus,304,0.4100175141726466,0.7954825291705993,0.40999539449521355,0.7954541636187694,0.7195767935024369,0.7455926565838137,0.7195551168337462,0.7455248474961915,-0.05766296705512338,0.01106242895542664
causal_cuda,minus,305,0.41003965074692095,0.795510783794598,0.4100175141726466,0.7954825291705993,0.7195740726074866,0.7455928609590685,0.7195551168337462,0.7455248474961915,-0.06131903699565092,0.01099600208081597
causal_cuda,minus,306,0.4100617945937871,0.7955389182362156,0.41003965074692095,0.795510783794598,0.7195716142975254,0.745593114685973,0.7195551168337462,0.7455248474961915,-0.064708544508561,0.010925945415920069
causal_cuda,minus,307,0.4100839360418813,0.7955669231920726,0.4100617945937871,0.7955389182362156,0.7195694188019943,0.7455934193878001,0.7195551168337462,0.7455248474961915,-0.06783324208220824,0.010852524886217907
causal_cuda,minus,308,0.4101060654506061,0.7955947893851423,0.4100839360418813,0.7955669231920726,0.7195674844274738,0.745593776112399,0.7195551168337462,0.7455248474961915,-0.07069656631121575,0.010776004760799651
causal_cuda,minus,309,0.4101281732738677,0.7956225076262912,0.4101060654506061,0.7955947893851423,0.7195658077064669,0.7455941851723062,0.7195551168337462,0.7455248474961915,-0.07330325176168807,0.010696645974064722
causal_cuda,minus,310,0.4101502501132622,0.7956500688656665,0.4101281732738677,0.7956225076262912,0.7195643834808135,0.7455946461207018,0.7195551168337462,0.7455248474961915,-0.07565919638357477,0.010614704739936087
causal_cuda,minus,311,0.4101722867693655,0.7956774642422823,0.4101502501132622,0.7956500688656665,0.7195632048907207,0.7455951579547968,0.7195551168337462,0.7455248474961915,-0.07777172915744332,0.010530431195576284
causal_cuda,minus,312,0.4101942743002895,0.7957046851406807,0.4101722867693655,0.7956774642422823,0.7195622633980108,0.745595719504785,0.7195551168337462,0.7455248474961915,-0.0796500669099795,0.010444067810311708
causal_cuda,minus,313,0.41021620409266585,0.795731723259665,0.4101942743002895,0.7957046851406807,0.7195615486265233,0.7455963296388689,0.7195551168337462,0.7455248474961915,-0.08130576980854923,0.010355847419788233
causal_cuda,minus,314,0.41023806793901246,0.7957585706872405,0.41021620409266585,0.795731723259665,0.7195610483764041,0.7455969871446539,0.7195551168337462,0.7455248474961915,-0.08275257516422628,0.010265991088374449
causal_cuda,minus,315,0.4102598581221909,0.795785219982451,0.41023806793901246,0.7957585706872405,0.7195607487423645,0.7455976912046404,0.7195551168337462,0.7455248474961915,-0.08400684379726965,0.010174705768974945
causal_cuda,minus,316,0.4102815675245284,0.795811664281117,0.4102598581221909,0.795785219982451,0.7195606339646474,0.7455984423529282,0.7195551168337462,0.7455248474961915,-0.08508894180222323,0.01008218122652238
causal_cuda,minus,317,0.4103031897478704,0.7958378974122252,0.4102815675245284,0.795811664281117,0.7195606865161864,0.7455992419458196,0.7195551168337462,0.7455248474961915,-0.08602247008118981,0.009988586683306266
causal_cuda,minus,318,0.4103247192190725,0.7958639140002709,0.4103031897478704,0.7958378974122252,0.7195608871610667,0.7456000914392519,0.7195551168337462,0.7455248474961915,-0.08683328843166625,0.009894067941218054
causal_cuda,minus,319,0.4103461512738914,0.795889709546718,0.4103247192190725,0.7958639140002709,0.7195612149778806,0.7456009919128627,0.7195551168337462,0.7455248474961915,-0.08754889175148883,0.009798745153574373
causal_cuda,minus,320,0.4103674822164455,0.7959152804878671,0.4103461512738914,0.795889709546718,0.7195616475488036,0.7456019435963404,0.7195551168337462,0.7455248474961915,-0.08819758202225722,0.009702711308165135
causal_cuda,minus,321,0.4103887093508556,0.7959406242258298,0.4103674822164455,0.7959152804878671,0.7195621614740213,0.7456029456928497,0.7195551168337462,0.7455248474961915,-0.08880760495083045,0.009606031508639035
causal_cuda,minus,322,0.4104098309887202,0.7959657391361483,0.4103887093508556,0.7959406242258298,0.7195627327432061,0.7456039963904958,0.7195551168337462,0.7455248474961915,-0.0894067001915647,0.009508742927721414
causal_cuda,minus,323,0.4104308464444043,0.7959906245636428,0.4104098309887202,0.7959657391361483,0.7195633367003155,0.7456050929093905,0.7195551168337462,0.7455248474961915,-0.09002220419880325,0.009410855067216062
causal_cuda,minus,324,0.41045175602921957,0.7960152808172026,0.4104308464444043,0.7959906245636428,0.719563947860645,0.7456062315185519,0.7195551168337462,0.7455248474961915,-0.0906812999478176,0.009312350005359349
causal_cuda,minus,325,0.4104725610466843,0.7960397091656672,0.41045175602921957,0.7960152808172026,0.7195645400481495,0.7456074076652414,0.7195551168337462,0.7455248474961915,-0.0914110068941565,0.009213182587501478
causal_cuda,minus,326,0.410493263788615,0.7960639118344945,0.4104725610466843,0.7960397091656672,0.7195650866605419,0.7456086162856685,0.7195551168337462,0.7455248474961915,-0.09223823784112482,0.00911328057949845
causal_cuda,minus,327,0.4105138675335598,0.7960878920047226,0.410493263788615,0.7960639118344945,0.7195655607953001,0.7456098520365687,0.7195551168337462,0.7455248474961915,-0.09318993067679666,0.009012544740500061
causal_cuda,minus,328,0.41053437654088715,0.79611165380771,0.4105138675335598,0.7960878920047226,0.7195659357093735,0.7456111093772758,0.7195551168337462,0.7455248474961915,-0.09429257625159868,0.008910849027955692
causal_cuda,minus,329,0.4105547960358273,0.7961352023111152,0.41053437654088715,0.79611165380771,0.7195661850767926,0.7456123826202767,0.7195551168337462,0.7455248474961915,-0.09557195935667534,0.008808041065606176
causal_cuda,minus,330,0.4105751321915028,0.7961585435019416,0.4105547960358273,0.7961352023111152,0.7195662829148295,0.7456136660257144,0.7195551168337462,0.7455248474961915,-0.09705336872300545,0.008703942680966748
causal_cuda,minus,331,0.4105953921133153,0.7961816842718713,0.4105751321915028,0.7961585435019416,0.7195662037554511,0.7456149540949726,0.7195551168337462,0.7455248474961915,-0.09876174919684144,0.008598350357118534
causal_cuda,minus,332,0.41061558382142155,0.7962046324007326,0.4105953921133153,0.7961816842718713,0.7195659228931365,0.7456162415782588,0.7195551168337462,0.7455248474961915,-0.10072140104770556,0.008491035740433972
causal_cuda,minus,333,0.41063571622574485,0.7962273965327397,0.41061558382142155,0.7962046324007326,0.7195654167764969,0.7456175236126162,0.7195551168337462,0.7455248474961915,-0.10295566250332619,0.008381746367206233
causal_cuda,minus,334,0.4106557990932849,0.7962499861452309,0.41063571622574485,0.7962273965327397,0.7195646632856013,0.7456187958706073,0.7195551168337462,0.7455248474961915,-0.10548674836718981,0.00827020660884159
causal_cuda,minus,335,0.41067584300907195,0.7962724115112345,0.4106557990932849,0.7962499861452309,0.7195636419212016,0.745620054634839,0.7195551168337462,0.7455248474961915,-0.10833560598577678,0.008156118790736855
causal_cuda,minus,336,0.41069585932291025,0.7962946836482528,0.41067584300907195,0.7962724115112345,0.719562334273358,0.7456212966341833,0.7195551168337462,0.7455248474961915,-0.11152112433441923,0.008039164726909576
causal_cuda,minus,337,0.41071586007444055,0.7963168142459791,0.41069585932291025,0.7962946836482528,0.7195607242907135,0.7456225187342355,0.7195551168337462,0.7455248474961915,-0.11505941011283004,0.007919007882122742
causal_cuda,minus,338,0.4107358579072979,0.7963388155833996,0.41071586007444055,0.7963168142459791,0.7195587981897063,0.7456237180737847,0.7195551168337462,0.7455248474961915,-0.11896407097230291,0.007795295815526515
causal_cuda,minus,339,0.41075586598047764,0.7963607004431625,0.4107358579072979,0.7963388155833996,0.7195565444043234,0.7456248919849197,0.7195551168337462,0.7455248474961915,-0.12324617774993414,0.007667662672616871
causal_cuda,minus,340,0.4107758978762062,0.7963824820225149,0.41075586598047764,0.7963607004431625,0.7195539536047927,0.7456260379031366,0.7195551168337462,0.7455248474961915,-0.12791412812243497,0.007535731761549869
causal_cuda,minus,341,0.4107959675034615,0.7964041738399631,0.4107758978762062,0.7963824820225149,0.719551018822762,0.7456271533917899,0.7195551168337462,0.7455248474961915,-0.13297352015669164,0.007399118243853309
causal_cuda,minus,342,0.4108160889863576,0.7964257896272143,0.4107959675034615,0.7964041738399631,0.7195477358626421,0.7456282358102344,0.7195551168337462,0.7455248474961915,-0.13842622351640632,0.007257432271160269
causal_cuda,minus,343,0.41083627653109756,0.7964473432002449,0.4108160889863576,0.7964257896272143,0.7195441035057982,0.7456292820439484,0.7195551168337462,0.7455248474961915,-0.14426978730739184,0.0071102827394895485
causal_cuda,minus,344,0.4108565442769393,0.7964688483148025,0.41083627653109756,0.7964473432002449,0.7195401236515194,0.7456302884933141,0.7195551168337462,0.7455248474961915,-0.15049725045466655,0.00695728147948671
causal_cuda,minus,345,0.4108769061467044,0.7964903185213724,0.4108565442769393,0.7964688483148025,0.7195358012598476,0.745631251484892,0.7195551168337462,0.7455248474961915,-0.1570977276186862,0.006798047412246433
causal_cuda,minus,346,0.41089737571475243,0.7965117670370435,0.4108769061467044,0.7964903185213724,0.7195311438496645,0.7456321675757146,0.7195551168337462,0.7455248474961915,-0.1640574170664818,0.0066322101487799046
causal_cuda,minus,347,0.41091796609228065,0.796533206634112,0.41089737571475243,0.7965117670370435,0.7195261611311047,0.7456330333354727,0.7195551168337462,0.7455248474961915,-0.1713597888922587,0.006459413079426213
causal_cuda,minus,348,0.4109386898175871,0.7965546495334501,0.41091796609228065,0.796533206634112,0.7195208650522266,0.7456338451881958,0.7195551168337462,0.7455248474961915,-0.17898533068249722,0.006279316340368268
causal_cuda,minus,349,0.4109595587473917,0.7965761072988184,0.4109386898175871,0.7965546495334501,0.7195152697651329,0.7456345994421507,0.7195551168337462,0.7455248474961915,-0.18691162931878866,0.00609159976141882
causal_cuda,minus,350,0.4109805839555595,0.7965975907383008,0.4109595587473917,0.7965761072988184,0.719509391458333,0.7456352925001904,0.7195551168337462,0.7455248474961915,-0.19511384541866836,0.0058959655950161505
causal_cuda,minus,351,0.41100177565405693,0.7966191098272639,0.4109805839555595,0.7965975907383008,0.7195032480228705,0.7456359214629958,0.7195551168337462,0.7455248474961915,-0.20356588569472045,0.005692140579469651
causal_cuda,minus,352,0.4110231431361082,0.7966406736528364,0.41100177565405693,0.7966191098272639,0.7194968590216949,0.745636484331054,0.7195551168337462,0.7455248474961915,-0.2122406957392749,0.005479877370049735
causal_cuda,minus,353,0.4110446947274266,0.7966622903661985,0.4110231431361082,0.7966406736528364,0.7194902456554813,0.7456369797689282,0.7195551168337462,0.7455248474961915,-0.22111001122054083,0.005258955775502727
causal_cuda,minus,354,0.41106643774271306,0.7966839671399389,0.4110446947274266,0.7966622903661985,0.7194834303889823,0.7456374069597853,0.7195551168337462,0.7455248474961915,-0.23014464559315773,0.005029183864905917
causal_cuda,minus,355,0.4110883784454941,0.796705710128639,0.41106643774271306,0.7966839671399389,0.7194764368980502,0.7456377654678176,0.7195551168337462,0.7455248474961915,-0.23931438769803065,0.004790398998409273
causal_cuda,minus,356,0.4111105219995592,0.7967275244212809,0.4110883784454941,0.796705710128639,0.7194692904833692,0.7456380550937436,0.7195551168337462,0.7455248474961915,-0.24858730907868828,0.004542469133838267
causal_cuda,minus,357,0.41113287240701,0.7967494139806259,0.4111105219995592,0.7967275244212809,0.7194620181556327,0.745638275672973,0.7195551168337462,0.7455248474961915,-0.25792941035675543,0.0042852945361460115
causal_cuda,minus,358,0.4111554324454069,0.7967713815817037,0.41113287240701,0.7967494139806259,0.7194546481870479,0.7456384270620784,0.7195551168337462,0.7455248474961915,-0.2673051680942852,0.004018809492379205
causal_cuda,minus,359,0.4111782036207282,0.7967934287656363,0.4111554324454069,0.7967713815817037,0.7194472095373273,0.745638509278409,0.7195551168337462,0.7455248474961915,-0.2766784283624401,0.0037429835379896303
causal_cuda,minus,360,0.41120118613961715,0.7968155558122164,0.4111782036207282,0.7967934287656363,0.7194397315882735,0.7456385225887647,0.7195551168337462,0.7455248474961915,-0.2860128512000195,0.003457822121362142
causal_cuda,minus,361,0.41122437889367985,0.7968377617241739,0.41120118613961715,0.7968155558122164,0.7194322439827263,0.7456384673900285,0.7195551168337462,0.7455248474961915,-0.29527196513414494,0.003163366940441392
causal_cuda,minus,362,0.4112477794541374,0.7968600442215145,0.41122437889367985,0.7968377617241739,0.71942477640033,0.7456383442848106,0.7195551168337462,0.7455248474961915,-0.3044195428391414,0.0028596959975288883
causal_cuda,minus,363,0.4112713840788311,0.7968823997478447,0.4112477794541374,0.7968600442215145,0.7194173584041731,0.7456381542305011,0.7195551168337462,0.7455248474961915,-0.3134199790340627,0.0025469233099784105
causal_cuda,minus,364,0.41129518772847523,0.7969048234857068,0.4112713840788311,0.7968823997478447,0.7194100193889086,0.7456378985525679,0.7195551168337462,0.7455248474961915,-0.322238372063561,0.0022251983746457427
causal_cuda,minus,365,0.4113191840915809,0.7969273093803423,0.41129518772847523,0.7969048234857068,0.719402788153207,0.7456375787689443,0.7195551168337462,0.7455248474961915,-0.33084083723862895,0.001894705397916141
causal_cuda,minus,366,0.411343365620631,0.796949850174412,0.4113191840915809,0.7969273093803423,0.7193956924683281,0.7456371964669591,0.7195551168337462,0.7455248474961915,-0.3391948893810493,0.0015556622116434937
causal_cuda,minus,367,0.4113677235766567,0.7969724374508977,0.411343365620631,0.796949850174412,0.7193887589793229,0.745636753244609,0.7195551168337462,0.7455248474961915,-0.3472694905275674,0.001208318967002242
causal_cuda,minus,368,0.4113922480850533,0.7969950616869518,0.4113677235766567,0.7969724374508977,0.7193820130927427,0.7456362510470088,0.7195551168337462,0.7455248474961915,-0.3550356052773663,0.0008529565127446403
causal_cuda,minus,369,0.41141692821349163,0.7970177123292452,0.4113922480850533,0.7969950616869518,0.7193754788173062,0.7456356927992073,0.7195551168337462,0.7455248474961915,-0.3624671819139381,0.0004898841321505643
causal_cuda,minus,370,0.4114417520692657,0.7970403778882523,0.41141692821349163,0.7970177123292452,0.7193691785732133,0.7456350823743152,0.7195551168337462,0.7455248474961915,-0.36954134454423065,0.00011943674152803396
causal_cuda,minus,371,0.41146670690479586,0.7970630460404987,0.4114417520692657,0.7970403778882523,0.7193631328621466,0.7456344241817099,0.7195551168337462,0.7455248474961915,-0.3762382857276942,-0.0002580281054349598
causal_cuda,minus,372,0.41149177922374824,0.797085703731445,0.41146670690479586,0.7970630460404987,0.7193573599888711,0.7456337227629022,0.7195551168337462,0.7455248474961915,-0.38254110457293966,-0.0006421331947308317
causal_cuda,minus,373,0.411516954886457,0.7971083372777197,0.41149177922374824,0.797085703731445,0.7193518759066793,0.7456329826437235,0.7195551168337462,0.7455248474961915,-0.38843580967049207,-0.0010324845871139132
causal_cuda,minus,374,0.4115422192130323,0.7971309324671546,0.411516954886457,0.7971083372777197,0.7193466942945185,0.7456322082754394,0.7195551168337462,0.7455248474961915,-0.39391114485897444,-0.0014286744701905718
causal_cuda,minus,375,0.41156755707368153,0.7971534746464216,0.4115422192130323,0.7971309324671546,0.7193418269756044,0.7456314038050316,0.7195551168337462,0.7455248474961915,-0.39895777912866504,-0.0018302836120938082
causal_cuda,minus,376,0.41159295296727605,0.7971759487972722,0.41156755707368153,0.7971534746464216,0.7193372839991989,0.7456305731452157,0.7195551168337462,0.7455248474961915,-0.4035682881483986,-0.0022368834756036904
causal_cuda,minus,377,0.41161839110192117,0.7971983396147448,0.41159295296727605,0.7971759487972722,0.7193330735775658,0.745629720328928,0.7195551168337462,0.7455248474961915,-0.407737669154105,-0.0026480384134970336
causal_cuda,minus,378,0.4116438554809072,0.7972206315906635,0.41161839110192117,0.7971983396147448,0.7193292018899623,0.7456288493480557,0.7195551168337462,0.7455248474961915,-0.41146338057286624,-0.0030633080297661763
causal_cuda,minus,379,0.41166932998736805,0.7972428090958968,0.4116438554809072,0.7972206315906635,0.7193256731691459,0.7456279640131694,0.7195551168337462,0.7455248474961915,-0.4147450574997164,-0.003482249491952416
causal_cuda,minus,380,0.41169479845395124,0.7972648564480823,0.41166932998736805,0.7972428090958968,0.7193224902860854,0.745627067793287,0.7195551168337462,0.7455248474961915,-0.41758358472003443,-0.0039044193842983077
causal_cuda,minus,381,0.41172024471482216,0.7972867579621742,0.41169479845395124,0.7972648564480823,0.7193196547988858,0.7456261636039547,0.7195551168337462,0.7455248474961915,-0.4199807715992247,-0.00432937504712072
causal_cuda,minus,382,0.4117456526544133,0.797308497997844,0.41172024471482216,0.7972867579621742,0.7193171665416991,0.7456252537924335,0.7195551168337462,0.7455248474961915,-0.4219398430282918,-0.004756675855020376
causal_cuda,minus,383,0.411771006259015,0.7973300610096639,0.4117456526544133,0.797308497997844,0.7193150236829883,0.7456243402180702,0.7195551168337462,0.7455248474961915,-0.42346546617564523,-0.00518588459740954
causal_cuda,minus,384,0.41179628966747056,0.797351431596456,0.411771006259015,0.7973300610096639,0.7193132231085453,0.7456234245080453,0.7195551168337462,0.7455248474961915,-0.424563592279258,-0.005616568836416036
causal_cuda,minus,385,0.4118214872283769,0.7973725945569611,0.41179628966747056,0.797351431596456,0.7193117601149334,0.7456225082557464,0.7195551168337462,0.7455248474961915,-0.42524208341939795,-0.006048302470389899
causal_cuda,minus,386,0.4118465835725736,0.7973935349604113,0.4118214872283769,0.7973725945569611,0.7193106280038881,0.7456215930871329,0.7195551168337462,0.7455248474961915,-0.42551129872308824,-0.006480667755681679
causal_cuda,minus,387,0.4118715636978941,0.7974142382290683,0.4118465835725736,0.7973935349604113,0.7193098178650832,0.7456206805347828,0.7195551168337462,0.7455248474961915,-0.4253842086638339,-0.0069132576757056086
causal_cuda,minus,388,0.41189641305898883,0.7974346902257043,0.4118715636978941,0.7974142382290683,0.719309318643847,0.7456197720555984,0.7195551168337462,0.7455248474961915,-0.42487633460610663,-0.007345678435541458
causal_cuda,minus,389,0.41192111766159395,0.7974548773454395,0.41189641305898883,0.7974346902257043,0.7193091172216692,0.7456188692809155,0.7195551168337462,0.7455248474961915,-0.4240059614196996,-0.007777552074827554
causal_cuda,minus,390,0.4119456641632975,0.7974747866139272,0.41192111766159395,0.7974548773454395,0.719309198376962,0.7456179741524221,0.7195551168337462,0.7455248474961915,-0.4227943575004995,-0.008208519262723257
causal_cuda,minus,391,0.4119700399706288,0.7974944057820017,0.4119456641632975,0.7974747866139272,0.7193095449994532,0.745617088635296,0.7195551168337462,0.7455248474961915,-0.4212651557559121,-0.008638241960369442
causal_cuda,minus,392,0.4119942333168376,0.7975137234015642,0.4119700399706288,0.7974944057820017,0.719310138475355,0.7456162143056072,0.7195551168337462,0.7455248474961915,-0.41944336668259913,-0.009066405492319518
causal_cuda,minus,393,0.41201823331509424,0.797532728877565,0.4119942333168376,0.7975137234015642,0.7193109590130022,0.7456153521207616,0.7195551168337462,0.7455248474961915,-0.41735469227841715,-0.009492719897281177
causal_cuda,minus,394,0.4120420299948479,0.797551412503612,0.41201823331509424,0.797532728877565,0.7193119857637207,0.7456145024461425,0.7195551168337462,0.7455248474961915,-0.4150254118219553,-0.009916920815186359
causal_cuda,minus,395,0.41206561433151306,0.7975697654911117,0.4120420299948479,0.797551412503612,0.7193131968131092,0.7456136651148115,0.7195551168337462,0.7455248474961915,-0.41248246933203175,-0.01033877021512808
causal_cuda,minus,396,0.41208897827298985,0.797587779995343,0.41206561433151306,0.7975697654911117,0.7193145692388159,0.74561283942472,0.7195551168337462,0.7455248474961915,-0.40975340070642224,-0.010758057054545134
causal_cuda,minus,397,0.4121121147648495,0.7976054491402672,0.41208897827298985,0.797587779995343,0.7193160794065524,0.7456120244784529,0.7195551168337462,0.7455248474961915,-0.4068663900829154,-0.011174597918284235
causal_cuda,minus,398,0.41213501777576034,0.7976227670435685,0.4121121147648495,0.7976054491402672,0.7193177032976062,0.7456112195391965,0.7195551168337462,0.7455248474961915,-0.40385030699972396,-0.011588237676562585
causal_cuda,minus,399,0.4121576823192025,0.7976397288381226,0.41213501777576034,0.7976227670435685,0.7193194166858455,0.7456104239644183,0.7195551168337462,0.7455248474961915,-0.4007344057528976,-0.011998850036718522
causal_cuda,minus,400,0.41218010446697073,0.7976563306854612,0.4121576823192025,0.7976397288381226,0.7193211950648097,0.7456096368736455,0.7195551168337462,0.7455248474961915,-0.3975480044168555,-0.012406337855054517
reference_cuda,plus,1,0.7767470016346123,0.3988103930427268,0.7766285475931046,0.39873439147465434,0.7195505546294345,0.7453355190995398,0.7195551168337462,0.7455248474961915,0.23079361879955837,0.00023283988900857366
reference_cuda,plus,2,0.7768648191422669,0.39888585891553113,0.7767470016346123,0.3988103930427268,0.7195353786539527,0.7453283299276756,0.7195551168337462,0.7455248474961915,0.22083048039560838,0.00045578937729828795
reference_cuda,plus,3,0.7769819928556154,0.39896078171534044,0.7768648191422669,0.39888585891553113,0.7195200712876589,0.745321072229178,0.7195551168337462,0.7455248474961915,0.21078714409628746,0.0006686984031318843
reference_cuda,plus,4,0.7770985183382768,0.3990351569188461,0.7769819928556154,0.39896078171534044,0.7195046932068805,0.7453137569877101,0.7195551168337462,0.7455248474961915,0.2007256656787044,0.0008714826671223364
reference_cuda,plus,5,0.7772143938398185,0.39910898274691275,0.7770985183382768,0.3990351569188461,0.7194893070405726,0.7453063971823369,0.7195551168337462,0.7455248474961915,0.19070809041336625,0.0010641228103338563
reference_cuda,plus,6,0.7773296201853882,0.3991822600776601,0.7772143938398185,0.39910898274691275,0.7194739779967368,0.7452990082119517,0.7195551168337462,0.7455248474961915,0.18079670006398707,0.0012466639366834897
reference_cuda,plus,7,0.7774442006819177,0.39925499237190626,0.7773296201853882,0.3991822600776601,0.7194587735395082,0.74529160791785,0.7195551168337462,0.7455248474961915,0.17105357606492486,0.0014192151814995668
reference_cuda,plus,8,0.7775581410266316,0.3993271855963405,0.7774442006819177,0.39925499237190626,0.7194437626348181,0.7452842164250099,0.7195551168337462,0.7455248474961915,0.1615398497268766,0.0015819489253203756
reference_cuda,plus,9,0.7776714492059839,0.3993988481323413,0.7775581410266316,0.3993271855963405,0.7194290146136625,0.7452768557868029,0.7195551168337462,0.7455248474961915,0.15231471981928918,0.0017350993393847602
reference_cuda,plus,10,0.777784135383322,0.39946999066912914,0.7776714492059839,0.3993988481323413,0.7194145982027932,0.745269549414037,0.7195551168337462,0.7455248474961915,0.1434349482824581,0.0018789602825961538
reference_cuda,plus,11,0.7778962117759045,0.3995406260825021,0.777784135383322,0.39946999066912914,0.7194005807348717,0.7452623217627572,0.7195551168337462,0.7455248474961915,0.13495425720290946,0.0020138826260165388
reference_cuda,plus,12,0.7780076925197731,0.39961076929804973,0.7778962117759045,0.3995406260825021,0.7193870271106395,0.7452551977830701,0.7195551168337462,0.7455248474961915,0.1269227150308859,0.0021402710007691894
reference_cuda,plus,13,0.7781185935230163,0.3996804371397757,0.7780076925197731,0.39961076929804973,0.719373998871518,0.7452482023594017,0.7195551168337462,0.7455248474961915,0.11938627214014834,0.0022585800193724026
reference_cuda,plus,14,0.7782289323068923,0.39974964816400316,0.7781185935230163,0.3996804371397757,0.7193615533559065,0.7452413599090804,0.7195551168337462,0.7455248474961915,0.11238620402579454,0.0023693099888077995
reference_cuda,plus,15,0.7783387278400002,0.39981842248434857,0.7782289323068923,0.39974964816400316,0.7193497432422982,0.745234693939489,0.7195551168337462,0.7455248474961915,0.1059590904586031,0.0024730023094434728
reference_cuda,plus,16,0.7784480003725358,0.3998867815957346,0.7783387278400002,0.39981842248434857,0.7193386162629831,0.7452282266656449,0.7195551168337462,0.7455248474961915,0.10013693332483785,0.0025702348141862785
reference_cuda,plus,17,0.7785567712719589,0.39995474819909044,0.7784480003725358,0.3998867815957346,0.7193282150173519,0.7452219788773923,0.7195551168337462,0.7455248474961915,0.0949470879602939,0.002661617091575863
reference_cuda,plus,18,0.7786650628600834,0.40002234602693154,0.7785567712719589,0.39995474819909044,0.7193185767824469,0.745215969732226,0.7195551168337462,0.7455248474961915,0.09041228470599617,0.0027477858013753576
reference_cuda,plus,19,0.7787728982495441,0.40008959966777585,0.7786650628600834,0.40002234602693154,0.7193097332560471,0.7452102166514124,0.7195551168337462,0.7455248474961915,0.08655043766290398,0.0028293999207562592
reference_cuda,plus,20,0.7788803011769607,0.40015653438661253,0.7787728982495441,0.40008959966777585,0.7193017103847535,0.74520473531152,0.7195551168337462,0.7455248474961915,0.08337444083542732,0.002907135843742026
reference_cuda,plus,21,0.7789872958346875,0.40022317594352935,0.7788803011769607,0.40015653438661253,0.7192945284794784,0.7451995397107529,0.7195551168337462,0.7455248474961915,0.08089223022042702,0.002981682409398445
reference_cuda,plus,22,0.7790939067037115,0.40028955041333775,0.7789872958346875,0.40022317594352935,0.7192882025011775,0.745194642404607,0.7195551168337462,0.7455248474961915,0.07910684721559794,0.003053735948526537
reference_cuda,plus,23,0.7792001583876224,0.40035568400624877,0.7790939067037115,0.40028955041333775,0.7192827421217205,0.7451900545780101,0.7195551168337462,0.7455248474961915,0.07801642541148038,0.0031239953499380135
reference_cuda,plus,24,0.7793060754535421,0.4004216028959353,0.7792001583876224,0.40035568400624877,0.7192781520555448,0.745185785954706,0.7195551168337462,0.7455248474961915,0.07761471914332947,0.0031931573462600227
reference_cuda,plus,25,0.7794116822869213,0.4004873330625554,0.7793060754535421,0.4004216028959353,0.7192744324515762,0.7451818447174774,0.7195551168337462,0.7455248474961915,0.07789169372334637,0.0032619122440280535
reference_cuda,plus,26,0.779517002960224,0.4005529001508042,0.7794116822869213,0.4004873330625554,0.7192715791739975,0.7451782375279739,0.7195551168337462,0.7455248474961915,0.07883385214840698,0.0033309400848793302
reference_cuda,plus,27,0.7796220611047308,0.4006183293314378,0.779517002960224,0.4005529001508042,0.7192695838003724,0.7451749698603254,0.7195551168337462,0.7455248474961915,0.08042381629919391,0.003400906871377174
reference_cuda,plus,28,0.7797268797745807,0.40068364515447785,0.7796220611047308,0.4006183293314378,0.7192684334999305,0.7451720462964043,0.7195551168337462,0.7455248474961915,0.08263980622903339,0.0034724605096698724
reference_cuda,plus,29,0.7798314813041812,0.40074887139526183,0.7797268797745807,0.40068364515447785,0.7192681109244471,0.745169470416885,0.7195551168337462,0.7455248474961915,0.08545564033018542,0.003546226531625507
reference_cuda,plus,30,0.7799358871661678,0.4008140309010895,0.7798314813041812,0.40074887139526183,0.7192685941163045,0.7451672445048038,0.7195551168337462,0.7455248474961915,0.08884099136489128,0.003622803844535838
reference_cuda,plus,31,0.780040117834074,0.40087914544300524,0.7799358871661678,0.4008140309010895,0.7192698567099203,0.7451653695695261,0.7195551168337462,0.7455248474961915,0.09276160885366641,0.003702760640805991
reference_cuda,plus,32,0.7801441926475126,0.4009442355703944,0.780040117834074,0.40087914544300524,0.7192718681438733,0.7451638456228318,0.7195551168337462,0.7455248474961915,0.09717924002761275,0.0037866303862585937
reference_cuda,plus,33,0.7802481296817072,0.40100932047036353,0.7801441926475126,0.4009442355703944,0.7192745939898048,0.7451626717437617,0.7195551168337462,0.7455248474961915,0.10205196099225372,0.0038749079513422657
reference_cuda,plus,34,0.7803519456360828,0.4010744178477254,0.7802481296817072,0.40100932047036353,0.7192779966682248,0.7451618458007763,0.7195551168337462,0.7455248474961915,0.10733541980931693,0.003968046375263157
reference_cuda,plus,35,0.7804556557523525,0.40113954383692857,0.7803519456360828,0.4010744178477254,0.7192820360797012,0.7451613642228444,0.7195551168337462,0.7455248474961915,0.11298391282278641,0.0040664545836932575
reference_cuda,plus,36,0.7805592737570766,0.4012047129405919,0.7804556557523525,0.40113954383692857,0.719286669922269,0.7451612219933313,0.7195551168337462,0.7455248474961915,0.11895079068101173,0.004170495865821522
reference_cuda,plus,37,0.7806628118213147,0.4012699379866093,0.7805592737570766,0.4012047129405919,0.7192918540610185,0.7451614127453586,0.7195551168337462,0.7455248474961915,0.12518880294065327,0.004280486858164068
reference_cuda,plus,38,0.7807662805380281,0.40133523010448935,0.7806628118213147,0.4012699379866093,0.719297543305863,0.7451619290022764,0.7195551168337462,0.7455248474961915,0.1316507713935531,0.004396697066823663
reference_cuda,plus,39,0.7808696889114435,0.4014005987146606,0.7807662805380281,0.40133523010448935,0.7193036917631783,0.7451627625590291,0.7195551168337462,0.7455248474961915,0.13828955505531437,0.004519348729019157
reference_cuda,plus,40,0.7809730443486146,0.40146605152021675,0.7808696889114435,0.4014005987146606,0.719310252851482,0.7451639046774151,0.7195551168337462,0.7455248474961915,0.1450578280896641,0.00464861670099026
reference_cuda,plus,41,0.7810763526537654,0.4015315945015977,0.7809730443486146,0.40146605152021675,0.7193171793359902,0.7451653459178847,0.7195551168337462,0.7455248474961915,0.1519083353408422,0.004784628408287972
reference_cuda,plus,42,0.7811796180298678,0.4015972319190357,0.7810763526537654,0.4015315945015977,0.7193244235225607,0.7451670760702386,0.7195551168337462,0.7455248474961915,0.15879422322749484,0.0049274640142868975
reference_cuda,plus,43,0.7812828430924406,0.401662966328147,0.7811796180298678,0.4015972319190357,0.719331937770921,0.7451690842225269,0.7195551168337462,0.7455248474961915,0.165669596428259,0.00507715697074218
reference_cuda,plus,44,0.781386028898024,0.4017287986113138,0.7812828430924406,0.401662966328147,0.7193396751241,0.7451713590239647,0.7195551168337462,0.7455248474961915,0.17248997687680778,0.0052336950208200506
reference_cuda,plus,45,0.7814891749815959,0.4017947280187326,0.781386028898024,0.4017287986113138,0.7193475897996067,0.7451738892095172,0.7195551168337462,0.7455248474961915,0.17921226290552894,0.005397021456388984
reference_cuda,plus,46,0.7815922794017796,0.4018607522178326,0.7814891749815959,0.4017947280187326,0.7193556374436735,0.7451766635725953,0.7195551168337462,0.7455248474961915,0.18579508117013696,0.005567036599643416
reference_cuda,plus,47,0.7816953387981784,0.40192686735570127,0.7815922794017796,0.4018607522178326,0.7193637752025224,0.745179670628896,0.7195551168337462,0.7455248474961915,0.19219929505489494,0.005743599653499132
reference_cuda,plus,48,0.7817983484629846,0.40199306813686286,0.7816953387981784,0.40192686735570127,0.719371961885219,0.7451828984146381,0.7195551168337462,0.7455248474961915,0.1983884589100102,0.005926530989341927
reference_cuda,plus,49,0.7819013024299661,0.40205934791974085,0.7817983484629846,0.40199306813686286,0.7193801584443347,0.7451863344266315,0.7195551168337462,0.7455248474961915,0.20432949118506974,0.006115614969075978
reference_cuda,plus,50,0.7820041935814513,0.4021256988324809,0.7819013024299661,0.40205934791974085,0.7193883285055169,0.7451899657627917,0.7195551168337462,0.7455248474961915,0.2099931576978061,0.006310603313181673
reference_cuda,plus,51,0.7821070137681115,0.4021921119025437,0.7820041935814513,0.4021256988324809,0.7193964388786821,0.7451937795157766,0.7195551168337462,0.7455248474961915,0.21535421557755316,0.006511218836692478
reference_cuda,plus,52,0.7822097539415765,0.40225857720006125,0.7821070137681115,0.4021921119025437,0.7194044600655977,0.7451977628616869,0.7195551168337462,0.7455248474961915,0.22039193285543834,0.006717159561219432
reference_cuda,plus,53,0.7823124043015811,0.40232508399675676,0.7822097539415765,0.40225857720006125,0.7194123664999887,0.7452019029539093,0.7195551168337462,0.7455248474961915,0.22509051711737416,0.0069281032591845815
reference_cuda,plus,54,0.7824149544430097,0.4023916209247472,0.7823124043015811,0.40232508399675676,0.7194201360932552,0.7452061870952952,0.7195551168337462,0.7455248474961915,0.22943833066543165,0.007143711937203534
reference_cuda,plus,55,0.7825173934833499,0.4024581761141806,0.7824149544430097,0.4023916209247472,0.7194277495901994,0.7452106030418458,0.7195551168337462,0.7455248474961915,0.23342670524215792,0.007363635635584842
reference_cuda,plus,56,0.7826197101706945,0.40252473730972205,0.7825173934833499,0.4024581761141806,0.7194351903020644,0.7452151389632725,0.7195551168337462,0.7455248474961915,0.23704965601009323,0.007587515589705163
reference_cuda,plus,57,0.7827218929808417,0.40259129197510707,0.7826197101706945,0.40252473730972205,0.7194424439772855,0.7452197833984108,0.7195551168337462,0.7455248474961915,0.24030377402407122,0.007814987053990308
reference_cuda,plus,58,0.7828239302065616,0.40265782738914796,0.7827218929808417,0.40259129197510707,0.7194494986253116,0.7452245252555272,0.7195551168337462,0.7455248474961915,0.24318800448090197,0.008045681888887657
reference_cuda,plus,59,0.7829258100435035,0.40272433073799163,0.7828239302065616,0.40265782738914796,0.7194563444451664,0.7452293536464573,0.7195551168337462,0.7455248474961915,0.24570376313183198,0.008279231054302727
reference_cuda,plus,60,0.7830275206754606,0.4027907892066283,0.7829258100435035,0.40272433073799163,0.7194629737113128,0.7452342577747955,0.7195551168337462,0.7455248474961915,0.2478549323099512,0.00851526709357131
reference_cuda,plus,61,0.7831290503589777,0.40285719006965826,0.7830275206754606,0.4027907892066283,0.7194693808138216,0.745239226995416,0.7195551168337462,0.7455248474961915,0.24964783604184448,0.008753426602083891
reference_cuda,plus,62,0.7832303875060828,0.40292352078000143,0.7831290503589777,0.40285719006965826,0.7194755623902029,0.7452442510383848,0.7195551168337462,0.7455248474961915,0.2510911248054401,0.008993352635087604
reference_cuda,plus,63,0.7833315207615366,0.402989769051687,0.7832303875060828,0.40292352078000143,0.719481517277537,0.7452493202178295,0.7195551168337462,0.7455248474961915,0.25219545531884363,0.009234696937824083
reference_cuda,plus,64,0.783432439076072,0.4030559229382714,0.7833315207615366,0.402989769051687,0.7194872465203682,0.7452544254046608,0.7195551168337462,0.7455248474961915,0.2529735346120748,0.009477122052771847
reference_cuda,plus,65,0.783533131781976,0.40312197091372254,0.783432439076072,0.4030559229382714,0.7194927535089869,0.7452595579215524,0.7195551168337462,0.7455248474961915,0.25344042383078047,0.009720303516104423
reference_cuda,plus,66,0.7836335886778953,0.403187901963189,0.783533131781976,0.40312197091372254,0.7194980443874185,0.7452647095425864,0.7195551168337462,0.7455248474961915,0.2536140480319417,0.009963932361927164
reference_cuda,plus,67,0.7837338001165467,0.40325370567692315,0.7836335886778953,0.403187901963189,0.7195031277907671,0.7452698725279961,0.7195551168337462,0.7455248474961915,0.2535148262916189,0.010207717706322228
reference_cuda,plus,68,0.7838337570871893,0.4033193723385722,0.7837338001165467,0.40325370567692315,0.7195080145806927,0.7452750396070693,0.7195551168337462,0.7455248474961915,0.2531653643220614,0.010451389147846157
reference_cuda,plus,69,0.783933451288342,0.4033848930029321,0.7838337570871893,0.4033193723385722,0.7195127175338948,0.7452802040342027,0.7195551168337462,0.7455248474961915,0.2525899974050688,0.010694698845782113
reference_cuda,plus,70,0.7840328751840191,0.40345025955595226,0.783933451288342,0.4033848930029321,0.7195172507178149,0.7452853595817646,0.7195551168337462,0.7455248474961915,0.2518140221530177,0.010937423066536667
reference_cuda,plus,71,0.7841320220401461,0.40351546475332845,0.7840328751840191,0.40345025955595226,0.7195216290557016,0.7452905006124112,0.7195551168337462,0.7455248474961915,0.2508630652116256,0.0111793631028263
reference_cuda,plus,72,0.7842308859496999,0.40358050224687453,0.7841320220401461,0.40351546475332845,0.719525868173705,0.7452956218345445,0.7195551168337462,0.7455248474961915,0.2497631985389058,0.011420345866156367
reference_cuda,plus,73,0.7843294618548481,0.4036453666076047,0.7842308859496999,0.40358050224687453,0.7195299841804841,0.7453007180253058,0.7195551168337462,0.7455248474961915,0.24854101090002015,0.011660224417283871
reference_cuda,plus,74,0.7844277455618119,0.4037100533410031,0.7843294618548481,0.4036453666076047,0.7195339933803314,0.7453057841632466,0.7195551168337462,0.7455248474961915,0.24722308549601954,0.011898878277492031
reference_cuda,plus,75,0.7845257337425081,0.4037745588880974,0.7844277455618119,0.4037100533410031,0.7195379119695886,0.745310815540445,0.7195551168337462,0.7455248474961915,0.24583548215675083,0.012136213327693213
reference_cuda,plus,76,0.784623423925865,0.40383888061539497,0.7845257337425081,0.4037745588880974,0.7195417557674106,0.7453158075647203,0.7195551168337462,0.7455248474961915,0.24440364857911198,0.01237216140145847
reference_cuda,plus,77,0.784720814480756,0.4039030167958087,0.784623423925865,0.40383888061539497,0.7195455399254631,0.7453207556936684,0.7195551168337462,0.7455248474961915,0.24295214073636465,0.012606679634217244
reference_cuda,plus,78,0.78481790458904,0.40396696657897413,0.784720814480756,0.4039030167958087,0.719549278587792,0.7453256553731146,0.7195551168337462,0.7455248474961915,0.24150427545529204,0.012839749518178678
reference_cuda,plus,79,0.7849146942127048,0.4040307299552105,0.78481790458904,0.40396696657897413,0.7195529850803758,0.7453305021707709,0.7195551168337462,0.7455248474961915,0.24008219994752972,0.013071375795959739
reference_cuda,plus,80,0.7850111840640015,0.4040943077227183,0.7849146942127048,0.4040307299552105,0.7195566723550753,0.745335291879036,0.7195551168337462,0.7455248474961915,0.2387073170143551,0.013301585484498446
reference_cuda,plus,81,0.7851073755746766,0.4041577014538711,0.7850111840640015,0.4040943077227183,0.7195603526544126,0.7453400205086822,0.7195551168337462,0.7455248474961915,0.23739987455438985,0.013530426878617163
reference_cuda,plus,82,0.7852032708538949,0.40422091344945715,0.7851073755746766,0.4041577014538711,0.7195640370154912,0.7453446843012448,0.7195551168337462,0.7455248474961915,0.23617833099657218,0.01375796819303332
reference_cuda,plus,83,0.7852988726320312,0.4042839466777399,0.7852032708538949,0.40422091344945715,0.719567735042742,0.7453492798231272,0.7195551168337462,0.7455248474961915,0.2350589539838744,0.0139842957637768
reference_cuda,plus,84,0.7853941841982044,0.4043468047068031,0.7852988726320312,0.4042839466777399,0.7195714551256146,0.7453538040155492,0.7195551168337462,0.7455248474961915,0.23405602904400766,0.014209512082743458
reference_cuda,plus,85,0.7854892093433262,0.40440949164281303,0.7853941841982044,0.4043468047068031,0.7195752047191939,0.7453582540285683,0.7195551168337462,0.7455248474961915,0.23318241611907703,0.014433734045326219
reference_cuda,plus,86,0.7855839523107492,0.40447201207652783,0.7854892093433262,0.40440949164281303,0.7195789902885039,0.7453626270585584,0.7195551168337462,0.7455248474961915,0.23244968238602548,0.014657091458076366
reference_cuda,plus,87,0.785678417748351,0.4045343710314546,0.7855839523107492,0.40447201207652783,0.7195828171084516,0.7453669203032814,0.7195551168337462,0.7455248474961915,0.23186790837876814,0.014879725590617454
reference_cuda,plus,88,0.78577261064618,0.4045965738966015,0.785678417748351,0.4045343710314546,0.7195866888054566,0.7453711313973893,0.7195551168337462,0.7455248474961915,0.2314445726811628,0.01510178724782918
reference_cuda,plus,89,0.785866536249104,0.4046586263324557,0.78577261064618,0.4045965738966015,0.7195906071122935,0.7453752588927716,0.7195551168337462,0.7455248474961915,0.23118364664389274,0.015323434043779116
reference_cuda,plus,90,0.785960199957996,0.40472053416457093,0.785866536249104,0.4046586263324557,0.7195945718455578,0.7453793018881862,0.7195551168337462,0.7455248474961915,0.23108602800703018,0.015544827352584889
reference_cuda,plus,91,0.7860536072348073,0.40478230328133713,0.785960199957996,0.40472053416457093,0.7195985807769913,0.7453832595332671,0.7195551168337462,0.7455248474961915,0.23114999897352823,0.015766129431824538
reference_cuda,plus,92,0.7861467635172965,0.4048439395421915,0.7860536072348073,0.40478230328133713,0.719602629805484,0.74538713086057,0.7195551168337462,0.7455248474961915,0.23137165027377313,0.015987500883312578
reference_cuda,plus,93,0.7862396741509464,0.40490544870435474,0.7861467635172965,0.4048439395421915,0.7196067135562008,0.7453909146914695,0.7195551168337462,0.7455248474961915,0.23174574596874759,0.016209098682082868
reference_cuda,plus,94,0.786332344340856,0.4049668363711327,0.7862396741509464,0.40490544870435474,0.7196108257423861,0.7453946095405798,0.7195551168337462,0.7455248474961915,0.23226629411620967,0.016431074842500948
reference_cuda,plus,95,0.786424779113726,0.40502810795119665,0.786332344340856,0.4049668363711327,0.7196149589063108,0.7453982134927106,0.7195551168337462,0.7455248474961915,0.23292637731170154,0.016653575378541063
reference_cuda,plus,96,0.7865169832806942,0.40508926861887457,0.786424779113726,0.40502810795119665,0.719619104397226,0.7454017243147305,0.7195551168337462,0.7455248474961915,0.23371798588456,0.016876739263352647
reference_cuda,plus,97,0.7866089613947218,0.40515032326863376,0.7865169832806942,0.40508926861887457,0.7196232525458854,0.7454051399458467,0.7195551168337462,0.7455248474961915,0.2346316243271336,0.017100697193058068
reference_cuda,plus,98,0.7867007176945812,0.4052112764552399,0.7866089613947218,0.40515032326863376,0.7196273925329187,0.7454084589228192,0.7195551168337462,0.7455248474961915,0.23565561711368882,0.01732556991015599
reference_cuda,plus,99,0.7867922560215957,0.40527213230468706,0.7867007176945812,0.4052112764552399,0.7196315121854139,0.7454116812932307,0.7195551168337462,0.7455248474961915,0.236774716403943,0.01755146564417487
reference_cuda,plus,100,0.7868835797162178,0.4053328944034531,0.7867922560215957,0.40527213230468706,0.7196355982746464,0.7454148088437148,0.7195551168337462,0.7455248474961915,0.2379701893577061,0.017778476945693455
reference_cuda,plus,101,0.7869746915289572,0.4053935657030041,0.7868835797162178,0.4053328944034531,0.719639636956706,0.7454178440967797,0.7195551168337462,0.7455248474961915,0.23922161943386816,0.018006678050056735
reference_cuda,plus,102,0.7870655935563177,0.40545414845122385,0.7869746915289572,0.4053935657030041,0.7196436136093259,0.7454207897243001,0.7195551168337462,0.7455248474961915,0.24050743480008777,0.018236123067225662
reference_cuda,plus,103,0.7871562871859691,0.40551464413392796,0.7870655935563177,0.40545414845122385,0.719647512484108,0.7454236484869563,0.7195551168337462,0.7455248474961915,0.24180455050096197,0.018466844442059482
reference_cuda,plus,104,0.787246773047296,0.40557505342220246,0.7871562871859691,0.40551464413392796,0.7196513166294868,0.745426422875369,0.7195551168337462,0.7455248474961915,0.24308872022667186,0.01869885157006479
reference_cuda,plus,105,0.7873370509738626,0.4056353761325737,0.787246773047296,0.40557505342220246,0.7196550079223213,0.745429114675166,0.7195551168337462,0.7455248474961915,0.2443351182475335,0.018932129788225893
reference_cuda,plus,106,0.7874271199806483,0.4056956112030585,0.7873370509738626,0.4056353761325737,0.7196585671878919,0.7454317247153678,0.7195551168337462,0.7455248474961915,0.24551880278873311,0.019166639826920573
reference_cuda,plus,107,0.7875169782605136,0.4057557566898625,0.7874271199806483,0.4056956112030585,0.7196619748192383,0.7454342528405786,0.7195551168337462,0.7455248474961915,0.24661552279077883,0.019402317860567564
reference_cuda,plus,108,0.7876066231977494,0.4058158097824517,0.7875169782605136,0.4057557566898625,0.719665211201478,0.7454366981189702,0.7195551168337462,0.7455248474961915,0.24760198724935759,0.0196390760736449
reference_cuda,plus,109,0.7876960513864468,0.4058757668238677,0.7876066231977494,0.4058158097824517,0.7196682567146733,0.7454390591234572,0.7195551168337462,0.7455248474961915,0.2484555176432935,0.01987680333490971
reference_cuda,plus,110,0.787785258646828,0.40593562332883776,0.7876960513864468,0.4058757668238677,0.7196710918190176,0.7454413341320989,0.7195551168337462,0.7455248474961915,0.24915390366821713,0.020115365771999905
reference_cuda,plus,111,0.7878742400387884,0.4059953739988693,0.787785258646828,0.40593562332883776,0.7196736970332415,0.745443521186344,0.7195551168337462,0.7455248474961915,0.24967530300381977,0.020354607239198685
reference_cuda,plus,112,0.7879629898699801,0.4060550127314582,0.7878742400387884,0.4059953739988693,0.7196760528883139,0.7454456182970108,0.7195551168337462,0.7455248474961915,0.2499979259910691,0.020594349596905204
reference_cuda,plus,113,0.7880515016987418,0.4061145326237171,0.7879629898699801,0.4060550127314582,0.7196781399677808,0.7454476235362206,0.7195551168337462,0.7455248474961915,0.2500999704615123,0.020834392823871895
reference_cuda,plus,114,0.788139768338334,0.40617392597734564,0.7880515016987418,0.4061145326237171,0.7196799391395213,0.7454495350214982,0.7195551168337462,0.7455248474961915,0.24995992960400343,0.021074515178327147
reference_cuda,plus,115,0.7882277818715607,0.40623318431469124,0.788139768338334,0.40617392597734564,0.7196814321121666,0.7454513509727251,0.7195551168337462,0.7455248474961915,0.24955721373689527,0.02131447370021533
reference_cuda,plus,116,0.7883155336799783,0.4062922984104202,0.7882277818715607,0.40623318431469124,0.7196826019517977,0.7454530698452575,0.7195551168337462,0.7455248474961915,0.24887262758014916,0.02155400517324324
reference_cuda,plus,117,0.7884030144822464,0.4063512583330271,0.7883155336799783,0.4062922984104202,0.7196834333754776,0.7454546906397579,0.7195551168337462,0.7455248474961915,0.2478883489852095,0.021792827354943256
reference_cuda,plus,118,0.7884902143764028,0.4064100534905561,0.7884030144822464,0.4063512583330271,0.7196839128200014,0.745456212954096,0.7195551168337462,0.7455248474961915,0.24658794908441187,0.022030640305246152
reference_cuda,plus,119,0.7885771228866987,0.4064686726811706,0.7884902143764028,0.4064100534905561,0.7196840284552937,0.7454576368231945,0.7195551168337462,0.7455248474961915,0.24495660796978735,0.02226712784471374
reference_cuda,plus,120,0.788663729017756,0.40652710415153676,0.7885771228866987,0.4064686726811706,0.7196837706176826,0.7454589629085793,0.7195551168337462,0.7455248474961915,0.2429814180755515,0.02250195923221554
reference_cuda,plus,121,0.788750021319858,0.4065853356670918,0.788663729017756,0.40652710415153676,0.7196831324342875,0.7454601927401839,0.7195551168337462,0.7455248474961915,0.24065186100411937,0.02273479118653654
reference_cuda,plus,122,0.788835987960875,0.4066433545894047,0.788750021319858,0.4065853356670918,0.7196821098740401,0.7454613288688396,0.7195551168337462,0.7455248474961915,0.23795968105013965,0.022965270091731327
reference_cuda,plus,123,0.7889216168033694,0.4067011479590467,0.788835987960875,0.4066433545894047,0.7196807015570517,0.745462374460928,0.7195551168337462,0.7455248474961915,0.2348991533378762,0.02319303434694575
reference_cuda,plus,124,0.789006895495308,0.4067587025929584,0.7889216168033694,0.4067011479590467,0.7196789088978033,0.7454633328307424,0.7195551168337462,0.7455248474961915,0.23146784644316967,0.02341771714068841
reference_cuda,plus,125,0.7890918115720814,0.4068160051938996,0.789006895495308,0.4067587025929584,0.7196767359040306,0.7454642072397252,0.7195551168337462,0.7455248474961915,0.22766662326004947,0.023638949556811895
reference_cuda,plus,126,0.789176352561795,0.40687304246337325,0.7890918115720814,0.4068160051938996,0.7196741892089128,0.7454650010276134,0.7195551168337462,0.7455248474961915,0.22349951922476516,0.023856363750240916
reference_cuda,plus,127,0.7892605060904812,0.4069298012143993,0.789176352561795,0.40687304246337325,0.7196712780376568,0.7454657176330732,0.7195551168337462,0.7455248474961915,0.2189736768333143,0.0240695960935966
reference_cuda,plus,128,0.7893442599873854,0.4069862684842899,0.7892605060904812,0.4069298012143993,0.719668014002143,0.745466360370075,0.7195551168337462,0.7455248474961915,0.21409937062886628,0.0242782903094394
reference_cuda,plus,129,0.7894276023858874,0.4070424316426811,0.7893442599873854,0.4069862684842899,0.7196644107614047,0.7454669324059175,0.7195551168337462,0.7455248474961915,0.20888961336782422,0.024482100444799926
reference_cuda,plus,130,0.789510521816825,0.4070982784913425,0.7894276023858874,0.4070424316426811,0.7196604837871092,0.7454674367346001,0.7195551168337462,0.7455248474961915,0.20335989894405979,0.02468069359227343
reference_cuda,plus,131,0.7895930072958683,0.4071537973575331,0.789510521816825,0.4070982784913425,0.7196562504406101,0.7454678763302245,0.7195551168337462,0.7455248474961915,0.19752810938259502,0.024873752423246742
reference_cuda,plus,132,0.7896750484061431,0.40720897718217786,0.7895930072958683,0.4071537973575331,0.7196517300133809,0.745468254306023,0.7195551168337462,0.7455248474961915,0.1914143690160134,0.02506097757188286
reference_cuda,plus,133,0.7897566353827377,0.4072638076099552,0.7896750484061431,0.40720897718217786,0.7196469438999892,0.7454685737716549,0.7195551168337462,0.7455248474961915,0.18504144057339422,0.025242090090728198
reference_cuda,plus,134,0.7898377591991583,0.4073182790814317,0.7897566353827377,0.4072638076099552,0.7196419155022536,0.7454688378524799,0.7195551168337462,0.7455248474961915,0.1784345835260875,0.025416833966971808
reference_cuda,plus,135,0.7899184116485343,0.4073723829195246,0.7898377591991583,0.4073182790814317,0.7196366699836554,0.7454690497737513,0.7195551168337462,0.7455248474961915,0.17162114411594392,0.025584978460244656
reference_cuda,plus,136,0.7899985854155133,0.40742611140596335,0.7899184116485343,0.4073723829195246,0.7196312340415661,0.7454692129095095,0.7195551168337462,0.7455248474961915,0.1646302111968373,0.025746320140797252
reference_cuda,plus,137,0.7900782741349102,0.40747945784351897,0.7899985854155133,0.40742611140596335,0.7196256354695817,0.7454693308062752,0.7195551168337462,0.7455248474961915,0.15749204093398592,0.02590068450712124
reference_cuda,plus,138,0.7901574724361892,0.4075324166030017,0.7900782741349102,0.40747945784351897,0.7196199026997266,0.7454694070261155,0.7195551168337462,0.7455248474961915,0.15023768130932544,0.026047927165762985
reference_cuda,plus,139,0.7902361759748213,0.4075849831561681,0.7901574724361892,0.4075324166030017,0.7196140645226602,0.7454694451663512,0.7195551168337462,0.7455248474961915,0.1428985978219642,0.026187934614654296
reference_cuda,plus,140,0.7903143814486494,0.40763715409253787,0.7902361759748213,0.4075849831561681,0.7196081499040436,0.7454694491225584,0.7195551168337462,0.7455248474961915,0.13550611494290318,0.026320624568796802
reference_cuda,plus,141,0.7903920866007061,0.40768892712168314,0.7903143814486494,0.40763715409253787,0.7196021879091029,0.7454694232207121,0.7195551168337462,0.7455248474961915,0.12809115569670051,0.026445945884546518
reference_cuda,plus,142,0.790469290217898,0.40774030107104725,0.7903920866007061,0.40768892712168314,0.7195962078695456,0.7454693721579221,0.7195551168337462,0.7455248474961915,0.12068452285173314,0.02656387839118679
reference_cuda,plus,143,0.7905459921279914,0.4077912758819306,0.790469290217898,0.40774030107104725,0.7195902395621162,0.7454693013010405,0.7195551168337462,0.7455248474961915,0.11331674755767336,0.0266744326920616
reference_cuda,plus,144,0.7906221931991227,0.40784185260818007,0.7905459921279914,0.4077912758819306,0.7195843133177661,0.7454692164928547,0.7195551168337462,0.7455248474961915,0.10601846639415442,0.026777650069874426
reference_cuda,plus,145,0.7906978953447475,0.40789203342069297,0.7906221931991227,0.40784185260818007,0.71957845972755,0.7454691236381299,0.7195551168337462,0.7455248474961915,0.09882056971167685,0.026873602576841904
reference_cuda,plus,146,0.7907731015308324,0.4079418216143551,0.7906978953447475,0.40789203342069297,0.7195727093386597,0.7454690284545518,0.7195551168337462,0.7455248474961915,0.09175413162232705,0.026962393196299672
reference_cuda,plus,147,0.7908478157830731,0.4079912216150225,0.7907731015308324,0.4079418216143551,0.7195670924733115,0.7454689363084595,0.7195551168337462,0.7455248474961915,0.08485038754267937,0.027044156004933484
reference_cuda,plus,148,0.7909220431931292,0.4080402389854533,0.7908478157830731,0.4079912216150225,0.7195616389317541,0.7454688519681688,0.7195551168337462,0.7455248474961915,0.07814066995061592,0.027119056303916977
reference_cuda,plus,149,0.7909957899265949,0.4080888804330774,0.7909220431931292,0.4080402389854533,0.7195563779103928,0.7454687793485897,0.7195551168337462,0.7455248474961915,0.0716566239294207,0.027187290811269804
reference_cuda,plus,150,0.7910690632292003,0.40813715381589316,0.7909957899265949,0.4080888804330774,0.7195513378603935,0.7454687216321615,0.7195551168337462,0.7455248474961915,0.06542987816529805,0.02724908779455859
reference_cuda,plus,151,0.7911418714130797,0.4081850681271303,0.7910690632292003,0.40813715381589316,0.7195465457891583,0.7454686816624209,0.7195551168337462,0.7455248474961915,0.05949067896145748,0.027304706553138658
reference_cuda,plus,152,0.7912142238150695,0.4082326334500273,0.7911418714130797,0.4081850681271303,0.7195420265193015,0.7454686618444614,0.7195551168337462,0.7455248474961915,0.05386708740656,0.027354436021937545
reference_cuda,plus,153,0.7912861307300918,0.40827986088596996,0.7912142238150695,0.4082326334500273,0.7195378022065505,0.7454686641636169,0.7195551168337462,0.7455248474961915,0.048584352564844044,0.027398592620869522
reference_cuda,plus,154,0.7913576033213124,0.4083267624578376,0.7912861307300918,0.40827986088596996,0.719533892108796,0.7454686904968458,0.7195551168337462,0.7455248474961915,0.04366423296085986,0.027437517411442514
reference_cuda,plus,155,0.7914286535169754,0.4083733509991072,0.7913576033213124,0.4083267624578376,0.7195303126092083,0.7454687425436,0.7195551168337462,0.7455248474961915,0.03912511148153972,0.027471572889652407
reference_cuda,plus,156,0.7914992939121213,0.4084196400481977,0.7914286535169754,0.4083733509991072,0.7195270776310169,0.7454688215995394,0.7195551168337462,0.7455248474961915,0.034982796562606125,0.027501139997752944
reference_cuda,plus,157,0.7915695376828027,0.40846564375624317,0.7914992939121213,0.4084196400481977,0.7195241988272506,0.7454689284156855,0.7195551168337462,0.7455248474961915,0.03125093556598438,0.02752661556661451
reference_cuda,plus,158,0.7916393985099605,0.4085113768053038,0.7915695376828027,0.40846564375624317,0.7195216857190027,0.7454690632075298,0.7195551168337462,0.7455248474961915,0.02794117653978301,0.027548410072256502
reference_cuda,plus,159,0.7917088905091895,0.4085568543329951,0.7916393985099605,0.4085113768053038,0.7195195459816743,0.7454692258737408,0.7195551168337462,0.7455248474961915,0.025063253051822505,0.027566945576609214
reference_cuda,plus,160,0.7917780281596615,0.40860209185632645,0.7917088905091895,0.4085568543329951,0.7195177854920753,0.7454694162879493,0.7195551168337462,0.7455248474961915,0.02262467879861538,0.027582653632151732
reference_cuda,plus,161,0.7918468262331221,0.4086471051956892,0.7917780281596615,0.40860209185632645,0.7195164082900648,0.7454696340816928,0.7195551168337462,0.7455248474961915,0.02063097143648359,0.027595973192660495
reference_cuda,plus,162,0.7919152997302796,0.40869191040678465,0.7918468262331221,0.4086471051956892,0.7195154167392999,0.745469878431996,0.7195551168337462,0.7455248474961915,0.019086119483193345,0.02760734876966353
reference_cuda,plus,163,0.7919834638313392,0.4087365237276868,0.7919152997302796,0.40869191040678465,0.7195148119984562,0.7454701480257359,0.7195551168337462,0.7455248474961915,0.017993216284438392,0.027617229042107283
reference_cuda,plus,164,0.7920513338487699,0.40878096152842325,0.7919834638313392,0.4087365237276868,0.7195145937364172,0.7454704413020761,0.7195551168337462,0.7455248474961915,0.01735380130032136,0.027626065512635023
reference_cuda,plus,165,0.7921189251651,0.4088252402446784,0.7920513338487699,0.40878096152842325,0.7195147596777661,0.7454707567154504,0.7195551168337462,0.7455248474961915,0.017166963495104888,0.027634310662875805
reference_cuda,plus,166,0.7921862531554157,0.40886937629521825,0.7921189251651,0.4088252402446784,0.7195153054218593,0.745471092731491,0.7195551168337462,0.7455248474961915,0.017429120422880317,0.02764241563215819
reference_cuda,plus,167,0.7922533331032483,0.40891338599227633,0.7921862531554157,0.40886937629521825,0.71951622434208,0.7454714476523943,0.7195551168337462,0.7455248474961915,0.01813411065212093,0.027650827712676573
reference_cuda,plus,168,0.7923201801193005,0.4089572854549819,0.7922533331032483,0.40891338599227633,0.7195175078059451,0.7454718195138241,0.7195551168337462,0.7455248474961915,0.0192735977458503,0.027659987962834975
reference_cuda,plus,169,0.7923868090614508,0.40900109052425393,0.7923201801193005,0.4089572854549819,0.7195191451672089,0.7454722062510032,0.7195551168337462,0.7455248474961915,0.02083685268823146,0.027670328869845662
reference_cuda,plus,170,0.79245323444793,0.4090448166705068,0.7923868090614508,0.40900109052425393,0.7195211236675383,0.7454726059627013,0.7195551168337462,0.7455248474961915,0.022810300855337327,0.02768227179373639
reference_cuda,plus,171,0.7925194703616729,0.40908847889202593,0.79245323444793,0.4090448166705068,0.7195234282730008,0.7454730169183974,0.7195551168337462,0.7455248474961915,0.02517730851007452,0.027696224141180892
reference_cuda,plus,172,0.7925855303453172,0.4091320916034564,0.7925194703616729,0.40908847889202593,0.7195260415658474,0.7454734377190426,0.7195551168337462,0.7455248474961915,0.02791784643271718,0.027712576257442834
reference_cuda,plus,173,0.7926514272908817,0.40917566851866294,0.7925855303453172,0.4091320916034564,0.7195289438163824,0.7454738672984912,0.7195551168337462,0.7455248474961915,0.031008577868411106,0.027731698172857477
reference_cuda,plus,174,0.7927171733359599,0.40921922254060084,0.7926514272908817,0.40917566851866294,0.7195321132620278,0.7454743046691591,0.7195551168337462,0.7455248474961915,0.034423525245015685,0.027753936587913586
reference_cuda,plus,175,0.7927827797736618,0.4092627656658899,0.7927171733359599,0.40921922254060084,0.719535526503875,0.7454747489057018,0.7195551168337462,0.7455248474961915,0.03813458631946266,0.0277796123070857
reference_cuda,plus,176,0.792848256976685,0.40930630890454595,0.7927827797736618,0.4092627656658899,0.7195391588712178,0.7454751991875954,0.7195551168337462,0.7455248474961915,0.042111936782919586,0.02780901811703984
reference_cuda,plus,177,0.7929136143364987,0.4093498622158979,0.792848256976685,0.40930630890454595,0.7195429847950029,0.7454756547495348,0.7195551168337462,0.7455248474961915,0.04632455934519869,0.027842417131836328
reference_cuda,plus,178,0.792978860216049,0.409393434458963,0.7929136143364987,0.4093498622158979,0.7195469778656988,0.7454761147168674,0.7195551168337462,0.7455248474961915,0.05074052216725233,0.027880041543397738
reference_cuda,plus,179,0.7930440019139839,0.4094370333551626,0.792978860216049,0.409393434458963,0.7195511110996392,0.7454765781161543,0.7195551168337462,0.7455248474961915,0.05532729907422523,0.027922091713264763
reference_cuda,plus,180,0.7931090456402301,0.40948066546314615,0.7930440019139839,0.4094370333551626,0.7195553571771072,0.7454770438446174,0.7195551168337462,0.7455248474961915,0.06005210590913651,0.027968735599415595
reference_cuda,plus,181,0.7931739965008439,0.40952433616350775,0.7931090456402301,0.40948066546314615,0.7195596884670211,0.7454775105644644,0.7195551168337462,0.7455248474961915,0.06488206411291915,0.028020108449339887
reference_cuda,plus,182,0.793238858492634,0.40956804965392135,0.7931739965008439,0.40952433616350775,0.7195640772800865,0.7454779766555222,0.7195551168337462,0.7455248474961915,0.06978457699222185,0.028076312781053048
reference_cuda,plus,183,0.7933036345024418,0.40961180894922206,0.793238858492634,0.40956804965392135,0.7195684960056843,0.7454784405045483,0.7195551168337462,0.7455248474961915,0.07472713990137556,0.028137418480355336
reference_cuda,plus,184,0.7933683262999012,0.40965561587458577,0.7933036345024418,0.40961180894922206,0.7195729170721689,0.7454789009307031,0.7195551168337462,0.7455248474961915,0.07967675961007453,0.028203462660997047
reference_cuda,plus,185,0.7934329345240004,0.4096994710520464,0.7933683262999012,0.40965561587458577,0.7195773130859983,0.7454793572942425,0.7195551168337462,0.7455248474961915,0.08459999308979976,0.028274449321514794
reference_cuda,plus,186,0.7934974586726231,0.4097433738901524,0.7934329345240004,0.4096994710520464,0.7195816571708326,0.7454798095095555,0.7195551168337462,0.7455248474961915,0.08946335565675208,0.02835034910404488
reference_cuda,plus,187,0.7935618971022577,0.4097873225843749,0.7934974586726231,0.4097433738901524,0.7195859234028791,0.7454802581024942,0.7195551168337462,0.7455248474961915,0.09423379386822166,0.02843109937609256
reference_cuda,plus,188,0.7936262470406322,0.409831314131272,0.7935618971022577,0.4097873225843749,0.719590086920158,0.7454807039756578,0.7195551168337462,0.7455248474961915,0.0988791156701305,0.028516604712763183
reference_cuda,plus,189,0.7936905046103717,0.4098753443543541,0.7936262470406322,0.409831314131272,0.7195941239470807,0.7454811482708396,0.7195551168337462,0.7455248474961915,0.10336819308151142,0.028606737704336638
reference_cuda,plus,190,0.7937546648666145,0.40991940794477255,0.7936905046103717,0.4098753443543541,0.7195980121038094,0.7454815921663868,0.7195551168337462,0.7455248474961915,0.1076716017946395,0.028701340186785274
reference_cuda,plus,191,0.7938187218586269,0.4099634985274634,0.7937546648666145,0.40991940794477255,0.7196017309572219,0.7454820365602208,0.7195551168337462,0.7455248474961915,0.11176270516567131,0.02880022521310366
reference_cuda,plus,192,0.7938826687128446,0.4100076087500541,0.7938187218586269,0.4099634985274634,0.7196052620410681,0.7454824818640299,0.7195551168337462,0.7455248474961915,0.1156179357598371,0.02890317965881195
reference_cuda,plus,193,0.7939464977273442,0.41005173038390713,0.7938826687128446,0.4100076087500541,0.7196085888283245,0.7454829279467141,0.7195551168337462,0.7455248474961915,0.11921683052824393,0.029009967135891657
reference_cuda,plus,194,0.7940102004757648,0.4100958544351295,0.7939464977273442,0.41005173038390713,0.7196116968940985,0.7454833740248092,0.7195551168337462,0.7455248474961915,0.12254237017205342,0.029120331163966284
reference_cuda,plus,195,0.794073767920919,0.4101399712657911,0.7940102004757648,0.4100958544351295,0.7196145740565493,0.7454838186138875,0.7195551168337462,0.7455248474961915,0.125581214767089,0.029233998611061907
reference_cuda,plus,196,0.7941371905348266,0.4101840707218972,0.794073767920919,0.4101399712657911,0.719617210451093,0.7454842595741467,0.7195551168337462,0.7455248474961915,0.1283237383705303,0.029350683302084235
reference_cuda,plus,197,0.7942004584177743,0.41022814226023446,0.7941371905348266,0.4101840707218972,0.7196195985739079,0.7454846944247552,0.7195551168337462,0.7455248474961915,0.13076368963088889,0.02947008955840147
reference_cuda,plus,198,0.794263561404108,0.4102721750610523,0.7942004584177743,0.41022814226023446,0.719621733441399,0.7454851211945204,0.7195551168337462,0.7455248474961915,0.13289732748012106,0.029591915285834602
reference_cuda,plus,199,0.794326489157005,0.4103161581289024,0.794263561404108,0.4102721750610523,0.7196236126175071,0.7454855384177258,0.7195551168337462,0.7455248474961915,0.13472345975850902,0.0297158547135723
reference_cuda,plus,200,0.7943892312630985,0.41036008039318533,0.794326489157005,0.4103161581289024,0.7196252361450602,0.7454859448216377,0.7195551168337462,0.7455248474961915,0.1362437472340782,0.02984160114056067
reference_cuda,plus,201,0.7944517773298891,0.4104039308115801,0.7943892312630985,0.41036008039318533,0.7196266066153582,0.7454863393605751,0.7195551168337462,0.7455248474961915,0.13746274752693066,0.029968849773098327
reference_cuda,plus,202,0.7945141170867693,0.41044769847722157,0.7944517773298891,0.4104039308115801,0.7196277293332665,0.7454867212434229,0.7195551168337462,0.7455248474961915,0.1383880866890786,0.030097300671968696
reference_cuda,plus,203,0.7945762404893374,0.41049137272932434,0.7945141170867693,0.41044769847722157,0.7196286122635445,0.7454870898477174,0.7195551168337462,0.7455248474961915,0.13903049937904088,0.03022666179543876
reference_cuda,plus,204,0.7946381378270649,0.41053494326727713,0.7945762404893374,0.41049137272932434,0.7196292662496994,0.7454874448336993,0.7195551168337462,0.7455248474961915,0.13940395984240816,0.030356652137271567
reference_cuda,plus,205,0.794699799830849,0.41057840026457304,0.7946381378270649,0.41053494326727713,0.7196297047176303,0.745487786012035,0.7195551168337462,0.7455248474961915,0.1395254772203736,0.030487004847827848
reference_cuda,plus,206,0.7947612177690229,0.4106217344704436,0.794699799830849,0.41057840026457304,0.7196299428464474,0.7454881131680455,0.7195551168337462,0.7455248474961915,0.1394142798158016,0.03061746997096293
reference_cuda,plus,207,0.7948223835159597,0.41066493728236186,0.7947612177690229,0.4106217344704436,0.7196299969910301,0.7454884265694118,0.7195551168337462,0.7455248474961915,0.13909046020171864,0.03074781630428447
reference_cuda,plus,208,0.7948832895801836,0.4107080007755172,0.7948223835159597,0.41066493728236186,0.7196298843316398,0.7454887278723896,0.7195551168337462,0.7455248474961915,0.13857340618383968,0.03087783199427463
reference_cuda,plus,209,0.794943929113619,0.4107509177121155,0.7948832895801836,0.4107080007755172,0.7196296227952609,0.7454890194466345,0.7195551168337462,0.7455248474961915,0.13788254631875901,0.0310073246092486
reference_cuda,plus,210,0.7950042959317618,0.4107936815621755,0.794943929113619,0.4107509177121155,0.7196292311244566,0.7454893035931092,0.7195551168337462,0.7455248474961915,0.13703841321345864,0.03113612162982804
reference_cuda,plus,211,0.795064384551886,0.41083628654345394,0.7950042959317618,0.4107936815621755,0.7196287290148835,0.7454895822837896,0.7195551168337462,0.7455248474961915,0.1360631408441623,0.03126407153396826
reference_cuda,plus,212,0.7951241902381705,0.41087872766878086,0.795064384551886,0.41083628654345394,0.7196281369191134,0.7454898572061034,0.7195551168337462,0.7455248474961915,0.134980164431394,0.0313910450869912
reference_cuda,plus,213,0.79518370904543,0.41092100079192123,0.7951241902381705,0.41087872766878086,0.7196274758519974,0.7454901296872615,0.7195551168337462,0.7455248474961915,0.13381407220880912,0.0315169365734107
reference_cuda,plus,214,0.7952429378664098,0.4109631026571911,0.79518370904543,0.41092100079192123,0.7196267674206314,0.7454904003879824,0.7195551168337462,0.7455248474961915,0.13259102573929143,0.031641665143865794
reference_cuda,plus,215,0.795301874485151,0.4110050309554966,0.7952429378664098,0.4109631026571911,0.7196260338329582,0.745490669216609,0.7195551168337462,0.7455248474961915,0.13133887821256765,0.03176517635162668
reference_cuda,plus,216,0.7953605176312276,0.4110467843812803,0.795301874485151,0.4110050309554966,0.7196252977964607,0.7454909353851806,0.7195551168337462,0.7455248474961915,0.13008697805994043,0.03188744370407903
reference_cuda,plus,217,0.7954188670255983,0.41108836268058374,0.7953605176312276,0.4110467843812803,0.7196245822727012,0.7454911976352561,0.7195551168337462,0.7455248474961915,0.1288655803476652,0.03200846993667028
reference_cuda,plus,218,0.7954769234148927,0.4111297666868038,0.7954188670255983,0.41108836268058374,0.7196239103507054,0.7454914543593328,0.7195551168337462,0.7455248474961915,0.1277055369071316,0.03212828792408118
reference_cuda,plus,219,0.7955346885903241,0.41117099834012993,0.7954769234148927,0.4111297666868038,0.7196233047300773,0.7454917036291747,0.7195551168337462,0.7455248474961915,0.12663761511423913,0.03224696111479375
reference_cuda,plus,220,0.7955921653835967,0.41121206068258365,0.7955346885903241,0.41117099834012993,0.7196227871687992,0.7454919433942503,0.7195551168337462,0.7455248474961915,0.1256915599122654,0.032364583255258594
reference_cuda,plus,221,0.7956493576416116,0.41125295783055205,0.7955921653835967,0.41121206068258365,0.7196223781795218,0.7454921714883915,0.7195551168337462,0.7455248474961915,0.12489570570311771,0.032481277481906545
reference_cuda,plus,222,0.7957062701902359,0.4112936949357002,0.7956493576416116,0.41125295783055205,0.7196220969731751,0.7454923855276053,0.7195551168337462,0.7455248474961915,0.1242770331075686,0.03259719511774506
reference_cuda,plus,223,0.7957629087899667,0.41133427813731255,0.7957062701902359,0.4112936949357002,0.7196219613136098,0.7454925830108294,0.7195551168337462,0.7455248474961915,0.1238608610260512,0.032712514250192726
reference_cuda,plus,224,0.795819280075229,0.4113747144973662,0.7957629087899667,0.41133427813731255,0.71962198723954,0.7454927617149176,0.7195551168337462,0.7455248474961915,0.12367000534045083,0.03282743781608133
reference_cuda,plus,225,0.7958753914773948,0.4114150119183768,0.795819280075229,0.4113747144973662,0.7196221889537491,0.745492919783008,0.7195551168337462,0.7455248474961915,0.12372452959735566,0.03294219120985531
reference_cuda,plus,226,0.7959312511377435,0.4114551790506455,0.7958753914773948,0.4114150119183768,0.7196225788178061,0.7454930558057223,0.7195551168337462,0.7455248474961915,0.12404163649026706,0.03305701961832597
reference_cuda,plus,227,0.7959868678145949,0.411495225193384,0.7959312511377435,0.4114551790506455,0.7196231674279729,0.7454931689362668,0.7195551168337462,0.7455248474961915,0.12463561846950381,0.033172185210474936
reference_cuda,plus,228,0.7960422507887771,0.41153516019415953,0.7959868678145949,0.411495225193384,0.7196239634991038,0.7454932586818694,0.7195551168337462,0.7455248474961915,0.12551797288250516,0.03328796430918146
reference_cuda,plus,229,0.7960974097726812,0.4115749943521976,0.7960422507887771,0.41153516019415953,0.7196249738459545,0.7454933246452168,0.7195551168337462,0.7455248474961915,0.1266977013207713,0.033404644701874986
reference_cuda,plus,230,0.7961523548243797,0.4116147383271621,0.7960974097726812,0.4115749943521976,0.7196262034683757,0.7454933665016121,0.7195551168337462,0.7455248474961915,0.12818144432600245,0.03352252312657811
reference_cuda,plus,231,0.7962070962665541,0.411654403053096,0.7961523548243797,0.4116147383271621,0.7196276556689014,0.7454933839888969,0.7195551168337462,0.7455248474961915,0.1299736406692614,0.03364190291461
reference_cuda,plus,232,0.7962616446132571,0.41169399966075065,0.7962070962665541,0.411654403053096,0.719629332191487,0.7454933767317817,0.7195551168337462,0.7455248474961915,0.13207691993912765,0.03376309188692517
reference_cuda,plus,233,0.7963160105012048,0.41173353940478774,0.7962616446132571,0.41169399966075065,0.719631233076114,0.7454933441924979,0.7195551168337462,0.7455248474961915,0.1344919824414522,0.03388640038497215
reference_cuda,plus,234,0.7963702046135569,0.41177303358314077,0.7963160105012048,0.41173353940478774,0.7196333564347888,0.7454932859848754,0.7195551168337462,0.7455248474961915,0.13721692704875732,0.034012139051156964
reference_cuda,plus,235,0.7964242375931604,0.4118124934452668,0.7963702046135569,0.41177303358314077,0.7196356985091971,0.7454932020906333,0.7195551168337462,0.7455248474961915,0.14024705319049804,0.03414061628186005
reference_cuda,plus,236,0.7964781199475515,0.4118519300917429,0.7964242375931604,0.4118124934452668,0.7196382537163787,0.7454930930665375,0.7195551168337462,0.7455248474961915,0.14357465945735434,0.034272135438556006
reference_cuda,plus,237,0.7965318619506147,0.41189135437035734,0.7964781199475515,0.4118519300917429,0.719641014646864,0.7454929599395197,0.7195551168337462,0.7455248474961915,0.14718917275255877,0.03440699197528829
reference_cuda,plus,238,0.7965854735550657,0.4119307767836882,0.7965318619506147,0.41189135437035734,0.7196439723974144,0.7454928038095603,0.7195551168337462,0.7455248474961915,0.15107806042763536,0.03454547093619453
reference_cuda,plus,239,0.7966389643247458,0.41197020741770063,0.7965854735550657,0.4119307767836882,0.7196471170016048,0.7454926257164177,0.7195551168337462,0.7455248474961915,0.15522753503174752,0.03468784508291378
reference_cuda,plus,240,0.7966923433796708,0.4120096558839365,0.7966389643247458,0.41197020741770063,0.7196504375183007,0.7454924267537957,0.7195551168337462,0.7455248474961915,0.15962252279544348,0.034834373400315144
reference_cuda,plus,241,0.7967456193459027,0.41204913126687126,0.7966923433796708,0.4120096558839365,0.7196539221236445,0.7454922081668665,0.7195551168337462,0.7455248474961915,0.16424665739979935,0.03498529972719666
reference_cuda,plus,242,0.7967988003076677,0.41208864207369583,0.7967456193459027,0.41204913126687126,0.7196575581121294,0.7454919713410783,0.7195551168337462,0.7455248474961915,0.16908229609474512,0.03514085143990542
reference_cuda,plus,243,0.7968518937624309,0.41212819618724855,0.7967988003076677,0.41208864207369583,0.7196613318629483,0.7454917176528045,0.7195551168337462,0.7455248474961915,0.17411066506616377,0.035301238218579556
reference_cuda,plus,244,0.7969049065723645,0.41216780081517657,0.7968518937624309,0.41212819618724855,0.7196652284732709,0.7454914484896858,0.7195551168337462,0.7455248474961915,0.17931137721026466,0.035466650684156775
reference_cuda,plus,245,0.7969578449051081,0.4122074624278118,0.7969049065723645,0.41216780081517657,0.7196692314139103,0.7454911652745231,0.7195551168337462,0.7455248474961915,0.18466197375712193,0.03563725869119594
reference_cuda,plus,246,0.7970107141699486,0.41224718669118965,0.7969578449051081,0.4122074624278118,0.7196733225827171,0.7454908693196166,0.7195551168337462,0.7455248474961915,0.19013817432416585,0.03581320949126621
reference_cuda,plus,247,0.7970635189590933,0.41228697840545825,0.7970107141699486,0.41224718669118965,0.7196774824759652,0.7454905616757985,0.7195551168337462,0.7455248474961915,0.19571428086993573,0.03599462607286341
reference_cuda,plus,248,0.797116262993586,0.4123268414482416,0.7970635189590933,0.41228697840545825,0.7196816901641694,0.745490243132292,0.7195551168337462,0.7455248474961915,0.20136314923840581,0.03618160564764139
reference_cuda,plus,249,0.7971689490644682,0.4123667787130148,0.797116262993586,0.4123268414482416,0.7196859230854764,0.7454899144216772,0.7195551168337462,0.7455248474961915,0.20705567717943438,0.03637421797390061
reference_cuda,plus,250,0.7972215789703093,0.4124067920436668,0.7971689490644682,0.4123667787130148,0.7196901571608749,0.7454895761981067,0.7195551168337462,0.7455248474961915,0.21276097714729414,0.03657250357207431
reference_cuda,plus,251,0.7972741534635879,0.41244688217841163,0.7972215789703093,0.4124067920436668,0.7196943671775989,0.7454892288454364,0.7195551168337462,0.7455248474961915,0.21844709578292837,0.036776472233640334
reference_cuda,plus,252,0.7973266722089762,0.4124870487062883,0.7972741534635879,0.41244688217841163,0.7196985270566352,0.7454888725551296,0.7195551168337462,0.7455248474961915,0.2240812517661335,0.036986101899856294
reference_cuda,plus,253,0.7973791337532085,0.41252729003594685,0.7973266722089762,0.4124870487062883,0.719702610390596,0.745488507539067,0.7195551168337462,0.7455248474961915,0.22963024233028315,0.03720133789275337
reference_cuda,plus,254,0.7974315355113872,0.4125676033817806,0.7973791337532085,0.41252729003594685,0.7197065908728644,0.7454881339051961,0.7195551168337462,0.7455248474961915,0.23506113422144456,0.037422092646380634
reference_cuda,plus,255,0.797483873763837,0.4126079847612556,0.7974315355113872,0.4125676033817806,0.719710442226396,0.7454877516734132,0.7195551168337462,0.7455248474961915,0.2403411551016154,0.03764824573809733
reference_cuda,plus,256,0.79753614365758,0.4126484289970984,0.797483873763837,0.4126079847612556,0.7197141383638328,0.7454873608703276,0.7195551168337462,0.7455248474961915,0.24543777479550866,0.037879644033466775
reference_cuda,plus,257,0.7975883392158093,0.412688929727927,0.79753614365758,0.4126484289970984,0.7197176539440172,0.7454869617438963,0.7195551168337462,0.7455248474961915,0.2503191309644107,0.03811610206642513
reference_cuda,plus,258,0.7976404533550964,0.4127294794270241,0.7975883392158093,0.412688929727927,0.7197209645840392,0.7454865549038507,0.7195551168337462,0.7455248474961915,0.2549541172553788,0.03835740264008791
reference_cuda,plus,259,0.7976924779088382,0.4127700694276781,0.7976404533550964,0.4127294794270241,0.7197240469965124,0.7454861413105965,0.7195551168337462,0.7455248474961915,0.25931256676727893,0.03860329760169634
reference_cuda,plus,260,0.797744403666007,0.41281068996461584,0.7976924779088382,0.4127700694276781,0.7197268793747489,0.7454857219377615,0.7195551168337462,0.7455248474961915,0.26336615093452365,0.03885350908691976
reference_cuda,plus,261,0.7977962204223757,0.4128513302286176,0.797744403666007,0.41281068996461584,0.719729441256746,0.7454852976769225,0.7195551168337462,0.7455248474961915,0.2670883262215738,0.03910773112363586
reference_cuda,plus,262,0.7978479170347258,0.4128919784242343,0.7977962204223757,0.4128513302286176,0.7197317135640012,0.7454848694916965,0.7195551168337462,0.7455248474961915,0.2704541877869937,0.03936563129198589
reference_cuda,plus,263,0.7978994814847551,0.4129326218376957,0.7978479170347258,0.4128919784242343,0.7197336791676094,0.7454844383807685,0.7195551168337462,0.7455248474961915,0.27344121834957524,0.039626852674018664
reference_cuda,plus,264,0.7979509009527755,0.41297324691509885,0.7978994814847551,0.4129326218376957,0.7197353230438395,0.7454840055353258,0.7195551168337462,0.7455248474961915,0.2760292828905317,0.03989101608294732
reference_cuda,plus,265,0.7980021618936864,0.4130138393429734,0.7979509009527755,0.41297324691509885,0.7197366321523558,0.7454835723299573,0.7195551168337462,0.7455248474961915,0.2782004853661274,0.04015772233321968
reference_cuda,plus,266,0.7980532501173512,0.41305438413341905,0.7980021618936864,0.4130138393429734,0.7197375954046047,0.7454831400130122,0.7195551168337462,0.7455248474961915,0.27993951248987503,0.04042655463058509
reference_cuda,plus,267,0.7981041508767847,0.4130948657174312,0.7980532501173512,0.41305438413341905,0.7197382037463854,0.7454827095808471,0.7195551168337462,0.7455248474961915,0.28123389083850026,0.04069708119229176
reference_cuda,plus,268,0.7981548489658065,0.41313526804814277,0.7981041508767847,0.4130948657174312,0.7197384502141778,0.7454822815634232,0.7195551168337462,0.7455248474961915,0.28207432204369387,0.0409688581433727
reference_cuda,plus,269,0.7982053288226246,0.4131755747102947,0.7981548489658065,0.41313526804814277,0.7197383299255454,0.7454818560517026,0.7195551168337462,0.7455248474961915,0.28245463499826334,0.04124143257385526
reference_cuda,plus,270,0.7982555746342684,0.4132157690305313,0.7982053288226246,0.4131755747102947,0.719737840221752,0.7454814329295589,0.7195551168337462,0.7455248474961915,0.2823716734543423,0.04151434559511813
reference_cuda,plus,271,0.7983055704430924,0.41325583418982004,0.7982555746342684,0.4132157690305313,0.7197369808716393,0.745481011925931,0.7195551168337462,0.7455248474961915,0.28182548452100026,0.04178713544757784
reference_cuda,plus,272,0.7983553002595253,0.41329575334238033,0.7983055704430924,0.41325583418982004,0.7197357542230591,0.7454805925234719,0.7195551168337462,0.7455248474961915,0.2808196212420354,0.042059340793343836
reference_cuda,plus,273,0.7984047481826667,0.41333550974282196,0.7983553002595253,0.41329575334238033,0.7197341654796532,0.7454801740509457,0.7195551168337462,0.7455248474961915,0.279361373080539,0.04233050423923146
reference_cuda,plus,274,0.7984538985225715,0.4133750868750123,0.7984047481826667,0.41333550974282196,0.719732223002925,0.7454797562027894,0.7195551168337462,0.7455248474961915,0.2774614963101161,0.042600175887514524
reference_cuda,plus,275,0.7985027359113958,0.41341446856916586,0.7984538985225715,0.4133750868750123,0.7197299377963087,0.7454793391638951,0.7195551168337462,0.7455248474961915,0.27513341752301745,0.042867916511625026
reference_cuda,plus,276,0.7985512454004711,0.4134536391040067,0.7985027359113958,0.41341446856916586,0.7197273228914427,0.7454789232395852,0.7195551168337462,0.7455248474961915,0.27239293216771815,0.04313330028844575
reference_cuda,plus,277,0.7985994125479288,0.41349258329890615,0.7985512454004711,0.4134536391040067,0.719724393095303,0.7454785087099175,0.7195551168337462,0.7455248474961915,0.26925807347563463,0.04339591724973957
reference_cuda,plus,278,0.7986472235003945,0.4135312865996891,0.7985994125479288,0.41349258329890615,0.7197211648433213,0.7454780957592735,0.7195551168337462,0.7455248474961915,0.2657490198369983,0.04365537556310528
reference_cuda,plus,279,0.7986946650703612,0.4135697351598367,0.7986472235003945,0.4135312865996891,0.7197176561382425,0.7454776844926068,0.7195551168337462,0.7455248474961915,0.2618880011340788,0.04391130369120333
reference_cuda,plus,280,0.798741724811137,0.41360791591908314,0.7986946650703612,0.4135697351598367,0.7197138867376218,0.7454772751191001,0.7195551168337462,0.7455248474961915,0.25769930636213545,0.04416335248657788
reference_cuda,plus,281,0.798788391091835,0.4136458166820155,0.798741724811137,0.41360791591908314,0.7197098782381065,0.7454768679727288,0.7195551168337462,0.7455248474961915,0.2532093658980802,0.0444111972975918
reference_cuda,plus,282,0.7988346531661855,0.41368342619012466,0.798788391091835,0.4136458166820155,0.7197056536789644,0.7454764635525466,0.7195551168337462,0.7455248474961915,0.2484462096848039,0.044654539877285515
reference_cuda,plus,283,0.7988805012276996,0.4137207341794755,0.7988346531661855,0.41368342619012466,0.7197012371859923,0.7454760626153922,0.7195551168337462,0.7455248474961915,0.2434389099315569,0.0448931098695482
reference_cuda,plus,284,0.7989259264562618,0.41375773142926175,0.7988805012276996,0.4137207341794755,0.719696654035499,0.7454756661691103,0.7195551168337462,0.7455248474961915,0.238217671226388,0.04512666604756532
reference_cuda,plus,285,0.7989709210589923,0.4137944098043088,0.7989259264562618,0.41375773142926175,0.7196919304989279,0.7454752755016342,0.7195551168337462,0.7455248474961915,0.2328136020853807,0.04535499739364468
reference_cuda,plus,286,0.7990154783036266,0.4138307622896661,0.7989709210589923,0.4137944098043088,0.7196870936622541,0.7454748922123392,0.7195551168337462,0.7455248474961915,0.22725845176282577,0.04557792395979732
reference_cuda,plus,287,0.7990595925454597,0.41386678301839513,0.7990154783036266,0.4138307622896661,0.7196821714758967,0.7454745183453888,0.7195551168337462,0.7455248474961915,0.22158450692455786,0.04579529754548162
reference_cuda,plus,288,0.799103259250804,0.41390246729565366,0.7990595925454597,0.41386678301839513,0.7196771926912982,0.7454741563257611,0.7195551168337462,0.7455248474961915,0.21582459273532045,0.0460070022845116
reference_cuda,plus,289,0.7991464750182775,0.413937811620486,0.799103259250804,0.41390246729565366,0.7196721864538037,0.7454738085915931,0.7195551168337462,0.7455248474961915,0.21001202371531985,0.04621295518003876
reference_cuda,plus,290,0.7991892375923554,0.4139728136994687,0.7991464750182775,0.413937811620486,0.7196671816834664,0.7454734773814605,0.7195551168337462,0.7455248474961915,0.20418009629059428,0.046413106402411586
reference_cuda,plus,291,0.7992315458616468,0.41400747244427616,0.7991892375923554,0.4139728136994687,0.7196622064476439,0.7454731646306474,0.7195551168337462,0.7455248474961915,0.19836143453581107,0.046607439118929506
reference_cuda,plus,292,0.7992733998401896,0.4140417879513506,0.7992315458616468,0.41400747244427616,0.7196572875951586,0.7454728719734818,0.7195551168337462,0.7455248474961915,0.19258752944205307,0.04679596881510406
reference_cuda,plus,293,0.7993148006312001,0.4140757614631261,0.7992733998401896,0.4140417879513506,0.7196524504528249,0.7454726008896085,0.7195551168337462,0.7455248474961915,0.18688817599664898,0.04697874209892916
reference_cuda,plus,294,0.799355750376006,0.41410939531364216,0.7993148006312001,0.4140757614631261,0.719647718746694,0.7454723528325273,0.7195551168337462,0.7455248474961915,0.1812912125955442,0.047155835080531006
reference_cuda,plus,295,0.7993962521952215,0.4141426928660182,0.799355750376006,0.41410939531364216,0.7196431145936358,0.7454721291898697,0.7195551168337462,0.7455248474961915,0.1758225582381016,0.04732735155261025
reference_cuda,plus,296,0.7994363101230403,0.4141756584427257,0.7993962521952215,0.4141426928660182,0.7196386583779758,0.7454719313964534,0.7195551168337462,0.7455248474961915,0.17050591555856776,0.04749342098702414
reference_cuda,plus,297,0.7994759290339903,0.4142082972479657,0.7994363101230403,0.4141756584427257,0.7196343687325902,0.7454717610547,0.7195551168337462,0.7455248474961915,0.16536259508677684,0.04765419632204271
reference_cuda,plus,298,0.7995151145657867,0.4142406152860004,0.7994759290339903,0.4142082972479657,0.7196302627448149,0.7454716200908038,0.7195551168337462,0.7455248474961915,0.16041157568541517,0.047809851657746094
reference_cuda,plus,299,0.7995538730397755,0.41427261927699666,0.7995151145657867,0.4142406152860004,0.7196263560174337,0.7454715108825238,0.7195551168337462,0.7455248474961915,0.15566941965974,0.04796057989722158
reference_cuda,plus,300,0.7995922113799546,0.4143043165714284,0.7995538730397755,0.41427261927699666,0.7196226625256449,0.7454714360860066,0.7195551168337462,0.7455248474961915,0.15115030910409863,0.04810659036218112
reference_cuda,plus,301,0.7996301370396115,0.4143357150725503,0.7995922113799546,0.4143043165714284,0.7196191948545495,0.7454713983526099,0.7195551168337462,0.7455248474961915,0.1468666950808322,0.0482481066707976
reference_cuda,plus,302,0.7996676579335706,0.4143668231648243,0.7996301370396115,0.4143357150725503,0.7196159641144035,0.7454714003864645,0.7195551168337462,0.7455248474961915,0.14282911912841834,0.048385364788316565
reference_cuda,plus,303,0.7997047823611799,0.41439764963270825,0.7996676579335706,0.4143668231648243,0.7196129795459141,0.745471445186015,0.7195551168337462,0.7455248474961915,0.1390454179241094,0.04851861077713693
reference_cuda,plus,304,0.7997415189185884,0.4144282035682342,0.7997047823611799,0.41439764963270825,0.7196102482572299,0.7454715358377522,0.7195551168337462,0.7455248474961915,0.13552065174754332,0.04864809822345251
reference_cuda,plus,305,0.7997778764082722,0.41445849427573644,0.7997415189185884,0.4144282035682342,0.719607775123734,0.7454716752783972,0.7195551168337462,0.7455248474961915,0.13225727587112637,0.04877408560290064
reference_cuda,plus,306,0.799813863750354,0.41448853117851664,0.7997778764082722,0.41445849427573644,0.7196055625872927,0.7454718659829569,0.7195551168337462,0.7455248474961915,0.12925527914548426,0.048896833719624055
reference_cuda,plus,307,0.799849489898694,0.41451832373059055,0.799813863750354,0.41448853117851664,0.7196036107188697,0.7454721098242728,0.7195551168337462,0.7455248474961915,0.1265124375035737,0.04901660330645541
reference_cuda,plus,308,0.7998847637684607,0.41454788134055764,0.799849489898694,0.41451832373059055,0.7196019176862647,0.7454724080458944,0.7195551168337462,0.7455248474961915,0.12402493213406725,0.049133652991457666
reference_cuda,plus,309,0.7999196941782123,0.414577213310765,0.7998847637684607,0.41454788134055764,0.7196004799376229,0.7454727611104751,0.7195551168337462,0.7455248474961915,0.12178776824201197,0.04924823771028741
reference_cuda,plus,310,0.7999542898030715,0.41460632878820763,0.7999196941782123,0.414577213310765,0.71959929226031,0.7454731686234793,0.7195551168337462,0.7455248474961915,0.11979494410748544,0.049360607445123605
reference_cuda,plus,311,0.7999885591331051,0.41463523672093633,0.7999542898030715,0.41460632878820763,0.719598347781548,0.7454736293740122,0.7195551168337462,0.7455248474961915,0.11803940109493913,0.04947100610129951
reference_cuda,plus,312,0.8000225104296941,0.4146639458124028,0.7999885591331051,0.41463523672093633,0.719597637986467,0.7454741415971617,0.7195551168337462,0.7455248474961915,0.1165127186807452,0.04957967029940846
reference_cuda,plus,313,0.8000561516695383,0.41469246446287206,0.8000225104296941,0.4146639458124028,0.7195971525702299,0.7454747034240302,0.7195551168337462,0.7455248474961915,0.11520436767406017,0.04968682776669198
reference_cuda,plus,314,0.8000894904759619,0.41472080069751094,0.8000561516695383,0.41469246446287206,0.7195968793579993,0.7454753129379167,0.7195551168337462,0.7455248474961915,0.11410154021715416,0.04979269534078412
reference_cuda,plus,315,0.8001225340443384,0.41474896208832934,0.8000894904759619,0.41472080069751094,0.7195968044660485,0.7454759683044833,0.7195551168337462,0.7455248474961915,0.11318918864715398,0.04989747681261747
reference_cuda,plus,316,0.8001552890450838,0.4147769556526577,0.8001225340443384,0.41474896208832934,0.7195969121674493,0.745476668930311,0.7195551168337462,0.7455248474961915,0.11244841045442253,0.050001360068137046
reference_cuda,plus,317,0.8001877614988929,0.41480478772253776,0.8001552890450838,0.4147769556526577,0.7195971848106557,0.7454774157807876,0.7195551168337462,0.7455248474961915,0.11185594959892674,0.050104513396064476
reference_cuda,plus,318,0.8002199566534348,0.41483246381564426,0.8001877614988929,0.41480478772253776,0.7195976029740723,0.7454782104834016,0.7195551168337462,0.7455248474961915,0.11138551017117274,0.05020708191113954
reference_cuda,plus,319,0.8002518788835811,0.4148599885309807,0.8002199566534348,0.41483246381564426,0.7195981456083211,0.745479054626659,0.7195551168337462,0.7455248474961915,0.11100881031573578,0.05030918475250701
reference_cuda,plus,320,0.8002835316215388,0.4148873654760382,0.8002518788835811,0.4148599885309807,0.7195987902057529,0.7454799491158055,0.7195551168337462,0.7455248474961915,0.11069659920987558,0.05041091321345448
reference_cuda,plus,321,0.8003149173180626,0.41491459722664437,0.8002835316215388,0.4148873654760382,0.719599513213716,0.745480893857896,0.7195551168337462,0.7455248474961915,0.110419567064513,0.05051232981054454
reference_cuda,plus,322,0.8003460374300507,0.4149416853145565,0.8003149173180626,0.41491459722664437,0.7196002904095177,0.7454818876979784,0.7195551168337462,0.7455248474961915,0.11014889346166819,0.05061346812456691
reference_cuda,plus,323,0.8003768924260397,0.41496863023386593,0.8003460374300507,0.4149416853145565,0.719601096972597,0.7454829283091112,0.7195551168337462,0.7455248474961915,0.10985647500086795,0.05071433314165574
reference_cuda,plus,324,0.8004074817990838,0.4149954314551734,0.8003768924260397,0.41496863023386593,0.7196019073718152,0.7454840121988396,0.7195551168337462,0.7455248474961915,0.10951477638055088,0.05081490176954162
reference_cuda,plus,325,0.8004378040795328,0.415022087439651,0.8004074817990838,0.4149954314551734,0.7196026954863566,0.7454851349777692,0.7195551168337462,0.7455248474961915,0.10909664581967225,0.050915123310346644
reference_cuda,plus,326,0.800467856844502,0.4150485956496072,0.8004378040795328,0.415022087439651,0.7196034347993401,0.7454862916937441,0.7195551168337462,0.7455248474961915,0.10857513929307581,0.05101491980593664
reference_cuda,plus,327,0.800497636723384,0.41507495255488935,0.800467856844502,0.4150485956496072,0.7196040984945631,0.7454874770267941,0.7195551168337462,0.7455248474961915,0.10792339763543606,0.05111418624906605
reference_cuda,plus,328,0.8005271394026642,0.41510115363852323,0.800497636723384,0.41507495255488935,0.719604659794118,0.7454886855229306,0.7195551168337462,0.7455248474961915,0.1071147760013467,0.05121279076993801
reference_cuda,plus,329,0.8005563596379185,0.4151271934098522,0.8005271394026642,0.41510115363852323,0.7196050923915376,0.7454899116223637,0.7195551168337462,0.7455248474961915,0.1061233494993246,0.051310575049058116
reference_cuda,plus,330,0.8005852912723317,0.41515306542451363,0.8005563596379185,0.4151271934098522,0.7196053704806049,0.745491149708568,0.7195551168337462,0.7455248474961915,0.10492388757347265,0.05140735491974624
reference_cuda,plus,331,0.800613927255273,0.41517876230447087,0.8005852912723317,0.41515306542451363,0.7196054688732549,0.7454923943807283,0.7195551168337462,0.7455248474961915,0.10349166058276987,0.05150292095328268
reference_cuda,plus,332,0.8006422596628033,0.41520427576003077,0.800613927255273,0.41517876230447087,0.719605363165946,0.7454936404147355,0.7195551168337462,0.7455248474961915,0.10180269608101679,0.05159703909598079
reference_cuda,plus,333,0.8006702797252706,0.4152295966192825,0.8006422596628033,0.41520427576003077,0.719605030076481,0.7454948828303656,0.7195551168337462,0.7455248474961915,0.09983411543701674,0.05168945152291826
reference_cuda,plus,334,0.8006979778604864,0.41525471486336185,0.8006702797252706,0.4152295966192825,0.7196044477340916,0.7454961171772837,0.7195551168337462,0.7455248474961915,0.09756413870720358,0.05177987764929526
reference_cuda,plus,335,0.8007253437105057,0.41527961966547355,0.8006979778604864,0.41525471486336185,0.7196035958406612,0.7454973396179208,0.7195551168337462,0.7455248474961915,0.09497218238174181,0.051868015238966336
reference_cuda,plus,336,0.8007523661872548,0.4153042994391497,0.8007253437105057,0.41527961966547355,0.7196024559484735,0.7454985467906986,0.7195551168337462,0.7455248474961915,0.09203937731725102,0.05195354178039224
reference_cuda,plus,337,0.8007790335386649,0.415328741907938,0.8007523661872548,0.4153042994391497,0.7196010117932218,0.7454997353270605,0.7195551168337462,0.7455248474961915,0.08874958852667884,0.052036116492161
reference_cuda,plus,338,0.800805333437591,0.415352934198925,0.8007790335386649,0.415328741907938,0.7195992495298342,0.7455009016660238,0.7195551168337462,0.7455248474961915,0.0850899420379583,0.05211538300656571
reference_cuda,plus,339,0.8008312530794739,0.41537686294539355,0.800805333437591,0.415352934198925,0.7195971576699275,0.7455020422872032,0.7195551168337462,0.7455248474961915,0.08105045621262709,0.05219097227086422
reference_cuda,plus,340,0.8008567792772401,0.41540051438653836,0.8008312530794739,0.41537686294539355,0.7195947270329371,0.7455031538996586,0.7195551168337462,0.7455248474961915,0.07662374550003712,0.052262505321380104
reference_cuda,plus,341,0.8008818985545909,0.4154238744654064,0.8008567792772401,0.41540051438653836,0.7195919508085155,0.7455042334167414,0.7195551168337462,0.7455248474961915,0.07180513082208483,0.05232959598879461
reference_cuda,plus,342,0.8009065972443931,0.41544692893210944,0.8008818985545909,0.4154238744654064,0.7195888247770196,0.745505277882024,0.7195551168337462,0.7455248474961915,0.06659300884495967,0.052391853756375895
reference_cuda,plus,343,0.8009308615998462,0.4154696634603249,0.8009065972443931,0.41544692893210944,0.7195853475484276,0.7455062842187153,0.7195551168337462,0.7455248474961915,0.06098946508137852,0.052448887006420364
reference_cuda,plus,344,0.8009546779198693,0.4154920637786065,0.8009308615998462,0.4154696634603249,0.7195815206678632,0.7455072490674964,0.7195551168337462,0.7455248474961915,0.055000609946904484,0.0525003066857721
reference_cuda,plus,345,0.8009780326831045,0.41551411581064285,0.8009546779198693,0.4154920637786065,0.7195773488452889,0.745508169007623,0.7195551168337462,0.7455248474961915,0.04863659104226907,0.05254573020440034
reference_cuda,plus,346,0.8010009126783005,0.41553580581165434,0.8009780326831045,0.41551411581064285,0.7195728396460028,0.7455090407204474,0.7195551168337462,0.7455248474961915,0.04191100338584191,0.05258478518328502
reference_cuda,plus,347,0.8010233051248078,0.4155571204943359,0.8010009126783005,0.41553580581165434,0.7195680030372275,0.7455098608028574,0.7195551168337462,0.7455248474961915,0.03484055711329985,0.052617112875879
reference_cuda,plus,348,0.801045197786145,0.4155780471474545,0.8010233051248078,0.4155571204943359,0.7195628513191997,0.7455106257407943,0.7195551168337462,0.7455248474961915,0.027445025426475894,0.05264237137504324
reference_cuda,plus,349,0.8010665790777353,0.4155985737482585,0.801045197786145,0.4155780471474545,0.719557398970348,0.7455113319310488,0.7195551168337462,0.7455248474961915,0.01974702450966818,0.05266023864282943
reference_cuda,plus,350,0.8010874381655462,0.4156186890652761,0.8010665790777353,0.4155985737482585,0.7195516624506966,0.7455119758094989,0.7195551168337462,0.7455248474961915,0.01177160780435131,0.052670415258887715
reference_cuda,plus,351,0.8011077650452416,0.4156383827406875,0.8010874381655462,0.4156186890652761,0.7195456599339479,0.745512554391093,0.7195551168337462,0.7455248474961915,0.003545256031223271,0.052672626565367864
reference_cuda,plus,352,0.8011275505998372,0.4156576453501204,0.8011077650452416,0.4156383827406875,0.7195394112688378,0.7455130656060336,0.7195551168337462,0.7455248474961915,-0.004904591864980318,0.05266662416676127
reference_cuda,plus,353,0.8011467866477576,0.41567646845234235,0.8011275505998372,0.4156576453501204,0.7195329379395453,0.7455135080885816,0.7195551168337462,0.7455248474961915,-0.013549325072676744,0.05265218717497078
reference_cuda,plus,354,0.8011654659864833,0.41569484463429174,0.8011467866477576,0.41567646845234235,0.7195262626260878,0.7455138808631488,0.7195551168337462,0.7455248474961915,-0.02235931922389514,0.052629123347344375
reference_cuda,plus,355,0.8011835824333546,0.4157127675531029,0.8011654659864833,0.41569484463429174,0.71951940892934,0.7455141830434029,0.7195551168337462,0.7455248474961915,-0.031303905501994564,0.05259727015928206
reference_cuda,plus,356,0.801201130869363,0.41573023198119813,0.8011835824333546,0.4157127675531029,0.7195124016718247,0.74551441387355,0.7195551168337462,0.7455248474961915,-0.04035104806750673,0.05255649598817058
reference_cuda,plus,357,0.801218107289969,0.4157472338586921,0.801201130869363,0.41573023198119813,0.7195052671362754,0.7455145727427787,0.7195551168337462,0.7455248474961915,-0.04946706603833278,0.05250670152523185
reference_cuda,plus,358,0.8012345088531643,0.4157637703428894,0.801218107289969,0.4157472338586921,0.7194980326520188,0.7455146592514452,0.7195551168337462,0.7455248474961915,-0.05861723556926727,0.05244782108937329
reference_cuda,plus,359,0.8012503339123733,0.4157798398419059,0.8012345088531643,0.4157637703428894,0.7194907262156539,0.745514673423464,0.7195551168337462,0.7455248474961915,-0.06776653185606091,0.052379823464605124
reference_cuda,plus,360,0.8012655820324718,0.4157954420306197,0.8012503339123733,0.4157798398419059,0.7194833761995064,0.7455146157358076,0.7195551168337462,0.7455248474961915,-0.07688003276063068,0.05230271223032901
reference_cuda,plus,361,0.8012802539979604,0.41581057785836034,0.8012655820324718,0.4157954420306197,0.7194760112835434,0.7455144869157164,0.7195551168337462,0.7455248474961915,-0.08592275274625731,0.05221652588173242
reference_cuda,plus,362,0.8012943518160166,0.4158252495512501,0.8012802539979604,0.41581057785836034,0.7194686602462,0.7455142879243509,0.7195551168337462,0.7455248474961915,-0.09485988601331706,0.05212133781648731
reference_cuda,plus,363,0.8013078787131678,0.41583946060786126,0.8012943518160166,0.4158252495512501,0.7194613519631352,0.7455140200945731,0.7195551168337462,0.7455248474961915,-0.10365698213768153,0.05201725614199404
reference_cuda,plus,364,0.8013208391278428,0.41585321579056483,0.8013078787131678,0.41583946060786126,0.7194541154086955,0.745513685134118,0.7195551168337462,0.7455248474961915,-0.11227994981664273,0.051904423375617625
reference_cuda,plus,365,0.8013332386991654,0.41586652111294076,0.8013208391278428,0.41585321579056483,0.7194469793493836,0.745513284938932,0.7195551168337462,0.7455248474961915,-0.12069520791525194,0.051783016043145835
reference_cuda,plus,366,0.8013450842492799,0.4158793838204604,0.8013332386991654,0.41586652111294076,0.7194399719730853,0.7455128214517608,0.7195551168337462,0.7455248474961915,-0.12886997285246934,0.051653244089663986
reference_cuda,plus,367,0.8013563837582114,0.41589181236336176,0.8013450842492799,0.4158793838204604,0.7194331206393867,0.7455122965709506,0.7195551168337462,0.7455248474961915,-0.13677245691414305,0.051515350073515265
reference_cuda,plus,368,0.8013671463300034,0.41590381636045076,0.8013563837582114,0.41589181236336176,0.7194264517602689,0.745511712289449,0.7195551168337462,0.7455248474961915,-0.14437219070714039,0.05136960810750679
reference_cuda,plus,369,0.8013773821384503,0.41591540654164255,0.8013671463300034,0.41590381636045076,0.7194199904028676,0.7455110711999724,0.7195551168337462,0.7455248474961915,-0.15164114939503928,0.051216322176600215
reference_cuda,plus,370,0.8013871023481722,0.4159265946648174,0.8013773821384503,0.41591540654164255,0.7194137599651076,0.7455103766553812,0.7195551168337462,0.7455248474961915,-0.15855435636736137,0.05105582372510753
reference_cuda,plus,371,0.8013963190157143,0.41593739341187164,0.8013871023481722,0.4159265946648174,0.7194077818555383,0.7455096327818571,0.7195551168337462,0.7455248474961915,-0.16509029718116175,0.05088846867172947
reference_cuda,plus,372,0.8014050449794934,0.41594781627322386,0.8013963190157143,0.41593739341187164,0.7194020752229655,0.7455088441840904,0.7195551168337462,0.7455248474961915,-0.17123088630693525,0.050714634135943015
reference_cuda,plus,373,0.8014132937467723,0.41595787742929863,0.8014050449794934,0.41594781627322386,0.7193966567661831,0.7455080156545703,0.7195551168337462,0.7455248474961915,-0.1769613388436854,0.050534715117777296
reference_cuda,plus,374,0.8014210793827665,0.4159675916343351,0.8014132937467723,0.41595787742929863,0.7193915407365383,0.745507152004191,0.7195551168337462,0.7455248474961915,-0.18226995295751067,0.050349121276838105
reference_cuda,plus,375,0.8014284164118729,0.4159769741129307,0.8014210793827665,0.4159675916343351,0.7193867393037848,0.7455062578013527,0.7195551168337462,0.7455248474961915,-0.18714732475896945,0.05015827411395435
reference_cuda,plus,376,0.8014353197360963,0.41598604047460874,0.8014284164118729,0.4159769741129307,0.719382262983848,0.74550533738797,0.7195551168337462,0.7455248474961915,-0.191585831970738,0.04996260468863056
reference_cuda,plus,377,0.8014418045603635,0.41599480663567473,0.8014353197360963,0.41598604047460874,0.7193781206644715,0.7455043951478448,0.7195551168337462,0.7455248474961915,-0.19557993477922364,0.049762551529170196
reference_cuda,plus,378,0.8014478863154523,0.41600328873865966,0.8014418045603635,0.41599480663567473,0.71937431932412,0.7455034354043287,0.7195551168337462,0.7455248474961915,-0.1991263969092829,0.049558558450257806
reference_cuda,plus,379,0.8014535805787152,0.4160115030695428,0.8014478863154523,0.41600328873865966,0.7193708639294425,0.7455024622930224,0.7195551168337462,0.7455248474961915,-0.20222425287306586,0.049351072303437604
reference_cuda,plus,380,0.8014589030023688,0.4160194659829147,0.8014535805787152,0.4160115030695428,0.7193677577768439,0.7455014795869538,0.7195551168337462,0.7455248474961915,-0.20487416201141168,0.04914054097139342
reference_cuda,plus,381,0.8014638692572212,0.416027193843285,0.8014589030023688,0.4160194659829147,0.7193650027408187,0.7455004904737629,0.7195551168337462,0.7455248474961915,-0.20707781945659592,0.048927411841532376
reference_cuda,plus,382,0.801468494981708,0.4160347029720051,0.8014638692572212,0.416027193843285,0.7193625989169362,0.7454994975405015,0.7195551168337462,0.7455248474961915,-0.2088383819055219,0.048712130417072785
reference_cuda,plus,383,0.8014727957284907,0.41604200959170534,0.801468494981708,0.4160347029720051,0.7193605445235954,0.7454985027602653,0.7195551168337462,0.7455248474961915,-0.21016057295588722,0.04849513883476675
reference_cuda,plus,384,0.801476786912095,0.4160491297718549,0.8014727957284907,0.41604200959170534,0.7193588362300989,0.7454975076508153,0.7195551168337462,0.7455248474961915,-0.21105047135904217,0.048276874412351845
reference_cuda,plus,385,0.8014804837467145,0.41605607936415284,0.801476786912095,0.4160491297718549,0.7193574688334493,0.7454965137073284,0.7195551168337462,0.7455248474961915,-0.21151645425141177,0.0480577678773102
reference_cuda,plus,386,0.8014839011645497,0.41606287391771885,0.8014804837467145,0.41605607936415284,0.7193564348385292,0.7454955225045199,0.7195551168337462,0.7455248474961915,-0.21156984864252112,0.047838240996298964
reference_cuda,plus,387,0.8014870537226441,0.4160695285823636,0.8014839011645497,0.41606287391771885,0.7193557243180431,0.7454945354735782,0.7195551168337462,0.7455248474961915,-0.21122482841974619,0.047618703879663826
reference_cuda,plus,388,0.80148995550872,0.4160760580108944,0.8014870537226441,0.4160695285823636,0.7193553251302479,0.7454935539338522,0.7195551168337462,0.7455248474961915,-0.21049818315072066,0.047399552287771485
reference_cuda,plus,389,0.801492620047588,0.41608247626211003,0.80148995550872,0.4160760580108944,0.7193552230680151,0.7454925792793886,0.7195551168337462,0.7455248474961915,-0.20940936608546315,0.047181164971078715
reference_cuda,plus,390,0.8014950602042703,0.4160887967004756,0.801492620047588,0.41608247626211003,0.7193554018962011,0.7454916132027474,0.7195551168337462,0.7455248474961915,-0.20798072829895478,0.04696390091555713
reference_cuda,plus,391,0.8014972880934516,0.41609503190243946,0.8014950602042703,0.4160887967004756,0.7193558436321055,0.7454906573691001,0.7195551168337462,0.7455248474961915,-0.2062367637469356,0.04674809680247449
