arm,phase,step,root_x_mm,root_y_mm,antenna_left_x_mm,antenna_left_y_mm,antenna_right_x_mm,antenna_right_y_mm,actual_binary_field_left,actual_binary_field_right,actually_used_sensor_left,actually_used_sensor_right,command_yaw_rad_s,yaw_delta_deg
sham,preparacion,40,-0.2791675036053901,-0.11658753415624147,0.6836288074148988,-0.37459875250212443,0.5987824531108439,-0.5896579917604854,0.0,0.0,0.0,0.0,0.004199516800963489,0.006079349371162834
sham,ensayo,1,-0.2789804383608842,-0.11665552138905896,0.6838146278213622,-0.3746653556215357,0.5989715734046812,-0.5897187910605738,0.0,0.0,0.0,0.0,0.0040281143332476866,0.0002328401748457054
sham,ensayo,2,-0.27879344629899094,-0.11672357960644324,0.6840003301651248,-0.3747321926699166,0.5991605382963847,-0.5897798102977287,0.0,0.0,0.0,0.0,0.0038542253206478817,0.00045578999095141626
sham,ensayo,3,-0.27860652915428963,-0.1167917098313485,0.6841859120198556,-0.37479926745484843,0.5993493446966591,-0.5898410530107736,0.0,0.0,0.0,0.0,0.0036789284726903904,0.0006686991923743335
sham,ensayo,4,-0.27841968792055705,-0.11685991275881519,0.6843713719943587,-0.3748665823551287,0.5995379908017678,-0.5899025214082214,0.0,0.0,0.0,0.0,0.0035032716445630246,0.000871482298691717
sham,ensayo,5,-0.2782329229722256,-0.11692818875418742,0.6845567095997697,-0.3749341383598919,0.5997264759513923,-0.5899642164037925,0.0,0.0,0.0,0.0,0.003328259926609551,0.0010641161420608114
sham,ensayo,6,-0.278046234167018,-0.11699653785655595,0.6847419251343044,-0.3750019351177657,0.5999148005029941,-0.590026137661536,0.0,0.0,0.0,0.0,0.0031548545848006106,0.0012466371207722204
sham,ensayo,7,-0.2778596209327171,-0.11706495978626019,0.684927019582946,-0.3750699709940078,0.6001029657202541,-0.5900882836485931,0.0,0.0,0.0,0.0,0.0029839666457689247,0.0014191382268222696
sham,ensayo,8,-0.277673082340722,-0.11713345395628169,0.6851119945289174,-0.37513824313678046,0.6002909736721795,-0.5901506516966349,0.0,0.0,0.0,0.0,0.002816449026070083,0.0015817657579475508
sham,ensayo,9,-0.27748661716864564,-0.11720201948752754,0.6852968520743314,-0.37520674755415145,0.6004788271399403,-0.5902132380734584,0.0,0.0,0.0,0.0,0.002653086833714383,0.0017347156135372188
sham,ensayo,10,-0.2773002239535797,-0.11727065522699374,0.6854815947689774,-0.3752754791985655,0.6006665295307879,-0.5902760380616288,0.0,0.0,0.0,0.0,0.002494596991576822,0.0018782293269623551
sham,ensayo,11,-0.27711390103744404,-0.117339359767746,0.6856662255464685,-0.37534443205549817,0.6008540847987635,-0.5903390460410763,0.0,0.0,0.0,0.0,0.0023416262559763537,0.00201258997302034
sham,ensayo,12,-0.276927646605715,-0.11740813147038325,0.6858507476664906,-0.3754135992356118,0.6010414973710423,-0.590402255575002,0.0,0.0,0.0,0.0,0.0021947487031828343,0.002138117963284003
sham,ensayo,13,-0.27674145872057604,-0.1174769684856087,0.6860351646623304,-0.3754829730693796,0.60122877207924,-0.5904656594981277,0.0,0.0,0.0,0.0,0.0020544651167914503,0.002255166767213268
sham,ensayo,14,-0.27655533534943666,-0.11754586877779571,0.6862194802925969,-0.3755525452042691,0.6014159140945791,-0.5905292500073636,0.0,0.0,0.0,0.0,0.0019211999332915252,0.002364118541379412
sham,ensayo,15,-0.2763692743894062,-0.1176148301487627,0.6864036984972831,-0.37562230670133234,0.6016029288675182,-0.5905930187519394,0.0,0.0,0.0,0.0,0.0017953066019116015,0.0024653798190001908
sham,ensayo,16,-0.27618327368816203,-0.1176838502606146,0.6865878233585478,-0.37569224812681346,0.6017898220729228,-0.5906569569188613,0.0,0.0,0.0,0.0,0.0016770744504452915,0.0025593774628021038
sham,ensayo,17,-0.2759973310617776,-0.117752926657499,0.6867718590657319,-0.3757623596384937,0.6019765995603751,-0.5907210553134747,0.0,0.0,0.0,0.0,0.0015667314019700168,0.0026465548745022716
sham,ensayo,18,-0.2758114443099912,-0.1178220567864105,0.6869558098838634,-0.3758326310674337,0.602163267308809,-0.5907853044357352,0.0,0.0,0.0,0.0,0.00146444744884375,0.0027273684208921622
sham,ensayo,19,-0.27562561122940493,-0.11789123801746079,0.687139680124784,-0.37590305199718366,0.6023498313842641,-0.5908496945541507,0.0,0.0,0.0,0.0,0.0013703337147992806,0.002802283969231212
sham,ensayo,20,-0.27543982962504726,-0.11796046766417463,0.6873234741198798,-0.3759736118429471,0.6025362978993368,-0.5909142157797094,0.0,0.0,0.0,0.0,0.0012844405788113092,0.0028717734118686167
sham,ensayo,21,-0.2752540973205139,-0.11802974300366999,0.6875071961943612,-0.3760442999301442,0.6027226729743043,-0.5909788581392571,0.0,0.0,0.0,0.0,0.0012067597914780632,0.0029363112163593996
sham,ensayo,22,-0.2750684121668608,-0.11809906129638408,0.6876908506431735,-0.37611510557111844,0.6029089627001885,-0.5910436116471376,0.0,0.0,0.0,0.0,0.0011372263614482284,0.002996371061726677
sham,ensayo,23,-0.2748827720504847,-0.11816841980544233,0.6878744417081945,-0.3761860181405038,0.6030951731033336,-0.5911084663755867,0.0,0.0,0.0,0.0,0.0010757184520717345,0.0030524225319936704
sham,ensayo,24,-0.27469717489995094,-0.1182378158149201,0.688057973557475,-0.376257027145838,0.603281310112783,-0.5911734125206651,0.0,0.0,0.0,0.0,0.0010220663469197604,0.0031049280395905043
sham,ensayo,25,-0.2745116186916895,-0.11830724664592086,0.6882414502675473,-0.37632812228905244,0.6034673795321737,-0.5912384404596437,0.0,0.0,0.0,0.0,0.0009760623545197191,0.0031543401836700014
sham,ensayo,26,-0.2743261014547246,-0.11837670967050921,0.6884248758084994,-0.3763992935191191,0.6036533870158757,-0.5913035408001256,0.0,0.0,0.0,0.0,0.0009374657005782724,0.0032010995130917763
sham,ensayo,27,-0.274140621274938,-0.11844620232523106,0.6886082540296755,-0.3764705310833916,0.6038393380461119,-0.5913687044279915,0.0,0.0,0.0,0.0,0.0009059943369691936,0.0032456323127121323
sham,ensayo,28,-0.27395517629929045,-0.1185157221260444,0.6887915886440028,-0.3765418255852007,0.6040252379078178,-0.591433922561252,0.0,0.0,0.0,0.0,0.0008813149360871015,0.0032883480588168368
sham,ensayo,29,-0.27376976473997766,-0.11858526668458783,0.6889748832111666,-0.37661316804726735,0.6042110916614003,-0.5914991868093543,0.0,0.0,0.0,0.0,0.0008630415761127877,0.0033296365938042527
sham,ensayo,30,-0.2735843848783574,-0.11865483372469382,0.689158141120745,-0.3766845499764182,0.6043969041151585,-0.591564489233667,0.0,0.0,0.0,0.0,0.0008507385758877617,0.003369865251244164
sham,ensayo,31,-0.2733990350685965,-0.11872442109846153,0.6893413655759878,-0.37675596342674833,0.6045826797985231,-0.5916298224064882,0.0,0.0,0.0,0.0,0.0008439232117014657,0.00340937606387115
sham,ensayo,32,-0.273213713741222,-0.11879402680231872,0.6895245595775857,-0.37682740106306295,0.6047684229352399,-0.5916951794703058,0.0,0.0,0.0,0.0,0.0008420620028828423,0.0034484829528196315
sham,ensayo,33,-0.27302841940652633,-0.11886364899291621,0.6897077259077611,-0.37689885622358577,0.6049541374169769,-0.5917605541963692,0.0,0.0,0.0,0.0,0.0008445748097190494,0.0034874689538639814
sham,ensayo,34,-0.27284315065729203,-0.11893328600053894,0.6898908671173688,-0.3769703229718858,0.6051398267815888,-0.591825941033135,0.0,0.0,0.0,0.0,0.0008508549864328026,0.003526583979919451
sham,ensayo,35,-0.2726579061705228,-0.11900293633818418,0.6900739855178495,-0.3770417961305351,0.6053254941991427,-0.5918913351375877,0.0,0.0,0.0,0.0,0.0008602871489897966,0.00356604345802225
sham,ensayo,36,-0.27247268470841624,-0.11907259870702559,0.6902570831769878,-0.37711327129970396,0.6055111424643129,-0.5919567323924989,0.0,0.0,0.0,0.0,0.0008722528534421931,0.0036060276501928
sham,ensayo,37,-0.2722874851188022,-0.11914227199955299,0.6904401619171769,-0.37718474486595766,0.6056967739930564,-0.5920221294145884,0.0,0.0,0.0,0.0,0.0008861349603767084,0.0036466813966171685
sham,ensayo,38,-0.27210230633495824,-0.11921195530033035,0.6906232233163244,-0.3772562140009932,0.6058823908236679,-0.592087523553316,0.0,0.0,0.0,0.0,0.0009013278167727917,0.003688114307522028
sham,ensayo,39,-0.2719171473750197,-0.11928164788515609,0.6908062687103423,-0.3773276766541495,0.6060679946205606,-0.5921529128838863,0.0,0.0,0.0,0.0,0.0009172352888137529,0.0037304012102765682
sham,ensayo,40,-0.2717320073413111,-0.11935134922020892,0.6909892991955336,-0.37739913154534066,0.6062535866780068,-0.5922182962007099,0.0,0.0,0.0,0.0,0.0009332652600689843,0.003773582535075093
sham,ensayo,41,-0.2715468854195307,-0.11942105896117079,0.6911723156310154,-0.37747057815816554,0.6064391679239143,-0.5922836730110408,0.0,0.0,0.0,0.0,0.0009488326070231989,0.0038176646761485244
sham,ensayo,42,-0.2713617808776518,-0.11949077695158472,0.6913553186419997,-0.37754201673025656,0.6066247389248723,-0.5923490435260194,0.0,0.0,0.0,0.0,0.0009633632465701818,0.003862620479196721
sham,ensayo,43,-0.2711766930643821,-0.11956050321963942,0.6915383086248192,-0.37761344823731474,0.6068102998939167,-0.592414408645783,0.0,0.0,0.0,0.0,0.0009763027259388018,0.003908390027817177
sham,ensayo,44,-0.27099162140706645,-0.11963023797269812,0.691721285754424,-0.37768487436794973,0.6069958507022338,-0.5924797699359678,0.0,0.0,0.0,0.0,0.0009871252185268133,0.003954881860835258
sham,ensayo,45,-0.2708065654092394,-0.11969998159028494,0.6919042499934075,-0.37775629749250805,0.6071813908934375,-0.5925451295985984,0.0,0.0,0.0,0.0,0.0009953328158649457,0.004001974448215151
sham,ensayo,46,-0.27062152464792427,-0.1197697346161795,0.6920872011019419,-0.3778277206283442,0.6073669196994048,-0.5926104904396764,0.0,0.0,0.0,0.0,0.0010004581911994858,0.0040495178126036535
sham,ensayo,47,-0.27043649877054987,-0.11983949774917563,0.6922701386492389,-0.37789914739967845,0.6075524360585269,-0.5926758558317196,0.0,0.0,0.0,0.0,0.001002071364145001,0.004097335395442769
sham,ensayo,48,-0.27025148749139416,-0.11990927183201318,0.6924530620269592,-0.3779705819900492,0.6077379386371161,-0.5927412296693602,0.0,0.0,0.0,0.0,0.0009997866186512714,0.004145226264228086
sham,ensayo,49,-0.27006649058741605,-0.11997905783788713,0.6926359704653353,-0.3780420290847489,0.6079234258551552,-0.5928066163155781,0.0,0.0,0.0,0.0,0.000993273339852951,0.004192967784291568
sham,ensayo,50,-0.26988150789344684,-0.12004885685429623,0.692818863052146,-0.3781134938023538,0.6081088959167023,-0.5928720205377324,0.0,0.0,0.0,0.0,0.000982264008632927,0.004240318789896946
sham,ensayo,51,-0.26969653929691345,-0.12011867006496248,0.6930017387536893,-0.3781849816185241,0.6082943468436466,-0.5929374474363961,0.0,0.0,0.0,0.0,0.0009665562877795121,0.004287023089091235
sham,ensayo,52,-0.26951158473205783,-0.12018849872994133,0.6931845964377598,-0.3782564982823603,0.6084797765127419,-0.5930029023672518,0.0,0.0,0.0,0.0,0.0009460208326943549,0.004332813298361771
sham,ensayo,53,-0.26932664417358065,-0.12025834416358433,0.6933674348989555,-0.37832804972406814,0.6086651826964151,-0.5930683908548655,0.0,0.0,0.0,0.0,0.0009206085092614115,0.004377415068745449
sham,ensayo,54,-0.26914171763025463,-0.12032820771243842,0.6935502528837361,-0.3783996419632399,0.6088505631033715,-0.5931339185070863,0.0,0.0,0.0,0.0,0.0008903366903454852,0.004420551233835113
sham,ensayo,55,-0.2689568051391729,-0.12039809073627632,0.6937330491117638,-0.3784712810310595,0.6090359154133873,-0.5931994909425418,0.0,0.0,0.0,0.0,0.0008552677167589111,0.004461945246447385
sham,ensayo,56,-0.26877190676055596,-0.12046799459245544,0.6939158222936926,-0.378542972906837,0.6092212373061896,-0.5932651137315461,0.0,0.0,0.0,0.0,0.0008155029376306748,0.004501323934618995
sham,ensayo,57,-0.26858702257284944,-0.12053792062214218,0.6940985711469474,-0.37861472346291053,0.6094065264867967,-0.5933307923447707,0.0,0.0,0.0,0.0,0.0007711806189584147,0.0045384198864439895
sham,ensayo,58,-0.2684021526680613,-0.1206078701377342,0.6942812944101885,-0.3786865384150764,0.6095917807084943,-0.5933965321070362,0.0,0.0,0.0,0.0,0.0007224726656327356,0.004572973595884378
sham,ensayo,59,-0.26821729714722287,-0.12067784441083823,0.6944639908571538,-0.37875842327547843,0.609776997794663,-0.5934623381533478,0.0,0.0,0.0,0.0,0.0006695863159768594,0.004604735515869152
sham,ensayo,60,-0.2680324561159378,-0.12074784466040533,0.6946466593103079,-0.3788303833062716,0.6099621756602152,-0.5935282153856294,0.0,0.0,0.0,0.0,0.0006127637541226767,0.004633468089537018
sham,ensayo,61,-0.26784762968003933,-0.12081787204106423,0.6948292986542404,-0.37890242347409037,0.6101473123326144,-0.5935941684301975,0.0,0.0,0.0,0.0,0.0005522814475890802,0.004658947751266851
sham,ensayo,62,-0.2676628179414057,-0.12088792763185366,0.695011907848564,-0.3789745484061522,0.6103324059721261,-0.593660201596762,0.0,0.0,0.0,0.0,0.0004884478331331585,0.004680966853271684
sham,ensayo,63,-0.26747802099406703,-0.12095801242593626,0.6951944859396381,-0.3790467623504898,0.6105174548902401,-0.5937263188412932,0.0,0.0,0.0,0.0,0.0004215972907473026,0.004699335394434456
sham,ensayo,64,-0.26729323892051265,-0.12102812732107088,0.695377032071526,-0.379119069139173,0.6107024575668147,-0.5937925237316863,0.0,0.0,0.0,0.0,0.00035209110335461194,0.0047138826176365
sham,ensayo,65,-0.2671084717879885,-0.12109827310989377,0.6955595454971958,-0.37919147215054516,0.6108874126675574,-0.5938588194124738,0.0,0.0,0.0,0.0,0.00028032167762821015,0.00472445867134752
sham,ensayo,66,-0.26692371964453576,-0.12116845046883827,0.6957420255913132,-0.3792639742654672,0.6110723190640014,-0.5939252085639067,0.0,0.0,0.0,0.0,0.00020672227465865354,0.004730936574276257
sham,ensayo,67,-0.26673898251499195,-0.12123865994634042,0.6959244718636239,-0.3793365778206914,0.611257175854586,-0.5939916933583577,0.0,0.0,0.0,0.0,0.0001317620679414464,0.004733214304678768
sham,ensayo,68,-0.2665542603972095,-0.12130890195170695,0.6961068839715194,-0.37940928456490985,0.6114419823845756,-0.5940582754192646,0.0,0.0,0.0,0.0,5.5940943379336146e-05,0.004731216746506561
sham,ensayo,69,-0.2663695532586462,-0.12137917674549249,0.696289261730868,-0.37948209562120144,0.6116267382632669,-0.5941249557860895,0.0,0.0,0.0,0.0,-2.0218894749469196e-05,0.004724897320102173
sham,ensayo,70,-0.2661848610335869,-0.12144948443252844,0.6964716051237879,-0.3795550114608346,0.6118114433763262,-0.5941917348899134,0.0,0.0,0.0,0.0,-9.618684748410171e-05,0.0047142390662600064
sham,ensayo,71,-0.2660001836211176,-0.12151982495826279,0.6966539143027605,-0.3796280318911175,0.6119960978921656,-0.5942586125421803,0.0,0.0,0.0,0.0,-0.00017143583035599493,0.0046992550702213975
sham,ensayo,72,-0.26581552088350885,-0.12159019810704313,0.696836189592765,-0.37970115605119786,0.6121807022648961,-0.5943255879308258,0.0,0.0,0.0,0.0,-0.000245439780926264,0.004679988546911318
sham,ensayo,73,-0.2656308726447515,-0.12166060350080245,0.697018431493013,-0.3797743824095195,0.6123652572364509,-0.594392659617891,0.0,0.0,0.0,0.0,-0.0003176715921378697,0.004656512885020447
sham,ensayo,74,-0.2654462386894401,-0.12173104059863407,0.6972006406775678,-0.37984770876507745,0.612549763836941,-0.5944598255406743,0.0,0.0,0.0,0.0,-0.0003876108737255511,0.0046289315218928095
sham,ensayo,75,-0.26526161876225873,-0.12180150869847954,0.6973828179935299,-0.37992113225742186,0.612734223381182,-0.5945270830210787,0.0,0.0,0.0,0.0,-0.0004547545726096211,0.0045973774057017636
sham,ensayo,76,-0.26507701256795346,-0.12187200694070272,0.6975649644572204,-0.3799946493841936,0.6129186374619542,-0.5945944287819964,0.0,0.0,0.0,0.0,-0.0005186189706800176,0.004562012119862402
sham,ensayo,77,-0.2648924197717058,-0.12194253431300928,0.6977470812488863,-0.3800682560241412,0.6131030079408246,-0.594661858968801,0.0,0.0,0.0,0.0,-0.0005787435288467712,0.004523024770293205
sham,ensayo,78,-0.2647078399999791,-0.12201308965692119,0.6979291697056228,-0.38014194746649804,0.6132873369361191,-0.5947293691767677,0.0,0.0,0.0,0.0,-0.0006346973028812418,0.0044806305867552965
sham,ensayo,79,-0.2645232728417455,-0.12208367167551824,0.6981112313129857,-0.380215718445305,0.6134716268087296,-0.5947969544831176,0.0,0.0,0.0,0.0,-0.0006860798683457474,0.004435069311455209
sham,ensayo,80,-0.2643387178497073,-0.12215427894081293,0.6982932676971237,-0.3802895631715917,0.613655880148679,-0.5948646094770061,0.0,0.0,0.0,0.0,-0.0007325115696247848,0.004386603725521354
sham,ensayo,81,-0.264154174541627,-0.12222490990082172,0.6984752806171236,-0.38036347536422016,0.6138400997621141,-0.5949323282882574,0.0,0.0,0.0,0.0,-0.000773638225138,0.004335518244914738
sham,ensayo,82,-0.26396964240214754,-0.12229556288811291,0.6986572719555708,-0.38043744828674886,0.6140242886556292,-0.5950001046217649,0.0,0.0,0.0,0.0,-0.0008091422698899379,0.004282117219531756
sham,ensayo,83,-0.2637851208851824,-0.12236623613055693,0.6988392437066779,-0.3805114747932114,0.6142084500167558,-0.5950679318002584,0.0,0.0,0.0,0.0,-0.0008387498927429263,0.0042267228103582966
sham,ensayo,84,-0.2636006094166332,-0.12243692776337017,0.6990211979631047,-0.3805855473789565,0.6143925871922551,-0.5951358028117864,0.0,0.0,0.0,0.0,-0.0008622297215308977,0.004169672651073597
sham,ensayo,85,-0.26341610739705396,-0.12250763584069246,0.699203136903422,-0.3806596582291138,0.6145767036673168,-0.5952037103549273,0.0,0.0,0.0,0.0,-0.0008793838569381527,0.0041113176571059284
sham,ensayo,86,-0.26323161420412466,-0.1225783583457927,0.699385062781102,-0.3807337992610254,0.6147608030472116,-0.5952716468783336,0.0,0.0,0.0,0.0,-0.0008900421656182785,0.004052020139226897
sham,ensayo,87,-0.26304712919511636,-0.12264909320060126,0.6995669779141154,-0.38080796216366003,0.6149448890400907,-0.5953396046174634,0.0,0.0,0.0,0.0,-0.0008940643325523368,0.003992152054820508
sham,ensayo,88,-0.2628626517099464,-0.12271983827719335,0.6997488846721123,-0.380882138445367,0.6151289654361872,-0.5954075756391782,0.0,0.0,0.0,0.0,-0.0008913593038223298,0.003932092830382317
sham,ensayo,89,-0.2626781810751701,-0.12279059141326837,0.6999307854591041,-0.38095631949832226,0.6153130360799162,-0.5954755519020103,0.0,0.0,0.0,0.0,-0.000881902285487209,0.0038722263766430842
sham,ensayo,90,-0.26249371660836823,-0.1228613504297416,0.7001126826941448,-0.38103049667134326,0.6154971048384767,-0.5955435253242238,0.0,0.0,0.0,0.0,-0.0008657277942684063,0.003812937747397882
sham,ensayo,91,-0.26230925762240986,-0.1229321131476547,0.7002945787929017,-0.38110466133965787,0.61568117557163,-0.5956114878489426,0.0,0.0,0.0,0.0,-0.0008429198721685297,0.0037546099920007237
sham,ensayo,92,-0.2621248034294792,-0.12300287740349902,0.7004764761509519,-0.3811788049678058,0.6158652521042273,-0.5956794315028048,0.0,0.0,0.0,0.0,-0.0008136055316278754,0.003697621358071501
sham,ensayo,93,-0.26194035334466803,-0.12307364106217598,0.700658377129789,-0.3812529191620484,0.6160493382031341,-0.5957473484447987,0.0,0.0,0.0,0.0,-0.0007779417903894992,0.003642343005310522
sham,ensayo,94,-0.2617559066889595,-0.12314440202683041,0.7008402840462777,-0.38132699570916034,0.6162334375598426,-0.5958152310023537,0.0,0.0,0.0,0.0,-0.0007361032171990589,0.0035891373662195747
sham,ensayo,95,-0.26157146279187804,-0.12321515824667134,0.7010221991641683,-0.38140102660667674,0.6164175537766812,-0.5958830716994891,0.0,0.0,0.0,0.0,-0.0006882829900576183,0.0035383568811937494
sham,ensayo,96,-0.2613870209940742,-0.12328590772436025,0.701204124686001,-0.38147500409116564,0.6166016903539075,-0.5959508632831844,0.0,0.0,0.0,0.0,-0.00063469557207204,0.003490342792986212
sham,ensayo,97,-0.2612025806499536,-0.12335664852372748,0.7013860627446032,-0.3815489206678641,0.6167858506762864,-0.5960185987510669,0.0,0.0,0.0,0.0,-0.0005755800298070692,0.003445423852241447
sham,ensayo,98,-0.26101814113065575,-0.12342737877913235,0.7015680153926608,-0.381622769147621,0.6169700379966393,-0.5960862713859771,0.0,0.0,0.0,0.0,-0.0005112128455392151,0.0034039146520967734
sham,ensayo,99,-0.2608337018278825,-0.1234980967086847,0.7017499845878056,-0.3816965427005963,0.6171542554122843,-0.5961538748062455,0.0,0.0,0.0,0.0,-0.0004419302029979242,0.0033661131434143954
sham,ensayo,100,-0.2606492621585378,-0.12356880063154625,0.7019319721733408,-0.3817702349272109,0.6173385058342487,-0.5962214030321029,0.0,0.0,0.0,0.0,-0.00036813708208018324,0.0033322973462759364
sham,ensayo,101,-0.2604648215690153,-0.12363948898446028,0.7021139798603728,-0.38184383992518806,0.6175227919581773,-0.5962888505483143,0.0,0.0,0.0,0.0,-0.00029027798924859604,0.00330272232932316
sham,ensayo,102,-0.2602803795386783,-0.12371016033429343,0.7022960092143432,-0.38191735233998947,0.6177071162421081,-0.5963562123511674,0.0,0.0,0.0,0.0,-0.00020882211128424855,0.003277618021343187
sham,ensayo,103,-0.26009593558286415,-0.12378081338770792,0.7024780616445364,-0.3819907674031129,0.6178914808892589,-0.5964234839841128,0.0,0.0,0.0,0.0,-0.00012426031790725364,0.003257187586342525
sham,ensayo,104,-0.25991148925566304,-0.12385144699944715,0.702660138395037,-0.38206408096425293,0.61807588783342,-0.5964906615677291,0.0,0.0,0.0,0.0,-3.710426845780021e-05,0.003241606060299773
sham,ensayo,105,-0.2597270401524836,-0.12392206017968196,0.7028422405367221,-0.38213728951923404,0.6182603387261917,-0.5965577418257696,0.0,0.0,0.0,0.0,5.211664403449581e-05,0.003231019165923499
sham,ensayo,106,-0.25954258791210705,-0.1239926520993816,0.7030243689616072,-0.38221039022933223,0.6184448349279881,-0.596624722103173,0.0,0.0,0.0,0.0,0.00014286824636466789,0.0032255425345510957
sham,ensayo,107,-0.2593581322179765,-0.12406322209247689,0.703206524380773,-0.38228338092702385,0.6186293775048242,-0.5966916003713614,0.0,0.0,0.0,0.0,0.00023462534610931493,0.003225261567877169
sham,ensayo,108,-0.2591736727987784,-0.124133769654929,0.7033887073256452,-0.3823562601088336,0.6188139672306318,-0.5967583752214918,0.0,0.0,0.0,0.0,0.00032687922890769914,0.003230231888551316
sham,ensayo,109,-0.2589892094286848,-0.12420429444234851,0.7035709181507153,-0.3824290269224032,0.6189986045921176,-0.5968250458523634,0.0,0.0,0.0,0.0,0.0004191340542626063,0.003240480019996994
sham,ensayo,110,-0.25880474192748815,-0.1242747962675621,0.7037531570362349,-0.38250168115355554,0.619183289793747,-0.5968916120583732,0.0,0.0,0.0,0.0,0.0005109036895531992,0.003256004028401094
sham,ensayo,111,-0.2586202701606279,-0.12434527509832123,0.7039354239908111,-0.3825742232142407,0.6193680227625271,-0.5969580742183267,0.0,0.0,0.0,0.0,0.0006017113775141174,0.0032767741032273534
sham,ensayo,112,-0.2584357940392208,-0.12441573105551974,0.7041177188533619,-0.3826466541331577,0.6195528031517403,-0.5970244332867548,0.0,0.0,0.0,0.0,0.000691084654487967,0.003302732995734914
sham,ensayo,113,-0.2582513135201925,-0.12448616441234339,0.7043000412940348,-0.38271897555070405,0.6197376303429288,-0.5970906907892836,0.0,0.0,0.0,0.0,0.000778551216069445,0.0033337962429982326
sham,ensayo,114,-0.25806682860632635,-0.12455657559361395,0.7044823908150243,-0.3827911897149445,0.6199225034475476,-0.5971568488189336,0.0,0.0,0.0,0.0,0.000863642964187962,0.003369852353216629
sham,ensayo,115,-0.25788233934593746,-0.12462696517386222,0.7046647667529027,-0.3828632994723524,0.6201074213108666,-0.5972229100274891,0.0,0.0,0.0,0.0,0.0009459056735738666,0.003410763255118354
sham,ensayo,116,-0.25769784583200545,-0.12469733387316673,0.7048471682834347,-0.38293530824926414,0.6202923825198119,-0.5972888776081422,0.0,0.0,0.0,0.0,0.0010249086275873323,0.0034563651950634267
sham,ensayo,117,-0.2575133482009208,-0.12476768255123027,0.7050295944282596,-0.38300722002614834,0.6204773854138839,-0.5973547552714377,0.0,0.0,0.0,0.0,0.0011002461441203494,0.003506469957983427
sham,ensayo,118,-0.2573288466309753,-0.1248380122004632,0.7052120440626236,-0.3830790393077496,0.620662428097885,-0.5974205472173777,0.0,0.0,0.0,0.0,0.0011715391688553133,0.003560866261494766
sham,ensayo,119,-0.25714434134053776,-0.12490832393801066,0.7053945159243186,-0.383150771088824,0.6208475084566092,-0.5974862581034297,0.0,0.0,0.0,0.0,0.0012384400680460212,0.0036193213461785945
sham,ensayo,120,-0.2569598325857306,-0.12497861899596342,0.7055770086247029,-0.38322242081226926,0.6210326241728485,-0.5975518930054103,0.0,0.0,0.0,0.0,0.0013006421509400418,0.003681582921245763
sham,ensayo,121,-0.2567753206576167,-0.1250488987096231,0.7057595206618321,-0.38329399431932676,0.6212177727488226,-0.5976174573709612,0.0,0.0,0.0,0.0,0.0013578841890162672,0.0037473814713848697
sham,ensayo,122,-0.25659080587921324,-0.12511916450513938,0.7059420504341336,-0.3833654977975467,0.6214029515286231,-0.5976829569709655,0.0,0.0,0.0,0.0,0.0014099453761605275,0.0038164326372225332
sham,ensayo,123,-0.25640628860239617,-0.12518941788714366,0.7061245962541091,-0.3834369377288839,0.6215881577207255,-0.5977483978511194,0.0,0.0,0.0,0.0,0.0014566459724502103,0.0038884395699199104
sham,ensayo,124,-0.25622176920450945,-0.1252596604256274,0.7063071563629535,-0.38350832083477615,0.621773388421888,-0.5978137862806684,0.0,0.0,0.0,0.0,0.0014978533369192292,0.003963095426172458
sham,ensayo,125,-0.25603724808456646,-0.1253298937414093,0.7064897289467692,-0.3835796540155687,0.6219586406435293,-0.5978791286958451,0.0,0.0,0.0,0.0,0.0015334877069029243,0.004040086128838993
sham,ensayo,126,-0.2558527256589785,-0.12540011948982765,0.7066723121547411,-0.38365094428265717,0.6221439113412415,-0.5979444316364813,0.0,0.0,0.0,0.0,0.001563529383864739,0.004119093466869117
sham,ensayo,127,-0.2556682023569416,-0.1254703393431122,0.7068549041186907,-0.383722198685415,0.6223291974465773,-0.5980097016777576,0.0,0.0,0.0,0.0,0.0015880191129982939,0.0041997984218937745
sham,ensayo,128,-0.255483678615581,-0.12554055497200853,0.7070375029734377,-0.38379342423518154,0.6225144959001822,-0.5980749453592269,0.0,0.0,0.0,0.0,0.0016070595039795151,0.004281884614186993
sham,ensayo,129,-0.2552991548750606,-0.12561076802753993,0.7072201068769057,-0.3838646278302571,0.6226998036845743,-0.5981401691148025,0.0,0.0,0.0,0.0,0.0016208091744724941,0.004365041676152259
sham,ensayo,130,-0.2551146315739323,-0.12568098012417447,0.7074027140285721,-0.3839358161872503,0.6228851178543033,-0.5982053792087172,0.0,0.0,0.0,0.0,0.0016294732489001101,0.004448968301659306
sham,ensayo,131,-0.25493010914472025,-0.12575119282456168,0.7075853226862476,-0.3840069957792962,0.6230704355633029,-0.5982705816779105,0.0,0.0,0.0,0.0,0.001633299732410672,0.004533374967735426
sham,ensayo,132,-0.2547455880097033,-0.12582140762551566,0.7077679311814868,-0.3840781727798819,0.623255754089896,-0.5983357822796392,0.0,0.0,0.0,0.0,0.00163257547183621,0.004617986397306595
sham,ensayo,133,-0.25456106857673644,-0.1258916259444803,0.707950537934555,-0.38414935300883296,0.6234410708609042,-0.5984009864410745,0.0,0.0,0.0,0.0,0.001627628934641566,0.004702543937781911
sham,ensayo,134,-0.254376551235032,-0.12596184910586936,0.7081331414695248,-0.38422054187794774,0.623626383475867,-0.5984661992085291,0.0,0.0,0.0,0.0,0.0016188312106035102,0.004786807969395568
sham,ensayo,135,-0.25419203635113574,-0.12603207832809388,0.7083157404285129,-0.38429174433979635,0.6238116897298908,-0.5985314251996562,0.0,0.0,0.0,0.0,0.001606588329481022,0.004870560158110493
sham,ensayo,136,-0.2540075242651675,-0.12610231471178657,0.7084983335845818,-0.3843629648415047,0.6239969876343641,-0.5985966685603074,0.0,0.0,0.0,0.0,0.0015913380002826063,0.004953605473133393
sham,ensayo,137,-0.2538230152874122,-0.12617255922951529,0.7086809198529771,-0.38443420728495015,0.6241822754349505,-0.5986619329273959,0.0,0.0,0.0,0.0,0.0015735421036205033,0.005035773901909124
sham,ensayo,138,-0.2536385096953182,-0.12624281271727655,0.7088634983003748,-0.3845054749944745,0.6243675516263483,-0.5987272213987772,0.0,0.0,0.0,0.0,0.001553680707561623,0.005116921817119646
sham,ensayo,139,-0.25345400773091703,-0.12631307586776921,0.7090460681521924,-0.3845767706921087,0.6245528149638411,-0.598792536510152,0.0,0.0,0.0,0.0,0.0015322461211025869,0.00519693299958135
sham,ensayo,140,-0.2532695095986649,-0.12638334922538402,0.7092286287979754,-0.38464809647999765,0.6247380644716973,-0.5988578802186726,0.0,0.0,0.0,0.0,0.0015097376842910988,0.005275719337021201
sham,ensayo,141,-0.25308501546372275,-0.126453633182896,0.7094111797949418,-0.3847194538299361,0.6249232994485167,-0.5989232538931971,0.0,0.0,0.0,0.0,0.0014866560374934014,0.0053532212016023095
sham,ensayo,142,-0.25290052545053154,-0.12652392797926393,0.7095937208703453,-0.3847908435772965,0.6251085194705998,-0.598988658308612,0.0,0.0,0.0,0.0,0.0014635035649527195,0.005429407645323181
sham,ensayo,143,-0.2527160396416659,-0.12659423369824713,0.7097762519229344,-0.38486226591827855,0.6252937243938161,-0.5990540936432458,0.0,0.0,0.0,0.0,0.0014407809809166745,0.005504276455184254
sham,ensayo,144,-0.25253155807688055,-0.12666455026753412,0.7099587730238953,-0.3849337204089642,0.6254789143546216,-0.5991195594779553,0.0,0.0,0.0,0.0,0.0014189886787468163,0.00557785414204659
sham,ensayo,145,-0.2523470807522411,-0.12673487745784942,0.7101412844178443,-0.3850052059639685,0.6256640897711447,-0.5991850547948163,0.0,0.0,0.0,0.0,0.00139862855305484,0.005650195964960858
sham,ensayo,146,-0.2521626076194228,-0.12680521488231258,0.710323786523481,-0.38507672085596856,0.6258492513438075,-0.5992505779766383,0.0,0.0,0.0,0.0,0.0013802008009250037,0.005721385918292299
sham,ensayo,147,-0.2519781385851679,-0.12687556199618097,0.7105062799338414,-0.3851482627165017,0.6260344000553506,-0.5993161268076723,0.0,0.0,0.0,0.0,0.0013642040624851622,0.0057915366643328525
sham,ensayo,148,-0.25179367351081405,-0.12694591809663125,0.7106887654165371,-0.3852198285366383,0.626219537170855,-0.5993816984741999,0.0,0.0,0.0,0.0,0.00135113679563002,0.005860789480720996
sham,ensayo,149,-0.25160921221190974,-0.12701628232261603,0.7108712439138958,-0.38529141466782424,0.6264046642376466,-0.5994472895652835,0.0,0.0,0.0,0.0,0.001341496082517148,0.005929314203058311
sham,ensayo,150,-0.251424754458047,-0.12708665365536245,0.711053716542312,-0.38536301682530577,0.6265897830840237,-0.599512896075941,0.0,0.0,0.0,0.0,0.0013357729505863861,0.0059973090425557984
sham,ensayo,151,-0.251240299973246,-0.12715703092097083,0.7112361845891477,-0.3854346301005165,0.6267748958141527,-0.5995785134187399,0.0,0.0,0.0,0.0,0.001334438138596483,0.006064999965190054
sham,ensayo,152,-0.2510558484370617,-0.12722741279611144,0.7114186495061909,-0.3855062489864263,0.6269600047974433,-0.5996441364475326,0.0,0.0,0.0,0.0,0.0013379305948670837,0.006132639457291589
sham,ensayo,153,-0.25087139948651677,-0.12729779781725384,0.7116011128991712,-0.38557786741784483,0.627145112651517,-0.599709759495178,0.0,0.0,0.0,0.0,0.0013466435245097766,0.006200504593664391
sham,ensayo,154,-0.25068695271899055,-0.12736818439390798,0.7117835765128293,-0.3856494788286743,0.6273302222179123,-0.5997753764271028,0.0,0.0,0.0,0.0,0.0013609094714465333,0.006268894322346341
sham,ensayo,155,-0.2505025076956681,-0.12743857082431773,0.7119660422134934,-0.38572107621901897,0.6275153365335134,-0.5998409807040219,0.0,0.0,0.0,0.0,0.0013810032355191576,0.006338126334071603
sham,ensayo,156,-0.2503180639449508,-0.12750895531066841,0.7121485119724189,-0.3857926522197497,0.6277004588029168,-0.5999065654421888,0.0,0.0,0.0,0.0,0.001407154608601497,0.006408534115593056
sham,ensayo,157,-0.25013362096573466,-0.1275793359728355,0.7123309878506918,-0.3858641991506328,0.6278855923733063,-0.5999721234675723,0.0,0.0,0.0,0.0,0.0014395527121313864,0.006480464338153524
sham,ensayo,158,-0.2499491782306562,-0.12764971086115592,0.7125134719851463,-0.38593570907382385,0.6280707407111362,-0.6000376473657086,0.0,0.0,0.0,0.0,0.0014783481174921833,0.006554274470431665
sham,ensayo,159,-0.2497647351892531,-0.1277200779682638,0.7126959665753649,-0.38600717384280286,0.6282559073806917,-0.6001031295273112,0.0,0.0,0.0,0.0,0.001523657543591809,0.006630330608743407
sham,ensayo,160,-0.24958029127114728,-0.12779043524047856,0.712878473871061,-0.3860785851491166,0.6284410960234749,-0.6001685621918518,0.0,0.0,0.0,0.0,0.001575561772597529,0.006709005401404511
sham,ensayo,161,-0.2493958458892326,-0.12786078058897576,0.7130609961597774,-0.3861499345677927,0.6286263103381796,-0.6002339374899338,0.0,0.0,0.0,0.0,0.0016341079514974755,0.006790676031698695
sham,ensayo,162,-0.24921139844271833,-0.1279311119001853,0.7132435357554574,-0.38622121359919037,0.6288115540621347,-0.6002992474823292,0.0,0.0,0.0,0.0,0.0016993146964550908,0.006875722372882365
sham,ensayo,163,-0.24902694831999186,-0.1280014270452104,0.7134260949881179,-0.38629241370658657,0.6289968309545596,-0.6003644841950371,0.0,0.0,0.0,0.0,0.0017711750822964106,0.006964525343363448
sham,ensayo,164,-0.24884249490133367,-0.1280717238884489,0.7136086761943519,-0.38636352635028853,0.6291821447812578,-0.6004296396511001,0.0,0.0,0.0,0.0,0.0018496585922970375,0.007057465419222808
sham,ensayo,165,-0.24865803756177465,-0.12814200029663741,0.7137912817072403,-0.38643454302369645,0.6293674992984998,-0.6004947059042864,0.0,0.0,0.0,0.0,0.0019347025648105026,0.007154921032395123
sham,ensayo,166,-0.24847357567420994,-0.12821225414913867,0.7139739138448776,-0.38650545529453734,0.6295528982347367,-0.6005596750776337,0.0,0.0,0.0,0.0,0.0020262078475013286,0.007257266712940691
sham,ensayo,167,-0.24828910861253425,-0.12828248334859027,0.7141565748986385,-0.386576254847499,0.6297383452717835,-0.6006245394032926,0.0,0.0,0.0,0.0,0.0021240428805195085,0.007364871176861243
sham,ensayo,168,-0.24810463575464364,-0.12835268583100426,0.7143392671220639,-0.38664693352460566,0.6299238440269215,-0.6006892912602284,0.0,0.0,0.0,0.0,0.00222804729323639,0.007478095533627993
sham,ensayo,169,-0.24792015648559082,-0.12842285957629965,0.7145219927191273,-0.38671748336769873,0.6301093980340772,-0.6007539232139036,0.0,0.0,0.0,0.0,0.002338023187265511,0.007597291382580806
sham,ensayo,170,-0.24773567020118048,-0.12849300262070584,0.7147047538303393,-0.38678789666886215,0.6302950107216205,-0.6008184280634212,0.0,0.0,0.0,0.0,0.0024537250959432424,0.0077227985197225735
sham,ensayo,171,-0.2475511763120238,-0.12856311307131835,0.714887552516517,-0.3868581660299045,0.6304806853863497,-0.6008827988971475,0.0,0.0,0.0,0.0,0.0025748534367763306,0.007854942218870065
sham,ensayo,172,-0.24736667424803196,-0.12863318912262545,0.7150703907403977,-0.38692828443021576,0.6306664251639065,-0.6009470291561547,0.0,0.0,0.0,0.0,0.0027010483212286836,0.00799403012950961
sham,ensayo,173,-0.24718216346321625,-0.12870322907439496,0.7152532703468135,-0.3869982453002466,0.6308522329967501,-0.6010111127028921,0.0,0.0,0.0,0.0,0.002831888612203597,0.008140348932158759
sham,ensayo,174,-0.2469976434403417,-0.1287732313489189,0.7154361930438041,-0.3870680425918851,0.6310381116034194,-0.6010750438868975,0.0,0.0,0.0,0.0,0.0029669043809037697,0.008294161180600668
sham,ensayo,175,-0.24681311369512104,-0.12884319450589463,0.7156191603863892,-0.38713767083861067,0.6312240634520132,-0.6011388176008959,0.0,0.0,0.0,0.0,0.003105588898338226,0.008455702655936648
sham,ensayo,176,-0.24662857378003794,-0.12891311725511118,0.7158021737627014,-0.3872071252062228,0.6314100907375907,-0.6012024293280881,0.0,0.0,0.0,0.0,0.0032474029577186296,0.008625180163789992
sham,ensayo,177,-0.24644402328789874,-0.12898299846761213,0.7159852343817454,-0.3872764015368243,0.6315961953623987,-0.601265875183157,0.0,0.0,0.0,0.0,0.0033917786428308452,0.008802769634939978
sham,ensayo,178,-0.24625946185482908,-0.12905283718447258,0.7161683432639766,-0.3873454963822582,0.6317823789206678,-0.6013291519434333,0.0,0.0,0.0,0.0,0.0035381339277106095,0.008988614723875799
sham,ensayo,179,-0.24607488916265965,-0.12912263262277437,0.7163515012348896,-0.38741440702570373,0.6319686426883954,-0.6013922570689855,0.0,0.0,0.0,0.0,0.003685879969384133,0.009182825953956808
sham,ensayo,180,-0.24589030494080838,-0.12919238417936646,0.7165347089210466,-0.38748313149391195,0.6321549876172001,-0.6014551887140004,0.0,0.0,0.0,0.0,0.0038344264811986228,0.009385480280400316
sham,ensayo,181,-0.24570570896780436,-0.12926209143319847,0.7167179667475918,-0.3875516685635445,0.6323414143307424,-0.6015179457326847,0.0,0.0,0.0,0.0,0.003983182729352017,0.009596620900822472
sham,ensayo,182,-0.24552110107253464,-0.1293317541467848,0.7169012749367238,-0.3876200177639906,0.6325279231227708,-0.6015805276819138,0.0,0.0,0.0,0.0,0.0041315591448145604,0.009816257206267665
sham,ensayo,183,-0.24533648113518625,-0.12940137226679657,0.7170846335071461,-0.3876881793767145,0.6327145139567496,-0.6016429348206502,0.0,0.0,0.0,0.0,0.0042789704731763505,0.01004436488040028
sham,ensayo,184,-0.24515184908806392,-0.12947094592443828,0.7172680422736687,-0.3877561544341721,0.632901186465767,-0.6017051681089793,0.0,0.0,0.0,0.0,0.0044248315028076685,0.010280885995143763
sham,ensayo,185,-0.2449672049164512,-0.12954047543644565,0.717451500846077,-0.3878239447216918,0.6330879399512794,-0.6017672292099387,0.0,0.0,0.0,0.0,0.004568552654335519,0.010525728947754942
sham,ensayo,186,-0.244782548659495,-0.12960996130670496,0.7176350086273631,-0.3878915527822677,0.6332747733807296,-0.6018291204940767,0.0,0.0,0.0,0.0,0.004709538783851991,0.01077876825416979
sham,ensayo,187,-0.24459788041070665,-0.12967940422679158,0.7178185648133373,-0.3879589819167705,0.6334616853871873,-0.6018908450396788,0.0,0.0,0.0,0.0,0.00484720229522656,0.011039844579158853
sham,ensayo,188,-0.24441320031781177,-0.12974880507387265,0.7180021683952245,-0.38802623617326737,0.6336486742736437,-0.6019524066227682,0.0,0.0,0.0,0.0,0.004980974666050885,0.01130876529433067
sham,ensayo,189,-0.24422850858201792,-0.12981816490604434,0.7181858181650137,-0.3880933203257202,0.63383573802181,-0.6020138096971637,0.0,0.0,0.0,0.0,0.005110312840964322,0.01158530552717707
sham,ensayo,190,-0.24404380545680518,-0.1298874849556892,0.718369512722957,-0.38816023984444087,0.6340228743044863,-0.6020750593668567,0.0,0.0,0.0,0.0,0.005234703770225886,0.011869209577042739
sham,ensayo,191,-0.24385909124608993,-0.1299567666204734,0.7185532504877623,-0.38822700085653306,0.6342100805023004,-0.6021361613490382,0.0,0.0,0.0,0.0,0.005353675914484027,0.012160192790730662
sham,ensayo,192,-0.2436743663015246,-0.13002601145095155,0.7187370297106066,-0.38829361009209573,0.6343973537265883,-0.6021971219238036,0.0,0.0,0.0,0.0,0.005466814050583421,0.012457944101754492
sham,ensayo,193,-0.2434896310192686,-0.13009522113594102,0.718920848491391,-0.38836007482160173,0.6345846908460829,-0.6022579478756387,0.0,0.0,0.0,0.0,0.00557375658037826,0.012762128945581708
sham,ensayo,194,-0.24330488583633134,-0.1301643974865888,0.7191047047964847,-0.38842640278788354,0.6347720885160772,-0.6023186464299097,0.0,0.0,0.0,0.0,0.005674200883273061,0.013072392397191379
sham,ensayo,195,-0.2431201312263554,-0.13023354241865223,0.7192885964784672,-0.388492602130887,0.6349595432108008,-0.602379225182599,0.0,0.0,0.0,0.0,0.005767910583029745,0.013388362631815198
sham,ensayo,196,-0.2429353676949577,-0.1303026579333406,0.7194725212974016,-0.38855868130693527,0.6351470512582649,-0.6024396920249189,0.0,0.0,0.0,0.0,0.005854716371920234,0.013709654618622835
sham,ensayo,197,-0.24275059577489716,-0.13037174609790567,0.719656476942253,-0.3886246490074977,0.6353346088754201,-0.6025000550674932,0.0,0.0,0.0,0.0,0.005934511444533922,0.014035873805482879
sham,ensayo,198,-0.2425658160214756,-0.13044080902776659,0.719840461050475,-0.38869051408516647,0.6355222122004114,-0.6025603225713234,0.0,0.0,0.0,0.0,0.006007237953264436,0.014366619425089766
sham,ensayo,199,-0.2423810290081581,-0.1305098488704475,0.7200244712256553,-0.38875628548759006,0.6357098573215886,-0.6026205028862011,0.0,0.0,0.0,0.0,0.0060728841013029744,0.014701487418165016
sham,ensayo,200,-0.24219623532216802,-0.13057886779009392,0.7202085050546515,-0.3888219721942562,0.6358975403054226,-0.6026806043917482,0.0,0.0,0.0,0.0,0.0061314865822347945,0.015040073236178841
sham,ensayo,201,-0.24201143555994004,-0.13064786795173358,0.7203925601250156,-0.38888758315257127,0.6360852572247193,-0.6027406354377509,0.0,0.0,0.0,0.0,0.006183133052609717,0.015381974691706546
sham,ensayo,202,-0.24182663032234267,-0.13071685150472703,0.7205766340433544,-0.3889531272107284,0.6362730041882149,-0.6028006042814594,0.0,0.0,0.0,0.0,0.006227967067561248,0.015726794970248648
sham,ensayo,203,-0.24164182020980063,-0.13078582056576912,0.7207607244540865,-0.38901861304896396,0.6364607773708343,-0.6028605190233745,0.0,0.0,0.0,0.0,0.006266185711076025,0.016074145711286292
sham,ensayo,204,-0.241457005817644,-0.13085477720287586,0.7209448290569895,-0.38908404911525885,0.6366485730420886,-0.6029203875472209,0.0,0.0,0.0,0.0,0.0062980299897814375,0.016423649858666067
sham,ensayo,205,-0.24127218773148235,-0.13092372341988714,0.7211289456243217,-0.3891494435630177,0.6368363875936945,-0.602980217461765,0.0,0.0,0.0,0.0,0.006323790307633072,0.01677494442560601
sham,ensayo,206,-0.2410873665224784,-0.13099266114063374,0.7213130720183336,-0.3892148041875503,0.6370242175677165,-0.6030400160414879,0.0,0.0,0.0,0.0,0.006343807396760373,0.01712768332455994
sham,ensayo,207,-0.24090254274289322,-0.13106159219412625,0.721497206207439,-0.3892801383672383,0.6372120596826547,-0.6030997901716515,0.0,0.0,0.0,0.0,0.006358460538203206,0.017481539960044756
sham,ensayo,208,-0.24071771692231184,-0.13113051830271819,0.721681346278997,-0.3893454530174881,0.6373999108541415,-0.6031595463053643,0.0,0.0,0.0,0.0,0.006368151217426249,0.017836209197866992
sham,ensayo,209,-0.2405328895650815,-0.1311994410755781,0.7218654904460119,-0.3894107545675369,0.6375877682059193,-0.603219290442063,0.0,0.0,0.0,0.0,0.006373274722063608,0.01819140823494081
sham,ensayo,210,-0.24034806114870555,-0.1312683620068653,0.7220496370488977,-0.3894760489568023,0.6377756290725747,-0.6032790281242466,0.0,0.0,0.0,0.0,0.006374215328936704,0.018546876580131766
sham,ensayo,211,-0.2401632321223374,-0.1313372824746184,0.7222337845568212,-0.38954134163388054,0.6379634910010833,-0.603338764436569,0.0,0.0,0.0,0.0,0.006371360904948752,0.018902375989625853
sham,ensayo,212,-0.2399784029050513,-0.13140620373806747,0.7224179315707928,-0.389606637548826,0.6381513517549666,-0.6033985039985428,0.0,0.0,0.0,0.0,0.0063651112697987065,0.019257690773088143
sham,ensayo,213,-0.2397935738838987,-0.13147512693320476,0.7226020768286555,-0.3896719411376976,0.638339209321557,-0.6034582509499797,0.0,0.0,0.0,0.0,0.0063558844436037085,0.019612628484765082
sham,ensayo,214,-0.23960874541167804,-0.1315440530664578,0.7227862192121982,-0.3897372562985253,0.6385270619228101,-0.6035180089284178,0.0,0.0,0.0,0.0,0.006344124937888596,0.019967021026332077
sham,ensayo,215,-0.23942391780463482,-0.13161298300739277,0.7229703577551732,-0.38980258636296095,0.6387149080278344,-0.6035777810425382,0.0,0.0,0.0,0.0,0.006330300578871495,0.020320725935647488
sham,ensayo,216,-0.23923909134010476,-0.13168191748096642,0.723154491651872,-0.38986793406554787,0.6389027463664622,-0.6036375698434029,0.0,0.0,0.0,0.0,0.006314905880089511,0.020673627776972126
sham,ensayo,217,-0.23905426625431353,-0.13175085706018458,0.723338620265112,-0.3899333015147777,0.6390905759420331,-0.6036973772973907,0.0,0.0,0.0,0.0,0.006298453917249845,0.021025639426738962
sham,ensayo,218,-0.2388694427406315,-0.1318198021606844,0.7235227431320014,-0.3899986901722899,0.6392783960407333,-0.6037572047667994,0.0,0.0,0.0,0.0,0.006281465156646301,0.021376702954484017
sham,ensayo,219,-0.23868462094831502,-0.1318887530376033,0.7237068599672208,-0.3900641008416941,0.6394662062368933,-0.6038170529994584,0.0,0.0,0.0,0.0,0.0062644605322058336,0.02172679004922884
sham,ensayo,220,-0.23849980098159826,-0.1319577097841204,0.7238909706645076,-0.39012953366442893,0.6396540063952726,-0.603876922124901,0.0,0.0,0.0,0.0,0.006247958861542688,0.02207590213038202
sham,ensayo,221,-0.23831498289924333,-0.1320266723318295,0.7240750752960641,-0.39019498812355163,0.6398417966699245,-0.6039368116579379,0.0,0.0,0.0,0.0,0.006232467524199819,0.022424070094899662
sham,ensayo,222,-0.2381301667147201,-0.13209564045367944,0.7242591741090693,-0.3902604630583777,0.6400295774983811,-0.6039967205123751,0.0,0.0,0.0,0.0,0.006218471758741825,0.022771353559249974
sham,ensayo,223,-0.23794535239696102,-0.13216461376931984,0.7244432675195998,-0.390325956689085,0.6402173495915591,-0.6040566470240363,0.0,0.0,0.0,0.0,0.0062064293077838326,0.023117839651831673
sham,ensayo,224,-0.237760539871814,-0.13223359175313507,0.7246273561034916,-0.39039146665270563,0.640405113918704,-0.6041165889844181,0.0,0.0,0.0,0.0,0.006196757941062118,0.023463641282603476
sham,ensayo,225,-0.2375757290239952,-0.1323025737442989,0.7248114405851469,-0.39045699004717493,0.6405928716888687,-0.6041765436818575,0.0,0.0,0.0,0.0,0.0061898359018043424,0.02380889506616768
sham,ensayo,226,-0.2373909196993063,-0.13237155895756939,0.7249955218255589,-0.3905225234782107,0.6407806243310222,-0.6042365079452926,0.0,0.0,0.0,0.0,0.006186002846944885,0.024153759147395704
sham,ensayo,227,-0.23720611170723066,-0.13244054649504136,0.7251796008092176,-0.39058806311002336,0.6409683734723866,-0.6042964781915959,0.0,0.0,0.0,0.0,0.006185553757129709,0.024498410862406672
sham,ensayo,228,-0.23702130482391315,-0.13250953535906232,0.7253636786297525,-0.3906536047204517,0.6411561209147808,-0.6043564504770453,0.0,0.0,0.0,0.0,0.006188736747374419,0.024843044205425713
sham,ensayo,229,-0.23683649879555874,-0.13257852446643104,0.7255477564741358,-0.39071914376117867,0.6413438686086954,-0.6044164205535503,0.0,0.0,0.0,0.0,0.006195747467832112,0.025187867067529623
sham,ensayo,230,-0.2366516933421592,-0.13264751266362337,0.7257318356058094,-0.3907846754217893,0.6415316186256448,-0.6044763839284631,0.0,0.0,0.0,0.0,0.006206728893383992,0.025533098312280345
sham,ensayo,231,-0.23646688816142214,-0.13271649874245833,0.7259159173473788,-0.39085019469529186,0.6417193731298023,-0.6045363359257486,0.0,0.0,0.0,0.0,0.006221771841376124,0.025878964801847815
sham,ensayo,232,-0.23628208293271533,-0.13278548145539998,0.7261000030637763,-0.3909156964416075,0.6419071343503904,-0.6045962717452312,0.0,0.0,0.0,0.0,0.006240920576734891,0.02622569854142398
sham,ensayo,233,-0.23609727732078803,-0.13285445952944827,0.726284094147063,-0.39098117544461297,0.6420949045567147,-0.604656186515792,0.0,0.0,0.0,0.0,0.006264181758941474,0.02657353414838326
sham,ensayo,234,-0.2359124709793129,-0.1329234316786503,0.7264681920026999,-0.3910466264631064,0.6422826860356851,-0.6047160753428901,0.0,0.0,0.0,0.0,0.0062915266345967774,0.02692270660787699
sham,ensayo,235,-0.23572766355453878,-0.1329923966165896,0.7266522980356959,-0.3911120442815189,0.6424704810693825,-0.6047759333558864,0.0,0.0,0.0,0.0,0.006322884963687849,0.027273449020754015
sham,ensayo,236,-0.2355428546892859,-0.13306135307016373,0.7268364136352695,-0.39117742376588893,0.6426582919103907,-0.604835755760341,0.0,0.0,0.0,0.0,0.006358137076277007,0.027625990083549823
sham,ensayo,237,-0.2353580440271552,-0.1331302997944124,0.7270205401584617,-0.391242759923986,0.642846120755418,-0.6048955378942021,0.0,0.0,0.0,0.0,0.006397114293517951,0.02798055137719757
sham,ensayo,238,-0.23517323121643036,-0.1331992355861817,0.7272046789152518,-0.3913080479601294,0.6430339697211593,-0.6049552752789883,0.0,0.0,0.0,0.0,0.006439613830266321,0.028337344938506703
sham,ensayo,239,-0.2349884159134042,-0.13326815929503225,0.7273888311567702,-0.3913732833182997,0.6432218408250717,-0.6050149636599786,0.0,0.0,0.0,0.0,0.006485410465427877,0.028696571404054794
sham,ensayo,240,-0.2348035977854331,-0.13333706983246088,0.7275729980651622,-0.39143846171824825,0.6434097359690293,-0.6050745990398692,0.0,0.0,0.0,0.0,0.006534254367399238,0.029058418464700253
sham,ensayo,241,-0.23461877651392976,-0.13340596618074424,0.7277571807438392,-0.3915035791898472,0.6435976569237818,-0.6051341777108405,0.0,0.0,0.0,0.0,0.006585870068523028,0.029423059378473226
sham,ensayo,242,-0.23443395179731322,-0.1334748474017234,0.7279413802077974,-0.391568632107139,0.6437856053135975,-0.6051936962863733,0.0,0.0,0.0,0.0,0.0066399560006033895,0.02979065148198856
sham,ensayo,243,-0.234249123353785,-0.13354371264508344,0.7281255973745566,-0.39163361722021384,0.6439735826018889,-0.605253151731033,0.0,0.0,0.0,0.0,0.006696189096748181,0.03016133480281269
sham,ensayo,244,-0.23406429092415004,-0.1336125611568157,0.7283098330547695,-0.3916985316882189,0.64416159007637,-0.6053125413913314,0.0,0.0,0.0,0.0,0.006754217449073369,0.03053523060211205
sham,ensayo,245,-0.23387945427498116,-0.1336813922893078,0.728494087940948,-0.39176337311945636,0.6443496288312534,-0.6053718630332515,0.0,0.0,0.0,0.0,0.006813650365487445,0.03091243956271228
sham,ensayo,246,-0.23369461320200643,-0.13375020551280278,0.7286783625947767,-0.3918281396172127,0.644537699747078,-0.6054311148851304,0.0,0.0,0.0,0.0,0.006874058141128053,0.03129303971255126
sham,ensayo,247,-0.23350976753344155,-0.13381900042687941,0.7288626574345382,-0.3918928298257179,0.6447258034705216,-0.6054902956806308,0.0,0.0,0.0,0.0,0.006934976934136481,0.03167708436336625
sham,ensayo,248,-0.23332491713299175,-0.13388777677055075,0.7290469727241413,-0.3919574429701878,0.6449139403966717,-0.6055494046961292,0.0,0.0,0.0,0.0,0.0069959187636196435,0.03206460035141845
sham,ensayo,249,-0.23314006190248115,-0.13395653443053593,0.7292313085641499,-0.3920219788892026,0.6451021106545174,-0.6056084417809147,0.0,0.0,0.0,0.0,0.007056376923534782,0.03245558664613668
sham,ensayo,250,-0.23295520178422457,-0.13402527344821724,0.7294156648842165,-0.3920864380614989,0.6452903140948081,-0.605667407382187,0.0,0.0,0.0,0.0,0.00711582807891767,0.03285001320963943
sham,ensayo,251,-0.23277033676314388,-0.1340939940255014,0.7296000414367138,-0.392150821628012,0.6454785502799412,-0.6057263025656221,0.0,0.0,0.0,0.0,0.007173736308359633,0.03324782007004501
sham,ensayo,252,-0.2325854668686636,-0.1341626965297707,0.7297844377913789,-0.3922151314101164,0.6456668184755371,-0.6057851290324103,0.0,0.0,0.0,0.0,0.007229554580238246,0.03364891656011082
sham,ensayo,253,-0.23240059217650935,-0.13423138149851457,0.7299688533302275,-0.3922793699266469,0.645855117642546,-0.6058438891351693,0.0,0.0,0.0,0.0,0.0072827230206988286,0.03405318059628826
sham,ensayo,254,-0.2322157128102116,-0.13430004964303285,0.7301532872436438,-0.3923435404068839,0.6460434464311808,-0.6059025858900902,0.0,0.0,0.0,0.0,0.007332677552281884,0.03446045814911258
sham,ensayo,255,-0.23203082894214971,-0.13436870185031982,0.7303377385285004,-0.39240764679598095,0.646231803178081,-0.6059612229819931,0.0,0.0,0.0,0.0,0.007378857290030774,0.03487056307150738
sham,ensayo,256,-0.23184594079414714,-0.1344373391830865,0.7305222059883092,-0.3924716937526831,0.646420185906782,-0.6060198047621754,0.0,0.0,0.0,0.0,0.007420710044558408,0.03528327728153613
sham,ensayo,257,-0.23166104863755801,-0.13450596287776515,0.7307066882356271,-0.3925356866385485,0.6466085923318533,-0.60607833623832,0.0,0.0,0.0,0.0,0.007457700461228801,0.035698351335554435
sham,ensayo,258,-0.23147615279291422,-0.13457457434074932,0.7308911836963587,-0.3925996314999649,0.6467970198661661,-0.6061368230576809,0.0,0.0,0.0,0.0,0.007489313048589002,0.0361155053209643
sham,ensayo,259,-0.23129125362938346,-0.13464317514401,0.7310756906146297,-0.39266353504785,0.646985465629214,-0.6061952714881416,0.0,0.0,0.0,0.0,0.0075150487831074095,0.036534429827725035
sham,ensayo,260,-0.23110635156408116,-0.13471176702054494,0.7312602070578628,-0.3927274046368117,0.6471739264557853,-0.6062536883987899,0.0,0.0,0.0,0.0,0.00753442611137023,0.03695478692571896
sham,ensayo,261,-0.23092144706112533,-0.1347803518592095,0.731444730922618,-0.39279124824194356,0.6473623989057732,-0.6063120812382893,0.0,0.0,0.0,0.0,0.007546984755067534,0.03737621124787438
sham,ensayo,262,-0.2307365406302458,-0.13484893169805662,0.7316292599421075,-0.3928550744295059,0.6475508792766129,-0.6063704580074956,0.0,0.0,0.0,0.0,0.007552294401301626,0.037798311364014126
sham,ensayo,263,-0.2305516328248932,-0.13491750871574676,0.7318137916958658,-0.3929188923197627,0.6477393636191324,-0.6064288272247358,0.0,0.0,0.0,0.0,0.007549960907740564,0.0382206715194684
sham,ensayo,264,-0.23036672424021284,-0.13498608522243258,0.7319983236197947,-0.3929827115481167,0.6479278477541472,-0.606487197889518,0.0,0.0,0.0,0.0,0.007539619147113008,0.038642853422544476
sham,ensayo,265,-0.2301818155109716,-0.13505466365090119,0.7321828530159541,-0.3930465422274415,0.648116327288676,-0.6065455794473928,0.0,0.0,0.0,0.0,0.007520933155949663,0.0390643979565084
sham,ensayo,266,-0.22999690730899428,-0.1351232465462319,0.7323673770642102,-0.39311039490409766,0.648304797634957,-0.6066039817488806,0.0,0.0,0.0,0.0,0.007493610576789065,0.03948482720204538
sham,ensayo,267,-0.2298120003398422,-0.1351918365524188,0.732551892837271,-0.3931742805014033,0.6484932540348133,-0.6066624149966194,0.0,0.0,0.0,0.0,0.0074574153560803555,0.039903647060327785
sham,ensayo,268,-0.22962709533877887,-0.13526043639595725,0.7327363973189929,-0.3932382102505446,0.6486816915893573,-0.6067208896807588,0.0,0.0,0.0,0.0,0.00741217611867809,0.04032035045466387
sham,ensayo,269,-0.22944219306640176,-0.13532904886802122,0.7329208874240957,-0.39330219561598606,0.6488701052911361,-0.6067794165092635,0.0,0.0,0.0,0.0,0.0073577817670973334,0.04073442075019784
sham,ensayo,270,-0.22925729430416195,-0.13539767680658743,0.7331053600178312,-0.3933662482208661,0.6490584900563657,-0.6068380063382443,0.0,0.0,0.0,0.0,0.007294179101445126,0.041145335139191275
sham,ensayo,271,-0.22907239984973737,-0.1354663230785532,0.7332898119357423,-0.3934303797726705,0.6492468407572438,-0.6068966701025762,0.0,0.0,0.0,0.0,0.0072213733709407864,0.04155256799541007
sham,ensayo,272,-0.22888751051217796,-0.13553499056142657,0.7334742400038906,-0.39349460198745384,0.6494351522549441,-0.6069554187451405,0.0,0.0,0.0,0.0,0.007139431063690293,0.04195559429203399
sham,ensayo,273,-0.22870262710693054,-0.13560368212485677,0.7336586410592059,-0.3935589265139045,0.6496234194327545,-0.6070142631459207,0.0,0.0,0.0,0.0,0.007048477118709221,0.042353893014706046
sham,ensayo,274,-0.22851775045102657,-0.13567240061317093,0.7338430119686145,-0.3936233648621615,0.64981163722727,-0.6070732140555619,0.0,0.0,0.0,0.0,0.006948686058108771,0.0427469503300415
sham,ensayo,275,-0.22833288135846416,-0.13574114882924967,0.7340273496467151,-0.39368792833851035,0.6499998006571654,-0.6071322820344324,0.0,0.0,0.0,0.0,0.006840278731434106,0.043134262471483
sham,ensayo,276,-0.22814802063544512,-0.13580992951828763,0.734211651073743,-0.3937526279796472,0.6501879048522176,-0.6071914773912385,0.0,0.0,0.0,0.0,0.006723530325825211,0.04351533866619661
sham,ensayo,277,-0.22796316907543412,-0.1358787453508445,0.7343959133142659,-0.393817474484321,0.6503759450834099,-0.6072508101191535,0.0,0.0,0.0,0.0,0.006598770772781386,0.04388970419307725
sham,ensayo,278,-0.22777832745429016,-0.13594759890615837,0.7345801335354968,-0.39388247814635613,0.6505639167924588,-0.6073102898332496,0.0,0.0,0.0,0.0,0.006466379274922912,0.04425690336429966
sham,ensayo,279,-0.22759349652574262,-0.13601649265700044,0.7347643090237826,-0.3939476487943909,0.6507518156184839,-0.6073699257142324,0.0,0.0,0.0,0.0,0.006326774275539128,0.04461650217371016
sham,ensayo,280,-0.2274086770173083,-0.1360854289566697,0.7349484371987389,-0.39401299574074006,0.6509396374208515,-0.607429726460722,0.0,0.0,0.0,0.0,0.006180405665587636,0.04496809051056516
sham,ensayo,281,-0.22722386962647467,-0.13615441002741893,0.7351325156259226,-0.3940785277362857,0.6511273782994993,-0.6074897002471573,0.0,0.0,0.0,0.0,0.006027754536470662,0.04531128410627616
sham,ensayo,282,-0.22703907501697376,-0.13622343794931532,0.735316542029062,-0.39414425292723654,0.6513150346144028,-0.607549854683398,0.0,0.0,0.0,0.0,0.005869334651932383,0.0456457264159269
sham,ensayo,283,-0.22685429381533026,-0.13629251465001166,0.7355005143011868,-0.39421017881592546,0.651502603003264,-0.6076101967780976,0.0,0.0,0.0,0.0,0.005705684584995449,0.04597109031271884
sham,ensayo,284,-0.22666952660783393,-0.13636164189621164,0.735684430513842,-0.3942763122286736,0.6516900803961462,-0.607670732908693,0.0,0.0,0.0,0.0,0.0055373609168837875,0.04628707945036581
sham,ensayo,285,-0.22648477393766994,-0.13643082128586864,0.7358682889256695,-0.39434265928642,0.6518774640289476,-0.607731468793961,0.0,0.0,0.0,0.0,0.00536494275537777,0.0465934295183672
sham,ensayo,286,-0.22630003630217993,-0.13650005424064424,0.7360520879906243,-0.3944092253764585,0.6520647514562752,-0.60779240946758,0.0,0.0,0.0,0.0,0.005189029074294959,0.046889909458883494
sham,ensayo,287,-0.22611531415038522,-0.1365693419991852,0.7362358263652731,-0.39447601512752367,0.6522519405628606,-0.6078535592548321,0.0,0.0,0.0,0.0,0.005010234299835966,0.047176322528997616
sham,ensayo,288,-0.22593060788097688,-0.13663868561212855,0.7364195029140831,-0.3945430323921244,0.6524390295718251,-0.6079149217561014,0.0,0.0,0.0,0.0,0.004829178318028013,0.04745250701685677
sham,ensayo,289,-0.22574591784073514,-0.13670808593889563,0.7366031167128058,-0.39461028023614897,0.652626017049841,-0.6079764998371731,0.0,0.0,0.0,0.0,0.004646483327242714,0.04771833662573499
sham,ensayo,290,-0.22556124432315633,-0.13677754364528666,0.7367866670510768,-0.39467776093160156,0.6528129019109152,-0.6080382956224386,0.0,0.0,0.0,0.0,0.004462775479010083,0.04797372073466022
sham,ensayo,291,-0.22537658756750667,-0.13684705920244877,0.7369701534333479,-0.39474547595524045,0.6529996834175413,-0.6081003104936104,0.0,0.0,0.0,0.0,0.004278673984839451,0.04821860438423187
sham,ensayo,292,-0.2251919477585502,-0.13691663288847009,0.7371535755768793,-0.3948134259981623,0.6531863611771631,-0.6081625450987045,0.0,0.0,0.0,0.0,0.004094779459256184,0.048452967745106434
sham,ensayo,293,-0.22500732502694662,-0.13698626479272855,0.737336933406707,-0.3948816109867477,0.6533729351337436,-0.6082249993716419,0.0,0.0,0.0,0.0,0.00391166613962856,0.04867682506528581
sham,ensayo,294,-0.22482271945005142,-0.13705595482185745,0.7375202270489961,-0.3949500301100644,0.6535594055565546,-0.6082876725578622,0.0,0.0,0.0,0.0,0.00372988285021605,0.048890223346461426
sham,ensayo,295,-0.22463813105286742,-0.13712570270599006,0.7377034568241453,-0.39501868184812944,0.65374577302845,-0.6083505632406895,0.0,0.0,0.0,0.0,0.003549956488736627,0.04909324101637935
sham,ensayo,296,-0.22445355980943027,-0.13719550800612434,0.7378866232384823,-0.3950875640048857,0.6539320384319753,-0.6084136693721034,0.0,0.0,0.0,0.0,0.0033723807049530485,0.04928598638289827
sham,ensayo,297,-0.22426900564492064,-0.13726537012413986,0.7380697269729668,-0.3951566737520517,0.6541182029307802,-0.6084769883137204,0.0,0.0,0.0,0.0,0.003197603635223133,0.04946859557202288
sham,ensayo,298,-0.2240844684383161,-0.13733528831498934,0.7382527688696271,-0.39522600768160476,0.6543042679473203,-0.6085405168858415,0.0,0.0,0.0,0.0,0.003026026441184966,0.049641230081647336
sham,ensayo,299,-0.22389994802527893,-0.1374052616995901,0.7384357499173351,-0.39529556186080184,0.6544902351393694,-0.6086042514188346,0.0,0.0,0.0,0.0,0.002858006460818325,0.049804074251483144
sham,ensayo,300,-0.22371544420124487,-0.1374752892779862,0.7386186712372621,-0.39536533188808076,0.6546761063760114,-0.608668187805314,0.0,0.0,0.0,0.0,0.002693855895593766,0.049957332713290725
sham,ensayo,301,-0.2235309567246011,-0.13754536994239372,0.73880153406853,-0.3954353129479366,0.6548618837139586,-0.608732321551351,0.0,0.0,0.0,0.0,0.0025338459035829848,0.05010122790929472
sham,ensayo,302,-0.22334648532010037,-0.1376155024905966,0.738984339753358,-0.39550549986706757,0.6550475693731996,-0.6087966478288802,0.0,0.0,0.0,0.0,0.002378200596557437,0.05023599755176633
sham,ensayo,303,-0.22316202968274987,-0.13768568564093725,0.7391670897203744,-0.39557588717696457,0.655233165709843,-0.6088611615341678,0.0,0.0,0.0,0.0,0.0022270880253338573,0.05036189177064898
sham,ensayo,304,-0.2229775894817688,-0.13775591804757722,0.739349785467877,-0.3956464691769087,0.6554186751887794,-0.6089258573466482,0.0,0.0,0.0,0.0,0.0020806306033634803,0.05047917027019366
sham,ensayo,305,-0.22279316436442625,-0.13782619831480525,0.7395324285481492,-0.3957172399928076,0.6556041003580142,-0.6089907297838392,0.0,0.0,0.0,0.0,0.0019389081745580653,0.05058809970046241
sham,ensayo,306,-0.22260875395981053,-0.13789652501057922,0.7397150205525551,-0.3957881936325048,0.6557894438243628,-0.6090557732529508,0.0,0.0,0.0,0.0,0.0018019603158792399,0.05068895120041361
sham,ensayo,307,-0.2224243578826233,-0.13796689667978487,0.7398975630969452,-0.39585932403968327,0.6559747082297468,-0.6091209821012088,0.0,0.0,0.0,0.0,0.0016697849767676014,0.050781998000331896
sham,ensayo,308,-0.22223997573703255,-0.13803731185753926,0.7400800578069724,-0.3959306251476996,0.6561598962274596,-0.6091863506661258,0.0,0.0,0.0,0.0,0.001542338226824222,0.05086751302323478
sham,ensayo,309,-0.22205560712038713,-0.1381077690818588,0.7402625063042217,-0.3960020909304097,0.6563450104597255,-0.6092518733229639,0.0,0.0,0.0,0.0,0.0014195408642418998,0.05094576663583439
sham,ensayo,310,-0.22187125162664054,-0.13817826690492738,0.7404449101939092,-0.3960737154469516,0.6565300535377914,-0.6093175445265231,0.0,0.0,0.0,0.0,0.0013012848494886025,0.051017024691418555
sham,ensayo,311,-0.22168690884959627,-0.1382488039033359,0.7406272710536461,-0.3961454928821912,0.6567150280238354,-0.6093833588488933,0.0,0.0,0.0,0.0,0.0011874334218555786,0.051081546767761665
sham,ensayo,312,-0.22150257838615586,-0.13831937868822314,0.740809590422234,-0.3962174175867459,0.6568999364130607,-0.6094493110168396,0.0,0.0,0.0,0.0,0.0010778181142706983,0.051139584406911354
sham,ensayo,313,-0.22131825983964024,-0.1383899899158209,0.7409918697879923,-0.3962894841186892,0.6570847811151049,-0.6095153959507825,0.0,0.0,0.0,0.0,0.000972236440089652,0.05119137926379835
sham,ensayo,314,-0.22113395282314766,-0.13846063629832045,0.7411741105767808,-0.3963616872866272,0.6572695644349341,-0.6095816088050728,0.0,0.0,0.0,0.0,0.0008704517132613149,0.05123716118765742
sham,ensayo,315,-0.22094965696285573,-0.13853131661464232,0.741356314140154,-0.39643402219237905,0.6574542885539016,-0.6096479450078833,0.0,0.0,0.0,0.0,0.0007721951358872682,0.05127714632649827
sham,ensayo,316,-0.2207653719014236,-0.13860202972158156,0.7415384817430147,-0.3965064842754924,0.6576389555100343,-0.6097144003028239,0.0,0.0,0.0,0.0,0.0006771601798084838,0.051311535138069075
sham,ensayo,317,-0.22058109730169148,-0.13867277456628538,0.7417206145497353,-0.3965790693634754,0.6578235671758912,-0.6097809707959222,0.0,0.0,0.0,0.0,0.0005849951944316313,0.05134051012058194
sham,ensayo,318,-0.2203968328506895,-0.1387435502002358,0.741902713608648,-0.39665177372839894,0.6580081252337621,-0.609847653008569,0.0,0.0,0.0,0.0,0.0004952991207806686,0.051364233245067226
sham,ensayo,319,-0.22021257826433133,-0.13881435579609322,0.7420847798332031,-0.3967245941559805,0.6581926311455362,-0.6099144439421599,0.0,0.0,0.0,0.0,0.00040760259459943335,0.0513828427862677
sham,ensayo,320,-0.22002833329250224,-0.13888519066664345,0.7422668139810338,-0.3967975280231154,0.6583770861190213,-0.6099813411506132,0.0,0.0,0.0,0.0,0.0003213722795534171,0.05139644978328306
sham,ensayo,321,-0.21984409772341557,-0.13895605428090096,0.7424488166366682,-0.39687057336270537,0.6585614910796544,-0.6100483428008947,0.0,0.0,0.0,0.0,0.00023604331917490172,0.05140513517667955
sham,ensayo,322,-0.21965987138668794,-0.1390269462740433,0.7426307882010796,-0.39694372890228613,0.6587458466531122,-0.6101154477089183,0.0,0.0,0.0,0.0,0.0001510453786562964,0.05140894822650921
sham,ensayo,323,-0.21947565415544634,-0.13909786645218358,0.7428127288867195,-0.39701699408080304,0.6589301531570678,-0.6101826553550315,0.0,0.0,0.0,0.0,6.581131726338563e-05,0.05140790593731026
sham,ensayo,324,-0.21929144594782807,-0.13916881479408877,0.7429946387157695,-0.3970903690522094,0.659114410598567,-0.6102499658872576,0.0,0.0,0.0,0.0,-2.0218786109637704e-05,0.051401993052877515
sham,ensayo,325,-0.21910724672796694,-0.13923979145081752,0.74317651752068,-0.39716385468010934,0.6592986186753457,-0.6103173801162419,0.0,0.0,0.0,0.0,-0.00010759259277338994,0.051391162429865744
sham,ensayo,326,-0.2189230565065501,-0.1393107967438597,0.7433583649463151,-0.3972374525262465,0.6594827767798994,-0.6103848995044916,0.0,0.0,0.0,0.0,-0.00019684354838351109,0.05137533566355046
sham,ensayo,327,-0.21873887534111336,-0.13938183116261535,0.7435401804527576,-0.3973111648365973,0.659666884004711,-0.6104525261534146,0.0,0.0,0.0,0.0,-0.0002884926512093509,0.051354403792288394
sham,ensayo,328,-0.21855470333628682,-0.13945289536221436,0.74372196331767,-0.3973849945294037,0.6598509391468076,-0.6105202627922115,0.0,0.0,0.0,0.0,-0.00038305405253340115,0.051328227878769894
sham,ensayo,329,-0.21837054064401293,-0.1395239901619212,0.7439037126380416,-0.3974589451860686,0.6600349407112543,-0.6105881127694567,0.0,0.0,0.0,0.0,-0.0004810364136638885,0.05129663944205731
sham,ensayo,330,-0.21818638746358957,-0.13959511654343346,0.74408542733211,-0.39753302104195853,0.660218886914784,-0.6106560800445721,0.0,0.0,0.0,0.0,-0.0005829396094606445,0.051259440895364605
sham,ensayo,331,-0.21800224404124874,-0.13966627564768958,0.7442671061430673,-0.39760722697113193,0.6604027756920928,-0.6107241691735774,0.0,0.0,0.0,0.0,-0.000689243756974286,0.05121640628436808
sham,ensayo,332,-0.2178181106689313,-0.13973746876851387,0.7444487476463479,-0.3976815684578405,0.6605866047077695,-0.6107923852824179,0.0,0.0,0.0,0.0,-0.000800392651742345,0.051167282663811875
sham,ensayo,333,-0.2176339876823758,-0.13980869734323298,0.7446303502601638,-0.3977560515556583,0.6607703713735087,-0.610860734028722,0.0,0.0,0.0,0.0,-0.0009167887631127685,0.05111179204038763
sham,ensayo,334,-0.21744987545886005,-0.13987996294188487,0.7448119122574005,-0.3978306828409566,0.6609540728677485,-0.6109292215583052,0.0,0.0,0.0,0.0,-0.0010387950875719357,0.05104963354415304
sham,ensayo,335,-0.217265774414871,-0.13995126725649107,0.7449934317774093,-0.3979054693669843,0.6611377061552395,-0.6109978544623084,0.0,0.0,0.0,0.0,-0.001166740534390174,0.05098048553193735
sham,ensayo,336,-0.2170816850038964,-0.1400226120914144,0.7451749068365052,-0.3979804186229305,0.661321268004601,-0.6110666397390248,0.0,0.0,0.0,0.0,-0.0013009272602171648,0.050904007427675424
sham,ensayo,337,-0.21689760771414074,-0.14009399935415673,0.7453563353381449,-0.3980555384950327,0.6615047550051777,-0.6111355847576385,0.0,0.0,0.0,0.0,-0.0014416264444319633,0.050819841467586
sham,ensayo,338,-0.21671354306589344,-0.1401654310451575,0.7455377150842992,-0.39813083722376974,0.6616881635856224,-0.6112046972182552,0.0,0.0,0.0,0.0,-0.0015890707487204647,0.0507276146442166
sham,ensayo,339,-0.21652949160848567,-0.14023690924601578,0.7457190437885385,-0.39820632335472567,0.6618714900351594,-0.6112739851059784,0.0,0.0,0.0,0.0,-0.0017434486852035333,0.05062694095244069
sham,ensayo,340,-0.21634545391673535,-0.14030843610570537,0.7459003190913953,-0.39828200568108346,0.6620547305284643,-0.6113434566371481,0.0,0.0,0.0,0.0,-0.0019048954769002448,0.05051742402966397
sham,ensayo,341,-0.2161614305870706,-0.14038001382541138,0.7460815385771213,-0.3983578931806759,0.6622378811528786,-0.6114131202005004,0.0,0.0,0.0,0.0,-0.002073494318824994,0.05039866003096449
sham,ensayo,342,-0.21597742223331584,-0.14045164464224846,0.7462626997916993,-0.3984339949483048,0.6624209379376977,-0.6114829842939139,0.0,0.0,0.0,0.0,-0.00224927025914993,0.050270240714013426
sham,ensayo,343,-0.21579342948209115,-0.14052333081159935,0.7464438002624221,-0.3985103201224952,0.6626038968859466,-0.6115530574559631,0.0,0.0,0.0,0.0,-0.002432186192587504,0.05013175677342474
sham,ensayo,344,-0.21560945296805056,-0.14059507458896314,0.7466248375178514,-0.3985868778105864,0.6627867540068761,-0.6116233481959308,0.0,0.0,0.0,0.0,-0.002622146823840506,0.049982801229475626
sham,ensayo,345,-0.2154254933289007,-0.14066687821134655,0.7468058091084061,-0.3986636770119928,0.6629695053494046,-0.6116938649221279,0.0,0.0,0.0,0.0,-0.0028189938220225153,0.0498229728928834
sham,ensayo,346,-0.21524155120023472,-0.14073874387816512,0.7469867126273981,-0.39874072653980297,0.6631521470362811,-0.6117646158686474,0.0,0.0,0.0,0.0,-0.0030225070568456877,0.04965187989688502
sham,ensayo,347,-0.21505762721045876,-0.14081067373280015,0.7471675457312501,-0.3988180349456088,0.6633346752969631,-0.6118356090251684,0.0,0.0,0.0,0.0,-0.003232412389126869,0.04946914305463679
sham,ensayo,348,-0.21487372197555468,-0.14088266984405248,0.7473483061600239,-0.39889561044383987,0.6635170865008321,-0.6119068520662879,0.0,0.0,0.0,0.0,-0.00344837308850311,0.049274399248474765
sham,ensayo,349,-0.21468983609346406,-0.14095473418621843,0.7475289917594796,-0.3989734608305748,0.6636993771927547,-0.6119783522756392,0.0,0.0,0.0,0.0,-0.0036699836719640056,0.04906730508878354
sham,ensayo,350,-0.21450597013847794,-0.14102686861910926,0.7477096005030015,-0.399051593402649,0.6638815441285171,-0.6120501164703116,0.0,0.0,0.0,0.0,-0.003896779195264774,0.04884754053739471
sham,ensayo,351,-0.21432212465610617,-0.14109907487028578,0.7478901305109267,-0.399130014886466,0.6640635843062059,-0.6121221509343931,0.0,0.0,0.0,0.0,-0.004128250405659866,0.048614812040796096
sham,ensayo,352,-0.21413830015861454,-0.14117135452061616,0.7480705800661959,-0.3992087313810644,0.6642454949916377,-0.6121944613658842,0.0,0.0,0.0,0.0,-0.004363856976422751,0.04836885497820731
sham,ensayo,353,-0.21395449712088835,-0.14124370899183275,0.7482509476279937,-0.3992877483095598,0.6644272737402881,-0.6122670528314034,0.0,0.0,0.0,0.0,-0.004603025099871251,0.04810943574278781
sham,ensayo,354,-0.21377071597652833,-0.14131613953512334,0.7484312318442619,-0.39936707037528213,0.664608918417196,-0.6123399297252408,0.0,0.0,0.0,0.0,-0.00484515169959229,0.0478363536253994
sham,ensayo,355,-0.21358695711436437,-0.14138864722134603,0.7486114315623117,-0.3994467015249228,0.6647904272137856,-0.6124130957349456,0.0,0.0,0.0,0.0,-0.0050896127015001335,0.04754944237672021
sham,ensayo,356,-0.2134032208754021,-0.14146123293302182,0.748791545837534,-0.39952664491905276,0.6649717986615445,-0.6124865538138052,0.0,0.0,0.0,0.0,-0.0053357675997572854,0.04724857143560257
sham,ensayo,357,-0.21321950755001157,-0.14153389735727837,0.748971573941148,-0.39960690290641704,0.6651530316440428,-0.6125603061568243,0.0,0.0,0.0,0.0,-0.0055829581893250815,0.04693364700418101
sham,ensayo,358,-0.21303581737537083,-0.14160664097953177,0.7491515153670848,-0.3996874770012785,0.6653341254075372,-0.6126343541795405,0.0,0.0,0.0,0.0,-0.005830512456614964,0.04660461299459939
sham,ensayo,359,-0.2128521505332432,-0.14167946407826906,0.7493313698376581,-0.3997683678652041,0.6655150795696314,-0.6127086985009876,0.0,0.0,0.0,0.0,-0.006077748890788663,0.04626145177479657
sham,ensayo,360,-0.21266850714812593,-0.1417523667211267,0.749511137307788,-0.39984957529409776,0.6656958941256329,-0.6127833389315757,0.0,0.0,0.0,0.0,-0.006323981173470502,0.04590418467594759
sham,ensayo,361,-0.21248488728593284,-0.14182534876292374,0.7496908179670059,-0.39993109821338735,0.6658765694513777,-0.6128582744686052,0.0,0.0,0.0,0.0,-0.006568528207263136,0.04553287211771817
sham,ensayo,362,-0.21230129095325184,-0.14189840984598037,0.7498704122389428,-0.4000129346825914,0.6660571063020064,-0.6129335033005574,0.0,0.0,0.0,0.0,-0.006810721000369583,0.045147613301907086
sham,ensayo,363,-0.2121177180971603,-0.1419715494025918,0.7500499207784743,-0.4000950819087907,0.6662375058069037,-0.6130090228197095,0.0,0.0,0.0,0.0,-0.0070499093307391505,0.04474854550414875
sham,ensayo,364,-0.21193416860535705,-0.14204476665866805,0.7502293444677013,-0.4001775362645914,0.6664177694626436,-0.6130848296389155,0.0,0.0,0.0,0.0,-0.007285459357133866,0.044335843185763224
sham,ensayo,365,-0.21175064230638294,-0.14211806063732554,0.7504086844120356,-0.40026029330554347,0.6665978991260222,-0.6131609196078343,0.0,0.0,0.0,0.0,-0.007516749671888235,0.043909717163614914
sham,ensayo,366,-0.21156713897008714,-0.14219143016285019,0.7505879419357904,-0.40034334778896963,0.6667778970063671,-0.6132372878304763,0.0,0.0,0.0,0.0,-0.007743177008554863,0.043470413720285705
sham,ensayo,367,-0.211383658308445,-0.14226487386572112,0.7507671185765561,-0.4004266936968665,0.6669577656560105,-0.6133139286865745,0.0,0.0,0.0,0.0,-0.007964160080939038,0.043018213525670035
sham,ensayo,368,-0.21120019997656372,-0.14233839018816571,0.7509462160791116,-0.40051032426057753,0.6671375079599855,-0.6133908358546145,0.0,0.0,0.0,0.0,-0.008179137364546753,0.04255343049032945
sham,ensayo,369,-0.21101676357411378,-0.1424119773910057,0.751125236387719,-0.4005942319909129,0.6673171271232614,-0.6134680023399647,0.0,0.0,0.0,0.0,-0.008387578624546883,0.0420764103586464
sham,ensayo,370,-0.2108333486476544,-0.14248563356396066,0.7513041816344578,-0.4006784087228366,0.6674966266517567,-0.6135454205166875,0.0,0.0,0.0,0.0,-0.008589004499534925,0.04158752859876813
sham,ensayo,371,-0.2106499546937394,-0.14255935663938282,0.7514830541239044,-0.4007628456741664,0.6676760103273948,-0.6136230821824622,0.0,0.0,0.0,0.0,-0.008782991997798006,0.04108718765030517
sham,ensayo,372,-0.21046658116255634,-0.14263314440812988,0.7516618563155454,-0.40084753351308067,0.6678552821793299,-0.6137009786217049,0.0,0.0,0.0,0.0,-0.008969177800585326,0.04057581379203157
sham,ensayo,373,-0.2102832274620043,-0.14270699453690505,0.7518405908045728,-0.4009324624315724,0.668034446452487,-0.6137791006742076,0.0,0.0,0.0,0.0,-0.009147261072196535,0.04005385376262893
sham,ensayo,374,-0.21009989296196874,-0.1427809045859945,0.7520192603023725,-0.4010176222200529,0.6682135075754951,-0.6138574388048159,0.0,0.0,0.0,0.0,-0.009316998664767822,0.03952177136358159
sham,ensayo,375,-0.2099165769987173,-0.14285487202682537,0.7521978676171823,-0.40110300234082985,0.6683924701289208,-0.6139359831720259,0.0,0.0,0.0,0.0,-0.009478204311672742,0.03898004413795775
sham,ensayo,376,-0.20973327887937868,-0.142928894259255,0.7523764156350505,-0.40118859199992585,0.66857133881407,-0.6140147236950255,0.0,0.0,0.0,0.0,-0.009630746214216626,0.03842916014178854
sham,ensayo,377,-0.20954999788647755,-0.1430029686285292,0.7525549073011549,-0.40127438021704565,0.6687501184224722,-0.6140936501190066,0.0,0.0,0.0,0.0,-0.009774545797628528,0.037869614809295626
sham,ensayo,378,-0.20936673328231487,-0.14307709244119018,0.7527333456023859,-0.4013603558905218,0.6689288138074363,-0.6141727520757813,0.0,0.0,0.0,0.0,-0.009909569025648348,0.037301908069167666
sham,ensayo,379,-0.2091834843130912,-0.14315126297940373,0.7529117335516577,-0.4014465078552562,0.6691074298584841,-0.6142520191378387,0.0,0.0,0.0,0.0,-0.010035820917521008,0.036726541796298307
sham,ensayo,380,-0.20900025021276572,-0.14322547751375822,0.7530900741739042,-0.40153282493389586,0.669285971478615,-0.6143314408660889,0.0,0.0,0.0,0.0,-0.010153340262537716,0.03614401757837982
sham,ensayo,381,-0.20881703020643255,-0.14329973331382384,0.7532683704946141,-0.4016192959781129,0.6694644435657413,-0.614411006848347,0.0,0.0,0.0,0.0,-0.010262187395782595,0.035554834951881276
sham,ensayo,382,-0.20863382351344154,-0.14337402765722201,0.753446625529875,-0.4017059099037518,0.6696428509967255,-0.6144907067321193,0.0,0.0,0.0,0.0,-0.010362447133143004,0.03495948990246234
sham,ensayo,383,-0.20845062935057226,-0.1434483578388777,0.7536248422760803,-0.40179265572673173,0.6698211986111129,-0.6145705302581447,0.0,0.0,0.0,0.0,-0.01045423415177062,0.03435847329819808
sham,ensayo,384,-0.20826744693522922,-0.14352272118065396,0.7538030236992894,-0.4018795226004879,0.6699994911943217,-0.6146504672954105,0.0,0.0,0.0,0.0,-0.010537692563932704,0.0337522692380503
sham,ensayo,385,-0.20808427548867608,-0.1435971150413598,0.7539811727241283,-0.40196649985521477,0.6701777334600909,-0.6147305078778519,0.0,0.0,0.0,0.0,-0.010612998911747686,0.0331413533079683
sham,ensayo,386,-0.20790111423951863,-0.14367153682796202,0.7541592922212821,-0.40205357704248657,0.6703559300306896,-0.6148106422461019,0.0,0.0,0.0,0.0,-0.01068037054210027,0.032526190570905555
sham,ensayo,387,-0.20771796242723692,-0.1437459840073902,0.7543373849944589,-0.4021407439822556,0.6705340854161523,-0.6148908608914473,0.0,0.0,0.0,0.0,-0.010740060958778804,0.03190723345696256
sham,ensayo,388,-0.20753481930542947,-0.14382045411726607,0.7545154537686738,-0.4022279908053258,0.6707122039954612,-0.6149711545955127,0.0,0.0,0.0,0.0,-0.010792350766549337,0.03128491988940141
sham,ensayo,389,-0.20735168414485883,-0.14389494477557246,0.754693501179584,-0.4023153079915604,0.6708902899994542,-0.61505151446593,0.0,0.0,0.0,0.0,-0.010837547940585075,0.03065967161191452
sham,ensayo,390,-0.20716855623684693,-0.14396945369155534,0.7548715297612106,-0.4024026864136366,0.6710683474913555,-0.615131931977249,0.0,0.0,0.0,0.0,-0.0108760034166842,0.030031892221330736
sham,ensayo,391,-0.20698543489718463,-0.14404397867909308,0.7550495419309968,-0.4024901173911083,0.6712463803430396,-0.6152123990215373,0.0,0.0,0.0,0.0,-0.01090811910435266,0.02940196470123624
sham,ensayo,392,-0.20680231947003558,-0.14411851767052802,0.755227539974548,-0.4025775927460918,0.6714243922105987,-0.6152929079604457,0.0,0.0,0.0,0.0,-0.010934337523092773,0.028770248909722795
sham,ensayo,393,-0.2066192093314717,-0.14419306872887577,0.7554055260323349,-0.4026651048521512,0.6716023865128202,-0.6153734516708657,0.0,0.0,0.0,0.0,-0.010955131898843087,0.02813707941896837
sham,ensayo,394,-0.20643610389268016,-0.14426763005827248,0.7555835020881898,-0.40275264667575217,0.6717803664126433,-0.6154540235835935,0.0,0.0,0.0,0.0,-0.010971001981264583,0.027502763711254374
sham,ensayo,395,-0.20625300260274954,-0.144342200012453,0.7557614699601098,-0.40284021180913476,0.6719583348023304,-0.6155346177139885,0.0,0.0,0.0,0.0,-0.010982464376102693,0.026867580779139644
sham,ensayo,396,-0.20606990495101743,-0.14441677710115905,0.7559394312932608,-0.40292779449436933,0.6721362942923177,-0.6156152286843797,0.0,0.0,0.0,0.0,-0.010990046974713872,0.02623178013223537
sham,ensayo,397,-0.20588681046914722,-0.14449135999527143,0.7561173875543338,-0.4030153896420561,0.6723142472023919,-0.6156958517415024,0.0,0.0,0.0,0.0,-0.010994288575833601,0.025595581033059034
sham,ensayo,398,-0.20570371873293436,-0.14456594753095797,0.7562953400270092,-0.40310299284580603,0.6724921955547256,-0.615776482770014,0.0,0.0,0.0,0.0,-0.010995734823135839,0.024959171915241996
sham,ensayo,399,-0.20552062936379004,-0.14464053871265437,0.756473289808731,-0.4031906003918851,0.6726701410690483,-0.6158571183014976,0.0,0.0,0.0,0.0,-0.010994934104825646,0.024322710018509497
sham,ensayo,400,-0.20533754202979537,-0.14471513271446657,0.7566512378092567,-0.40327820926225977,0.6728480851606695,-0.615937755517291,0.0,0.0,0.0,0.0,-0.010992430176152174,0.023686321328540316
odor_left,preparacion,40,-0.2791675036053901,-0.11658753415624147,0.6836288074148988,-0.37459875250212443,0.5987824531108439,-0.5896579917604854,0.0,0.0,0.0,0.0,0.004199516800963489,0.006079349371162834
odor_left,ensayo,1,-0.2789804383608842,-0.11665552138905896,0.6838146278213622,-0.3746653556215357,0.5989715734046812,-0.5897187910605738,1.0,0.0,1.0,0.0,0.0040281143332476866,0.0002328401748457054
odor_left,ensayo,2,-0.2787934462989815,-0.11672357960640725,0.6840003301651694,-0.3747321926697563,0.5991605382964537,-0.5897798102975783,1.0,0.0,1.0,0.0,0.003854225668742283,0.00045578999902318174
odor_left,ensayo,3,-0.2786065291539976,-0.11679170983021828,0.6841859120212428,-0.37479926744983305,0.5993493446988112,-0.5898410530060638,1.0,0.0,1.0,0.0,0.003678938667526942,0.0006686994437359317
odor_left,ensayo,4,-0.27841968791812405,-0.11685991274916398,0.6843713720060289,-0.374866582312642,0.5995379908199638,-0.5899025213683367,1.0,0.0,1.0,0.0,0.003503342529111135,0.0008714844136648026
odor_left,ensayo,5,-0.2782329229607487,-0.11692818870759565,0.6845567096552849,-0.37493413815619414,0.5997264760384438,-0.5899642162126357,1.0,0.0,1.0,0.0,0.003328533656259421,0.0010641262098545212
odor_left,ensayo,6,-0.2780462341281345,-0.11699653769582029,0.6847419253235776,-0.37500193441867175,0.5999148008013389,-0.5900261370057295,1.0,0.0,1.0,0.0,0.00315562078870484,0.0012466714438801318
odor_left,ensayo,7,-0.27785962082681104,-0.1170649593425747,0.6849270201005737,-0.3750699690717118,0.6001029665399489,-0.5900882818459984,1.0,0.0,1.0,0.0,0.0029857169664595402,0.001419232037335405
odor_left,ensayo,8,-0.2776730820936536,-0.11713345291134158,0.6851119957391028,-0.37513823862291995,0.6002909755962806,-0.5901506474653702,1.0,0.0,1.0,0.0,0.0028199253106304164,0.0015819848496789746
odor_left,ensayo,9,-0.2774866166551485,-0.11720201730181051,0.6852968545908895,-0.37520673813485594,0.6004788311549445,-0.5902132292468215,1.0,0.0,1.0,0.0,0.002659320370672813,0.0017351705820374264
odor_left,ensayo,10,-0.2773002229776476,-0.11727065105630499,0.685481599548114,-0.3752754612608567,0.6006665371783323,-0.590276021257717,1.0,0.0,1.0,0.0,0.002504937664426201,0.0018790919541231688
odor_left,ensayo,11,-0.2771138993101395,-0.11733935237055099,0.685666233989521,-0.3753444002962661,0.6008540983439049,-0.5903390162975926,1.0,0.0,1.0,0.0,0.002357761516112468,0.0020141112203759803
odor_left,ensayo,12,-0.27692764372090084,-0.1174081191086212,0.685850761729644,-0.3754135462450212,0.6010415199821214,-0.5904022059603065,1.0,0.0,1.0,0.0,0.002218712847435802,0.002140647021406039
odor_left,ensayo,13,-0.27674145412910706,-0.11747694882164633,0.6860351869703795,-0.37548288890030734,0.6012288080144038,-0.5904655807093524,1.0,0.0,1.0,0.0,0.0020886397764904373,0.002259170627326057
odor_left,ensayo,14,-0.27655532833235047,-0.11754583877002533,0.6862195142540052,-0.3755524169385751,0.6014159688903391,-0.5905291299656535,1.0,0.0,1.0,0.0,0.001968306828692947,0.0023702016000015647
odor_left,ensayo,15,-0.27636926403064105,-0.11761478594811983,0.686403748418047,-0.37562211802264767,0.6016030095251644,-0.5905928422038367,1.0,0.0,1.0,0.0,0.0018583937136434027,0.0024743030821525736
odor_left,ensayo,16,-0.2761832588473002,-0.11768378711001484,0.686587894552691,-0.3756919789082444,0.6017899372391459,-0.5906567050516593,1.0,0.0,1.0,0.0,0.0017594967569519093,0.002572076977770621
odor_left,ensayo,17,-0.2759973103472708,-0.11775283879590505,0.68677195796052,-0.3757619855522909,0.6019767596989555,-0.5907207053910881,1.0,0.0,1.0,0.0,0.0016721272748810218,0.0026641590812346294
odor_left,ensayo,18,-0.2758114160532821,-0.11782193735895723,0.686955944118251,-0.37583212322240933,0.6021634848608618,-0.5907848294604855,1.0,0.0,1.0,0.0,0.0015967116846289425,0.002751214173514427
odor_left,ensayo,19,-0.2756255734603087,-0.11789107899279239,0.6871398586397965,-0.37590237660842996,0.6023501209149461,-0.5908490629586947,1.0,0.0,1.0,0.0,0.0015335880650720842,0.0028339310345586455
odor_left,ensayo,20,-0.2754397800487078,-0.11796025975989773,0.687323707239959,-0.37597272993730735,0.6025366762294359,-0.5909133911523213,1.0,0.0,1.0,0.0,0.001483002623953558,0.0029130173018927508
odor_left,ensayo,21,-0.27525403329619585,-0.11802947562058734,0.6875074956989718,-0.3760431670898545,0.6027231592955867,-0.5909777989847196,1.0,0.0,1.0,0.0,0.001445110842135559,0.002989194257395411
odor_left,ensayo,22,-0.27506833068879644,-0.11809872246198228,0.6876912298281695,-0.37611367171724586,0.6029095786737078,-0.5910422711847528,1.0,0.0,1.0,0.0,0.0014199788150720011,0.003063191638943863
odor_left,ensayo,23,-0.27488266973094566,-0.11816799612692723,0.6878749154366057,-0.37618422735702073,0.6030959429402276,-0.5911067923750858,1.0,0.0,1.0,0.0,0.0014075832458890123,0.003135742481589432
odor_left,ensayo,24,-0.27469704795467076,-0.11823729244192786,0.6880585582996226,-0.37625481754451634,0.6032822606374243,-0.5911713471761901,1.0,0.0,1.0,0.0,0.0014078209005624705,0.003207578190512095
odor_left,ensayo,25,-0.27451146292772743,-0.11830660724290046,0.6882421641304781,-0.3763254259148251,0.6034685402277262,-0.5912359203014719,1.0,0.0,1.0,0.0,0.0014205192683259696,0.003279424073582504
odor_left,ensayo,26,-0.2743259122608222,-0.11837593639866775,0.688425738554884,-0.3763960362951391,0.6036547900525409,-0.5913004966434181,1.0,0.0,1.0,0.0,0.0014454424660800811,0.0033519953207132858
odor_left,ensayo,27,-0.27414039361439213,-0.1184452758338361,0.6886092870863811,-0.3764666327946464,0.6038410182924693,-0.5913650613575019,1.0,0.0,1.0,0.0,0.0014822843241556404,0.00342599306509328
odor_left,ensayo,28,-0.27395490470533884,-0.11851462155281214,0.6887928151006689,-0.37653719989930745,0.6040272329258299,-0.5914295999507166,1.0,0.0,1.0,0.0,0.0015306596463905149,0.003502100180554635
odor_left,ensayo,29,-0.27376944331366787,-0.11858396966482168,0.6889763278091465,-0.3766077225708219,0.6042134416857293,-0.5914940983740463,1.0,0.0,1.0,0.0,0.0015901044767057406,0.0035809768766625893
odor_left,ensayo,30,-0.27358400728884125,-0.11865331640875336,0.6891598302328849,-0.3766781863449642,0.6043996520175929,-0.5915585431143131,1.0,0.0,1.0,0.0,0.0016600807652521821,0.0036632563357557046
odor_left,ensayo,31,-0.2733985945557791,-0.11872265817712183,0.689343327177729,-0.376748577426373,0.6045858710383519,-0.5916229212826902,1.0,0.0,1.0,0.0,0.0017399805834355383,0.0037495405259164727
odor_left,ensayo,32,-0.27321320312066755,-0.11879199153950987,0.6895268232099541,-0.37681888278135756,0.6047721054965194,-0.591687220701353,1.0,0.0,1.0,0.0,0.0018291246489951156,0.0038403961003723452
odor_left,ensayo,33,-0.27302783107650774,-0.1188613132652894,0.6897103226328722,-0.37688909022756395,0.604958361733734,-0.5917514299872066,1.0,0.0,1.0,0.0,0.001926768258400771,0.00393635044517282
odor_left,ensayo,34,-0.2728424766078653,-0.11893062034331896,0.6898938294670276,-0.3769591885105342,0.6051446456519392,-0.5918155386233114,1.0,0.0,1.0,0.0,0.0020321232080479004,0.0040378883684013545
odor_left,ensayo,35,-0.2726571379945133,-0.11899990999680814,0.6900773474357877,-0.37702916735987146,0.6053309626892373,-0.591879537011206,1.0,0.0,1.0,0.0,0.002144376991535552,0.004145449760045494
odor_left,ensayo,36,-0.2724718136141937,-0.1190691796940865,0.6902608799553118,-0.37709901752831154,0.6055173178030372,-0.5919434165072838,1.0,0.0,1.0,0.0,0.002262700103758196,0.004259428026074374
odor_left,ensayo,37,-0.2722865019447139,-0.11913842715653615,0.690444430127526,-0.3771687308188507,0.6057037154583457,-0.5920071694480569,1.0,0.0,1.0,0.0,0.0023862521796614313,0.004380169042633497
odor_left,ensayo,38,-0.27210120156528406,-0.11920765036362549,0.6906280007363739,-0.37723830009967424,0.6058901596214418,-0.5920707891640673,1.0,0.0,1.0,0.0,0.002514193809664284,0.004507970654486826
odor_left,ensayo,39,-0.27191591115731223,-0.11927684755584099,0.6908115942461911,-0.3773077193107898,0.6060766537571649,-0.5921342699860808,1.0,0.0,1.0,0.0,0.002645686096309649,0.004643082521340602
odor_left,ensayo,40,-0.2717306295049818,-0.11934601723710221,0.6909952128005049,-0.3773769834690161,0.6062632008270462,-0.5921976072497995,1.0,0.0,1.0,0.0,0.0027798868099819917,0.004785705995431044
odor_left,ensayo,41,-0.27154535549553993,-0.11941515817665481,0.6911788582214534,-0.37744608867111984,0.6064498032884019,-0.5922607972988676,1.0,0.0,1.0,0.0,0.002915954868919648,0.004935994065277782
odor_left,ensayo,42,-0.27136008811915957,-0.1194842694096958,0.6913625320106156,-0.37751503209214415,0.6066364630955965,-0.592323837483369,1.0,0.0,1.0,0.0,0.003053056042258277,0.005094051516749687
odor_left,ensayo,43,-0.2711748264682247,-0.11955335023595748,0.6915462353520808,-0.3775838119755418,0.6068231817048388,-0.5923867261506381,1.0,0.0,1.0,0.0,0.003190372719293333,0.0052599354768858575
odor_left,ensayo,44,-0.2709895697359783,-0.11962240021581372,0.6917299691182379,-0.3776524276133194,0.6070099600833224,-0.5924494626267267,1.0,0.0,1.0,0.0,0.003327112210946545,0.005433656416983013
odor_left,ensayo,45,-0.2708043172147661,-0.11969141916475261,0.6919137338771651,-0.3777208793198622,0.6071967987210707,-0.5925120471919769,1.0,0.0,1.0,0.0,0.003462506307891571,0.005615179423728023
odor_left,ensayo,46,-0.27061906829386584,-0.11976040714648539,0.6920975299015439,-0.3777891684002485,0.6073836976452602,-0.5925744810514678,1.0,0.0,1.0,0.0,0.0035958177314142975,0.005804425709015959
odor_left,ensayo,47,-0.27043382245676284,-0.11982936446405815,0.6922813571797665,-0.377857297110482,0.6075706564380599,-0.5926367662979002,1.0,0.0,1.0,0.0,0.003726348528111678,0.006001274488653507
odor_left,ensayo,48,-0.27024857927781837,-0.11989829164864821,0.6924652154295724,-0.3779252686083739,0.6077576742585342,-0.5926989058657405,1.0,0.0,1.0,0.0,0.0038534478834162146,0.006205565287245918
odor_left,ensayo,49,-0.2700633384182149,-0.11996718944556513,0.6926491041147558,-0.37799308689290295,0.6079447498695139,-0.5927609034745841,1.0,0.0,1.0,0.0,0.003976523853173292,0.006417100773091988
odor_left,ensayo,50,-0.26987809962116305,-0.12003605879730507,0.6928330224650726,-0.37806075673156203,0.6081318816696656,-0.592822763561301,1.0,0.0,1.0,0.0,0.004095051841986099,0.006635650137724269
odor_left,ensayo,51,-0.26969286270655374,-0.1201049008244436,0.693016969498383,-0.3781282835790929,0.6083190677293007,-0.5928844912041523,1.0,0.0,1.0,0.0,0.004208577252686448,0.006860952846636792
odor_left,ensayo,52,-0.2695076275650163,-0.12017371680446638,0.693200944045081,-0.3781956734878044,0.6085063058299104,-0.5929460920390642,1.0,0.0,1.0,0.0,0.004316724222274629,0.007092722761569803
odor_left,ensayo,53,-0.26932239415131787,-0.12024250814822772,0.693384944775104,-0.3782629330083647,0.608693593507865,-0.5930075721669993,1.0,0.0,1.0,0.0,0.004419203177778566,0.007330652690285433
odor_left,ensayo,54,-0.26913716247767394,-0.12031127637620039,0.6935689702248392,-0.3783300690906924,0.6088809280981433,-0.5930689380614715,1.0,0.0,1.0,0.0,0.004515797254886772,0.007574418877993594
odor_left,ensayo,55,-0.2689519326076265,-0.12038002309769535,0.6937530188205034,-0.378397088998177,0.609068306772544,-0.5931301964886025,1.0,0.0,1.0,0.0,0.004606341479758453,0.007823684813558884
odor_left,ensayo,56,-0.26876670465040664,-0.1204487499932048,0.6939370888981954,-0.3784640002354456,0.6092557265723263,-0.5931913544398549,1.0,0.0,1.0,0.0,0.0046907174985010664,0.008078104389824148
odor_left,ensayo,57,-0.26858147875552535,-0.12051745879842446,0.6941211787221474,-0.3785308104837908,0.6094431844376443,-0.5932524190718698,1.0,0.0,1.0,0.0,0.004768851862574298,0.008337324723470374
odor_left,ensayo,58,-0.26839625510756193,-0.12058615128937719,0.6943052865017374,-0.37859752754181075,0.6096306772347435,-0.5933133976511278,1.0,0.0,1.0,0.0,0.004840712566840548,0.00860098874724713
odor_left,ensayo,59,-0.26821103392103884,-0.12065482926802577,0.6944894104079781,-0.37866415926828706,0.6098182017821523,-0.5933742975006522,1.0,0.0,1.0,0.0,0.004906311018113603,0.008868737717847353
odor_left,ensayo,60,-0.26802581543534565,-0.1207234945479559,0.6946735485899018,-0.3787307135255322,0.6100057548766138,-0.5934351259471224,1.0,0.0,1.0,0.0,0.004965701915447474,0.009140213714658785
odor_left,ensayo,61,-0.2678405999097322,-0.12079214894016925,0.6948576991907864,-0.3787971981232361,0.6101933333187456,-0.5934958902684415,1.0,0.0,1.0,0.0,0.005018982795413725,0.009415062121348683
odor_left,ensayo,62,-0.2676553876184278,-0.12086079423919477,0.6950418603639575,-0.37886362076365304,0.6103809339380504,-0.5935565976425484,1.0,0.0,1.0,0.0,0.005066291933269399,0.009692934045602897
odor_left,ensayo,63,-0.2674701788460157,-0.12092943221008287,0.6952260302875547,-0.37892998899055685,0.6105685536162992,-0.5936172550997694,1.0,0.0,1.0,0.0,0.005107802711880032,0.009973488556937582
odor_left,ensayo,64,-0.2672849738829818,-0.12099806457609615,0.6954102071785663,-0.37899631014097157,0.6107561893097018,-0.5936778694777562,1.0,0.0,1.0,0.0,0.005143724446742356,0.010256394801672286
odor_left,ensayo,65,-0.2670997730212248,-0.12106669300613328,0.6955943893072025,-0.3790625912956287,0.6109438380715572,-0.5937384473752075,1.0,0.0,1.0,0.0,0.0051743071313941425,0.01054133419481218
odor_left,ensayo,66,-0.2669145765492901,-0.12113531910075376,0.6957785750128984,-0.37912883922332397,0.6111314970774583,-0.5937989950998566,1.0,0.0,1.0,0.0,0.005199850794689633,0.010828002918344737
odor_left,ensayo,67,-0.26672938474758934,-0.12120394437761077,0.6959627627207314,-0.3791950603229757,0.6113191636513375,-0.5938595186143154,1.0,0.0,1.0,0.0,0.005220699450197149,0.01111611451472072
odor_left,ensayo,68,-0.26654419788384986,-0.12127257025767425,0.6961469509569282,-0.37926126056892046,0.6115068352901633,-0.5939200234849922,1.0,0.0,1.0,0.0,0.005237235855737668,0.011405402309890178
odor_left,ensayo,69,-0.26635901620893754,-0.12134119805299418,0.6963311383625593,-0.37932744546275293,0.6116945096858127,-0.5939805148371465,1.0,0.0,1.0,0.0,0.00524987328310276,0.011695621515769972
odor_left,ensayo,70,-0.2661738399532923,-0.12140982895707708,0.6965153237042653,-0.379393619996396,0.6118821847421816,-0.5940409973204698,1.0,0.0,1.0,0.0,0.005259041934540213,0.01198655079261357
odor_left,ensayo,71,-0.2659886693240907,-0.12147846403846742,0.6966995058814067,-0.3794597886287681,0.6120698585864768,-0.5941014750873809,1.0,0.0,1.0,0.0,0.005265177678064464,0.012277993174194535
odor_left,ensayo,72,-0.26580350450281015,-0.12154710423622417,0.6968836839313093,-0.3795259552702374,0.6122575295771905,-0.5941619517785636,1.0,0.0,1.0,0.0,0.005268724116993582,0.012569776660370735
odor_left,ensayo,73,-0.2656183456429595,-0.12161575035586716,0.6970678570340049,-0.3795921232690179,0.6124451963111034,-0.5942224305102531,1.0,0.0,1.0,0.0,0.005270134145141119,0.012861754753345167
odor_left,ensayo,74,-0.2654331928681868,-0.12168440306635525,0.697252024515695,-0.3796582954019886,0.6126328576282563,-0.5942829138656449,1.0,0.0,1.0,0.0,0.005269861402791006,0.013153806794605316
odor_left,ensayo,75,-0.2652480462709903,-0.12175306289921657,0.6974361858497695,-0.379724473874409,0.6128205126130497,-0.5943434038946398,1.0,0.0,1.0,0.0,0.0052683503528790825,0.013445837883182321
odor_left,ensayo,76,-0.26506290591190473,-0.12182173024952056,0.6976203406558599,-0.3797906603269996,0.6130081605921369,-0.5944039021204655,1.0,0.0,1.0,0.0,0.00526603436930805,0.013737778465781503
odor_left,ensayo,77,-0.2648777718191108,-0.12189040537826923,0.6978044886973147,-0.37985685584884765,0.6131958011297234,-0.5944644095517219,1.0,0.0,1.0,0.0,0.00526333093049638,0.014029583672197532
odor_left,ensayo,78,-0.26469264398853404,-0.12195908841642883,0.6979886298768303,-0.3799230609970084,0.6133834340198967,-0.5945249267006841,1.0,0.0,1.0,0.0,0.005260635404045718,0.014321232349260526
odor_left,ensayo,79,-0.26450752238428227,-0.1220277793700737,0.6981727642309254,-0.3799892758203663,0.6135710592770491,-0.5945854536055608,1.0,0.0,1.0,0.0,0.005258321767827201,0.014612725918141223
odor_left,ensayo,80,-0.26432240693907233,-0.12209647812508839,0.6983568919250376,-0.380055499881096,0.6137586771272007,-0.5946459898504779,1.0,0.0,1.0,0.0,0.0052567513326995975,0.01490408737981852
odor_left,ensayo,81,-0.26413729755482473,-0.12216518445179819,0.6985410132485271,-0.38012173227577684,0.6139462879993006,-0.5947065345851249,1.0,0.0,1.0,0.0,0.005256266286196635,0.015195360340072739
odor_left,ensayo,82,-0.26395219410378257,-0.12223389801126879,0.6987251286077125,-0.38018797166330054,0.6141338925135474,-0.5947670865508006,1.0,0.0,1.0,0.0,0.005257178818617828,0.015486607701632238
odor_left,ensayo,83,-0.26376709643020674,-0.12230261836385668,0.6989092385164271,-0.38025421630191464,0.6143214914657825,-0.5948276441150225,1.0,0.0,1.0,0.0,0.00525976402692336,0.01577790992661221
odor_left,ensayo,84,-0.2635820043523708,-0.12237134497892894,0.6990933435854302,-0.3803204640907749,0.614509085809921,-0.5948882053103336,1.0,0.0,1.0,0.0,0.005264262609722582,0.01606936311264917
odor_left,ensayo,85,-0.2633969176644597,-0.12244007724391166,0.699277444512688,-0.38038671260826107,0.6146966766416568,-0.5949487678700289,1.0,0.0,1.0,0.0,0.005270890383488858,0.016361077258352452
odor_left,ensayo,86,-0.2632118361383176,-0.12250881447205414,0.6994615420750272,-0.3804529591446723,0.614884265184408,-0.5950093292586036,1.0,0.0,1.0,0.0,0.005279842012172454,0.01665317480990325
odor_left,ensayo,87,-0.26302675952525173,-0.12257755590982998,0.6996456371200788,-0.38051920073319867,0.6150718527759046,-0.5950698867006083,1.0,0.0,1.0,0.0,0.005291287733481792,0.016945789281209045
odor_left,ensayo,88,-0.2628416875584702,-0.12264630074650631,0.6998297305555574,-0.3805854341901256,0.615259440850771,-0.5951304372182059,1.0,0.0,1.0,0.0,0.005305353828135334,0.017239063405298793
odor_left,ensayo,89,-0.2626566199564528,-0.12271504812772602,0.700013823334074,-0.38065165617180585,0.6154470309160133,-0.5951909776844608,1.0,0.0,1.0,0.0,0.00532210634918666,0.01753314647837101
odor_left,ensayo,90,-0.26247155642670694,-0.12278379717113197,0.7001979164360067,-0.38071786323969536,0.615634624523105,-0.595251504884135,1.0,0.0,1.0,0.0,0.005341558324427438,0.01782819136403191
odor_left,ensayo,91,-0.26228649666943865,-0.12285254698142437,0.7003820108531167,-0.38078405192286385,0.6158222232410302,-0.5953120155720385,1.0,0.0,1.0,0.0,0.005363678044624059,0.018124351665193217
odor_left,ensayo,92,-0.2621014403810207,-0.1229212966639802,0.7005661075737442,-0.3808502187742179,0.6160098286318311,-0.5953725065254533,1.0,0.0,1.0,0.0,0.00538839573070054,0.018421779219210066
odor_left,ensayo,93,-0.26191638725700395,-0.12299004533602606,0.7007502075708237,-0.380916360415835,0.6161974422307199,-0.595432974586359,1.0,0.0,1.0,0.0,0.005415617802662279,0.018720622126551234
odor_left,ensayo,94,-0.26173133699455015,-0.12305879213473499,0.7009343117932618,-0.3809824735709635,0.6163850655317447,-0.5954934166911835,1.0,0.0,1.0,0.0,0.005445237608462876,0.019021023411056603
odor_left,ensayo,95,-0.2615462892946023,-0.12312753622360906,0.7011184211590188,-0.3810485550887064,0.6165726999765135,-0.5955538298937612,1.0,0.0,1.0,0.0,0.005477132976947012,0.019323119994965055
odor_left,ensayo,96,-0.26136124386403464,-0.12319627679864109,0.7013025365483838,-0.3811146019675933,0.6167603469434557,-0.5956142113873198,1.0,0.0,1.0,0.0,0.0055111636457706,0.01962704169440599
odor_left,ensayo,97,-0.261176200417918,-0.12326501309508028,0.7014866587965192,-0.3811806113817241,0.6169480077360436,-0.5956745585289182,1.0,0.0,1.0,0.0,0.005547165992755886,0.019932910069115906
odor_left,ensayo,98,-0.26099115868221734,-0.12333374439619842,0.7016707886836724,-0.3812465807156953,0.6171356835673406,-0.595734868872135,1.0,0.0,1.0,0.0,0.005584939320424058,0.02024083683309641
odor_left,ensayo,99,-0.26080611839741885,-0.12340247004624566,0.7018549269205723,-0.3813125076176726,0.6173233755368661,-0.5957951402167718,1.0,0.0,1.0,0.0,0.005624222421610175,0.020550921383176046
odor_left,ensayo,100,-0.26062107932284384,-0.12347118946702593,0.7020390741300773,-0.38137839006757435,0.6175110846011471,-0.5958553706726727,1.0,0.0,1.0,0.0,0.005664691106430193,0.020863247638089888
odor_left,ensayo,101,-0.2604360412404636,-0.12353990217290146,0.7022232308310671,-0.38144422643801607,0.6176988115473305,-0.5959155587166386,1.0,0.0,1.0,0.0,0.0057059887578481796,0.021177881306243762
odor_left,ensayo,102,-0.2602510039579059,-0.12360860778163432,0.7024073974268707,-0.38151001553793285,0.6178865569739546,-0.5959757032330396,1.0,0.0,1.0,0.0,0.005747739093170374,0.02149486801090461
odor_left,ensayo,103,-0.2600659673111634,-0.12367730602305335,0.7025915741958272,-0.3815757566470462,0.6180743212754615,-0.5960358035458939,1.0,0.0,1.0,0.0,0.005789543308392072,0.02181423182491926
odor_left,ensayo,104,-0.25988093116722316,-0.12374599674710614,0.7027757612824871,-0.38164144954733964,0.6182621046280078,-0.5960958594482194,1.0,0.0,1.0,0.0,0.005830980299306245,0.022135973918096852
odor_left,ensayo,105,-0.25969589542635285,-0.12381467993057008,0.7029599586904338,-0.38170709454847773,0.6184499069779277,-0.596155871225736,1.0,0.0,1.0,0.0,0.005871616887708442,0.022460071486335664
odor_left,ensayo,106,-0.25951086002383134,-0.12388335568140653,0.7031441662777606,-0.381772692503201,0.6186377280344862,-0.5962158396711947,1.0,0.0,1.0,0.0,0.0059110178018369555,0.02278647715297666
odor_left,ensayo,107,-0.2593258249309449,-0.12395202423998833,0.7033283837560427,-0.3818382448094116,0.6188255672683116,-0.596275766086254,1.0,0.0,1.0,0.0,0.005948759546534978,0.02311511899503671
odor_left,ensayo,108,-0.2591407901553333,-0.12402068597745103,0.703512610692401,-0.38190375340029814,0.6190134239149524,-0.5963356522721897,1.0,0.0,1.0,0.0,0.005984435996868865,0.02344590111005118
odor_left,ensayo,109,-0.25895575574110197,-0.12408934139304671,0.7036968465124762,-0.38196922073059514,0.6192012969801539,-0.5963955005170594,1.0,0.0,1.0,0.0,0.006017652615021757,0.0237787043195965
odor_left,ensayo,110,-0.2587707217688738,-0.12415799111171198,0.7038810905031427,-0.38203464976390816,0.6193891852448266,-0.5964553135839123,1.0,0.0,1.0,0.0,0.006048023977964619,0.02411338678825814
odor_left,ensayo,111,-0.25858568835577983,-0.12422663588195067,0.704065341814889,-0.38210004396170116,0.6195770872694502,-0.5965150947005741,1.0,0.0,1.0,0.0,0.006075172295544034,0.024449784547670106
odor_left,ensayo,112,-0.2584006556555124,-0.1242952765744421,0.7042495994633462,-0.3821654072758466,0.6197650013970526,-0.5965748475527695,1.0,0.0,1.0,0.0,0.006098721798296006,0.024787711837745974
odor_left,ensayo,113,-0.25821562385846514,-0.12436391418153257,0.7044338623298547,-0.3822307441452299,0.6199529257545517,-0.5966345762810328,1.0,0.0,1.0,0.0,0.006118296364224819,0.025126961253050695
odor_left,ensayo,114,-0.25803059319176425,-0.12443254981671606,0.7046181291621496,-0.3822960594924879,0.6201408582541064,-0.5966942854777164,1.0,0.0,1.0,0.0,0.006133524154044307,0.025467303894117777
odor_left,ensayo,115,-0.25784556391889146,-0.12450118471264517,0.7048023985767724,-0.3823613587146308,0.6203287965970885,-0.5967539801782322,1.0,0.0,1.0,0.0,0.006144048116330217,0.02580848982643147
odor_left,ensayo,116,-0.25766053633876945,-0.12456982021683824,0.7049866690640407,-0.382426647664082,0.6205167382821207,-0.5968136658433049,1.0,0.0,1.0,0.0,0.006149534996309698,0.026150248998021652
odor_left,ensayo,117,-0.25747551078450176,-0.12463845778576514,0.7051709389946816,-0.38249193262309744,0.6207046806159173,-0.5968733483350475,1.0,0.0,1.0,0.0,0.006149675711872398,0.026492292451280264
odor_left,ensayo,118,-0.25729048762191775,-0.12470709897820874,0.7053552066272328,-0.38255722027519445,0.6208926207254732,-0.5969330338902756,1.0,0.0,1.0,0.0,0.006144185709894793,0.026834313653012032
odor_left,ensayo,119,-0.2571054672478399,-0.12477574544774175,0.7055394701164628,-0.3826225176728692,0.6210805555719116,-0.5969927290903636,1.0,0.0,1.0,0.0,0.00613280998865079,0.02717598998901849
odor_left,ensayo,120,-0.2569204500878843,-0.12484439893352253,0.7057237275237137,-0.3826878321982934,0.6212684819673822,-0.5970524408245255,1.0,0.0,1.0,0.0,0.006115331812618168,0.027516984588203286
odor_left,ensayo,121,-0.25673543659380516,-0.12491306124926348,0.7059079768292349,-0.38275317151656996,0.6214563965951811,-0.5971121762461392,1.0,0.0,1.0,0.0,0.006091577218281246,0.027856948486856936
odor_left,ensayo,122,-0.256550427240641,-0.12498173427146107,0.7060922159451868,-0.38281854352623035,0.6216442960310794,-0.5971719427265181,1.0,0.0,1.0,0.0,0.006061411540038745,0.028195522895089198
odor_left,ensayo,123,-0.25636542252373257,-0.12505041992747595,0.706276442728828,-0.38288395630925465,0.6218321767649739,-0.5972317478082629,1.0,0.0,1.0,0.0,0.006024739981477436,0.02853234146664363
odor_left,ensayo,124,-0.25618042295543836,-0.12511912018277863,0.706460654996707,-0.38294941807770977,0.6220200352240743,-0.5972915991554458,1.0,0.0,1.0,0.0,0.005981513968324468,0.028867032726282105
odor_left,ensayo,125,-0.2559954290614433,-0.1251878370267607,0.7066448505404348,-0.38301493711461054,0.6222078677985847,-0.5973515044983722,1.0,0.0,1.0,0.0,0.005931736652403329,0.029199222767260835
odor_left,ensayo,126,-0.2558104413766199,-0.1252565724568535,0.7068290271443598,-0.3830805217078567,0.6223956708704128,-0.5974114715718658,1.0,0.0,1.0,0.0,0.005875469415115972,0.029528538268948523
odor_left,ensayo,127,-0.25562546044058365,-0.12532532846147626,0.7070131826044055,-0.38314618007957263,0.6225834408438398,-0.5974715080492619,1.0,0.0,1.0,0.0,0.005812831592499329,0.029854609711605917
odor_left,ensayo,128,-0.2554404867930971,-0.1253941070026172,0.7071973147472949,-0.3832119203141698,0.6227711741768558,-0.5975316214752368,1.0,0.0,1.0,0.0,0.005743999253493178,0.03017707462933572
odor_left,ensayo,129,-0.25525552096954607,-0.12546290999903706,0.7073814214489661,-0.38327775028944244,0.622958867411259,-0.5975918192014961,1.0,0.0,1.0,0.0,0.00566919800593831,0.030495580694974933
odor_left,ensayo,130,-0.2550705634966022,-0.12553173931073933,0.7075655006516007,-0.383343677613322,0.6231465172004725,-0.5976521083277774,1.0,0.0,1.0,0.0,0.00558869765231618,0.03080978852460703
odor_left,ensayo,131,-0.2548856148880151,-0.12560059672447235,0.7077495503795195,-0.38340970956524933,0.6233341203354344,-0.5977124956471501,1.0,0.0,1.0,0.0,0.005502810263489066,0.031119374266438626
odor_left,ensayo,132,-0.2547006756405285,-0.12566948394004915,0.7079335687542222,-0.3834758530413245,0.6235216737689584,-0.5977729875948403,1.0,0.0,1.0,0.0,0.00541188719110168,0.031424032015792136
odor_left,ensayo,133,-0.25451574622969725,-0.12573840255654226,0.7081175540096372,-0.3835421144989351,0.6237091746402919,-0.5978335901965214,1.0,0.0,1.0,0.0,0.005316325378468188,0.03172347627409522
odor_left,ensayo,134,-0.254330827105642,-0.12580735405812962,0.7083015045077097,-0.3836084999001942,0.6238966203001662,-0.5978943090154765,1.0,0.0,1.0,0.0,0.005216565660063801,0.032017444467243195
odor_left,ensayo,135,-0.25414591868901065,-0.12587633980073967,0.7084854187529865,-0.3836750146589447,0.6240840083343003,-0.5979551491031061,1.0,0.0,1.0,0.0,0.0051130850845339144,0.03230569928410887
odor_left,ensayo,136,-0.2539610213672561,-0.1259453610001515,0.7086692954055864,-0.3837416635939255,0.6242713365843126,-0.5980161149552183,1.0,0.0,1.0,0.0,0.005006391413372254,0.03258803071881289
odor_left,ensayo,137,-0.25377613549136036,-0.12601441872208508,0.7088531332919334,-0.38380845089051163,0.6244586031649995,-0.5980772104763418,1.0,0.0,1.0,0.0,0.004897013281048544,0.03286425770590995
odor_left,ensayo,138,-0.2535912613730577,-0.12608351387454989,0.7090369314129845,-0.3838753800720196,0.6246458064775184,-0.5981384389529738,1.0,0.0,1.0,0.0,0.004785493067368137,0.03313422931120158
odor_left,ensayo,139,-0.25340639928248987,-0.12615264720210778,0.7092206889504259,-0.38394245397909044,0.6248329452191449,-0.5981998030343705,1.0,0.0,1.0,0.0,0.0046723822673248655,0.033397825560371075
odor_left,ensayo,140,-0.253221549446295,-0.12622181928187018,0.7094044052709114,-0.38400967475640047,0.6250200183898038,-0.5982613047201535,1.0,0.0,1.0,0.0,0.004558235677212896,0.03365495793894979
odor_left,ensayo,141,-0.25303671204619305,-0.12629103052140855,0.7095880799282042,-0.3840770438473911,0.6252070252951459,-0.5983229453554075,1.0,0.0,1.0,0.0,0.004443604240883776,0.03390556952956558
odor_left,ensayo,142,-0.2528518872179445,-0.12636028115809175,0.7097717126638082,-0.3841445619947192,0.6253939655471058,-0.598384725631103,1.0,0.0,1.0,0.0,0.004329034294438976,0.03414963490385503
odor_left,ensayo,143,-0.25266707505066577,-0.1264295712595682,0.7099553034063111,-0.3842122292453901,0.6255808390623472,-0.5984466455888717,1.0,0.0,1.0,0.0,0.004215063099221534,0.034387159812041546
odor_left,ensayo,144,-0.25248227558627656,-0.12649890072454395,0.7101388522705488,-0.38428004495664553,0.625767646060329,-0.598508704626468,1.0,0.0,1.0,0.0,0.00410222436926588,0.03461818086549329
odor_left,ensayo,145,-0.25229748881887454,-0.12656826928278178,0.7103223595576538,-0.38434800779821354,0.6259543870627766,-0.5985709014997901,1.0,0.0,1.0,0.0,0.00399105363614887,0.03484276541479403
odor_left,ensayo,146,-0.2521127146941543,-0.1266376764946714,0.7105058257554973,-0.38441611575254087,0.6261410628938968,-0.5986332343230206,1.0,0.0,1.0,0.0,0.003882086372594531,0.03506101152541419
odor_left,ensayo,147,-0.25192795310886934,-0.1267071217506265,0.7106892515393582,-0.3844843661138592,0.6263276746810511,-0.5986957005676943,1.0,0.0,1.0,0.0,0.003775860061500188,0.03527304800940101
odor_left,ensayo,148,-0.25174320391033006,-0.12677660427031398,0.710872637772735,-0.38455275548630047,0.6265142238557536,-0.598758297060884,1.0,0.0,1.0,0.0,0.0036729140131794204,0.035479034502174045
odor_left,ensayo,149,-0.2515584668959372,-0.12684612310181068,0.71105598550827,-0.38462127978148086,0.6267007121548984,-0.598821019982902,1.0,0.0,1.0,0.0,0.003573789860304824,0.035679161563479056
odor_left,ensayo,150,-0.25137374181292726,-0.12691567712141022,0.7112392959878373,-0.3846899342188201,0.6268871416207566,-0.5988838648675799,1.0,0.0,1.0,0.0,0.0034790248448463906,0.03587365064007031
odor_left,ensayo,151,-0.25118902835878854,-0.12698526503608953,0.7114225706395289,-0.38475871333728806,0.6270735145961187,-0.5989468266132826,1.0,0.0,1.0,0.0,0.003389133580283918,0.03606275346564303
odor_left,ensayo,152,-0.2510043261825375,-0.12705488538982251,0.7116058110703667,-0.3848276110233165,0.6272598337125668,-0.5990098995090666,1.0,0.0,1.0,0.0,0.003304594177371879,0.03624675069355021
odor_left,ensayo,153,-0.25081963488685216,-0.12712453657370942,0.7117890190548737,-0.3848966205548504,0.6274461018719096,-0.5990730772759263,1.0,0.0,1.0,0.0,0.0032258359897253406,0.03642594978487068
odor_left,ensayo,154,-0.25063495403103714,-0.1271942168396567,0.7119721965197223,-0.3849657346603749,0.627632322221144,-0.5991363531220069,1.0,0.0,1.0,0.0,0.0031532289779702535,0.03660068221824986
odor_left,ensayo,155,-0.2504502831344495,-0.12726392431596822,0.7121553455264985,-0.38503494558558704,0.6278184981240942,-0.5991997198049053,1.0,0.0,1.0,0.0,0.003087087123319119,0.0367713003907113
odor_left,ensayo,156,-0.2502656216798637,-0.12733365702226662,0.7123384682553813,-0.38510424515674346,0.6280046331342917,-0.5992631696907773,1.0,0.0,1.0,0.0,0.003027680647289862,0.036938174734075346
odor_left,ensayo,157,-0.250080969116586,-0.12740341288250398,0.7125215669909406,-0.3851736248355245,0.6281907309712531,-0.5993266948054583,1.0,0.0,1.0,0.0,0.0029752444005027683,0.03710169126532037
odor_left,ensayo,158,-0.24989632486331465,-0.12747318973603441,0.7127046441100405,-0.3852430757651714,0.6283767955003062,-0.5993902868774207,1.0,0.0,1.0,0.0,0.0029299845571391313,0.03726224955744328
odor_left,ensayo,159,-0.2497116883108675,-0.1275429853474011,0.712887702071091,-0.3853125888107549,0.6285628307148227,-0.5994539373752781,1.0,0.0,1.0,0.0,0.0028920797341373196,0.03742026097648932
odor_left,ensayo,160,-0.24952705882510454,-0.12761279741644566,0.7130707434027885,-0.38538215460058844,0.628748840717913,-0.5995176375464185,1.0,0.0,1.0,0.0,0.0028616726584343184,0.03757614683746624
odor_left,ensayo,161,-0.2493424357499995,-0.12768262358904395,0.7132537706922609,-0.38545176356984023,0.6289348297032348,-0.5995813784577305,1.0,0.0,1.0,0.0,0.002838871503716219,0.03773033645066448
odor_left,ensayo,162,-0.2491578184106183,-0.12775246146745814,0.7134367865737112,-0.38552140600229257,0.6291208019365788,-0.5996451510345847,1.0,0.0,1.0,0.0,0.0028237549142807036,0.03788326526537844
odor_left,ensayo,163,-0.248973206115787,-0.12782230861926036,0.7136197937187128,-0.38559107206587984,0.6293067617400716,-0.5997089460939766,1.0,0.0,1.0,0.0,0.0028163808200782387,0.03803537332032647
odor_left,ensayo,164,-0.24878859816065624,-0.12789216258545924,0.7138027948272502,-0.3856607518450349,0.6294927134776956,-0.5997727543746991,1.0,0.0,1.0,0.0,0.0028167825121548466,0.03818710383228563
odor_left,ensayo,165,-0.24860399382969373,-0.12796202089023903,0.7139857926167459,-0.38573043538003887,0.6296786615378103,-0.5998365665741213,1.0,0.0,1.0,0.0,0.002824952996908617,0.038338901418853766
odor_left,ensayo,166,-0.248419392400095,-0.12803188105283325,0.7141687898088438,-0.3858001127151595,0.6298646103120386,-0.5999003733932183,1.0,0.0,1.0,0.0,0.0028408415952184117,0.038491209902446144
odor_left,ensayo,167,-0.24823479314542404,-0.12810174060061622,0.7143517891149094,-0.38586977395198274,0.6300505641719555,-0.5999641655864358,1.0,0.0,1.0,0.0,0.0028643523766852374,0.038644469883792
odor_left,ensayo,168,-0.24805019533933248,-0.12817159708258302,0.71453479322118,-0.3859394093043593,0.6302365274450689,-0.6000279340130328,1.0,0.0,1.0,0.0,0.002895346235298458,0.038799116259951916
odor_left,ensayo,169,-0.2478655982593528,-0.12824144808297044,0.7147178047737279,-0.3860090091539847,0.6304225043904659,-0.6000916696889925,1.0,0.0,1.0,0.0,0.0029336397886881777,0.038955575723718994
odor_left,ensayo,170,-0.2476810011909067,-0.12831129123557808,0.7149008263625832,-0.38607856410892544,0.6306084991731487,-0.6001553638416952,1.0,0.0,1.0,0.0,0.00297900031051628,0.039114264123981
odor_left,ensayo,171,-0.24749640343162066,-0.12838112423927855,0.7150838605045458,-0.38614806506705646,0.6307945158362773,-0.6002190079691948,1.0,0.0,1.0,0.0,0.0030311408581226006,0.03927558359453087
odor_left,ensayo,172,-0.24731180429601643,-0.12845094487504685,0.715266909624273,-0.38621750328585125,0.6309805582706591,-0.6002825939054396,1.0,0.0,1.0,0.0,0.003089713823455411,0.03943991938572822
odor_left,ensayo,173,-0.24712720312044087,-0.12852075102402,0.7154499760343679,-0.38628687045627325,0.6311666301825194,-0.600346113889322,1.0,0.0,1.0,0.0,0.0031543116707580983,0.03960763651957677
odor_left,ensayo,174,-0.2469425992677643,-0.12859054068454936,0.7156330619167479,-0.38635615877198093,0.6313527350631852,-0.6004095606292886,1.0,0.0,1.0,0.0,0.003224480375914495,0.0397790767022741
odor_left,ensayo,175,-0.24675799213156632,-0.1286603119866583,0.7158161693069376,-0.38642536098735436,0.6315388761634232,-0.6004729273574537,1.0,0.0,1.0,0.0,0.003299731468449857,0.039954555788654034
odor_left,ensayo,176,-0.24657338113991673,-0.128730063204201,0.7159993000808228,-0.386494470465688,0.6317250564718923,-0.6005362078745234,1.0,0.0,1.0,0.0,0.003379546330396565,0.040134361703138666
odor_left,ensayo,177,-0.2463887657587302,-0.12879979276494952,0.7161824559436889,-0.386563481218248,0.631911278697447,-0.6005993965862005,1.0,0.0,1.0,0.0,0.0034633847499154716,0.0403187527815021
odor_left,ensayo,178,-0.2462041454946313,-0.1288694992584562,0.7163656384217407,-0.3866323879337623,0.6320975452555587,-0.6006624885306677,1.0,0.0,1.0,0.0,0.003550692296720503,0.04050795654964645
odor_left,ensayo,179,-0.24601951989742427,-0.12893918144215513,0.7165488488554917,-0.3867011860004887,0.6322838582579104,-0.6007254793991603,1.0,0.0,1.0,0.0,0.0036409033291566954,0.04070216882971067
odor_left,ensayo,180,-0.24583488856223737,-0.1290088382462085,0.7167320883945371,-0.3867698715230238,0.6324702195043302,-0.6007883655516557,1.0,0.0,1.0,0.0,0.00373344386477318,0.040901553071449825
odor_left,ensayo,181,-0.24565025113137193,-0.12907846877734602,0.7169153579933902,-0.3868384413349841,0.6326566304765263,-0.6008511440287233,1.0,0.0,1.0,0.0,0.0038277338824300815,0.041106239859146854
odor_left,ensayo,182,-0.24546560729575068,-0.12914807232135617,0.7170986584089174,-0.3869068930061178,0.6328430923343462,-0.6009138125581804,1.0,0.0,1.0,0.0,0.003923194204125557,0.041316326670965964
odor_left,ensayo,183,-0.24528095679602716,-0.12921764834435265,0.7172819901990162,-0.3869752248445718,0.6330296059141072,-0.600976369557217,1.0,0.0,1.0,0.0,0.0040192476159347625,0.041531877851298304
odor_left,ensayo,184,-0.24509629942363323,-0.12928719649401213,0.7174653537212382,-0.3870434358994628,0.6332161717269059,-0.6010388141348418,1.0,0.0,1.0,0.0,0.004115313109363123,0.041752924540247704
odor_left,ensayo,185,-0.2449116350218898,-0.12935671660154457,0.7176487491305865,-0.3871115259668048,0.6334027899556098,-0.6011011460974934,1.0,0.0,1.0,0.0,0.004210802188355333,0.04197946442613443
odor_left,ensayo,186,-0.24472696348691206,-0.1294262086833816,0.7178321763777726,-0.3871794955943137,0.6335894604524351,-0.6011633659535804,1.0,0.0,1.0,0.0,0.004305126327350795,0.042211461558821384
odor_left,ensayo,187,-0.244542284768018,-0.1294956729410642,0.7180156352095539,-0.3872473460787952,0.6337761827397177,-0.6012254749110469,1.0,0.0,1.0,0.0,0.004397707370059032,0.04244884652655401
odor_left,ensayo,188,-0.24435759886760683,-0.12956510975891503,0.7181991251715003,-0.3873150794544358,0.6339629560145656,-0.6012874748664108,1.0,0.0,1.0,0.0,0.00448798437517907,0.042691517060518436
odor_left,ensayo,189,-0.2441729058405472,-0.12963451969968529,0.7183826456129483,-0.38738269847266427,0.6341497791571183,-0.6013493683859241,1.0,0.0,1.0,0.0,0.004575419605591581,0.04293933902346225
odor_left,ensayo,190,-0.24398820579310393,-0.12970390349839137,0.7185661956939533,-0.38745020657450824,0.6343366507420807,-0.6014111586797357,1.0,0.0,1.0,0.0,0.0046595036182371695,0.04319214773386193
odor_left,ensayo,191,-0.2438034988811566,-0.12977326205349562,0.7187497743952944,-0.3875176078516752,0.6345235690551556,-0.601472849565507,1.0,0.0,1.0,0.0,0.00473976979815124,0.043449749816971917
odor_left,ensayo,192,-0.24361878530763958,-0.12984259641491994,0.7189333805319286,-0.3875849069945422,0.6347105321150841,-0.6015344454197822,1.0,0.0,1.0,0.0,0.004815803723099828,0.04371192565784554
odor_left,ensayo,193,-0.24343406531941086,-0.1299119077697887,0.7191170127688493,-0.387652109230934,0.6348975376997017,-0.6015959511207756,1.0,0.0,1.0,0.0,0.004887245692974056,0.043978432255073585
odor_left,ensayo,194,-0.24324933920359193,-0.12998119742637315,0.7193006696389431,-0.3877192202575047,0.6350845833752841,-0.6016573719842789,1.0,0.0,1.0,0.0,0.004953796838565369,0.04424900639475027
odor_left,ensayo,195,-0.24306460728340806,-0.13005046679639504,0.7194843495626174,-0.38778624616461377,0.6352716665287904,-0.6017187136934986,1.0,0.0,1.0,0.0,0.005015222636854518,0.04452336810464885
odor_left,ensayo,196,-0.2428798699136516,-0.1301197173762455,0.7196680508685755,-0.3878531933571182,0.6354587844019853,-0.6017799822250997,1.0,0.0,1.0,0.0,0.005071353600008238,0.044801224273328444
odor_left,ensayo,197,-0.24269512747601774,-0.130188950728177,0.7198517718145092,-0.3879200684756526,0.635645934125473,-0.601841183775733,1.0,0.0,1.0,0.0,0.005122079865045852,0.04508227221410266
odor_left,ensayo,198,-0.2425103803747083,-0.1302581684632233,0.7200355106057449,-0.38798687832594375,0.6358331127494748,-0.6019023246961196,1.0,0.0,1.0,0.0,0.005167337254041098,0.04536620281393766
odor_left,ensayo,199,-0.24232562903226487,-0.13032737222598192,0.720219265411925,-0.388053629816282,0.636020317271287,-0.6019634114327621,1.0,0.0,1.0,0.0,0.0052071049068343695,0.045652703292802244
odor_left,ensayo,200,-0.24214087388530273,-0.13039656367966884,0.7204030343835359,-0.388120329896482,0.636207544662203,-0.6020244504710038,1.0,0.0,1.0,0.0,0.005241410541756885,0.04594145991353571
odor_left,ensayo,201,-0.24195611538005715,-0.13046574449062676,0.7205868156690365,-0.38818698549496233,0.6363947918952337,-0.6020854482762781,1.0,0.0,1.0,0.0,0.005270332587944802,0.04623216079355075
odor_left,ensayo,202,-0.24177135396776872,-0.1305349163122522,0.7207706074326009,-0.38825360345360055,0.6365820559737632,-0.6021464112332572,1.0,0.0,1.0,0.0,0.00529400213605159,0.04652449882462406
odor_left,ensayo,203,-0.24158659009995906,-0.13060408076851387,0.7209544078723001,-0.3883201904610337,0.6367693339608904,-0.6022073455835462,1.0,0.0,1.0,0.0,0.005312603183758169,0.04681817466214966
odor_left,ensayo,204,-0.24140182422367215,-0.13067323943741985,0.721138215238289,-0.388386752985867,0.636956623008817,-0.6022682573632944,1.0,0.0,1.0,0.0,0.005326371266160332,0.04711289971081101
odor_left,ensayo,205,-0.2412170567766798,-0.13074239383448752,0.721322027851017,-0.3884532972099679,0.6371439203882402,-0.6023291523408902,1.0,0.0,1.0,0.0,0.0053355940285381,0.047408399103119336
odor_left,ensayo,206,-0.24103228818295602,-0.13081154539735354,0.7215058441180131,-0.3885198289669548,0.637331223515537,-0.6023900359595342,1.0,0.0,1.0,0.0,0.0053405995916355085,0.047704414414425855
odor_left,ensayo,207,-0.24084751884873074,-0.1308806954730622,0.7216896625476421,-0.38858635369220873,0.6375185299750983,-0.6024509132906204,1.0,0.0,1.0,0.0,0.005341743250617479,0.048000705818083134
odor_left,ensayo,208,-0.24066274915975294,-0.13094984531061354,0.7218734817567979,-0.3886528763957169,0.6377058375319746,-0.6025117890085185,1.0,0.0,1.0,0.0,0.005339376140131479,0.04829705313682098
odor_left,ensayo,209,-0.24047797947955663,-0.13101899605851183,0.722057300473336,-0.38871940165571683,0.6378931441357695,-0.6025726673847965,1.0,0.0,1.0,0.0,0.005333839468533738,0.048593255942080305
odor_left,ensayo,210,-0.24029321014769708,-0.1310881487626268,0.7222411175386099,-0.3887859336131927,0.6380804479241213,-0.6026335522831038,1.0,0.0,1.0,0.0,0.005325484666261281,0.04888913370101022
odor_left,ensayo,211,-0.24010844147763633,-0.13115730436187412,0.7224249319123992,-0.3888524759572429,0.6382677472298242,-0.6026944471454064,1.0,0.0,1.0,0.0,0.005314681986707403,0.04918452640779947
odor_left,ensayo,212,-0.23992367375448695,-0.13122646368238114,0.7226087426793892,-0.3889190319038067,0.6384550405905755,-0.6027553549719986,1.0,0.0,1.0,0.0,0.005301822138432418,0.04947929553671315
odor_left,ensayo,213,-0.23973890723284522,-0.1312956274313646,0.7227925490558551,-0.3889856041727989,0.6386423267592934,-0.6028162783000597,1.0,0.0,1.0,0.0,0.005287313119826896,0.04977332505748677
odor_left,ensayo,214,-0.23955414213470638,-0.13136479619108388,0.7229763503963093,-0.3890521949650935,0.6388296047144949,-0.6028772191821039,1.0,0.0,1.0,0.0,0.005271581176832399,0.050066522452368645
odor_left,ensayo,215,-0.23936937864719615,-0.1314339704118843,0.7231601462012598,-0.38911880593523307,0.6390168736724633,-0.6029381791604245,1.0,0.0,1.0,0.0,0.005255079377796294,0.05035881994609781
odor_left,ensayo,216,-0.23918461692006346,-0.13150315040391258,0.7233439361264118,-0.38918543815842377,0.6392041331017941,-0.6029991592361906,1.0,0.0,1.0,0.0,0.005238291019649702,0.05065017600676924
odor_left,ensayo,217,-0.2389998570633782,-0.1315723363293013,0.7235277199911188,-0.38925209209970946,0.6393913827369611,-0.6030601598406229,1.0,0.0,1.0,0.0,0.0052217178203896285,0.05094057671624341
odor_left,ensayo,218,-0.2388150991456169,-0.1316415281961034,0.7237114977848988,-0.38931876759036865,0.6395786225888607,-0.6031211808129698,1.0,0.0,1.0,0.0,0.005205873374246911,0.05123003678335181
odor_left,ensayo,219,-0.23863034319213322,-0.13171072585404028,0.7238952696719753,-0.38938546381201866,0.6397658529521305,-0.6031822213857022,1.0,0.0,1.0,0.0,0.0051912767020049246,0.051518600192991926
odor_left,ensayo,220,-0.23844558918427836,-0.13177992899302604,0.7240790359926179,-0.38945217929271947,0.6399530744073245,-0.6032432801809409,1.0,0.0,1.0,0.0,0.005178436906579303,0.05180634028428699
odor_left,ensayo,221,-0.23826083705929002,-0.1318491371451242,0.7242627972607135,-0.3895189119176026,0.6401402878169288,-0.6033043552204681,1.0,0.0,1.0,0.0,0.005167841741667505,0.052093359151058394
odor_left,ensayo,222,-0.2380760867107082,-0.13191834968891564,0.7244465541588209,-0.3895856589494918,0.6403274943171028,-0.6033654439450495,1.0,0.0,1.0,0.0,0.0051599558015070005,0.0523797866044049
odor_left,ensayo,223,-0.23789133798909742,-0.13198756585499236,0.7246303075320543,-0.3896524170541642,0.6405146953073425,-0.603426543238039,1.0,0.0,1.0,0.0,0.005155220592429728,0.052665778953979725
odor_left,ensayo,224,-0.2377065907033893,-0.13205678473351262,0.7248140583794962,-0.3897191823344388,0.6407018924362187,-0.6034876494572261,1.0,0.0,1.0,0.0,0.005154039691231792,0.052951517380108726
odor_left,ensayo,225,-0.23752184462284642,-0.13212600528418267,0.7249978078430503,-0.3897859503740258,0.6408890875829363,-0.6035487584758226,1.0,0.0,1.0,0.0,0.005156774772119248,0.05323720586454783
odor_left,ensayo,226,-0.23733709947946888,-0.13219522634779787,0.7251815571945953,-0.38985271628759305,0.6410762828360983,-0.6036098657292233,1.0,0.0,1.0,0.0,0.00516374329316606,0.05352306885697544
odor_left,ensayo,227,-0.23715235497074494,-0.13226444665879727,0.7253653078221058,-0.3899194747747569,0.641263480470726,-0.603670966265425,1.0,0.0,1.0,0.0,0.0051752171990122236,0.05380934878309063
odor_left,ensayo,228,-0.23696761076271708,-0.1323336648586139,0.7255490612148505,-0.38998622017703644,0.6414506829238291,-0.6037320547981894,1.0,0.0,1.0,0.0,0.005191421000490908,0.054096303433709636
odor_left,ensayo,229,-0.2367828664932878,-0.13240287950953936,0.7257328189480996,-0.39005294653650646,0.6416378927691853,-0.6037931257617928,1.0,0.0,1.0,0.0,0.005212532170700902,0.054384203292556776
odor_left,ensayo,230,-0.2365981217756695,-0.13247208910868774,0.7259165826677383,-0.3901196476544014,0.6418251126920065,-0.6038541733657218,1.0,0.0,1.0,0.0,0.0052386826961913725,0.05467332888315468
odor_left,ensayo,231,-0.23641337620190958,-0.13254129210177953,0.7261003540750856,-0.39018631714853225,0.6420123454640023,-0.6039151916482468,1.0,0.0,1.0,0.0,0.005269960884320786,0.054963968184637224
odor_left,ensayo,232,-0.2362286293462492,-0.13261048689582422,0.7262841349130575,-0.39025294850547726,0.6421995939206032,-0.6039761745251072,1.0,0.0,1.0,0.0,0.005306420712975746,0.055256414312339075
odor_left,ensayo,233,-0.23604388076830443,-0.1326796718704872,0.7264679269537135,-0.39031953512698103,0.6423868609405377,-0.6040371158327698,1.0,0.0,1.0,0.0,0.005348084182002752,0.05555096347390531
odor_left,ensayo,234,-0.23585913001642914,-0.1327488453897088,0.7266517319853504,-0.3903860703773352,0.6425741494249159,-0.6040980093726532,1.0,0.0,1.0,0.0,0.005394932712992184,0.055847912857075244
odor_left,ensayo,235,-0.23567437663142793,-0.13281800581472486,0.7268355517980541,-0.3904525476364371,0.642761462273951,-0.6041588489607135,1.0,0.0,1.0,0.0,0.00544690098434894,0.05614755823410178
odor_left,ensayo,236,-0.2354896201505877,-0.1328871515185001,0.7270193881676984,-0.3905189603586505,0.6429488023611993,-0.6042196284824624,1.0,0.0,1.0,0.0,0.005503872991632693,0.056450191293976104
odor_left,ensayo,237,-0.23530486011186685,-0.132956280900896,0.7272032428392384,-0.39058530213462905,0.6431361725065589,-0.6042803419507471,1.0,0.0,1.0,0.0,0.005565683181723842,0.056756096849255755
odor_left,ensayo,238,-0.2351200960578198,-0.13302539240271258,0.7273871175114234,-0.39065156674802787,0.6433235754513967,-0.6043409835586989,1.0,0.0,1.0,0.0,0.0056321295316266815,0.057065550317133784
odor_left,ensayo,239,-0.23493532753896645,-0.13309448451703565,0.7275710138245355,-0.3907177482206554,0.6435110138385015,-0.6044015477218264,1.0,0.0,1.0,0.0,0.005702986225584924,0.05737881576726522
odor_left,ensayo,240,-0.23475055411686063,-0.13316355579871492,0.7277549333500243,-0.39078384084979906,0.6436984901952746,-0.6044620291128064,1.0,0.0,1.0,0.0,0.00577800281361285,0.057696144322648024
odor_left,ensayo,241,-0.23456577536707596,-0.13323260487330374,0.7279388775806623,-0.3908498392430877,0.6438860069179833,-0.6045224226940185,1.0,0.0,1.0,0.0,0.005856903162212362,0.058017772652050326
odor_left,ensayo,242,-0.23438099088202477,-0.13330163044540647,0.7281228479214207,-0.39091573835065735,0.6440735662572249,-0.6045827237475845,1.0,0.0,1.0,0.0,0.005939389643464414,0.058343921579421476
odor_left,ensayo,243,-0.2341962002735869,-0.1333706313062913,0.7283068456811461,-0.39098153349429565,0.6442611703047197,-0.6046429279025924,1.0,0.0,1.0,0.0,0.0060251445838689684,0.058674794826799825
odor_left,ensayo,244,-0.23401140317584737,-0.1334396063419693,0.7284908720635797,-0.39104722039886236,0.6444488209791535,-0.6047030311644783,1.0,0.0,1.0,0.0,0.006113821653269681,0.0590105776269354
odor_left,ensayo,245,-0.23382659924822752,-0.1335085545431778,0.7286749281561902,-0.39111279523195813,0.6446365200085826,-0.6047630299521618,1.0,0.0,1.0,0.0,0.006205035133280598,0.05935143492513362
odor_left,ensayo,246,-0.23364178817878,-0.1335774750165714,0.7288590149178615,-0.3911782546485818,0.6448242689108258,-0.6048229211398419,1.0,0.0,1.0,0.0,0.006298362811051836,0.05969750935759066
odor_left,ensayo,247,-0.2334569696872446,-0.1336463669951494,0.7290431331675479,-0.3912435958325524,0.6450120689752105,-0.6048827020957075,1.0,0.0,1.0,0.0,0.006393355545665834,0.06004891941157098
odor_left,ensayo,248,-0.23327214352780604,-0.13371522984724715,0.7292272835745195,-0.39130881653203026,0.6451999212468073,-0.6049423707151027,1.0,0.0,1.0,0.0,0.006489541469681451,0.06040575787463354
odor_left,ensayo,249,-0.23308730949184986,-0.13378406308524596,0.7294114666487277,-0.3913739150940146,0.6453878265110107,-0.6050019254527437,1.0,0.0,1.0,0.0,0.006586420494358084,0.060768090317196766
odor_left,ensayo,250,-0.23290246741071205,-0.13385286637436647,0.7295956827311794,-0.39143889049899633,0.645575785278149,-0.60506136535511,1.0,0.0,1.0,0.0,0.006683466452545979,0.06113595356100632
odor_left,ensayo,251,-0.23271761715812744,-0.13392163954033467,0.729779931985661,-0.39150374239066504,0.6457637977702048,-0.6051206900881917,1.0,0.0,1.0,0.0,0.006780136549646495,0.06150935439205796
odor_left,ensayo,252,-0.23253275865233541,-0.13399038257549054,0.729964214392146,-0.3915684710991447,0.6459518639102636,-0.6051798999591689,1.0,0.0,1.0,0.0,0.006875875222335012,0.061888268578798034
odor_left,ensayo,253,-0.23234789185788313,-0.13405909564355592,0.7301485297416885,-0.3916330776585559,0.6461399833144055,-0.6052389959327997,1.0,0.0,1.0,0.0,0.006970118407820717,0.062272640148535174
odor_left,ensayo,254,-0.2321630167869492,-0.13412777908246976,0.730332877633517,-0.3916975638162633,0.646328155287164,-0.6052979796400302,1.0,0.0,1.0,0.0,0.007062303876770549,0.06266238105450839
odor_left,ensayo,255,-0.23197813350028615,-0.1341964334055316,0.730517257473895,-0.39176193203520393,0.6465163788199324,-0.605356853380143,1.0,0.0,1.0,0.0,0.007151872459379336,0.06305737115144439
odor_left,ensayo,256,-0.23179324210798785,-0.13426505930190097,0.7307016684756376,-0.3918261854936505,0.6467046525905417,-0.6054156201205477,1.0,0.0,1.0,0.0,0.007238266673543486,0.06345745826624238
odor_left,ensayo,257,-0.23160834276999823,-0.1343336576363663,0.7308861096584891,-0.39189032808188506,0.6468929749642444,-0.6054742834936968,1.0,0.0,1.0,0.0,0.00732093576763166,0.06386245840323568
odor_left,ensayo,258,-0.2314234356962003,-0.13440222944764402,0.7310705798511885,-0.39195436439283626,0.6470813439973471,-0.6055328477883463,1.0,0.0,1.0,0.0,0.007399342880853511,0.06427215623136817
odor_left,ensayo,259,-0.23123852114618096,-0.13447077594542756,0.7312550776948229,-0.39201829970776153,0.6472697574429732,-0.605591317936185,1.0,0.0,1.0,0.0,0.007472965886859327,0.06468630579021806
odor_left,ensayo,260,-0.23105359942855203,-0.13453929850589832,0.731439601647972,-0.392082139975467,0.6474582127596713,-0.6056496994924248,1.0,0.0,1.0,0.0,0.007541306456723653,0.06510463149481893
odor_left,ensayo,261,-0.23086867089983146,-0.13460779866553255,0.7316241499936846,-0.392145891784646,0.647646707122998,-0.6057079986099525,1.0,0.0,1.0,0.0,0.007603893542114215,0.06552682945132915
odor_left,ensayo,262,-0.2306837359629973,-0.13467627811374921,0.7318087208476809,-0.39220956233157866,0.6478352374391423,-0.6057662220091633,1.0,0.0,1.0,0.0,0.007660285096287446,0.06595256897182367
odor_left,ensayo,263,-0.23049879506561408,-0.13474473868412987,0.7319933121681997,-0.39227315938192764,0.64802380036117,-0.6058243769422774,1.0,0.0,1.0,0.0,0.007710075579377943,0.0663814943565626
odor_left,ensayo,264,-0.23031384869760854,-0.13481318234439355,0.7321779217671259,-0.3923366912276707,0.6482123923073768,-0.6058824711531121,1.0,0.0,1.0,0.0,0.007752896464708364,0.06681322688783098
odor_left,ensayo,265,-0.23012889738881231,-0.13488161118571884,0.7323625473218378,-0.39240016664158583,0.6484010094808156,-0.6059405128345917,1.0,0.0,1.0,0.0,0.007788416823995689,0.06724736691850808
odor_left,ensayo,266,-0.22994394170607543,-0.13495002741074957,0.7325471863885659,-0.3924635948262677,0.6485896478912055,-0.605998510581125,1.0,0.0,1.0,0.0,0.007816352441949836,0.06768349621580683
odor_left,ensayo,267,-0.22975898224984714,-0.135018433319616,0.7327318364179918,-0.3925269853551128,0.6487783033803695,-0.606056473333467,1.0,0.0,1.0,0.0,0.0078364726993916,0.06812118067784922
odor_left,ensayo,268,-0.22957401965025417,-0.1350868312940488,0.7329164947728705,-0.3925903481055309,0.64896697165098,-0.6061144103163016,1.0,0.0,1.0,0.0,0.007848605977237466,0.06855997340255726
odor_left,ensayo,269,-0.22938905456286907,-0.1351552237803936,0.7331011587467963,-0.3926536931879341,0.6491556482972152,-0.6061723309719029,1.0,0.0,1.0,0.0,0.007852638519093534,0.06899941792880782
odor_left,ensayo,270,-0.22920408766429626,-0.13522361327225946,0.7332858255833128,-0.39271703087346893,0.6493443288360279,-0.6062302448926431,1.0,0.0,1.0,0.0,0.007848513906492802,0.06943905151294416
odor_left,ensayo,271,-0.22901911964758348,-0.13529200229291397,0.73347049249534,-0.3927803715210038,0.6495330087388795,-0.6062881617528211,1.0,0.0,1.0,0.0,0.00783623365437196,0.06987840842538162
odor_left,ensayo,272,-0.22883415121745082,-0.13536039337736372,0.7336551566849063,-0.3928437255031496,0.6497216834639299,-0.6063460912395733,1.0,0.0,1.0,0.0,0.007815858086409071,0.07031702328407619
odor_left,ensayo,273,-0.22864918308525903,-0.13542878905374003,0.7338398153637314,-0.39290710312962174,0.6499103484894797,-0.6064040429812971,1.0,0.0,1.0,0.0,0.007787510596670174,0.07075443451080332
odor_left,ensayo,274,-0.22846421596379438,-0.13549719182414974,0.7340244657742921,-0.39297051456875354,0.6500989993481997,-0.6064620264743297,1.0,0.0,1.0,0.0,0.007751376556678675,0.07119018786445963
odor_left,ensayo,275,-0.22827925056225426,-0.13556560414655175,0.734209105209605,-0.39303396977387894,0.6502876316593554,-0.6065200510142145,1.0,0.0,1.0,0.0,0.007707691720692468,0.07162383971791542
odor_left,ensayo,276,-0.2280942875815309,-0.13563402841840522,0.7343937310310905,-0.39309747841736176,0.6504762411578995,-0.6065781256341408,1.0,0.0,1.0,0.0,0.007656736896824055,0.07205495996367972
odor_left,ensayo,277,-0.22790932770963515,-0.13570246696138358,0.7345783406853224,-0.3931610498293141,0.6506648237216122,-0.6066362590477442,1.0,0.0,1.0,0.0,0.007598837641945654,0.07248313470873313
odor_left,ensayo,278,-0.22772437161731623,-0.13577092200708424,0.7347629317196486,-0.39322469294088175,0.650853375396312,-0.606694459596157,1.0,0.0,1.0,0.0,0.007534358677372703,0.07290796875960837
odor_left,ensayo,279,-0.2275394199540052,-0.1358393956842206,0.73494750179613,-0.39328841623399013,0.6510418924183081,-0.6067527352010957,1.0,0.0,1.0,0.0,0.007463697392974135,0.0733290878053765
odor_left,ensayo,280,-0.22735447334388684,-0.13590789000656625,0.7351320487047741,-0.39335222769413336,0.6512303712355704,-0.6068110933207683,1.0,0.0,1.0,0.0,0.007387286975150649,0.07374614047654404
odor_left,ensayo,281,-0.22716953238177393,-0.13597640686005752,0.7353165703778152,-0.39341613475949666,0.6514188085304163,-0.6068695409023033,1.0,0.0,1.0,0.0,0.007305605264027693,0.07415880060491986
odor_left,ensayo,282,-0.2269845976290851,-0.13604494798988234,0.7355010649037831,-0.39348014427031597,0.6516072012419742,-0.6069280843343948,1.0,0.0,1.0,0.0,0.007219165664639429,0.07456676946429752
odor_left,ensayo,283,-0.22679966961044484,-0.13611351499000288,0.7356855305387413,-0.39354426242863316,0.6517955465842433,-0.606986729409731,1.0,0.0,1.0,0.0,0.007128500553078344,0.07496977749499933
odor_left,ensayo,284,-0.22661474881086158,-0.13618210929541602,0.7358699657145862,-0.3936084947693347,0.651983842059394,-0.6070454812979917,1.0,0.0,1.0,0.0,0.007034156062120512,0.07536758550025979
odor_left,ensayo,285,-0.2264298356732904,-0.13625073217616865,0.7360543690455066,-0.393672846138564,0.652172085467926,-0.6071043445257129,1.0,0.0,1.0,0.0,0.006936689265517269,0.075759985518431
odor_left,ensayo,286,-0.22624493059670236,-0.13631938473332816,0.7362387393321991,-0.3937373206805207,0.6523602749151665,-0.6071633229639757,1.0,0.0,1.0,0.0,0.006836658340566112,0.07614680131260343
odor_left,ensayo,287,-0.2260600339346908,-0.13638806789709926,0.7364230755637753,-0.39380192183313323,0.6525484088139637,-0.6072224198243883,1.0,0.0,1.0,0.0,0.006734616977887238,0.0765278884589975
odor_left,ensayo,288,-0.22587514599435565,-0.13645678242599504,0.7366073769186009,-0.3938666523278159,0.6527364858855416,-0.6072816376588475,1.0,0.0,1.0,0.0,0.006631116946388841,0.07690313427471551
odor_left,ensayo,289,-0.22569026703519737,-0.13652552890568412,0.7367916427656009,-0.3939315141875229,0.6529245051609824,-0.6073409783576617,1.0,0.0,1.0,0.0,0.006526714089626571,0.0772724578600048
odor_left,ensayo,290,-0.2255053972680391,-0.13659430774734804,0.7369758726660458,-0.3939965087225218,0.6531124659835266,-0.6074004431455263,1.0,0.0,1.0,0.0,0.006421968369235275,0.07763581026077304
odor_left,ensayo,291,-0.22532053685424486,-0.13666311918671797,0.7371600663744594,-0.394061636528839,0.6533003680096366,-0.6074600325800207,1.0,0.0,1.0,0.0,0.006317436233212573,0.07799317449780574
odor_left,ensayo,292,-0.22513568590533925,-0.1367319632845694,0.7373442238379214,-0.39412689749251933,0.6534882112075623,-0.6075197465555727,1.0,0.0,1.0,0.0,0.006213665169824164,0.07834456531821843
odor_left,ensayo,293,-0.22495084448314148,-0.13680083992919562,0.7375283451931441,-0.39419229080211443,0.6536759958523743,-0.6075795843151408,1.0,0.0,1.0,0.0,0.006111184350595932,0.07869002855863982
odor_left,ensayo,294,-0.2247660126004477,-0.13686974884111142,0.7377124307611038,-0.39425781497038187,0.653863722517044,-0.6076395444705126,1.0,0.0,1.0,0.0,0.00601049772948031,0.07902964008309254
odor_left,ensayo,295,-0.224581190222162,-0.13693868957954955,0.7378964810397719,-0.39432346786332606,0.6540513920603613,-0.607699625029458,1.0,0.0,1.0,0.0,0.005912080573254969,0.07936350439567263
odor_left,ensayo,296,-0.22439637726696246,-0.13700766155091082,0.7380804966946146,-0.39438924673742826,0.6542390056112569,-0.6077598234305257,1.0,0.0,1.0,0.0,0.005816370471401866,0.07969175288098995
odor_left,ensayo,297,-0.2242115736095275,-0.13707666401933633,0.7382644785468063,-0.39445514828555706,0.6544265645493847,-0.607820136585958,1.0,0.0,1.0,0.0,0.00572376145610947,0.08001454165247424
odor_left,ensayo,298,-0.22402677908313423,-0.13714569611861338,0.738448427560054,-0.3945211686880998,0.6546140704833829,-0.607880560929462,1.0,0.0,1.0,0.0,0.005634604128650809,0.08033204918368142
odor_left,ensayo,299,-0.2238419934825376,-0.1372147568648168,0.7386323448266219,-0.3945873036669153,0.6548015252278084,-0.6079410924665886,1.0,0.0,1.0,0.0,0.005549204310626,0.08064447383102902
odor_left,ensayo,300,-0.22365721656719026,-0.1372838451698636,0.7388162315523249,-0.39465354854283663,0.6549889307784469,-0.6080017268284331,1.0,0.0,1.0,0.0,0.0054678189101404935,0.08095203120240058
odor_left,ensayo,301,-0.22347244806457167,-0.13735295985519116,0.7390000890415239,-0.39471989829307597,0.6551762892875861,-0.6080624593252255,1.0,0.0,1.0,0.0,0.005390662044673336,0.08125495155613294
odor_left,ensayo,302,-0.22328768767342622,-0.13742209966452756,0.7391839186831448,-0.3947863476043922,0.6553636030409551,-0.6081232849959346,1.0,0.0,1.0,0.0,0.005317910568482758,0.08155347742004437
odor_left,ensayo,303,-0.22310293506721438,-0.13749126327686387,0.7393677219363095,-0.39485289092703113,0.6555508744342231,-0.6081841986586143,1.0,0.0,1.0,0.0,0.00524969546995668,0.08184786116493115
odor_left,ensayo,304,-0.22291818989783768,-0.1375604493203481,0.7395515003149844,-0.3949195225320598,0.6557381059480261,-0.6082451949639601,1.0,0.0,1.0,0.0,0.005186100586845659,0.08213836241523609
odor_left,ensayo,305,-0.2227334517994151,-0.13762965638625735,0.7397352553726446,-0.39498623656864706,0.6559253001229985,-0.6083062684488088,1.0,0.0,1.0,0.0,0.005127166514102316,0.08242524547580388
odor_left,ensayo,306,-0.2225487203920228,-0.13769888304252229,0.7399189886874387,-0.3950530271192688,0.6561124595356171,-0.6083674135876844,1.0,0.0,1.0,0.0,0.005072892738601733,0.08270877686717881
odor_left,ensayo,307,-0.22236399528550516,-0.13776812784720785,0.740102701847336,-0.39511988825461586,0.6562995867741075,-0.608428624844076,1.0,0.0,1.0,0.0,0.005023235239226261,0.08298922287207233
odor_left,ensayo,308,-0.22217927608323884,-0.1378373893616829,0.7402863964356932,-0.3951868140868233,0.6564866844150464,-0.608489896720149,1.0,0.0,1.0,0.0,0.004978111385240158,0.08326684716797672
odor_left,ensayo,309,-0.2219945623855094,-0.13790666616203145,0.740470074018908,-0.3952537988149316,0.656673755003258,-0.6085512237991657,1.0,0.0,1.0,0.0,0.004937412363202897,0.0835419088434719
odor_left,ensayo,310,-0.22180985379240412,-0.13797595684805664,0.7406537361366744,-0.39532083676007906,0.6568608010359753,-0.6086126007782848,1.0,0.0,1.0,0.0,0.00490101099112853,0.08381466090207823
odor_left,ensayo,311,-0.22162514990645094,-0.1380452600508518,0.7408373842937046,-0.39538792239467513,0.6570478249495498,-0.6086740224957634,1.0,0.0,1.0,0.0,0.004868760996289533,0.08408534902758902
odor_left,ensayo,312,-0.22144045033528853,-0.13811457444042696,0.7410210199512908,-0.39545505037183115,0.6572348291060953,-0.6087354839584537,1.0,0.0,1.0,0.0,0.004840491474302488,0.08435421030722523
odor_left,ensayo,313,-0.22125575469449918,-0.13818389873425171,0.7412046445178131,-0.39552221555869826,0.6574218157785381,-0.6087969803729933,1.0,0.0,1.0,0.0,0.004816001830998363,0.08462147174961387
odor_left,ensayo,314,-0.22107106261059342,-0.13825323170676612,0.7413882593382276,-0.3955894130740001,0.657608787133974,-0.6088585071809307,1.0,0.0,1.0,0.0,0.004795059062796543,0.08488734860009117
odor_left,ensayo,315,-0.22088637372416745,-0.13832257219986668,0.7415718656824712,-0.39565663832989384,0.6577957452152243,-0.6089200600978993,1.0,0.0,1.0,0.0,0.004777393603910675,0.08515204245142627
odor_left,ensayo,316,-0.22070168769332335,-0.13839191913466298,0.7417554647324319,-0.39572388707938894,0.6579826919200348,-0.6089816351579842,1.0,0.0,1.0,0.0,0.004762693585253063,0.08541573909329259
odor_left,ensayo,317,-0.2205170041978061,-0.1384612715262674,0.7419390575653818,-0.3957911554770394,0.6581696289746435,-0.609043228770534,1.0,0.0,1.0,0.0,0.004750584435249924,0.08567860571838537
odor_left,ensayo,318,-0.22033232294398758,-0.13853062850253475,0.7421226451331102,-0.39585844015626415,0.6583565579003338,-0.6091048377925432,1.0,0.0,1.0,0.0,0.00474061701719551,0.08594078734859067
odor_left,ensayo,319,-0.22014764366983527,-0.13859998932326967,0.742306228240993,-0.39592573830801775,0.6585434799794556,-0.6091664596022158,1.0,0.0,1.0,0.0,0.004732286684663256,0.08620240326308704
odor_left,ensayo,320,-0.2199629661490098,-0.13866935339544925,0.7424898075317019,-0.3959930477423024,0.6587303962285633,-0.6092280921563407,1.0,0.0,1.0,0.0,0.004725060252044256,0.08646354430680958
odor_left,ensayo,321,-0.21977829019371944,-0.13873872028229578,0.742673383475738,-0.39606036692332236,0.6589173073825411,-0.60928973402294,1.0,0.0,1.0,0.0,0.004718401930630091,0.08672427147476469
odor_left,ensayo,322,-0.21959361565651225,-0.13880808970681835,0.742856956367879,-0.39612769498105616,0.6591042138886015,-0.6093513843918755,1.0,0.0,1.0,0.0,0.00471178563207549,0.08698461558458348
odor_left,ensayo,323,-0.21940894243139886,-0.13887746155196162,0.743040526327202,-0.39619503170829157,0.659291115906495,-0.6094130430719553,1.0,0.0,1.0,0.0,0.004704698134103774,0.08724457757813298
odor_left,ensayo,324,-0.21922427045463852,-0.13894683585936182,0.7432240932984775,-0.396262377551749,0.6594780133113222,-0.609474710482601,1.0,0.0,1.0,0.0,0.00469663680348936,0.08750412904268501
odor_left,ensayo,325,-0.21903959970528547,-0.13901621282759188,0.7434076570541804,-0.39632973360117,0.6596649056974473,-0.6095363876436879,1.0,0.0,1.0,0.0,0.004687109787445363,0.08776321278685373
odor_left,ensayo,326,-0.21885493020562774,-0.1390855928105267,0.7435912171962534,-0.39639710157937336,0.6598517923821015,-0.6095980761663157,1.0,0.0,1.0,0.0,0.004675631541707857,0.08802174334067558
odor_left,ensayo,327,-0.2186702620215932,-0.1391549763162323,0.7437747731573408,-0.3964644838349674,0.6600386724080541,-0.6096597782460882,1.0,0.0,1.0,0.0,0.004661720370072756,0.08827960731133544
odor_left,ensayo,328,-0.21848559526304256,-0.13922436400602275,0.7439583242018689,-0.39653188333615963,0.660225544545917,-0.6097214966574065,1.0,0.0,1.0,0.0,0.004644899623407926,0.0885366636845788
odor_left,ensayo,329,-0.2183009300837756,-0.1392937566927933,0.7441418694279958,-0.3965993036618163,0.6604124072976894,-0.6097832347451592,1.0,0.0,1.0,0.0,0.004624703737368897,0.08879274426200823
odor_left,ensayo,330,-0.21811626668118175,-0.13936315533811142,0.7443254077709328,-0.3966667489876335,0.6605992589024219,-0.6098449964118153,1.0,0.0,1.0,0.0,0.004600682642599082,0.08904765433095463
odor_left,ensayo,331,-0.2179316052957673,-0.13943256104887894,0.7445089380066188,-0.39673422407092324,0.6607860973424944,-0.6099067861032318,1.0,0.0,1.0,0.0,0.0045723976627807155,0.08930117338127275
odor_left,ensayo,332,-0.2177469462105574,-0.13950197507382048,0.7446924587556314,-0.39680173423474635,0.660972920350261,-0.6099686087938617,1.0,0.0,1.0,0.0,0.004539424157961405,0.08955305584461826
odor_left,ensayo,333,-0.21756228975015168,-0.13957139879884936,0.7448759684884239,-0.39686928534739074,0.6611597254167301,-0.610030469967587,1.0,0.0,1.0,0.0,0.004501359267210138,0.0898030320578016
odor_left,ensayo,334,-0.21737763627942946,-0.1396408337410547,0.7450594655320486,-0.39693688379631276,0.6613465098026241,-0.6100923755933645,1.0,0.0,1.0,0.0,0.004457824993833871,0.09005080948205091
odor_left,ensayo,335,-0.21719298620209446,-0.1397102815420883,0.7452429480774498,-0.3970045364598212,0.661533270550425,-0.6101543320987737,1.0,0.0,1.0,0.0,0.004408466272919437,0.09029607401035378
odor_left,ensayo,336,-0.21700833995896604,-0.13977974396082035,0.7454264141876434,-0.39707225067566937,0.6617200044978264,-0.6102163463406802,1.0,0.0,1.0,0.0,0.004352956755405446,0.0905384914145202
odor_left,ensayo,337,-0.2168236980256687,-0.13984922286375495,0.7456098618084921,-0.3971400342001632,0.6619067082952578,-0.6102784255669981,1.0,0.0,1.0,0.0,0.004291012991708171,0.0907777092493518
odor_left,ensayo,338,-0.2166390609096268,-0.1399187202125031,0.7457932887827186,-0.3972078951550936,0.6620933784286089,-0.610340577367045,1.0,0.0,1.0,0.0,0.004222403723463993,0.09101335932601273
odor_left,ensayo,339,-0.21645442914647076,-0.1399882380487759,0.7459766928665561,-0.39727584196438653,0.6622800112463296,-0.61040280961229,1.0,0.0,1.0,0.0,0.004146955675812092,0.09124506064898696
odor_left,ensayo,340,-0.2162698032960895,-0.14005777847800832,0.7461600717478065,-0.39734388328528264,0.6624666029889461,-0.6104651303920288,1.0,0.0,1.0,0.0,0.004064552640377139,0.09147242257623134
odor_left,ensayo,341,-0.21608518393862414,-0.1401273436530885,0.7463434230636681,-0.39741202794035924,0.6626531498183409,-0.6105275479498922,1.0,0.0,1.0,0.0,0.003975129124575175,0.0916950479009131
odor_left,ensayo,342,-0.21590057167027854,-0.1401969357580094,0.7465267444187551,-0.3974802848493436,0.6628396478472751,-0.6105900706201755,1.0,0.0,1.0,0.0,0.0038786751500594287,0.0919125359327495
odor_left,ensayo,343,-0.21571596709862972,-0.14026655698994564,0.7467100334049904,-0.397548662954538,0.6630260931717396,-0.6106527067581602,1.0,0.0,1.0,0.0,0.0037752467666229083,0.09212448588795041
odor_left,ensayo,344,-0.21553137083753865,-0.14033620953979323,0.7468932876230443,-0.39761717114030365,0.6632124819058139,-0.6107154646648584,1.0,0.0,1.0,0.0,0.003664966722298954,0.09233050054740488
odor_left,ensayo,345,-0.21534678350207745,-0.14040589557295446,0.7470765047033602,-0.3976858181541141,0.6633988102159555,-0.6107783525132666,1.0,0.0,1.0,0.0,0.0035480153400516807,0.09253018980757588
odor_left,ensayo,346,-0.21516220570354394,-0.14047561721104576,0.7472596823261846,-0.3977546125316775,0.6635850743536791,-0.6108413782784504,1.0,0.0,1.0,0.0,0.003424628450587302,0.09272317402292174
odor_left,ensayo,347,-0.21497763804443037,-0.14054537651394197,0.7474428182412878,-0.3978235625237683,0.6637712706876064,-0.6109045496692151,1.0,0.0,1.0,0.0,0.0032950983510588046,0.0929090872691063
odor_left,ensayo,348,-0.21479308111324735,-0.14061517546154673,0.747625910288013,-0.3978926760221767,0.6639573957359214,-0.6109678740589206,1.0,0.0,1.0,0.0,0.003159776545044276,0.09308758065449751
odor_left,ensayo,349,-0.21460853547931918,-0.14068501593556712,0.747808956415274,-0.3979619604860663,0.6641434461986923,-0.6110313584166794,1.0,0.0,1.0,0.0,0.0030190703932667165,0.09325832560611502
odor_left,ensayo,350,-0.21442400168779802,-0.14075489970235888,0.7479919547002403,-0.3980314228731499,0.6643294189881387,-0.6110950092430668,1.0,0.0,1.0,0.0,0.0028734350208802226,0.09342101691541416
odor_left,ensayo,351,-0.21423948025525863,-0.14082482839842939,0.7481749033639871,-0.3981010695824827,0.6645153112540372,-0.6111588325167376,1.0,0.0,1.0,0.0,0.0027233572828652334,0.09357537521603376
odor_left,ensayo,352,-0.21405497166586562,-0.14089480351884232,0.7483578007840346,-0.398170906409534,0.6647011204039919,-0.6112228336525309,1.0,0.0,1.0,0.0,0.0025693491402508065,0.09372114888896022
odor_left,ensayo,353,-0.21387047636788642,-0.14096482640739808,0.7485406455050235,-0.39824093850880926,0.664886844120482,-0.6112870174665948,1.0,0.0,1.0,0.0,0.0024119461435715846,0.09385811563953439
odor_left,ensayo,354,-0.21368599477079017,-0.14103489824913046,0.748723436246716,-0.3983111703666356,0.6650724803735352,-0.6113513881510014,1.0,0.0,1.0,0.0,0.0022516931462420956,0.09398608360254457
odor_left,ensayo,355,-0.213501527242883,-0.14110502006514763,0.748906171909504,-0.3983816057835793,0.6652580274292702,-0.6114159492573561,1.0,0.0,1.0,0.0,0.002089141326903278,0.09410489201593464
odor_left,ensayo,356,-0.2133170741090984,-0.14117519270806284,0.7490888515794349,-0.39845224785903033,0.665443483857452,-0.61148070368238,1.0,0.0,1.0,0.0,0.0019248540095558894,0.09421441183238244
odor_left,ensayo,357,-0.21313263564856252,-0.1412454168560993,0.7492714745348293,-0.39852309896980886,0.665628848541458,-0.611545653647836,1.0,0.0,1.0,0.0,0.0017594182551908609,0.09431454665389083
odor_left,ensayo,358,-0.21294821209217113,-0.1413156930064373,0.7494540402535365,-0.3985941607455795,0.6658141206894201,-0.611610800677463,1.0,0.0,1.0,0.0,0.0015934397089553093,0.09440523381681487
odor_left,ensayo,359,-0.21276380362050548,-0.1413860214695372,0.7496365484190368,-0.3986654340481095,0.6659992998436965,-0.611676145577556,1.0,0.0,1.0,0.0,0.0014275348370902457,0.09448644527918759
odor_left,ensayo,360,-0.21257941036219752,-0.1414564023652145,0.7498189989245617,-0.3987369189576478,0.6661843858872819,-0.6117416884242337,1.0,0.0,1.0,0.0,0.0012623236355947362,0.09455818816527994
odor_left,ensayo,361,-0.21239503239264856,-0.1415268356202165,0.7500013918756733,-0.3988086147653882,0.6663693790476655,-0.6118074285564108,1.0,0.0,1.0,0.0,0.0010984272191329472,0.09462050503356068
odor_left,ensayo,362,-0.21221066973306218,-0.1415973209669765,0.7501837275915312,-0.3988805199708051,0.666554279898544,-0.6118733645733079,1.0,0.0,1.0,0.0,0.000936464149238769,0.09467347392816805
odor_left,ensayo,363,-0.21202632234992724,-0.14166785794402928,0.7503660066042718,-0.3989526322859788,0.6667390893585036,-0.6119394943385019,1.0,0.0,1.0,0.0,0.0007770419869025104,0.09471720810722672
odor_left,ensayo,364,-0.21184199015478655,-0.14173844589756854,0.7505482296572432,-0.39902494864434745,0.6669238086877791,-0.6120058149881031,1.0,0.0,1.0,0.0,0.0006207591609575789,0.0947518555839224
odor_left,ensayo,365,-0.21165767300424584,-0.14180908398368747,0.7507303977024826,-0.3990974652122581,0.6671084394837435,-0.6120723229415316,1.0,0.0,1.0,0.0,0.0004682018209701331,0.09477759855181489
odor_left,ensayo,366,-0.2114733707002524,-0.14187977117144387,0.7509125118972602,-0.39917017740374805,0.6672929836749276,-0.6121390139153038,1.0,0.0,1.0,0.0,0.00031994140728375866,0.09479465266966258
odor_left,ensayo,367,-0.21128908299065166,-0.1419505062467811,0.7510945735997019,-0.3992430798986957,0.6674774435135546,-0.6122058829399805,1.0,0.0,1.0,0.0,0.00017653185476756931,0.09480326619706148
odor_left,ensayo,368,-0.21110480957014222,-0.1420212878178053,0.7512765843628345,-0.3993161666665524,0.6676618215656085,-0.6122729243823324,1.0,0.0,1.0,0.0,3.8502286001404266e-05,0.09480371886999706
odor_left,ensayo,369,-0.21092055008204147,-0.1420921143231544,0.7514585459250827,-0.3993894310031918,0.6678461206952979,-0.6123401319798234,1.0,0.0,1.0,0.0,-9.366192170208562e-05,0.09479632014597428
odor_left,ensayo,370,-0.21073630412107894,-0.1421629840447162,0.7516404601959323,-0.399462865585912,0.6680303440417751,-0.6124074988920973,1.0,0.0,1.0,0.0,-0.0002195352850941678,0.0947814065949899
odor_left,ensayo,371,-0.21055207123669697,-0.14223389512271217,0.751822329239318,-0.39953646253781816,0.668214494991882,-0.6124750177612005,1.0,0.0,1.0,0.0,-0.00033874650409095806,0.09475933889842736
odor_left,ensayo,372,-0.21036785093653604,-0.1423048455711313,0.7520041552566604,-0.39961021349349873,0.6683985771521541,-0.6125426807729318,1.0,0.0,1.0,0.0,-0.0004509763045172161,0.09473049883470708
odor_left,ensayo,373,-0.210183642690232,-0.14237583329373493,0.7521859405691989,-0.3996841096668913,0.668582594319711,-0.6126104797202224,1.0,0.0,1.0,0.0,-0.0005559619150013917,0.09469528618200229
odor_left,ensayo,374,-0.20999944593343736,-0.1424468561004874,0.7523676875999266,-0.3997581419203161,0.6687665504525424,-0.6126784060676039,1.0,0.0,1.0,0.0,-0.000653494624019763,0.09465411558539927
odor_left,ensayo,375,-0.20981526007162868,-0.1425179117226292,0.7525493988571899,-0.3998323008270211,0.668950449642426,-0.6127464510095664,1.0,0.0,1.0,0.0,-0.0007434059310287056,0.09460741376483384
odor_left,ensayo,376,-0.20963108448374623,-0.14258899782620066,0.7527310769198925,-0.39990657672697183,0.6691342960905587,-0.6128146055225951,1.0,0.0,1.0,0.0,-0.0008255668871497117,0.09455561704592697
odor_left,ensayo,377,-0.2094469185260304,-0.14266011202575402,0.752912724422323,-0.3999809597831704,0.6693180940828631,-0.6128828604177471,1.0,0.0,1.0,0.0,-0.0008998954295798989,0.09449916884517506
odor_left,ensayo,378,-0.2092627615359852,-0.14273125189848337,0.7530943440386223,-0.40005544003919147,0.6695018479648034,-0.6129512063944018,1.0,0.0,1.0,0.0,-0.0009663540327279831,0.09443851709517048
odor_left,ensayo,379,-0.2090786128362162,-0.14280241499770222,0.7532759384680554,-0.40013000747364524,0.6696855621174771,-0.6130196340911253,1.0,0.0,1.0,0.0,-0.0010249434506784886,0.09437411182622668
odor_left,ensayo,380,-0.20889447173779488,-0.1428735988641515,0.7534575104228068,-0.40020465204510974,0.6698692409377165,-0.6130881341275904,1.0,0.0,1.0,0.0,-0.0010756885385246066,0.09430640321718897
odor_left,ensayo,381,-0.20871033754303797,-0.1429448010344131,0.7536390626189265,-0.4002793637247175,0.6700528888233405,-0.613156697134927,1.0,0.0,1.0,0.0,-0.0011186284992727347,0.09423584023099352
odor_left,ensayo,382,-0.20852620954804288,-0.1430160190478484,0.7538205977687222,-0.4003541325226265,0.6702365101609782,-0.6132253137803992,1.0,0.0,1.0,0.0,-0.0011538204664490025,0.0941628695082386
odor_left,ensayo,383,-0.20834208704520354,-0.14308725045347137,0.7540021185731672,-0.40042894851412103,0.6704201093141162,-0.6132939747917875,1.0,0.0,1.0,0.0,-0.0011813420086478825,0.09408793424771034
odor_left,ensayo,384,-0.20815796932572606,-0.14315849281708115,0.7541836277140195,-0.40050380186684065,0.6706036906107433,-0.6133626709828607,1.0,0.0,1.0,0.0,-0.0012012926332085024,0.09401147301679202
odor_left,ensayo,385,-0.2079738556823034,-0.14322974372928862,0.7543651278448976,-0.4005786828720928,0.6707872583293373,-0.613431393282689,1.0,0.0,1.0,0.0,-0.0012138009018297401,0.09393391835322973
odor_left,ensayo,386,-0.20778974541217252,-0.14330100081545166,0.7545466215801666,-0.40065358198450884,0.6709708166813511,-0.613500132772784,1.0,0.0,1.0,0.0,-0.0012190347419745685,0.09385569495907475
odor_left,ensayo,387,-0.20760563782052746,-0.14337226174753143,0.7547281114817889,-0.4007284898699216,0.6711543697903,-0.6135688807319297,1.0,0.0,1.0,0.0,-0.0012172056907975145,0.09377721751189938
odor_left,ensayo,388,-0.2074215322241716,-0.14344352425721674,0.7549096000448031,-0.40080339745872823,0.6713379216685017,-0.6136376286861154,1.0,0.0,1.0,0.0,-0.0012085710188485838,0.09369888823326278
odor_left,ensayo,389,-0.20723742795541872,-0.14351478615013194,0.7550910896816297,-0.40087829600396885,0.671521476191812,-0.6137063684628614,1.0,0.0,1.0,0.0,-0.001193437737956022,0.09362109424810683
odor_left,ensayo,390,-0.20705332436632418,-0.1435860453213733,0.7552725827048568,-0.4009531771450554,0.6717050370718941,-0.6137750922508155,1.0,0.0,1.0,0.0,-0.0011721681534386632,0.09354420468594071
odor_left,ensayo,391,-0.20686922083300233,-0.1436572997714577,0.7554540813097438,-0.40102803297293466,0.6718886078278903,-0.6138437926606708,1.0,0.0,1.0,0.0,-0.0011451744621346167,0.09346856773856871
odor_left,ensayo,392,-0.2066851167595252,-0.14372854762037957,0.7556355875589665,-0.40110285608684265,0.6720721917615546,-0.6139124627781478,1.0,0.0,1.0,0.0,-0.0011129024382703656,0.0933945081527554
odor_left,ensayo,393,-0.20650101158120993,-0.14379978711854188,0.7558171033708521,-0.40117763963770003,0.6722557919379818,-0.6139810962044526,1.0,0.0,1.0,0.0,-0.0010758196494925676,0.09332232536911533
odor_left,ensayo,394,-0.20631690476739825,-0.1438710166549906,0.7559986305104651,-0.4012523773599278,0.6724394111711407,-0.614049687085902,1.0,0.0,1.0,0.0,-0.0010344091963890916,0.09325229219550124
odor_left,ensayo,395,-0.2061327958237165,-0.14394223476320467,0.7561801705834165,-0.40132706359261594,0.6726230520139511,-0.6141182301336282,1.0,0.0,1.0,0.0,-0.000989160653435483,0.09318465396603415
odor_left,ensayo,396,-0.20594868429396396,-0.14401344012514994,0.7563617250314796,-0.40140169329341435,0.6728067167514795,-0.614186720636512,1.0,0.0,1.0,0.0,-0.0009405693739542539,0.09311962801359641
odor_left,ensayo,397,-0.20576456976199106,-0.14408463157533885,0.7565432951280546,-0.4014762620526552,0.6729904073941073,-0.6142551544743948,1.0,0.0,1.0,0.0,-0.000889144037633508,0.0930574030915352
odor_left,ensayo,398,-0.20558045185354515,-0.1441558081052531,0.7567248819733097,-0.40155076610899126,0.6731741256702004,-0.6143235281327437,1.0,0.0,1.0,0.0,-0.0008354053531727134,0.09299813870717344
odor_left,ensayo,399,-0.20539633023757428,-0.14422696886602226,0.7569064864914844,-0.4016252023575706,0.6733578730220509,-0.6143918387102979,1.0,0.0,1.0,0.0,-0.0007798695476321726,0.0929419648252292
odor_left,ensayo,400,-0.20521220462695547,-0.1442981131686487,0.7570881094308004,-0.40169956834830106,0.6735416506060042,-0.6144600839174145,1.0,0.0,1.0,0.0,-0.0007230436982502991,0.09288898203533336
odor_right,preparacion,40,-0.2791675036053901,-0.11658753415624147,0.6836288074148988,-0.37459875250212443,0.5987824531108439,-0.5896579917604854,0.0,0.0,0.0,0.0,0.004199516800963489,0.006079349371162834
odor_right,ensayo,1,-0.2789804383608842,-0.11665552138905896,0.6838146278213622,-0.3746653556215357,0.5989715734046812,-0.5897187910605738,0.0,1.0,0.0,1.0,0.0040281143332476866,0.0002328401748457054
odor_right,ensayo,2,-0.2787934462989891,-0.1167235796064367,0.6840003301651338,-0.37473219266988816,0.5991605382963978,-0.5897798102977022,0.0,1.0,0.0,1.0,0.003854225383967002,0.00045578999240092344
odor_right,ensayo,3,-0.2786065291542365,-0.11679170983114302,0.6841859120201078,-0.3747992674539361,0.5993493446970506,-0.5898410530099168,0.0,1.0,0.0,1.0,0.0036789303270010707,0.0006686992380764423
odor_right,ensayo,4,-0.2784196879201134,-0.11685991275705597,0.6843713719964868,-0.37486658234738374,0.5995379908050855,-0.5899025214009508,0.0,1.0,0.0,1.0,0.0035032845745324344,0.0008714826842322054
odor_right,ensayo,5,-0.27823292297012564,-0.11692818874566385,0.6845567096099261,-0.37493413832262457,0.5997264759673181,-0.5899642163688192,0.0,1.0,0.0,1.0,0.0033283101107398246,0.0010641179841002213
odor_right,ensayo,6,-0.27804623415986757,-0.11699653782700693,0.6847419251691076,-0.37500193498923484,0.5999148005578482,-0.5900261375409631,0.0,1.0,0.0,1.0,0.003154996043524709,0.0012466434318980646
odor_right,ensayo,7,-0.2778596209131213,-0.11706495970420193,0.6849270196787081,-0.3750699706384398,0.600102965871878,-0.5900882833151626,0.0,1.0,0.0,1.0,0.002984292590181855,0.0014191555821412294
odor_right,ensayo,8,-0.27767308229468135,-0.11713345376166115,0.6851119947543994,-0.37513824229594117,0.6002909740306096,-0.5901506509084247,0.0,1.0,0.0,1.0,0.002817102846817713,0.0015818065806456616
odor_right,ensayo,9,-0.2774866170721966,-0.11720201907721617,0.6852968525469605,-0.37520674578560564,0.6004788278938031,-0.5902132364161523,0.0,1.0,0.0,1.0,0.002654272224743403,0.0017348010659645752
odor_right,ensayo,10,-0.2773002237686929,-0.11727065443729391,0.685481595674337,-0.375275475801451,0.600666530979112,-0.5902760348791471,0.0,1.0,0.0,1.0,0.0024965868725248088,0.0018783927627055164
odor_right,ensayo,11,-0.27711390070721414,-0.11733935835419057,0.6856662271607643,-0.3753444259851188,0.6008540873876945,-0.5903390403557862,0.0,1.0,0.0,1.0,0.0023447702757788233,0.002012880884990409
odor_right,ensayo,12,-0.27692764604889913,-0.11740812908519085,0.6858507503815523,-0.3754135890084764,0.6010415017347513,-0.5904022459990248,0.0,1.0,0.0,1.0,0.0021994791821216128,0.0021386063508543884
odor_right,ensayo,13,-0.2767414578255568,-0.11747696465321111,0.6860351690127224,-0.375482956660546,0.6012287790842863,-0.5904656441374854,0.0,1.0,0.0,1.0,0.002061301332557387,0.0022559478334471805
odor_right,ensayo,14,-0.2765553339676986,-0.11754586286889186,0.6862194869842903,-0.375552519938977,0.6014159248868398,-0.5905292263608055,0.0,1.0,0.0,1.0,0.0019307507377736028,0.0023653176294260447
odor_right,ensayo,15,-0.2763692723286266,-0.11761482135337215,0.6864037084374177,-0.3756222691429878,0.601602944920861,-0.5905929836063831,0.0,1.0,0.0,1.0,0.00180827136879091,0.00246715749213422
odor_right,ensayo,16,-0.2761832707050247,-0.11768383756061584,0.6865878376857029,-0.37569219396338954,0.6017898452386876,-0.5906569062433656,0.0,1.0,0.0,1.0,0.0016942423686291987,0.002561934634144336
odor_right,ensayo,17,-0.2759973268546219,-0.11775290879913174,0.6867718791801976,-0.3757622835693917,0.6019766321168075,-0.5907209841536539,0.0,1.0,0.0,1.0,0.0015889792284832461,0.0026501378935677167
odor_right,ensayo,18,-0.2758114385114148,-0.11782203225320914,0.6869558374774043,-0.37583252669275846,0.6021633120095974,-0.5907852068104359,0.0,1.0,0.0,1.0,0.001492735799105739,0.002732274029568771
odor_right,ensayo,19,-0.27562560339893255,-0.117891205004067,0.6871397172093924,-0.37590291171129586,0.6023498915053622,-0.5908495633561296,0.0,1.0,0.0,1.0,0.0014057019680418187,0.0028088640430610212
odor_right,ensayo,20,-0.27543981924198074,-0.11796042405144974,0.6873235230550505,-0.3759734267340223,0.6025363772833039,-0.5909140426819179,0.0,1.0,0.0,1.0,0.0013280005871430874,0.002880439410830604
odor_right,ensayo,21,-0.2752540837770717,-0.11802968633548842,0.6875072597124964,-0.3760440596872886,0.602722776071509,-0.5909786335081886,0.0,1.0,0.0,1.0,0.0012596885265780823,0.002947538275606121
odor_right,ensayo,22,-0.2750683947617085,-0.11809898875845976,0.6876909318727038,-0.3761147984004603,0.6029090946062111,-0.5910433244645493,0.0,1.0,0.0,1.0,0.0012007575705368322,0.0030107016610827486
odor_right,ensayo,23,-0.27488274998275264,-0.11816832820649756,0.687874544194088,-0.3761856306914786,0.6030953395920383,-0.591108104169738,0.0,1.0,0.0,1.0,0.001151133568255595,0.0030704696909538143
odor_right,ensayo,24,-0.2746971472638232,-0.11823770157045826,0.6880581012788707,-0.3762565444486964,0.6032815176646127,-0.591172961308032,0.0,1.0,0.0,1.0,0.001110684777817982,0.0031273779935077073
odor_right,ensayo,25,-0.2745115844716428,-0.11830710576482273,0.6882416076522355,-0.3763275277044195,0.6034676353572499,-0.5912378846978771,0.0,1.0,0.0,1.0,0.0010792312880879603,0.003181954506544571
odor_right,ensayo,26,-0.2743260595214795,-0.11837653774462495,0.688425067744095,-0.3763985687002468,0.6036536990716401,-0.5913028633528549,0.0,1.0,0.0,1.0,0.0010565496222596025,0.0032347166602164634
odor_right,ensayo,27,-0.27414057038218165,-0.11844599452210697,0.6886084858713166,-0.376469655951601,0.603839715049254,-0.5913678865419354,0.0,1.0,0.0,1.0,0.0010423642446909672,0.0032861685631075943
odor_right,ensayo,28,-0.27395511508122405,-0.11851547318491384,0.688791866218442,-0.376540778318975,0.6040256893402816,-0.5914329438560696,0.0,1.0,0.0,1.0,0.0010363372253448632,0.0033367978383012087
odor_right,ensayo,29,-0.27376969170972915,-0.11858497091570563,0.68897521281716,-0.37661192508523983,0.604211627770334,-0.5914980252804585,0.0,1.0,0.0,1.0,0.001038067037757191,0.003387072169999783
odor_right,ensayo,30,-0.27358429842727655,-0.11865448501200382,0.6891585295257852,-0.3766830860341338,0.6043975359068671,-0.5915631212678946,0.0,1.0,0.0,1.0,0.0010470918582643255,0.0034374358089053203
odor_right,ensayo,31,-0.2733989334664484,-0.11872401290557473,0.6893418200093602,-0.37675425152702735,0.6045834190264363,-0.5916282228104557,0.0,1.0,0.0,1.0,0.0010628922511643302,0.0034883061706239005
odor_right,ensayo,32,-0.27321359513726323,-0.11879355218167181,0.6895250877199549,-0.3768254125793325,0.6047692820822004,-0.5916933215108664,0.0,1.0,0.0,1.0,0.0010848887767816705,0.003540070447115795
odor_right,ensayo,33,-0.273028281831434,-0.11886310059790138,0.6897083358774789,-0.3768965609352362,0.6049551296721994,-0.5917584096522837,0.0,1.0,0.0,1.0,0.0011124467391364736,0.0035930823010801305
odor_right,ensayo,34,-0.2728429920259219,-0.11893265610043968,0.6898915674537033,-0.3769676891309117,0.6051409660126185,-0.5918234802572688,0.0,1.0,0.0,1.0,0.0011448967645435342,0.00364765913045062
odor_right,ensayo,35,-0.27265772428549356,-0.11900221683584922,0.6900747851611957,-0.3770387905391415,0.6053267949189363,-0.5918885271293429,0.0,1.0,0.0,1.0,0.0011815523232117072,0.003704080220529704
odor_right,ensayo,36,-0.27247247726450996,-0.11907178115923175,0.6902579914461191,-0.3771098593986236,0.6055126197935589,-0.5919535448802421,0.0,1.0,0.0,1.0,0.0012217158378594996,0.00376258559111875
odor_right,ensayo,37,-0.27228724970815094,-0.1191413476399235,0.6904411884836904,-0.37718089083290374,0.6056984436179725,-0.5920185289475413,0.0,1.0,0.0,1.0,0.001264683799982594,0.0038233752933081178
odor_right,ensayo,38,-0.27210204045297626,-0.11921091506462807,0.6906243781764752,-0.3772518808584564,0.60588426894961,-0.5920834756021633,0.0,1.0,0.0,1.0,0.0013097576712170448,0.003886609192107926
odor_right,ensayo,39,-0.2719168484270406,-0.11928048243876606,0.6908075621545022,-0.37732282638577275,0.6060700979218049,-0.5921483819493973,0.0,1.0,0.0,1.0,0.0013562424706437255,0.003952407039292893
odor_right,ensayo,40,-0.27173167264988085,-0.1193500489876068,0.6909907417754525,-0.3773937252199811,0.6062559322440328,-0.592213245929525,0.0,1.0,0.0,1.0,0.0014034421343568594,0.00402084852629514
odor_right,ensayo,41,-0.2715465122322999,-0.11941961415714274,0.691173918125189,-0.37746457606067124,0.6064417732026601,-0.592278066317731,0.0,1.0,0.0,1.0,0.001450663319689959,0.004091973356963763
odor_right,ensayo,42,-0.27136136637579694,-0.11948917761391391,0.6913570920194381,-0.3775353784977417,0.6066276216634539,-0.5923428427202727,0.0,1.0,0.0,1.0,0.0014972206634207704,0.004165781502763366
odor_right,ensayo,43,-0.2711762343714946,-0.1195587392430065,0.6915402640075063,-0.37760613299990003,0.6068134780772824,-0.5924075755637632,0.0,1.0,0.0,1.0,0.001542445816211442,0.004242233803296358
odor_right,ensayo,44,-0.270991115598516,-0.1196282991438364,0.6917234343783731,-0.3776768408942047,0.6069993424896437,-0.592472266076063,0.0,1.0,0.0,1.0,0.001585694687914461,0.004321252980361123
odor_right,ensayo,45,-0.2708060095220287,-0.11969785762453007,0.6919066031681724,-0.377747504340184,0.6071852145525372,-0.5925369162621227,0.0,1.0,0.0,1.0,0.0016263467175126989,0.004402724880378628
odor_right,ensayo,46,-0.27062091569093577,-0.11976741519511087,0.6920897701690004,-0.37781812629908845,0.6073710935385047,-0.5926015288752985,0.0,1.0,0.0,1.0,0.0016638108988249408,0.004486499928930243
odor_right,ensayo,47,-0.27043583373508356,-0.11983697255889972,0.6922729349396707,-0.3778887104959055,0.6075569783577977,-0.5926661073818899,0.0,1.0,0.0,1.0,0.0016975332295301728,0.004572394916124267
odor_right,ensayo,48,-0.27025076336192894,-0.1199065306017993,0.6924560968187918,-0.3779592613727759,0.6077428675792815,-0.5927306559176437,0.0,1.0,0.0,1.0,0.0017270042423569753,0.004660195175517856
odor_right,ensayo,49,-0.27006570435253135,-0.11997609037892143,0.6926392549407524,-0.37802978403141296,0.607928759456051,-0.5927951792339639,0.0,1.0,0.0,1.0,0.0017517704705530348,0.004749657270963326
odor_right,ensayo,50,-0.2698806565568533,-0.1200456530983798,0.6928224082548052,-0.3781002841639272,0.6081146519560668,-0.5928596826332948,0.0,1.0,0.0,1.0,0.0017714426961230715,0.004840512211615078
odor_right,ensayo,51,-0.26969561988855517,-0.1201152201030504,0.6930055555462085,-0.378170767975515,0.6083005427962853,-0.59292417189692,0.0,1.0,0.0,1.0,0.0017856980659027133,0.004932469016125651
odor_right,ensayo,52,-0.269510594319224,-0.12018479285033074,0.6931886954596246,-0.37824124209892845,0.6084864294804383,-0.5929886532051009,0.0,1.0,0.0,1.0,0.0017942892264737188,0.005025218643055496
odor_right,ensayo,53,-0.2693255798719672,-0.12025437288955498,0.6933718265250616,-0.37831171349948134,0.6086723093409332,-0.593053133048375,0.0,1.0,0.0,1.0,0.0017970516576903438,0.005118438346499943
odor_right,ensayo,54,-0.269140576614954,-0.12032396183928187,0.6935549471835958,-0.37838218938046275,0.6088581795806208,-0.5931176181392808,0.0,1.0,0.0,1.0,0.001793889663012384,0.005211795960150312
odor_right,ensayo,55,-0.26895558465554625,-0.12039356136760704,0.6937380558095423,-0.3784526771020449,0.6090440373089879,-0.5931821153367834,0.0,1.0,0.0,1.0,0.001784755730937257,0.005304953489428499
odor_right,ensayo,56,-0.2687706041349173,-0.12046317317556476,0.693921150729317,-0.3785231841135459,0.6092298795728331,-0.5932466315831956,0.0,1.0,0.0,1.0,0.0017696457384367497,0.005397570068709001
odor_right,ensayo,57,-0.2685856352229045,-0.1205327989821739,0.6941042302385549,-0.3785937178931837,0.6094157033838159,-0.593311173848045,0.0,1.0,0.0,1.0,0.0017485971595550584,0.005489304586774324
odor_right,ensayo,58,-0.26840067811308255,-0.12060244051063787,0.6942872926178967,-0.3786642858932309,0.6096015057436539,-0.59337574907694,0.0,1.0,0.0,1.0,0.0017216850906511005,0.005579818075233334
odor_right,ensayo,59,-0.268215733017954,-0.12067209947513577,0.6944703361481694,-0.37873489548781974,0.6097872836681718,-0.593440364142874,0.0,1.0,0.0,1.0,0.0016890238382093695,0.005668775992546671
odor_right,ensayo,60,-0.2680308001642108,-0.12074177756777071,0.694653359125347,-0.378805553921549,0.609973034210916,-0.5935050257982424,0.0,1.0,0.0,1.0,0.0016507666416363535,0.005755850484149505
odor_right,ensayo,61,-0.26784587978808333,-0.12081147644568123,0.6948363598753033,-0.3788762682587988,0.610158754486415,-0.5935697406275119,0.0,1.0,0.0,1.0,0.001607105187050188,0.005840722616881067
odor_right,ensayo,62,-0.26766097213081846,-0.1208811977184696,0.6950193367681584,-0.37894704533435564,0.6103444416928094,-0.5936345150011082,0.0,1.0,0.0,1.0,0.0015582677707050247,0.005923084553899116
odor_right,ensayo,63,-0.26747607743442137,-0.12095094293651222,0.6952022882315743,-0.379017891707799,0.6105300931328367,-0.5936993550328304,0.0,1.0,0.0,1.0,0.001504513517237781,0.006002641549059717
odor_right,ensayo,64,-0.26729119593758177,-0.12102071357999668,0.6953852127632874,-0.37908881362075775,0.6107157062335624,-0.5937642665399459,0.0,1.0,0.0,1.0,0.0014461330693048167,0.006079113813626691
odor_right,ensayo,65,-0.2671063278715458,-0.12109051104761345,0.6955681089440966,-0.3791598169525332,0.6109012785667612,-0.5938292550017295,0.0,1.0,0.0,1.0,0.0013834543234180184,0.006152238479018024
odor_right,ensayo,66,-0.2669214734557124,-0.12116033664381237,0.6957509754524815,-0.37923090716947666,0.6110868078718786,-0.593894325512133,0.0,1.0,0.0,1.0,0.0013168511365398328,0.00622177187162265
odor_right,ensayo,67,-0.26673663289323507,-0.1212301915655427,0.6959338110795796,-0.37930208927237663,0.6112722920797365,-0.5939594827306065,0.0,1.0,0.0,1.0,0.0012467369183396795,0.006287491867453809
odor_right,ensayo,68,-0.2665518063668683,-0.12130007688984659,0.6961166147431629,-0.37937336774733,0.6114577293347613,-0.5940247308362192,0.0,1.0,0.0,1.0,0.0011735593201934091,0.006349200064761362
odor_right,ensayo,69,-0.2663669940351751,-0.12136999356295833,0.696299385499871,-0.37944474652299326,0.6116431180144767,-0.5940900734877674,0.0,1.0,0.0,1.0,0.0010977926317182938,0.006406723645255852
odor_right,ensayo,70,-0.26618219602934073,-0.12143994239195752,0.6964821225545306,-0.37951622893882053,0.6118284567443273,-0.5941555137941779,0.0,1.0,0.0,1.0,0.0010199241920865667,0.006459916707171942
odor_right,ensayo,71,-0.2659974124507062,-0.12150992403958773,0.6966648252659481,-0.3795878177267197,0.6120137444067643,-0.5942210542974616,0.0,1.0,0.0,1.0,0.0009404433019692512,0.006508660969586799
odor_right,ensayo,72,-0.2658126433686934,-0.12157993902092949,0.6968474931508242,-0.3796595150003065,0.6121989801470763,-0.5942866969627265,0.0,1.0,0.0,1.0,0.0008598434403620043,0.0065528661523899245
odor_right,ensayo,73,-0.26562788881891003,-0.12164998770057654,0.6970301258871445,-0.3797313222462701,0.6123841633782022,-0.5943524431701084,0.0,1.0,0.0,1.0,0.0007786232051834348,0.006592470291366226
odor_right,ensayo,74,-0.26544314880166925,-0.12172007029101015,0.6972127233160917,-0.37980324032086077,0.6125692937832073,-0.5944182937114787,0.0,1.0,0.0,1.0,0.0006972767510020582,0.00662743981854419
odor_right,ensayo,75,-0.26525842328110144,-0.12179018685312776,0.6973952854415268,-0.3798752694552365,0.6127543713139008,-0.5944842487954479,0.0,1.0,0.0,1.0,0.0006162851866776194,0.006657769228752386
odor_right,ensayo,76,-0.2650737121847151,-0.1218603372984745,0.6975778124276709,-0.379947409267613,0.6129393961864888,-0.5945503080587186,0.0,1.0,0.0,1.0,0.000536115046888726,0.006683480446127987
odor_right,ensayo,77,-0.2648890154033653,-0.12193052139281188,0.6977603045952919,-0.38001965878088717,0.6131243688747862,-0.5946164705825353,0.0,1.0,0.0,1.0,0.000457213518768503,0.006704621951655554
odor_right,ensayo,78,-0.2647043327916839,-0.12200073876120769,0.6979427624161759,-0.38009201644643303,0.613309290100664,-0.5946827349148981,0.0,1.0,0.0,1.0,0.00038000304518588754,0.0067212676347594424
odor_right,ensayo,79,-0.26451966416881656,-0.12207098889408662,0.6981251865066238,-0.38016448017150656,0.6134941608228872,-0.5947490990961314,0.0,1.0,0.0,1.0,0.00030488246877387223,0.0067335154979559775
odor_right,ensayo,80,-0.2643350093191889,-0.1221412711529773,0.6983075776213642,-0.38023704734490194,0.6136789822265561,-0.5948155606827823,0.0,1.0,0.0,1.0,0.0002322335236799309,0.006741486474396652
odor_right,ensayo,81,-0.2641503679934986,-0.12221158477648227,0.6984899366470622,-0.38030971486347775,0.6138637557120257,-0.5948821167723359,0.0,1.0,0.0,1.0,0.00016241365241104249,0.006745323205961995
odor_right,ensayo,82,-0.26396573991026007,-0.12228192888808682,0.6986722645936921,-0.38038247916619694,0.6140484828805529,-0.5949487640349939,0.0,1.0,0.0,1.0,9.574507533798172e-05,0.006745188455568041
odor_right,ensayo,83,-0.26378112475792836,-0.12235230250624081,0.6988545625834042,-0.38045533627739847,0.6142331655159557,-0.5950154987541043,0.0,1.0,0.0,1.0,3.2508143822709785e-05,0.006741263089168115
odor_right,ensayo,84,-0.2635965221972668,-0.12242270455539032,0.699036831838521,-0.38052828185362103,0.614417805564729,-0.5950823168698859,0.0,1.0,0.0,1.0,-2.7054043024327545e-05,0.0067337439198240645
odor_right,ensayo,85,-0.2634119318635697,-0.12249313387605223,0.6992190736706951,-0.38060131122598995,0.614602405117914,-0.5951492140189469,0.0,1.0,0.0,1.0,-8.272554947942311e-05,0.006722841798762147
odor_right,ensayo,86,-0.26322735336875974,-0.12256358923367729,0.6994012894713351,-0.3806744194373373,0.6147869663950729,-0.595216185568862,0.0,1.0,0.0,1.0,-0.0001343160153345055,0.006708779965777012
odor_right,ensayo,87,-0.2630427863035806,-0.12263406932732954,0.6995834807021205,-0.3807476012782952,0.6149714917285983,-0.5952832266518195,0.0,1.0,0.0,1.0,-0.00018166385422367228,0.006691792438545008
odor_right,ensayo,88,-0.26285823024042637,-0.1227045728005886,0.6997656488828153,-0.3808208513328666,0.6151559835439385,-0.5953503322071892,0.0,1.0,0.0,1.0,-0.00022465573570508343,0.006672121922548513
odor_right,ensayo,89,-0.26267368473708236,-0.12277509825637953,0.6999477955747038,-0.38089416404037924,0.6153404443328657,-0.5954174970394646,0.0,1.0,0.0,1.0,-0.0002632418694678507,0.0066500169342873505
odor_right,ensayo,90,-0.26248914934080764,-0.12284564427364195,0.7001299223623191,-0.3809675337646473,0.615524876623716,-0.5954847158829062,0.0,1.0,0.0,1.0,-0.00029742786822846006,0.006625728626460159
odor_right,ensayo,91,-0.26230462359231926,-0.12291620942333846,0.7003120308359913,-0.38104095486023953,0.6157092829527211,-0.5955519834633922,0.0,1.0,0.0,1.0,-0.0003272669790905486,0.00659950779618157
odor_right,ensayo,92,-0.26212010702953814,-0.12298679228289487,0.7004941225761538,-0.3811144217318585,0.6158936658381313,-0.5956192945537891,0.0,1.0,0.0,1.0,-0.00035285212344155517,0.006571602244804353
odor_right,ensayo,93,-0.2619355991908123,-0.1230573914479108,0.7006761991407656,-0.38118792888163305,0.6160780277593848,-0.5956866440179942,0.0,1.0,0.0,1.0,-0.0003743003584167403,0.00654225472871417
odor_right,ensayo,94,-0.26175109961754,-0.12312800554067263,0.7008582620562143,-0.3812614709425968,0.6162623711420453,-0.5957540268420627,0.0,1.0,0.0,1.0,-0.00039174297430471687,0.006511701560555139
odor_right,ensayo,95,-0.26156660785653907,-0.1231986332170142,0.7010403128098669,-0.3813350427051357,0.6164466983457078,-0.5958214381588158,0.0,1.0,0.0,1.0,-0.0004053284260236583,0.006480171508286503
odor_right,ensayo,96,-0.26138212346241807,-0.12326927317308647,0.7012223528426356,-0.3814086391428742,0.6166310116521824,-0.5958888732719949,0.0,1.0,0.0,1.0,-0.0004152256598563181,0.006447884686622274
odor_right,ensayo,97,-0.26119764600012635,-0.12333992415303391,0.7014043835404847,-0.38148225544248787,0.6168153132520954,-0.5959563276841324,0.0,1.0,0.0,1.0,-0.0004216313224543589,0.0064150512365017676
odor_right,ensayo,98,-0.2610131750479148,-0.12341058495867187,0.701586406223641,-0.38155588704221977,0.6169996052278436,-0.5960237971326012,0.0,1.0,0.0,1.0,-0.0004247809900000088,0.006381869574227039
odor_right,ensayo,99,-0.26082871020123094,-0.12348125446332883,0.7017684221309816,-0.3816295296885487,0.6171838895288554,-0.5960912776426706,0.0,1.0,0.0,1.0,-0.0004249741719508577,0.00634852375745254
odor_right,ensayo,100,-0.260644251077131,-0.12355193162867001,0.7019504324014697,-0.3817031795050747,0.6173681679417664,-0.5961587655919641,0.0,1.0,0.0,1.0,-0.00042256953932881433,0.006315180309314883
odor_right,ensayo,101,-0.2604597973180282,-0.1236226155191097,0.7021324380587156,-0.38177683305074156,0.6175524420650973,-0.5962262577648004,0.0,1.0,0.0,1.0,-0.00041795390536844443,0.006281985630494091
odor_right,ensayo,102,-0.2602753485948081,-0.12369330531264285,0.7023144399992743,-0.3818504873633862,0.617736713289939,-0.5962937513927427,0.0,1.0,0.0,1.0,-0.0004115385322540612,0.00624906412377868
odor_right,ensayo,103,-0.2600909046098262,-0.12376400031047924,0.7024964389820618,-0.3819241399981138,0.6179209827827512,-0.5963612441903545,0.0,1.0,0.0,1.0,-0.00040376274202577215,0.006216516535488381
odor_right,ensayo,104,-0.2599064650996151,-0.12383469994542852,0.7026784356192968,-0.3819977890598065,0.6181052514707228,-0.5964287343855137,0.0,1.0,0.0,1.0,-0.0003950835723653219,0.006184418565595706
odor_right,ensayo,105,-0.25972202983709813,-0.12390540378810944,0.7028604303698677,-0.3820714332263182,0.6182895200311002,-0.5964962207410055,0.0,1.0,0.0,1.0,-0.0003859672174480642,0.006152819914319707
odor_right,ensayo,106,-0.2595375986332955,-0.12397611155090926,0.7030424235351805,-0.38214507176212337,0.6184737888846016,-0.5965637025672181,0.0,1.0,0.0,1.0,-0.00037688185201046215,0.006121743767238286
odor_right,ensayo,107,-0.2593531713383357,-0.12404682308907823,0.7032244152582595,-0.382218704519707,0.618658058194122,-0.5966311797233738,0.0,1.0,0.0,1.0,-0.00036828392423757104,0.006091186851222119
odor_right,ensayo,108,-0.259168747841845,-0.12411753839913092,0.7034064055257155,-0.3822923319298004,0.6188423278682056,-0.5966986526083526,0.0,1.0,0.0,1.0,-0.0003606133674565725,0.00606111999277914
odor_right,ensayo,109,-0.2589843280731277,-0.12418825761641338,0.7035883941704577,-0.38236595498847026,0.6190265975659444,-0.5967661221486357,0.0,1.0,0.0,1.0,-0.0003542997373679665,0.006031488779655092
odor_right,ensayo,110,-0.2587999120013094,-0.12425898101301056,0.7037703808740217,-0.382439575245847,0.6192108667013477,-0.5968335897878343,0.0,1.0,0.0,1.0,-0.00034976506241394097,0.006002214112101001
odor_right,ensayo,111,-0.25861549963542607,-0.12432970899601822,0.7039523651684986,-0.3825131947967187,0.6193951344470332,-0.5969010574779745,0.0,1.0,0.0,1.0,-0.0003474250513252055,0.005973192651509862
odor_right,ensayo,112,-0.25843109102456424,-0.12440044210649884,0.7041343464376698,-0.3825868162745132,0.619579399736575,-0.5969685276739555,0.0,1.0,0.0,1.0,-0.00034769429524053033,0.005944297097073559
odor_right,ensayo,113,-0.2582466862580425,-0.12447118101910719,0.7043163239174387,-0.38266044284841033,0.6197636612656074,-0.5970360033309261,0.0,1.0,0.0,1.0,-0.0003509870097073957,0.005915376312884746
odor_right,ensayo,114,-0.25806228546542276,-0.12454192654142257,0.704498296696685,-0.38273407821938044,0.619947917493444,-0.5971034879006293,0.0,1.0,0.0,1.0,-0.0003577116087776985,0.0058862555184475696
odor_right,ensayo,115,-0.25787788881607737,-0.12461267961161121,0.7046802637200424,-0.38280772660926565,0.6201321666476557,-0.5971709853211917,0.0,1.0,0.0,1.0,-0.00036825989374085976,0.0058567368238016115
odor_right,ensayo,116,-0.2576934965182351,-0.12468344129384652,0.7048622237931816,-0.3828813927405667,0.6203164067326367,-0.5972384999982115,0.0,1.0,0.0,1.0,-0.00038299961972635874,0.005826600205381283
odor_right,ensayo,117,-0.25750910881771627,-0.12475421277229334,0.7050441755895145,-0.3829550818103767,0.6205006355406194,-0.5973060367803811,0.0,1.0,0.0,1.0,-0.0004022745781086743,0.005795604737244275
odor_right,ensayo,118,-0.25732472599652484,-0.12482499534462763,0.7052261176574091,-0.3830287994624747,0.6206848506635957,-0.5973736009334357,0.0,1.0,0.0,1.0,-0.0004264057901192094,0.005763489884742512
odor_right,ensayo,119,-0.25714034837125765,-0.12489579041510916,0.7054080484279002,-0.3831025517575847,0.620869049506068,-0.5974411981123965,0.0,1.0,0.0,1.0,-0.00045568863461062505,0.005729976873283249
odor_right,ensayo,120,-0.2569559762910849,-0.12496659948620498,0.7055899662241437,-0.38317634513756926,0.6210532293005007,-0.5975088343281322,0.0,1.0,0.0,1.0,-0.0004903831847187714,0.005694770345996858
odor_right,ensayo,121,-0.25677161013506156,-0.12503742414757524,0.7057718692738255,-0.3832501863785812,0.621237387127477,-0.597576515903565,0.0,1.0,0.0,1.0,-0.0005307016483359685,0.005657560546950435
odor_right,ensayo,122,-0.2565872503089887,-0.12510826606307396,0.7059537557236357,-0.3833240825362698,0.6214215199392878,-0.5976442494224667,0.0,1.0,0.0,1.0,-0.0005768086177442954,0.005618025855625319
odor_right,ensayo,123,-0.2564028972419685,-0.12517912695669767,0.7061356236548665,-0.38339804088664664,0.6216056245854417,-0.5977120416742314,0.0,1.0,0.0,1.0,-0.00062881865343566,0.005575835499570303
odor_right,ensayo,124,-0.2562185513825989,-0.12525000859739807,0.706317471100292,-0.3834720688623535,0.6217896978402541,-0.5977798995943584,0.0,1.0,0.0,1.0,-0.0006867918216696265,0.005530652467911068
odor_right,ensayo,125,-0.2560342131949531,-0.1253209127832739,0.7064992960616567,-0.3835461739867352,0.6219737364314528,-0.5978478302029091,0.0,1.0,0.0,1.0,-0.0007507359800987341,0.005482136506145707
odor_right,ensayo,126,-0.2558498831544481,-0.1253918413257267,0.706681096527187,-0.38362036380808473,0.6221577370688256,-0.5979158405431368,0.0,1.0,0.0,1.0,-0.0008206078371838554,0.00542994708388278
odor_right,ensayo,127,-0.2556655617435594,-0.12546279603344265,0.706862870489307,-0.3836946458334272,0.6223416964731375,-0.5979839376196888,0.0,1.0,0.0,1.0,-0.0008963113748597622,0.005373746377529187
odor_right,ensayo,128,-0.25548124944734363,-0.12553377869593516,0.7070446159628779,-0.3837690274607883,0.6225256114058008,-0.5980521283353781,0.0,1.0,0.0,1.0,-0.0009776960580655976,0.005313202319797483
odor_right,ensayo,129,-0.25529694674898396,-0.12560479106739672,0.7072263310029582,-0.3838435159132509,0.6227094786977927,-0.5981204194296382,0.0,1.0,0.0,1.0,-0.0010645632748244422,0.005247991549367725
odor_right,ensayo,130,-0.2551126541255013,-0.1256758348516084,0.7074080137213884,-0.38391811817773464,0.6228932952766552,-0.5981888174214052,0.0,1.0,0.0,1.0,-0.0011566711372906957,0.005177802125984954
odor_right,ensayo,131,-0.25492837204356467,-0.12574691168767238,0.7075896623025115,-0.3839928409474437,0.623077058191996,-0.5982573285554221,0.0,1.0,0.0,1.0,-0.001253735443574362,0.0051023360749411495
odor_right,ensayo,132,-0.2547441009553616,-0.12581802313623608,0.7077712750183494,-0.38406769056662454,0.6232607646400108,-0.5983259587506813,0.0,1.0,0.0,1.0,-0.0013554309218978718,0.005021311829011665
odor_right,ensayo,133,-0.2545598412943159,-0.1258891706652922,0.7079528502443815,-0.3841426729735254,0.6234444119888191,-0.5983947135471589,0.0,1.0,0.0,1.0,-0.0014613844625694164,0.004934466771345569
odor_right,ensayo,134,-0.2543755934707471,-0.12596035563560953,0.7081343864756068,-0.3842177936420762,0.6236279978042717,-0.5984635980513322,0.0,1.0,0.0,1.0,-0.001571178074317645,0.004841559837871046
odor_right,ensayo,135,-0.25419135786775626,-0.12603157928706252,0.7083158823415213,-0.38429305752752935,0.6238115198740858,-0.5985326168854284,0.0,1.0,0.0,1.0,-0.0016843567126886814,0.004742373918190879
odor_right,ensayo,136,-0.2540071348374288,-0.12610284272645977,0.7084973366194525,-0.3843684690184526,0.623994976229325,-0.598601774142631,0.0,1.0,0.0,1.0,-0.0018004337877586358,0.004636717950546654
odor_right,ensayo,137,-0.25382292469747697,-0.1261741469173514,0.708678748245626,-0.3844440318972469,0.6241783651622237,-0.5986710733502578,0.0,1.0,0.0,1.0,-0.0019189007585811095,0.004524428612853626
odor_right,ensayo,138,-0.25363872772840784,-0.12624549267220042,0.7088601163236405,-0.38451974931073657,0.6243616852397467,-0.598740517442357,0.0,1.0,0.0,1.0,-0.0020392355261949504,0.00440537154409526
odor_right,ensayo,139,-0.2534545441712122,-0.1263168806468456,0.7090414401304268,-0.3845956237504706,0.6245449353129885,-0.5988101087413688,0.0,1.0,0.0,1.0,-0.0021609094082267223,0.00427944212191278
odor_right,ensayo,140,-0.25327037422557835,-0.1263883113371431,0.7092227191197948,-0.38467165704222095,0.6247281145225833,-0.5988798489483591,0.0,1.0,0.0,1.0,-0.0022833941401463223,0.004146565825720927
odor_right,ensayo,141,-0.2530862180485796,-0.12645978507748776,0.7094039529239504,-0.38474785034327835,0.6249112223007323,-0.5989497391405213,0.0,1.0,0.0,1.0,-0.002406166181467531,0.004006698254329422
odor_right,ensayo,142,-0.2529020757534993,-0.12653130203977106,0.709585141354696,-0.3848242041411803,0.6250942583725436,-0.5990197797699693,0.0,1.0,0.0,1.0,-0.0025287000473493857,0.0038598251149153384
odor_right,ensayo,143,-0.25271794740865017,-0.12660286223180373,0.7097662844052072,-0.38490071824995375,0.625277222758267,-0.5990899706601631,0.0,1.0,0.0,1.0,-0.0026504655209193193,0.003705962354899839
odor_right,ensayo,144,-0.252533833036159,-0.12667446549506126,0.7099473822525882,-0.3849773918031384,0.6254601157768116,-0.5991603109993177,0.0,1.0,0.0,1.0,-0.002770924234099362,0.0035451564590402995
odor_right,ensayo,145,-0.25234973261076715,-0.12674611150198045,0.710128435260854,-0.385054223244602,0.625642938050086,-0.599230799331753,0.0,1.0,0.0,1.0,-0.0028895296552606605,0.003377484851370127
odor_right,ensayo,146,-0.2521656460588219,-0.12681779975366292,0.7103094439834134,-0.3851312103208867,0.6258256905066618,-0.5993014335507096,0.0,1.0,0.0,1.0,-0.0030057322328623077,0.00320305621511352
odor_right,ensayo,147,-0.251981573257516,-0.12688952957846214,0.7104904091645541,-0.3852083500770068,0.6260083743839263,-0.5993722108944083,0.0,1.0,0.0,1.0,-0.0031189823594013747,0.0030220106464184937
odor_right,ensayo,148,-0.25179751403435185,-0.1269613001314219,0.7106713317400046,-0.3852856388556838,0.6261909912287564,-0.5994431279453332,0.0,1.0,0.0,1.0,-0.003228732953464593,0.002834519648871492
odor_right,ensayo,149,-0.2516134681667838,-0.12703311039437287,0.7108522128368078,-0.3853630722992194,0.6263735428970506,-0.5995141806319769,0.0,1.0,0.0,1.0,-0.0033344405075190556,0.0026407860122503735
odor_right,ensayo,150,-0.2514294353821774,-0.12710495917714218,0.7110330537718685,-0.3854406453561063,0.6265560315511741,-0.5995853642350177,0.0,1.0,0.0,1.0,-0.003435572343192187,0.0024410434677690773
odor_right,ensayo,151,-0.2512454153584877,-0.12717684512159202,0.7112138560472041,-0.38551835229973436,0.626738459652203,-0.5996566734048356,0.0,1.0,0.0,1.0,-0.003531624168067412,0.002235555758886676
odor_right,ensayo,152,-0.25106140772574836,-0.1272487667092078,0.7113946213413298,-0.3855961867618984,0.6269208299458879,-0.5997281021928906,0.0,1.0,0.0,1.0,-0.0036221307096158156,0.0020246150201046476
odor_right,ensayo,153,-0.2508774120683336,-0.1273207222719711,0.7115753514970147,-0.3856741417801406,0.6271031454426581,-0.5997996440960098,0.0,1.0,0.0,1.0,-0.0037066761044601887,0.0018085395243190305
odor_right,ensayo,154,-0.25069342792803523,-0.12739271000652783,0.711756048505396,-0.3857522098589402,0.6272854093916324,-0.5998712921136001,0.0,1.0,0.0,1.0,-0.0037849051970711596,0.001587670802109642
odor_right,ensayo,155,-0.2505094548076231,-0.1274647279902718,0.711936714488166,-0.3858303830384852,0.6274676252513111,-0.5999430388118969,0.0,1.0,0.0,1.0,-0.003856520560605458,0.0013623704503800127
odor_right,ensayo,156,-0.25032549217426014,-0.12753677419642862,0.7121173516810984,-0.38590865295856863,0.6276497966621758,-0.600014876383566,0.0,1.0,0.0,1.0,-0.0039212667166899995,0.001133017233883038
odor_right,ensayo,157,-0.250141539462627,-0.12760884650695048,0.7122979624199484,-0.38598701091289933,0.6278319274231354,-0.6000867966982899,0.0,1.0,0.0,1.0,-0.003978922905955272,0.0009000046687219765
odor_right,ensayo,158,-0.2499575960779341,-0.12768094272401193,0.71247854912782,-0.3860654478970412,0.6280140214705467,-0.6001587913474211,0.0,1.0,0.0,1.0,-0.004029301759661608,0.0006637389042509767
odor_right,ensayo,159,-0.24977366139890483,-0.1277530605808004,0.7126591143032555,-0.38614395465282253,0.6281960828586424,-0.6002308516853647,0.0,1.0,0.0,1.0,-0.004072247937177606,0.0004246367610392099
odor_right,ensayo,160,-0.24958973478079274,-0.12782519775207232,0.7128396605085786,-0.38622252171140875,0.6283781157405205,-0.6003029688697551,0.0,1.0,0.0,1.0,-0.004107639149827898,0.00018312382056251408
odor_right,ensayo,161,-0.2494058155582879,-0.12789735186412152,0.7130201903589466,-0.38630113943347316,0.6285601243503494,-0.600375133898926,0.0,1.0,0.0,1.0,-0.004135380447181389,-6.036734657755005e-05
odor_right,ensayo,162,-0.24922190304817254,-0.127969520503506,0.7132007065128165,-0.38637979804394507,0.6287421129878696,-0.6004473376443099,0.0,1.0,0.0,1.0,-0.004155398515242356,-0.0003053986930865449
odor_right,ensayo,163,-0.2490379965516117,-0.12804170122406644,0.7133812116643306,-0.3864584876593419,0.6289240860060331,-0.6005195708759019,0.0,1.0,0.0,1.0,-0.004167633878424543,-0.0005515278567997939
odor_right,ensayo,164,-0.24885409535661585,-0.128113891554269,0.7135617085350444,-0.386537198316892,0.6291060477978417,-0.6005918242894454,0.0,1.0,0.0,1.0,-0.004172056151705627,-0.0007983094436383453
odor_right,ensayo,165,-0.2486701987411888,-0.12818608900757636,0.7137421998621567,-0.3866159200165304,0.6292880027777634,-0.6006640885457307,0.0,1.0,0.0,1.0,-0.004168681150550462,-0.0010452969549419322
odor_right,ensayo,166,-0.2484863059769376,-0.12825829109536452,0.7139226883841215,-0.3866946427734438,0.6294699553587784,-0.6007363543197672,0.0,1.0,0.0,1.0,-0.0041575721490369755,-0.001292045203200587
odor_right,ensayo,167,-0.2483024163327687,-0.12833049534049276,0.7141031768256713,-0.3867733566734167,0.6296519099282262,-0.6008086123525158,0.0,1.0,0.0,1.0,-0.00413883595720424,-0.0015381128271201305
odor_right,ensayo,168,-0.24811852907849477,-0.1284026992903911,0.7142836678834054,-0.3868520519261612,0.629833870824425,-0.6008808535006829,0.0,1.0,0.0,1.0,-0.004112618372697636,-0.0017830646851280108
odor_right,ensayo,169,-0.2479346434885893,-0.12847490053037872,0.7144641642109766,-0.3869307189197897,0.6300158423127099,-0.6009530687875815,0.0,1.0,0.0,1.0,-0.00407911103118458,-0.002026474304443582
odor_right,ensayo,170,-0.24775075884628747,-0.12854709669828399,0.7146446684028016,-0.38700934828064965,0.6301978285591745,-0.6010252494590297,0.0,1.0,0.0,1.0,-0.004038557753971904,-0.002267926589979652
odor_right,ensayo,171,-0.2475668744480002,-0.12861928550039478,0.7148251829763363,-0.38708793093859195,0.6303798336020887,-0.6010973870443355,0.0,1.0,0.0,1.0,-0.00399125769777826,-0.0025070207844635206
odor_right,ensayo,172,-0.24738298960809182,-0.12869146472884374,0.7150057103527225,-0.38716645819828677,0.6305618613206908,-0.6011694734229343,0.0,1.0,0.0,1.0,-0.003937571737106983,-0.0027433737073749853
odor_right,ensayo,173,-0.24719910366393266,-0.12876363228012677,0.7151862528362576,-0.3872449218151014,0.6307439154020129,-0.6012415008952747,0.0,1.0,0.0,1.0,-0.003877923016367198,-0.002976623193831074
odor_right,ensayo,174,-0.24701521598072987,-0.12883578617266322,0.7153668125951544,-0.3873233140664446,0.6309259993095979,-0.6013134622494214,0.0,1.0,0.0,1.0,-0.003812782617793676,-0.003206431280943889
odor_right,ensayo,175,-0.24683132595576474,-0.12890792456143232,0.715547391645621,-0.3874016278104806,0.6311081162574851,-0.6013853508157884,0.0,1.0,0.0,1.0,-0.0037426547749911812,-0.0034324867692419048
odor_right,ensayo,176,-0.2466474330221205,-0.12898004574980432,0.7157279918389268,-0.3874798565328571,0.6312902691891764,-0.601457160510664,0.0,1.0,0.0,1.0,-0.0036680708607753315,-0.0036545072228477693
odor_right,ensayo,177,-0.24646353665193885,-0.1290521481990316,0.7159086148510775,-0.38755799438319316,0.6314724607609812,-0.6015288858701999,0.0,1.0,0.0,1.0,-0.0035895813465363054,-0.003872240502943214
odor_right,ensayo,178,-0.246279636359242,-0.12912423053572286,0.7160892621746635,-0.38763603620290954,0.6316546933290546,-0.6016005220763341,0.0,1.0,0.0,1.0,-0.0035077510819972704,-0.004085465914187125
odor_right,ensayo,179,-0.24609573170233373,-0.12919629155757426,0.7162699351126516,-0.3877139775456056,0.6318369689396905,-0.6016720649757846,0.0,1.0,0.0,1.0,-0.0034231538227765825,-0.00429399502081651
odor_right,ensayo,180,-0.2459118222857937,-0.12926833023751438,0.716450634773898,-0.3877918146908189,0.6320192893224927,-0.601743511092875,0.0,1.0,0.0,1.0,-0.0033363679920381324,-0.004497672170657552
odor_right,ensayo,181,-0.24572790776209344,-0.12934034572648676,0.7166313620701739,-0.3878695446521959,0.63220165588603,-0.6018148576371611,0.0,1.0,0.0,1.0,-0.003247973183193812,-0.004696374775335244
odor_right,ensayo,182,-0.2455439878327412,-0.12941233735457638,0.7168121177150694,-0.38794716517876904,0.6323840697165255,-0.6018861025046214,0.0,1.0,0.0,1.0,-0.0031585425239178504,-0.004890013277275784
odor_right,ensayo,183,-0.24536006224924808,-0.12948430463152533,0.7169929022233824,-0.38802467475422536,0.6325665315774476,-0.6019572442769907,0.0,1.0,0.0,1.0,-0.003068649278395958,-0.005078531052959079
odor_right,ensayo,184,-0.24517613081427025,-0.12955624724839293,0.7171737159091671,-0.3881020726013898,0.632749041907025,-0.6020282822260301,0.0,1.0,0.0,1.0,-0.0029788761038783036,-0.005261904596295608
odor_right,ensayo,185,-0.2449921933828196,-0.12962816508019814,0.7173545588827792,-0.3881793586910062,0.6329316008140545,-0.6020992163218125,0.0,1.0,0.0,1.0,-0.0028898143793921324,-0.005440143909083872
odor_right,ensayo,186,-0.24480824986326907,-0.1297000581882153,0.7175354310484249,-0.38825653374929464,0.6331142080743126,-0.602170047239833,0.0,1.0,0.0,1.0,-0.0028020583417627826,-0.00561329282021461
odor_right,ensayo,187,-0.2446243002179357,-0.12977192682072736,0.7177163321035029,-0.38833359925919175,0.6332968631296948,-0.6022407763621722,0.0,1.0,0.0,1.0,-0.002716196088011998,-0.005781428992236215
odor_right,ensayo,188,-0.24444034446308732,-0.12984377141140557,0.7178972615405796,-0.38841055745166597,0.6334795650915512,-0.6023114057693445,0.0,1.0,0.0,1.0,-0.0026327991211179754,-0.005944663453732346
odor_right,ensayo,189,-0.24425638266837124,-0.12991559257519947,0.718078218652139,-0.38848741128666076,0.6336623127485133,-0.6023819382224569,0.0,1.0,0.0,1.0,-0.0025524149857775098,-0.006103139651628453
odor_right,ensayo,190,-0.24407241495563414,-0.12998739110173518,0.7182592025380454,-0.3885641644235227,0.6338451045787967,-0.6024523771355375,0.0,1.0,0.0,1.0,-0.0024755582364293567,-0.006257032022546127
odor_right,ensayo,191,-0.24388844149688635,-0.1300591679453318,0.7184402121168962,-0.38864082117708487,0.634027938768747,-0.6025227265344606,0.0,1.0,0.0,1.0,-0.0024026942202204056,-0.006406543894911465
odor_right,ensayo,192,-0.2437044625115279,-0.13013092421191233,0.7186212461406829,-0.3887173864610183,0.6342108132368591,-0.6025929910039849,0.0,1.0,0.0,1.0,-0.002334234283774826,-0.006551904820042864
odor_right,ensayo,193,-0.24352047826308457,-0.13020266114410747,0.7188023032113621,-0.38879386572385133,0.6343937256610426,-0.6026631756279859,0.0,1.0,0.0,1.0,-0.002270534224971046,-0.006693367598018085
odor_right,ensayo,194,-0.2433364890554482,-0.1302743801048286,0.7189833817991377,-0.3888702648787553,0.6345766735087005,-0.6027332859238893,0.0,1.0,0.0,1.0,-0.0022118885337743476,-0.006831205037656218
odor_right,ensayo,195,-0.24315249522869348,-0.13034608255957242,0.7191644802621218,-0.38894659022850325,0.6347596540690317,-0.6028033277726168,0.0,1.0,0.0,1.0,-0.0021585292721336053,-0.006965706516183445
odor_right,ensayo,196,-0.24296849715458654,-0.13041777005800603,0.7193455968667418,-0.38902284838788415,0.6349426644865486,-0.6028733073461691,0.0,1.0,0.0,1.0,-0.0021106258088440335,-0.007097174444453458
odor_right,ensayo,197,-0.2427844952319589,-0.1304894442155595,0.7195267298080799,-0.3890990462067535,0.6351257017944701,-0.6029432310358234,0.0,1.0,0.0,1.0,-0.002068288886507365,-0.007225920787902851
odor_right,ensayo,198,-0.24260048988237562,-0.13056110669678175,0.719707877228065,-0.3891751907013027,0.6353087629447172,-0.6030131053880511,0.0,1.0,0.0,1.0,-0.002031585689283932,-0.0073522640095688985
odor_right,ensayo,199,-0.24241648154584428,-0.13063275919983733,0.7198890372326473,-0.38925128899022987,0.6354918448360202,-0.6030829370450085,0.0,1.0,0.0,1.0,-0.002000534180450003,-0.00747652623687145
odor_right,ensayo,200,-0.24223247067621614,-0.13070440344021433,0.7200702079099257,-0.3893273482279879,0.6356749443433074,-0.6031527326822329,0.0,1.0,0.0,1.0,-0.0019750961095993465,-0.007599030268664819
odor_right,ensayo,201,-0.24204845773640452,-0.13077604113374078,0.7202513873489507,-0.38940337553561954,0.6358580583481132,-0.6032224989440546,0.0,1.0,0.0,1.0,-0.0019551785846693664,-0.007720096469114424
odor_right,ensayo,202,-0.24186444319354491,-0.13084767397951536,0.7204325736585988,-0.38947937793142934,0.6360411837690971,-0.603292242378866,0.0,1.0,0.0,1.0,-0.0019406348606124464,-0.007840039662710296
odor_right,ensayo,203,-0.24168042751412383,-0.1309193036429128,0.720613764986346,-0.3895553622621284,0.6362243175923934,-0.6033619693748298,0.0,1.0,0.0,1.0,-0.0019312650834411526,-0.007959166056934919
odor_right,ensayo,204,-0.24149641115913947,-0.1309909317389053,0.7207949595366843,-0.38963133513552434,0.6364074569013539,-0.6034316860970415,0.0,1.0,0.0,1.0,-0.0019268188296784558,-0.00807777024436973
odor_right,ensayo,205,-0.2413123945793995,-0.13106255981613715,0.7209761555886587,-0.3897073028565959,0.6365905989048712,-0.6035013984278569,0.0,1.0,0.0,1.0,-0.0019269995704288604,-0.008196132370613896
odor_right,ensayo,206,-0.24112837821123698,-0.1311341893428825,0.7211573515111981,-0.3897832713718663,0.6367737409621811,-0.603571111915,0.0,1.0,0.0,1.0,-0.0019314770130358326,-0.008314515707610326
odor_right,ensayo,207,-0.2409443624732441,-0.13120582169741213,0.7213385457733443,-0.3898592462329193,0.6369568805995376,-0.6036408317376154,0.0,1.0,0.0,1.0,-0.0019399137890033225,-0.008433165156390032
odor_right,ensayo,208,-0.24076034776435887,-0.13127745816453332,0.7215197369476039,-0.38993523258617346,0.6371400155157532,-0.6037105626969053,0.0,1.0,0.0,1.0,-0.0019519892442886732,-0.008552306992896774
odor_right,ensayo,209,-0.24057633446243307,-0.1313490999349504,0.72170092371068,-0.3900112351739327,0.6373231435829836,-0.6037803092172149,0.0,1.0,0.0,1.0,-0.0019673860798546912,-0.008672149070889645
odor_right,ensayo,210,-0.24039232292247165,-0.13142074810300627,0.7218821048462212,-0.3900872583284575,0.6375062628503005,-0.603850075340446,0.0,1.0,0.0,1.0,-0.0019857731705806886,-0.008792880612645604
odor_right,ensayo,211,-0.24020831347443822,-0.13149240366165074,0.722063279250589,-0.39016330595413323,0.6376893715520753,-0.603919864709263,0.0,1.0,0.0,1.0,-0.0020067958483895214,-0.008914671400646057
odor_right,ensayo,212,-0.24002430642092945,-0.13156406749586105,0.7222444459401709,-0.3902393815028076,0.6378724681191034,-0.6039896805439319,0.0,1.0,0.0,1.0,-0.002030077092318701,-0.009037670655544616
odor_right,ensayo,213,-0.239840302034908,-0.131635740375784,0.7224256040589422,-0.39031548794746274,0.6380555511903865,-0.6040595256176547,0.0,1.0,0.0,1.0,-0.002055219041338561,-0.009162005853681876
odor_right,ensayo,214,-0.23965630055728246,-0.13170742294908938,0.7226067528870381,-0.39039162775199665,0.638238619626593,-0.6041294022282852,0.0,1.0,0.0,1.0,-0.0020817950783605555,-0.009287781359375913
odor_right,ensayo,215,-0.2394723021942403,-0.1317791157320268,0.7227878918507292,-0.3904678028353787,0.6384216725258595,-0.6041993121647822,0.0,1.0,0.0,1.0,-0.0021093459403448756,-0.009415076792350874
odor_right,ensayo,216,-0.23928830711453275,-0.13185081910000912,0.7229690205328398,-0.39054401453381654,0.6386047092404357,-0.6042692566718342,0.0,1.0,0.0,1.0,-0.0021373827147920764,-0.009543945317886937
odor_right,ensayo,217,-0.2391043154470424,-0.13192253327929598,0.7231501386818002,-0.3906202635676809,0.6387877293913049,-0.6043392364189757,0.0,1.0,0.0,1.0,-0.002165397141133907,-0.009674412187422377
odor_right,ensayo,218,-0.2389203272786792,-0.13199425834030643,0.7233312462189438,-0.39069655001522546,0.6389707328799809,-0.6044092514760862,0.0,1.0,0.0,1.0,-0.0021928659378057285,-0.009806473606346344
odor_right,ensayo,219,-0.2387363426527431,-0.13206599419301848,0.7235123432434116,-0.390772873295388,0.6391537198964404,-0.6044793012973849,0.0,1.0,0.0,1.0,-0.0022192619791711063,-0.009940096035791157
odor_right,ensayo,220,-0.23855236156803863,-0.13213774058565794,0.7236934300333152,-0.390849232164722,0.6393366909210263,-0.604549384718653,0.0,1.0,0.0,1.0,-0.0022440701046063873,-0.01007521616492113
odor_right,ensayo,221,-0.23836838397863705,-0.1322094971064131,0.7238745070436683,-0.39092562472699566,0.639519646720974,-0.6046194999662834,0.0,1.0,0.0,1.0,-0.0022667923885911455,-0.010211741460267376
odor_right,ensayo,222,-0.23818440979406338,-0.13228126318697114,0.7240555749023891,-0.3910020484504323,0.6397025883436193,-0.6046896446734275,0.0,1.0,0.0,1.0,-0.002286950234492713,-0.010349551040633287
odor_right,ensayo,223,-0.238000438879969,-0.13235303810778207,0.7242366344043198,-0.3910785001922754,0.6398855171063427,-0.6047598159029532,0.0,1.0,0.0,1.0,-0.0023040919989128273,-0.010488496875552755
odor_right,ensayo,224,-0.2378164710595452,-0.13242482100605754,0.7244176865021279,-0.391154976234836,0.6400684345815191,-0.6048300101811445,0.0,1.0,0.0,1.0,-0.0023178065012760328,-0.010628405516712292
odor_right,ensayo,225,-0.2376325061156162,-0.13249661088645998,0.7245987322943177,-0.3912314723324771,0.6402513425767414,-0.6049002235416187,0.0,1.0,0.0,1.0,-0.0023277281215766006,-0.010769080322319269
odor_right,ensayo,226,-0.23744854379324376,-0.13256840663363895,0.7247797730112413,-0.39130798376605,0.64043424311173,-0.6049704515761757,0.0,1.0,0.0,1.0,-0.0023335399991469517,-0.010910304000276483
odor_right,ensayo,227,-0.2372645838027003,-0.13264020702585783,0.7249608099999684,-0.3913845054015202,0.6406171383933288,-0.6050406894895309,0.0,1.0,0.0,1.0,-0.0023349742637402745,-0.011051841316827904
odor_right,ensayo,228,-0.2370806258226717,-0.13271201074902636,0.7251418447087566,-0.39146103174982627,0.6408000307898215,-0.6051109321551758,0.0,1.0,0.0,1.0,-0.002331810561753558,-0.0111934418339672
odor_right,ensayo,229,-0.23689666950350424,-0.13278381641032094,0.7253228786720446,-0.39153755702442333,0.640982922806099,-0.6051811741690465,0.0,1.0,0.0,1.0,-0.002323870521300914,-0.011334842512013665
odor_right,ensayo,230,-0.23671271447040262,-0.13285562255092456,0.7255039134964104,-0.3916140751946117,0.6411658170604623,-0.6052514098992418,0.0,1.0,0.0,1.0,-0.002311013813665806,-0.011475770097746363
odor_right,ensayo,231,-0.23652876032661121,-0.13292742765807103,0.7256849508472951,-0.39169058003550994,0.6413487162627791,-0.6053216335326178,0.0,1.0,0.0,1.0,-0.002293136753336187,-0.011615943352182967
odor_right,ensayo,232,-0.2363448066564698,-0.1329992301761481,0.725865992436791,-0.3917670651735089,0.6415316231944717,-0.6053918391171629,0.0,1.0,0.0,1.0,-0.0022701662112038926,-0.011755075060221998
odor_right,ensayo,233,-0.23616085302847423,-0.13307102851734576,0.7260470400118502,-0.3918435241296661,0.6417145406893352,-0.6054620206024729,0.0,1.0,0.0,1.0,-0.002242062813778948,-0.01189287395382621
odor_right,ensayo,234,-0.23597689899875518,-0.1331428210737437,0.7262280953407357,-0.3919199503691765,0.6418974716117443,-0.6055321718859658,0.0,1.0,0.0,1.0,-0.002208833969544091,-0.012029046948072164
odor_right,ensayo,235,-0.23579294411502114,-0.13321460623148662,0.7264091601971827,-0.3919963373593833,0.6420804188312372,-0.6056022868671064,0.0,1.0,0.0,1.0,-0.002170539131157892,-0.012163301785335534
odor_right,ensayo,236,-0.23560898792080953,-0.13328638238637355,0.7265902363430886,-0.39207267863365414,0.642263385194622,-0.6056723595071103,0.0,1.0,0.0,1.0,-0.002127291826713994,-0.012295349941894074
odor_right,ensayo,237,-0.23542502995983852,-0.1333581479598479,0.7267713255108489,-0.39214896785680253,0.6424463734973855,-0.6057423838900577,0.0,1.0,0.0,1.0,-0.0020792565226161524,-0.012424909583586441
odor_right,ensayo,238,-0.23524106977998296,-0.1334299014133052,0.7269524293877254,-0.3922251988829594,0.642629386458225,-0.6058123542768861,0.0,1.0,0.0,1.0,-0.0020266326659105333,-0.012551708127688244
odor_right,ensayo,239,-0.23505710693664175,-0.133501641259326,0.7271335496036767,-0.39230136580030406,0.642812426699111,-0.605882265147062,0.0,1.0,0.0,1.0,-0.0019696423983213483,-0.01267548416643649
odor_right,ensayo,240,-0.23487314099573917,-0.13357336607074408,0.7273146877213907,-0.3923774629665846,0.6429954967291451,-0.6059521112316559,0.0,1.0,0.0,1.0,-0.0019085295928639816,-0.01279598897355072
odor_right,ensayo,241,-0.23468917153665939,-0.1336450744891693,0.7274958452268354,-0.39245348504222505,0.6431785989294897,-0.6060218875442266,0.0,1.0,0.0,1.0,-0.0018435633027182419,-0.012912987929496467
odor_right,ensayo,242,-0.23450519815514426,-0.1337167652334872,0.727677023519848,-0.3925294270231586,0.643361735538482,-0.6060915894114881,0.0,1.0,0.0,1.0,-0.0017750373856375962,-0.013026261952205687
odor_right,ensayo,243,-0.23432122046602089,-0.13378843710786661,0.7278582239053355,-0.3926052842715588,0.6435449086377103,-0.6061612125020174,0.0,1.0,0.0,1.0,-0.0017032665854918934,-0.01313560883264131
odor_right,ensayo,244,-0.23413723810602172,-0.13386008901015017,0.7280394475838913,-0.392681052548573,0.6437281201372411,-0.6062307528568579,0.0,1.0,0.0,1.0,-0.0016285952903666962,-0.013240844683849673
odor_right,ensayo,245,-0.23395325073694415,-0.13393171994192002,0.7282206956404985,-0.3927567280542984,0.6439113717578251,-0.6063002069269188,0.0,1.0,0.0,1.0,-0.0015514061884378606,-0.01334180574946231
odor_right,ensayo,246,-0.23376925804891924,-0.13400332901946674,0.7284019690324051,-0.3928323074714756,0.6440946650116128,-0.6063695716138522,0.0,1.0,0.0,1.0,-0.0014721167789362517,-0.01343835037567942
odor_right,ensayo,247,-0.23358525976354658,-0.13407491548435066,0.7285832685774968,-0.39290778800757,0.6442780011835296,-0.6064388443093698,0.0,1.0,0.0,1.0,-0.001391174784672398,-0.01353036088730164
odor_right,ensayo,248,-0.23340125563677325,-0.13414647871284321,0.7287645949439557,-0.39298316743212747,0.64446138131464,-0.6065080229301167,0.0,1.0,0.0,1.0,-0.0013090520457017848,-0.013617745227946898
odor_right,ensayo,249,-0.23321724546169786,-0.13421801822480298,0.7289459486404313,-0.39305844411191365,0.6446448061864176,-0.6065771059504768,0.0,1.0,0.0,1.0,-0.001226247575379745,-0.013700438504088197
odor_right,ensayo,250,-0.23303322907130153,-0.13428953369229132,0.7291273300065442,-0.3931336170447878,0.6448282763055867,-0.6066460924342104,0.0,1.0,0.0,1.0,-0.0011432848588805217,-0.013778404474749095
odor_right,ensayo,251,-0.23284920634091244,-0.1343610249471433,0.7293087392046089,-0.39320868588903074,0.6450117918909049,-0.6067149820618305,0.0,1.0,0.0,1.0,-0.0010607048484006822,-0.01385163682118673
odor_right,ensayo,252,-0.23266517719046492,-0.13443249198756724,0.7294901762124071,-0.39328365098872076,0.6451953528616604,-0.6067837751542919,0.0,1.0,0.0,1.0,-0.000979065703755895,-0.013920160237972823
odor_right,ensayo,253,-0.23248114158654537,-0.13450393498390278,0.7296716408168779,-0.39335851339546124,0.6453789588277137,-0.6068524726932736,0.0,1.0,0.0,1.0,-0.0008989385713027844,-0.01398403135780768
odor_right,ensayo,254,-0.23229709954386107,-0.13457535428213543,0.7298531326104933,-0.3934332748804081,0.6455626090837551,-0.6069210763323748,0.0,1.0,0.0,1.0,-0.0008208923699727183,-0.014043339208598127
odor_right,ensayo,255,-0.23211305112634187,-0.13464675040561558,0.7300346509894231,-0.393507937939112,0.6457463026065824,-0.6069895884016023,0.0,1.0,0.0,1.0,-0.0007454962021277455,-0.014098205351672277
odor_right,ensayo,256,-0.2319289964481188,-0.1347181240563652,0.7302161951521002,-0.3935825057946626,0.645930038053172,-0.6070580119103124,0.0,1.0,0.0,1.0,-0.0006733205727981277,-0.014148783967357303
odor_right,ensayo,257,-0.2317449356742141,-0.13478947611554679,0.7303977640988363,-0.3936569823972555,0.6461138137604023,-0.6071263505468216,0.0,1.0,0.0,1.0,-0.0006049305646092329,-0.01419526177906505
odor_right,ensayo,258,-0.23156086902087572,-0.13486080764264963,0.7305793566328249,-0.3937313724185719,0.6462976277470103,-0.6071946086731621,0.0,1.0,0.0,1.0,-0.0005408821449701095,-0.014237857739203719
odor_right,ensayo,259,-0.2313767967555365,-0.1349321198733091,0.7307609713627045,-0.3938056812405593,0.6464814777180312,-0.6072627913146028,0.0,1.0,0.0,1.0,-0.0004817169087682999,-0.014276822459692085
odor_right,ensayo,260,-0.23119271919604695,-0.13500341421439818,0.7309426067082753,-0.39387991493258895,0.6466653610742377,-0.6073309041382787,0.0,1.0,0.0,1.0,-0.00042794516482368557,-0.014312437087568242
odor_right,ensayo,261,-0.23100863670937513,-0.13507469223676705,0.731124260908662,-0.3939540802192163,0.6468492749256106,-0.6073989534230418,0.0,1.0,0.0,1.0,-0.00038004628195302575,-0.014345011760980242
odor_right,ensayo,262,-0.23082454971005176,-0.13514595566712695,0.7313059320313421,-0.39402818444453047,0.6470332161063594,-0.6074669460261725,0.0,1.0,0.0,1.0,-0.00033846949839318267,-0.014374883939183292
odor_right,ensayo,263,-0.23064045865816218,-0.13521720637856982,0.7314876179828118,-0.39410223553076473,0.647217181192536,-0.6075348893447311,0.0,1.0,0.0,1.0,-0.00030362423491941883,-0.01440241647185303
odor_right,ensayo,264,-0.23045636405689868,-0.1352884463795331,0.7316693165209093,-0.3941762419308101,0.647401166522319,-0.6076027912712133,0.0,1.0,0.0,1.0,-0.0002758781303392689,-0.014427995397625182
odor_right,ensayo,265,-0.23027226644985818,-0.13535967780202296,0.7318510252678976,-0.39425021257799686,0.6475851682175637,-0.6076706601466697,0.0,1.0,0.0,1.0,-0.000255557861479699,-0.01445202763756015
odor_right,ensayo,266,-0.23008816641801577,-0.13543090288898973,0.7320327417245488,-0.3943241568325048,0.647769182206918,-0.6077385047106822,0.0,1.0,0.0,1.0,-0.00024294394426789884,-0.014474938541468418
odor_right,ensayo,267,-0.22990406457627025,-0.1355021239803183,0.7322144632857747,-0.3943980844222558,0.6479532042513636,-0.6078063340461669,0.0,1.0,0.0,1.0,-0.00023826513810291215,-0.014497169180316405
odor_right,ensayo,268,-0.2297199615694842,-0.13557334349703473,0.7323961872582729,-0.39447200537655736,0.6481372299729413,-0.607874157517392,0.0,1.0,0.0,1.0,-0.00024169114283519925,-0.014519173303852995
odor_right,ensayo,269,-0.22953585806824486,-0.13564456392451274,0.7325779108791486,-0.39454592995605003,0.6483212548851124,-0.6079419847045571,0.0,1.0,0.0,1.0,-0.00025333561524295363,-0.014541414149078946
odor_right,ensayo,270,-0.2293517547645417,-0.13571578779573268,0.7327596313344048,-0.3946198685831859,0.6485052744229785,-0.6080098253388915,0.0,1.0,0.0,1.0,-0.0002732589044701726,-0.014564361298795347
odor_right,ensayo,271,-0.22916765236724704,-0.13578701767427326,0.7329413457778535,-0.39469383177179124,0.6486892839740612,-0.6080776892369104,0.0,1.0,0.0,1.0,-0.00030146411936377444,-0.014588487503942815
odor_right,ensayo,272,-0.2289835515972509,-0.13585825613626237,0.7331230513511732,-0.3947678300525219,0.6488732789108559,-0.608145586230796,0.0,1.0,0.0,1.0,-0.0003378916408964698,-0.014614265310910923
odor_right,ensayo,273,-0.22879945318222442,-0.13592950575101664,0.7333047452054554,-0.3948418738931195,0.6490572546256899,-0.608213526093913,0.0,1.0,0.0,1.0,-0.0003824148695822641,-0.01464216344839997
odor_right,ensayo,274,-0.22861535785120762,-0.1360007690610896,0.7334864245232781,-0.3949159736165677,0.6492412065664974,-0.6082815184643672,0.0,1.0,0.0,1.0,-0.00043484298842630994,-0.014672643133962993
odor_right,ensayo,275,-0.22843126632948232,-0.1360720485637205,0.7336680865390398,-0.39499013932570154,0.6494251302699166,-0.6083495727746447,0.0,1.0,0.0,1.0,-0.0004949352417182226,-0.014706154720073528
odor_right,ensayo,276,-0.22824717933375324,-0.13614334669421196,0.7338497285572405,-0.3950643808360502,0.6496090213910155,-0.6084176981889712,0.0,1.0,0.0,1.0,-0.0005624045346576705,-0.01474313473681832
odor_right,ensayo,277,-0.2280630975674359,-0.1362146658102515,0.7340313479698024,-0.3951387076129117,0.6497928757312759,-0.6084859035445986,0.0,1.0,0.0,1.0,-0.0006369173036021462,-0.014784003121292244
odor_right,ensayo,278,-0.22787902171609442,-0.1362860081770327,0.7342129422724543,-0.3952131287121676,0.6499766892649679,-0.6085541972965622,0.0,1.0,0.0,1.0,-0.0007180979812835829,-0.014829160615761339
odor_right,ensayo,279,-0.2276949524431733,-0.13635737595370728,0.7343945090796117,-0.3952876527269444,0.6501604581630461,-0.6086225874679004,0.0,1.0,0.0,1.0,-0.0008055355575301073,-0.014878986440521658
odor_right,ensayo,280,-0.22751089038598862,-0.13642877118107535,0.734576046137898,-0.3953622877394978,0.6503441788147903,-0.608691081604741,0.0,1.0,0.0,1.0,-0.0008987857053378245,-0.014933836203056217
odor_right,ensayo,281,-0.22732683615189792,-0.13650019577006586,0.7347575513388561,-0.3954370412764624,0.6505278478480235,-0.6087596867345209,0.0,1.0,0.0,1.0,-0.0009973720704405655,-0.014994039951744753
odor_right,ensayo,282,-0.227142790314758,-0.13657165149128653,0.7349390227303847,-0.3955119202687055,0.6507114621472834,-0.6088284093284934,0.0,1.0,0.0,1.0,-0.0011007924147239368,-0.015059900441428908
odor_right,ensayo,283,-0.2269587534118016,-0.13664313996624536,0.7351204585263172,-0.3955869310182233,0.6508950188689895,-0.6088972552708317,0.0,1.0,0.0,1.0,-0.0012085259252779172,-0.015131691728839769
odor_right,ensayo,284,-0.2267747259408775,-0.13671466266009302,0.735301857114329,-0.3956620791712807,0.6510785154538818,-0.6089662298335564,0.0,1.0,0.0,1.0,-0.0013200359955352623,-0.01520965804886032
odor_right,ensayo,285,-0.22659070835802336,-0.13678622087563005,0.7354832170624842,-0.3957373696968275,0.651261949637191,-0.6090353376563853,0.0,1.0,0.0,1.0,-0.0014347743189090877,-0.015294012924954359
odor_right,ensayo,286,-0.22640670107532987,-0.1368578157483543,0.7356645371246486,-0.39581280686911924,0.6514453194569374,-0.6091045827304965,0.0,1.0,0.0,1.0,-0.001552182693743275,-0.015384938461437514
odor_right,ensayo,287,-0.22622270445910148,-0.1369294482424876,0.7358458162447821,-0.3958883942543282,0.6516286232604268,-0.6091739683860081,0.0,1.0,0.0,1.0,-0.001671696687323289,-0.015482584810911248
odor_right,ensayo,288,-0.22603871882842375,-0.13700111914841098,0.7360270535596585,-0.39596413470296604,0.6518118597082267,-0.6092434972848992,0.0,1.0,0.0,1.0,-0.0017927523048118948,-0.015587069909599904
odor_right,ensayo,289,-0.22585474445416753,-0.13707282908172302,0.7362082483997767,-0.39604003034892277,0.6519950277752449,-0.6093131714201165,0.0,1.0,0.0,1.0,-0.0019147909806561364,-0.015698479514810515
odor_right,ensayo,290,-0.2256707815582839,-0.13714457848335407,0.7363894002891826,-0.3961160826126298,0.6521781267499892,-0.6093829921185189,0.0,1.0,0.0,1.0,-0.002037259489391786,-0.015816867416134528
odor_right,ensayo,291,-0.22548683031316952,-0.1372163676196971,0.7365705089453576,-0.396192292203953,0.6523611562338593,-0.6094529600435419,0.0,1.0,0.0,1.0,-0.002159605585093564,-0.015942255607740208
odor_right,ensayo,292,-0.2253028908412622,-0.13728819658315813,0.7367515742785204,-0.3962686591268169,0.6525441161395712,-0.609523075199475,0.0,1.0,0.0,1.0,-0.002281284466319253,-0.016074634538767896
odor_right,ensayo,293,-0.22511896321521965,-0.13736006529475864,0.7369325963885288,-0.3963451826923702,0.6527270066858761,-0.6095933369437638,0.0,1.0,0.0,1.0,-0.002401771651469493,-0.016213963777687468
odor_right,ensayo,294,-0.22493504745865525,-0.1374319735090479,0.7371135755592888,-0.39642186154150894,0.6529098283882735,-0.6096637440080771,0.0,1.0,0.0,1.0,-0.0025205677929720817,-0.016360173110001597
odor_right,ensayo,295,-0.22475114354730624,-0.1375039208206922,0.737294512251361,-0.39649869367428636,0.6530925820467336,-0.609734294525794,0.0,1.0,0.0,1.0,-0.00263720230768146,-0.016513163939464448
odor_right,ensayo,296,-0.22456725141068432,-0.13757590667279174,0.7374754070926097,-0.39657567648648784,0.6532752687302595,-0.6098049860661805,0.0,1.0,0.0,1.0,-0.0027512404951068863,-0.016672811012369948
odor_right,ensayo,297,-0.2243833709341757,-0.1376479303668205,0.7376562608670951,-0.3966528068127495,0.6534578897585783,-0.6098758156746664,0.0,1.0,0.0,1.0,-0.0028622868048120195,-0.01683896443026356
odor_right,ensayo,298,-0.2241995019614404,-0.13771999107351018,0.7378370745029834,-0.3967300809732949,0.6536404466821899,-0.6099467799164899,0.0,1.0,0.0,1.0,-0.002969984732256377,-0.01701145180840058
odor_right,ensayo,299,-0.2240156442971781,-0.13779208784477914,0.7380178490592364,-0.39680749482490313,0.6538229412604895,-0.6100178749242833,0.0,1.0,0.0,1.0,-0.003074022632894541,-0.0171900806209635
odor_right,ensayo,300,-0.22383179771018358,-0.13786421962652814,0.7381985857114082,-0.3968850438150494,0.6540053754384488,-0.6100890964486201,0.0,1.0,0.0,1.0,-0.0031741330964409173,-0.017374640677502384
odor_right,ensayo,301,-0.22364796193634878,-0.13793638527088495,0.7383792857381861,-0.39696272303316016,0.6541877513244332,-0.6101604399058354,0.0,1.0,0.0,1.0,-0.003270084087469063,-0.01756490643356301
odor_right,ensayo,302,-0.2234641366816744,-0.13800858354782375,0.7385599505085384,-0.3970405272590892,0.6543700711690702,-0.6102319004232363,0.0,1.0,0.0,1.0,-0.003361680674892717,-0.01776063916341286
odor_right,ensayo,303,-0.22328032162563954,-0.13808081315775733,0.7387405814676197,-0.39711845101550935,0.6545523373423505,-0.6103034728880121,0.0,1.0,0.0,1.0,-0.003448774778688142,-0.017961589332230687
odor_right,ensayo,304,-0.22309651642490497,-0.1381530727454197,0.7389211801213367,-0.39719648862530743,0.6547345523086106,-0.610375152000852,0.0,1.0,0.0,1.0,-0.0035312665026622646,-0.018167499202974113
odor_right,ensayo,305,-0.22291272071712992,-0.13822536091412108,0.7391017480205685,-0.3972746342702351,0.6549167186009259,-0.6104469323307194,0.0,1.0,0.0,1.0,-0.0036091016705314368,-0.018378105485396645
odor_right,ensayo,306,-0.22272893412481073,-0.13829767623981465,0.7392822867456188,-0.3973528820485905,0.6550988387958523,-0.6105188083687031,0.0,1.0,0.0,1.0,-0.0036822699843486804,-0.018593141925407508
odor_right,ensayo,307,-0.22254515625906515,-0.13837001728464726,0.73946279789126,-0.397431226030457,0.6552809154891386,-0.610590774579575,0.0,1.0,0.0,1.0,-0.0037508015980368525,-0.018812341768750684
odor_right,ensayo,308,-0.2223613867231571,-0.13844238260916833,0.7396432830533507,-0.3975096603069198,0.6554629512739619,-0.6106628254477036,0.0,1.0,0.0,1.0,-0.0038147581878061805,-0.019035439928273945
odor_right,ensayo,309,-0.2221776251155947,-0.13851477078241678,0.7398237438178292,-0.397588179030064,0.6556449487230304,-0.6107349555143309,0.0,1.0,0.0,1.0,-0.0038742236638660823,-0.01926217470807501
odor_right,ensayo,310,-0.22199387103287788,-0.13858718039015583,0.7400041817516971,-0.39766677644504944,0.6558269103740215,-0.6108071594074584,0.0,1.0,0.0,1.0,-0.0039293007733716915,-0.019492289166237242
odor_right,ensayo,311,-0.22181012407214382,-0.13865961004245497,0.7401845983946065,-0.39774544691943436,0.6560088387161978,-0.6108794318692041,0.0,1.0,0.0,1.0,-0.003980114230630784,-0.019725532373513488
odor_right,ensayo,312,-0.22162638383408167,-0.13873205838240352,0.7403649952490449,-0.39782418497743766,0.6561907361749668,-0.6109517677878342,0.0,1.0,0.0,1.0,-0.0040268221223490296,-0.01996166093914553
odor_right,ensayo,313,-0.22144264992625798,-0.13880452409690816,0.7405453737682193,-0.3979029853430527,0.6563726050927704,-0.6110241622381164,0.0,1.0,0.0,1.0,-0.004069623944779922,-0.020200440970654654
odor_right,ensayo,314,-0.22125892196664596,-0.1388770059287924,0.7407257353425906,-0.39798184298864303,0.6565544477076781,-0.6110966105267773,0.0,1.0,0.0,1.0,-0.0041087599662372205,-0.020441650280048407
odor_right,ensayo,315,-0.2210751995872582,-0.13894950268946318,0.7409060812858413,-0.39806075318614736,0.656736266130903,-0.6111691082403782,0.0,1.0,0.0,1.0,-0.004144512429574191,-0.020685080698086722
odor_right,ensayo,316,-0.22089148243851617,-0.1390220132744273,0.7410864128173058,-0.39813971157090317,0.6569180623188091,-0.6112416513050066,0.0,1.0,0.0,1.0,-0.004177229936549312,-0.020930541006748626
odor_right,ensayo,317,-0.22070777019407128,-0.13909453668121713,0.7412667310420731,-0.3982187142150814,0.6570998380409582,-0.6113142360549602,0.0,1.0,0.0,1.0,-0.004207322069379963,-0.02117786030021307
odor_right,ensayo,318,-0.22052406255522858,-0.13916707202580414,0.741447036933057,-0.3982977576943491,0.6572815948509708,-0.6113868592949934,0.0,1.0,0.0,1.0,-0.0042352395434614885,-0.02142689096530148
odor_right,ensayo,319,-0.220340359254737,-0.13923961855574407,0.7416273313166646,-0.39837683914070177,0.6574633340630995,-0.611459518349557,0.0,1.0,0.0,1.0,-0.004261462049777162,-0.021677510978577175
odor_right,ensayo,320,-0.22015666005983195,-0.1393121756595933,0.7418076148626694,-0.39845595627912667,0.657645056735633,-0.6115322110969128,0.0,1.0,0.0,1.0,-0.004286482499600134,-0.02192962543426802
odor_right,ensayo,321,-0.21997296477443745,-0.13938474287228947,0.7419878880785136,-0.3985351074468843,0.6578267636616304,-0.611604935986998,0.0,1.0,0.0,1.0,-0.004310793161215244,-0.022183167262539882
odor_right,ensayo,322,-0.21978927324063557,-0.13945731987708557,0.7421681513073648,-0.39861429159809086,0.6580084553659422,-0.6116776920455924,0.0,1.0,0.0,1.0,-0.004334877651465912,-0.0224380972854874
odor_right,ensayo,323,-0.21960558533969146,-0.13952990650553018,0.7423484047282183,-0.3986935083001481,0.6581901321057979,-0.6117504788709314,0.0,1.0,0.0,1.0,-0.004359211320405067,-0.022694403934565344
odor_right,ensayo,324,-0.21942190099299044,-0.13960250273732183,0.742528648355989,-0.3987727577298975,0.6583717938716261,-0.6118232966301352,0.0,1.0,0.0,1.0,-0.004384267953894222,-0.022952103004314495
odor_right,ensayo,325,-0.2192382201629403,-0.1396751087006643,0.742708882041087,-0.3988520406720933,0.6585534403870708,-0.6118961460578496,0.0,1.0,0.0,1.0,-0.004410521308897652,-0.023211237542085428
odor_right,ensayo,326,-0.2190545428537967,-0.13974772467291022,0.7428891054687076,-0.3989313585194927,0.6587350711084563,-0.6119690284564038,0.0,1.0,0.0,1.0,-0.00443844595991276,-0.02347187782439164
odor_right,ensayo,327,-0.21887086911240408,-0.13982035108134452,0.7430693181579511,-0.3990107132739441,0.6589166852238952,-0.6120419456968869,0.0,1.0,0.0,1.0,-0.004468517747004563,-0.02373412138479125
odor_right,ensayo,328,-0.2186871990287187,-0.1398929885034892,0.7432495194615625,-0.3990901075456981,0.6590982816532455,-0.6121149002185469,0.0,1.0,0.0,1.0,-0.004501208860370892,-0.023998092952297156
odor_right,ensayo,329,-0.21850353273583667,-0.13996563766564363,0.7434297085677309,-0.39916954454538384,0.6592798590512317,-0.612187895021289,0.0,1.0,0.0,1.0,-0.0045369765805867695,-0.024263944031872597
odor_right,ensayo,330,-0.21831987040970882,-0.14003829944003918,0.7436098845032697,-0.39924902807059676,0.6594614158128476,-0.6122609336531313,0.0,1.0,0.0,1.0,-0.004576265021303254,-0.024531852244365382
odor_right,ensayo,331,-0.21813621226882665,-0.1401109748420154,0.7437900461367071,-0.39932856249281173,0.6596429500787039,-0.6123340201980074,0.0,1.0,0.0,1.0,-0.004619509548737322,-0.02480202070796622
odor_right,ensayo,332,-0.21795255857375773,-0.14018366502699336,0.7439701921816679,-0.39940815274341673,0.6598244597408278,-0.6124071592627449,0.0,1.0,0.0,1.0,-0.00466713207824265,-0.025074677382889377
odor_right,ensayo,333,-0.2177689096263915,-0.14025637128651597,0.7441503212013624,-0.3994878042960316,0.6600059424501334,-0.6124803559605673,0.0,1.0,0.0,1.0,-0.004719536798375817,-0.02535007424077662
odor_right,ensayo,334,-0.21758526576892026,-0.1403290950433222,0.7443304316140941,-0.39956752314497734,0.6601873956255399,-0.6125536158909781,0.0,1.0,0.0,1.0,-0.0047771077935274305,-0.02562848625760239
odor_right,ensayo,335,-0.21740162738260252,-0.14040183784567306,0.744510521699592,-0.3996473157807706,0.6603688164644155,-0.6126269451168787,0.0,1.0,0.0,1.0,-0.004840207517580369,-0.025910210277032775
odor_right,ensayo,336,-0.21721799488613228,-0.14047460136030138,0.7446905896069688,-0.3997271891598004,0.6605502019555725,-0.6127003501362325,0.0,1.0,0.0,1.0,-0.0049091677901020635,-0.02619556359792341
odor_right,ensayo,337,-0.21703436873334175,-0.14054738736273387,0.7448706333656735,-0.39980715066293804,0.660731548897014,-0.6127738378433564,0.0,1.0,0.0,1.0,-0.004984276542432397,-0.02648488203445254
odor_right,ensayo,338,-0.21685074941040527,-0.14062019772542392,0.7450506508987489,-0.39988720804528116,0.6609128539174747,-0.61284741548193,0.0,1.0,0.0,1.0,-0.005065776522985793,-0.026778517579316485
odor_right,ensayo,339,-0.21666713743267674,-0.14069303440453318,0.745230640037558,-0.399967369380294,0.6610941135004338,-0.6129210905928004,0.0,1.0,0.0,1.0,-0.005153861848421807,-0.02707683582707432
odor_right,ensayo,340,-0.21648353334120454,-0.1407658994256691,0.7454105985376508,-0.4000476429997767,0.6612753240100171,-0.6129948709579054,0.0,1.0,0.0,1.0,-0.005248676251385218,-0.027380213223750616
odor_right,ensayo,341,-0.2162999376990063,-0.14083879486897458,0.7455905240953186,-0.40012803743141756,0.661456481718026,-0.6130687645419601,0.0,1.0,0.0,1.0,-0.005350312802765229,-0.02768903422230551
odor_right,ensayo,342,-0.21611635108682983,-0.14091172285261044,0.7457704143660802,-0.4002085613296047,0.6616375828339638,-0.6131427794278267,0.0,1.0,0.0,1.0,-0.005458801782333664,-0.028003688120037395
odor_right,ensayo,343,-0.21593277409816206,-0.14098468551335375,0.7459502669864361,-0.40028922339434736,0.6618186235402047,-0.6132169237407368,0.0,1.0,0.0,1.0,-0.005574098388340135,-0.028324565332525253
odor_right,ensayo,344,-0.21574920733373,-0.14105768498509405,0.7461300795977654,-0.4003700322818342,0.6619996000307353,-0.6132912055647031,0.0,1.0,0.0,1.0,-0.005696082768510658,-0.028652053301954084
odor_right,ensayo,345,-0.21556565139581313,-0.14113072337683016,0.7463098498707033,-0.4004509965132651,0.6621805085507825,-0.6133656328573706,0.0,1.0,0.0,1.0,-0.005824563754678093,-0.02898653236090354
odor_right,ensayo,346,-0.2153821068828283,-0.14120380275223748,0.7464895755275641,-0.4005321243909404,0.662361345433454,-0.6134402133717105,0.0,1.0,0.0,1.0,-0.005959294194734928,-0.029328371983751822
odor_right,ensayo,347,-0.21519857438429604,-0.14127692511166054,0.7466692543621367,-0.4006134239249076,0.6625421071320726,-0.6135149545876202,0.0,1.0,0.0,1.0,-0.006099978336047929,-0.029677927552910432
odor_right,ensayo,348,-0.21501505447587582,-0.14135009237518628,0.7468488842584348,-0.40069490276441777,0.6627227902505701,-0.6135898636479806,0.0,1.0,0.0,1.0,-0.006246268673020083,-0.03003553733455533
odor_right,ensayo,349,-0.2148315477144018,-0.14142330636601502,0.747028463209106,-0.4007765681311476,0.6629033915731335,-0.6136649472963214,0.0,1.0,0.0,1.0,-0.006397767484078603,-0.03040151952345127
odor_right,ensayo,350,-0.2146480546331586,-0.1414965687949129,0.7472079893325402,-0.4008584267573987,0.6630839080917256,-0.6137402118191324,0.0,1.0,0.0,1.0,-0.006554035076723442,-0.03077616952575113
odor_right,ensayo,351,-0.21446457573786742,-0.14156988124771558,0.7473874608864006,-0.4009404848376022,0.663264337027927,-0.6138156630006464,0.0,1.0,0.0,1.0,-0.006714609220550247,-0.031159757888360673
odor_right,ensayo,352,-0.2142811115033052,-0.1416432451759629,0.7475668762778248,-0.401022747992914,0.6634446758492757,-0.6138913060898642,0.0,1.0,0.0,1.0,-0.006879009844153858,-0.0315525288324352
odor_right,ensayo,353,-0.21409766236999522,-0.14171666188813611,0.7477462340732056,-0.4011052212381166,0.6636249222846046,-0.613967145769663,0.0,1.0,0.0,1.0,-0.007046729606673252,-0.03195469884769864
odor_right,ensayo,354,-0.21391422874088642,-0.14179013254048958,0.7479255330083743,-0.4011879089469741,0.6638050743399011,-0.6140431861244002,0.0,1.0,0.0,1.0,-0.00721723403738321,-0.032366455186092935
odor_right,ensayo,355,-0.2137308109783114,-0.14186365812858168,0.7481047719978805,-0.4012708148205334,0.6639851303128104,-0.6141194306102792,0.0,1.0,0.0,1.0,-0.007389968897254688,-0.03278795449648442
odor_right,ensayo,356,-0.21354740940118386,-0.14193723947966683,0.7482839501433874,-0.40135394185865586,0.664165088805726,-0.614195882028741,0.0,1.0,0.0,1.0,-0.007564359942998224,-0.03321932160281449
odor_right,ensayo,357,-0.21336402428216955,-0.14201087724483077,0.7484630667424653,-0.4014372923301438,0.6643449487394487,-0.6142725424985231,0.0,1.0,0.0,1.0,-0.007739807016734879,-0.03366064819618941
odor_right,ensayo,358,-0.21318065584507012,-0.14208457189154794,0.748642121296743,-0.40152086774474716,0.6645247093659283,-0.6143494134294789,0.0,1.0,0.0,1.0,-0.00791569293086284,-0.03411199162027856
odor_right,ensayo,359,-0.2129973042627662,-0.14215832369836548,0.748821113517602,-0.40160466883406437,0.6647043702771865,-0.6144264955047571,0.0,1.0,0.0,1.0,-0.008091395475405425,-0.034573374090768993
odor_right,ensayo,360,-0.21281396965574395,-0.1422321327520967,0.749000043329146,-0.4016886955428278,0.6648839314098443,-0.6145037886727112,0.0,1.0,0.0,1.0,-0.008266294761119721,-0.03504478240088815
odor_right,ensayo,361,-0.2126306520909065,-0.14230599894629187,0.7491789108698726,-0.4017729470252698,0.6650633930474243,-0.6145812921435228,0.0,1.0,0.0,1.0,-0.008439770516606665,-0.035526167837360845
odor_right,ensayo,362,-0.21244735158071307,-0.14237992198074775,0.7493577164931463,-0.40185742164595056,0.665242755820664,-0.6146590043899782,0.0,1.0,0.0,1.0,-0.008611208792083748,-0.03601744629108339
odor_right,ensayo,363,-0.21226406808271606,-0.14245390136241923,0.7495364607660958,-0.4019421169862679,0.6654220207053102,-0.6147369231535472,0.0,1.0,0.0,1.0,-0.00878000599504216,-0.03651849862333734
odor_right,ensayo,364,-0.21208080149929004,-0.14252793640693115,0.7497151444679604,-0.40202702985309835,0.6656011890189502,-0.614815045452439,0.0,1.0,0.0,1.0,-0.008945565875976592,-0.0370291711091113
odor_right,ensayo,365,-0.2118975516776686,-0.14260202624090884,0.7498937685874291,-0.4021121562908615,0.6657802624162688,-0.6148933675928513,0.0,1.0,0.0,1.0,-0.009107306729282411,-0.03754927603463898
odor_right,ensayo,366,-0.2117143184105038,-0.14267616980615622,0.75007233431785,-0.40219749160115825,0.6659592428809846,-0.6149718851873212,0.0,1.0,0.0,1.0,-0.009264670244814395,-0.038078592652937004
odor_right,ensayo,367,-0.21153110143678547,-0.14275036586524567,0.7502508430509996,-0.40228303036793694,0.6661381327154132,-0.6150505931782402,0.0,1.0,0.0,1.0,-0.009417121227020599,-0.038616868381325276
odor_right,ensayo,368,-0.21134790044303228,-0.14282461300792795,0.7504292963699397,-0.40236876648592057,0.6663169345285325,-0.6151294858643989,0.0,1.0,0.0,1.0,-0.009564149897465617,-0.03916382013414932
odor_right,ensayo,369,-0.2111647150653615,-0.14289890966065255,0.7506076960381085,-0.4024546932024433,0.6664956512181952,-0.6152085569401057,0.0,1.0,0.0,1.0,-0.009705296497169438,-0.039719136305876646
odor_right,ensayo,370,-0.2109815448924974,-0.14297325410009812,0.7507860439840885,-0.40254080317566504,0.6666742859463793,-0.6152877995496491,0.0,1.0,0.0,1.0,-0.009840159797742998,-0.040282479516321246
odor_right,ensayo,371,-0.21079838946914042,-0.1430476444682744,0.7509643422848712,-0.40262708853888984,0.666852842111757,-0.6153672063474067,0.0,1.0,0.0,1.0,-0.009968390568464517,-0.040853489591768266
odor_right,ensayo,372,-0.2106152482994124,-0.14312207878741343,0.7511425931494022,-0.4027135409637322,0.6670313233225691,-0.6154467695568053,0.0,1.0,0.0,1.0,-0.010089687434563246,-0.04143178644724799
odor_right,ensayo,373,-0.210432120850462,-0.14319655497476622,0.7513207989021751,-0.40280015172260064,0.6672097333696232,-0.6155264810286287,0.0,1.0,0.0,1.0,-0.01020379851649242,-0.04201697291944129
odor_right,ensayo,374,-0.21024900655627332,-0.14327107085764101,0.751498961966512,-0.40288691175167696,0.6673880761989259,-0.6156063322997879,0.0,1.0,0.0,1.0,-0.010310521859793646,-0.042608637614307554
odor_right,ensayo,375,-0.21006590482136353,-0.1433456241875954,0.751677084848972,-0.40297381170962704,0.6675663558860965,-0.6156863146480968,0.0,1.0,0.0,1.0,-0.010409695249334548,-0.04320635753160218
odor_right,ensayo,376,-0.20988281502424674,-0.14342021265304958,0.7518551701254697,-0.4030608420293081,0.6677445766136205,-0.6157664191404806,0.0,1.0,0.0,1.0,-0.010501190890395177,-0.04380970034787879
odor_right,ensayo,377,-0.20969973652088003,-0.14349483389123405,0.7520332204280135,-0.40314799296644643,0.6679227426493064,-0.6158466366783777,0.0,1.0,0.0,1.0,-0.01058491816280962,-0.04441822656963268
odor_right,ensayo,378,-0.20951666864810475,-0.14356948549989648,0.7522112384317504,-0.4032352546469114,0.6681008583253447,-0.6159269580418626,0.0,1.0,0.0,1.0,-0.010660821456512376,-0.045031491627185005
odor_right,ensayo,379,-0.20933361072706624,-0.14364416504875224,0.7523892268422739,-0.4033226171127346,0.6682789280178818,-0.6160073739326092,0.0,1.0,0.0,1.0,-0.010728880132453943,-0.045649047915304664
odor_right,ensayo,380,-0.20915056206630103,-0.14371887008956236,0.7525671883846081,-0.40341007036193804,0.6684569561292392,-0.61608787501105,0.0,1.0,0.0,1.0,-0.010789096202632803,-0.04627044652815471
odor_right,ensayo,381,-0.20896752196433588,-0.14379359816393367,0.7527451257947286,-0.40349760437871796,0.6686349470742157,-0.6161684519245021,0.0,1.0,0.0,1.0,-0.010841486426677321,-0.04689523853534183
odor_right,ensayo,382,-0.20878448971220218,-0.14386834681039334,0.7529230418116528,-0.40358520916081053,0.6688129052675393,-0.6162490953326908,0.0,1.0,0.0,1.0,-0.010886089565390934,-0.04752297615476664
odor_right,ensayo,383,-0.20860146459614345,-0.14394311357236622,0.7531009391684844,-0.4036728747506458,0.6689908351097902,-0.6163297959368776,0.0,1.0,0.0,1.0,-0.01092297274510292,-0.048153214132668154
odor_right,ensayo,384,-0.2084184459004531,-0.14401789600704937,0.7532788205824901,-0.40376059127027525,0.6691687409717735,-0.6164105445125299,0.0,1.0,0.0,1.0,-0.010952232622443608,-0.04878551130858
odor_right,ensayo,385,-0.20823543291055763,-0.14409269169548408,0.7534566887438078,-0.40384834896166655,0.6693466271766595,-0.6164913319470182,0.0,1.0,0.0,1.0,-0.010974003150599992,-0.0494194324398336
odor_right,ensayo,386,-0.20805242491641776,-0.144167498254206,0.7536345463023657,-0.40393613823378277,0.6695244979792224,-0.6165721492836557,0.0,1.0,0.0,1.0,-0.010988460852773422,-0.05005455034603301
odor_right,ensayo,387,-0.20786942121617294,-0.14424231334811666,0.7538123958535176,-0.4040239497148782,0.6697023575428975,-0.6166529877706041,0.0,1.0,0.0,1.0,-0.010995826962277676,-0.050690448288463585
odor_right,ensayo,388,-0.2076864211199259,-0.14431713470400284,0.7539902399229738,-0.40411177430754625,0.669880209915614,-0.6167338389123191,0.0,1.0,0.0,1.0,-0.010996367453317777,-0.051326722462960106
odor_right,ensayo,389,-0.20750342395368987,-0.1443919601246276,0.754168080951081,-0.404199603246223,0.6700580590045356,-0.616814694523285,0.0,1.0,0.0,1.0,-0.01099039583370764,-0.05196298459932791
odor_right,ensayo,390,-0.2073204290635857,-0.14446678750373282,0.7543459212760577,-0.40428742815851293,0.6702359085491393,-0.6168955467853144,0.0,1.0,0.0,1.0,-0.010978277461776759,-0.052598864737518625
odor_right,ensayo,391,-0.20713743581991184,-0.14454161484057015,0.7545237631179407,-0.404375241124044,0.6704137620953117,-0.6169763883025102,0.0,1.0,0.0,1.0,-0.010960418075019861,-0.053234013859793095
odor_right,ensayo,392,-0.2069544436207161,-0.14461644025208276,0.754701608565257,-0.4044630347231951,0.6705916229737154,-0.6170572121467089,0.0,1.0,0.0,1.0,-0.01093725090760109,-0.05386810601950742
odor_right,ensayo,393,-0.20677145189477789,-0.14469126198214985,0.7548794595649311,-0.40455080207320965,0.6707694942834246,-0.6171380118911065,0.0,1.0,0.0,1.0,-0.010909225993456624,-0.05450083986815457
odor_right,ensayo,394,-0.2065884601041098,-0.1447660784084033,0.7550573179148397,-0.40463853685394296,0.6709473788799809,-0.6172187816342222,0.0,1.0,0.0,1.0,-0.010876805261611134,-0.05513193971171404
odor_right,ensayo,395,-0.2064054677461472,-0.14484088804755393,0.7552351852579074,-0.40472623332721336,0.6711252793661564,-0.6172995160179119,0.0,1.0,0.0,1.0,-0.010840460892099151,-0.055761156291509906
odor_right,ensayo,396,-0.20622247435571026,-0.14491568955986342,0.7554130630771896,-0.40481388635254,0.6713031980843991,-0.6173802102420624,0.0,1.0,0.0,1.0,-0.010800674285282611,-0.05638826742026026
odor_right,ensayo,397,-0.20603947950696674,-0.1449904817537801,0.755590952690597,-0.4049014914038234,0.6714811371088764,-0.6174608600801883,0.0,1.0,0.0,1.0,-0.010757942208697809,-0.05701307869063044
odor_right,ensayo,398,-0.2058564828153337,-0.1450652635907782,0.7557688552455541,-0.4049890445869301,0.6716590982373236,-0.6175414618959084,0.0,1.0,0.0,1.0,-0.010712774279179573,-0.05763542423522949
odor_right,ensayo,399,-0.20567348393906837,-0.14514003418926896,0.7559467717147148,-0.4050765426534524,0.6718370829845212,-0.6176220126558059,0.0,1.0,0.0,1.0,-0.01066568566803876,-0.05825516729851188
odor_right,ensayo,400,-0.2054904825804046,-0.1452147928267595,0.756124702893714,-0.4051639830072713,0.6720150925789199,-0.6177025099355473,0.0,1.0,0.0,1.0,-0.010617189324449534,-0.058872200464719526
uniform,preparacion,40,-0.2791675036053901,-0.11658753415624147,0.6836288074148988,-0.37459875250212443,0.5987824531108439,-0.5896579917604854,0.0,0.0,0.0,0.0,0.004199516800963489,0.006079349371162834
uniform,ensayo,1,-0.2789804383608842,-0.11665552138905896,0.6838146278213622,-0.3746653556215357,0.5989715734046812,-0.5897187910605738,1.0,1.0,1.0,1.0,0.0040281143332476866,0.0002328401748457054
uniform,ensayo,2,-0.2787934462989796,-0.11672357960640069,0.6840003301651791,-0.3747321926697273,0.5991605382964676,-0.5897798102975513,1.0,1.0,1.0,1.0,0.003854225732032394,0.0004557900004726889
uniform,ensayo,3,-0.27860652915394424,-0.11679170983001268,0.6841859120214967,-0.3747992674489218,0.599349344699204,-0.5898410530052084,1.0,1.0,1.0,1.0,0.0036789405209841112,0.0006686994894380405
uniform,ensayo,4,-0.2784196879176806,-0.11685991274740601,0.6843713720081562,-0.374866582304904,0.5995379908232797,-0.589902521361073,1.0,1.0,1.0,1.0,0.0035033554468797442,0.0008714847988642305
uniform,ensayo,5,-0.27823292295865093,-0.11692818869908257,0.6845567096654291,-0.37493413811897364,0.5997264760543501,-0.5899642161777064,1.0,1.0,1.0,1.0,0.0033285837667093184,0.0010641280495917727
uniform,ensayo,6,-0.2780462341209955,-0.11699653766632048,0.6847419253583215,-0.37500193429035605,0.5999148008561,-0.5900261368853581,1.0,1.0,1.0,1.0,0.0031557619606870004,0.0012466777444046784
uniform,ensayo,7,-0.27785962080725657,-0.11706495926068959,0.6849270201961339,-0.375069968716897,0.6001029666912536,-0.5900882815132749,1.0,1.0,1.0,1.0,0.002986042067399599,0.001419249355649299
uniform,ensayo,8,-0.27767308204773106,-0.11713345271721767,0.6851119959640046,-0.37513823778423333,0.6002909759537924,-0.5901506466791785,1.0,1.0,1.0,1.0,0.0028205770821698273,0.0015820255672451822
uniform,ensayo,9,-0.2774866165589889,-0.11720201689272287,0.6852968550620959,-0.37520673637159946,0.6004788319065499,-0.5902132275944735,1.0,1.0,1.0,1.0,0.002660501440499713,0.001735255777390421
uniform,ensayo,10,-0.27730022279339106,-0.11727065026928268,0.6854816004503816,-0.3752754578752901,0.600666538621732,-0.5902760180860572,1.0,1.0,1.0,1.0,0.0025069193716552316,0.001879254830953414
uniform,ensayo,11,-0.27711389898115796,-0.11733935096232229,0.6856662355976973,-0.37534439424881527,0.6008541009230591,-0.5903390106337842,1.0,1.0,1.0,1.0,0.0023608913624797597,0.0020144010275373603
uniform,ensayo,12,-0.2769276431663749,-0.1174081167332262,0.685850764433502,-0.3754135360599852,0.6010415243278797,-0.5904021964237623,1.0,1.0,1.0,1.0,0.0022234204540813518,0.0021411333884486794
uniform,ensayo,13,-0.27674145323802496,-0.11747694500611744,0.6860351913015496,-0.3754828725638381,0.6012288149885802,-0.5904655654164737,1.0,1.0,1.0,1.0,0.0020954412674875217,0.0022599482335010634
uniform,ensayo,14,-0.27655532695701524,-0.1175458328885626,0.6862195209145303,-0.37555239179081534,0.6014159796324364,-0.5905291064291273,1.0,1.0,1.0,1.0,0.001977807673927666,0.0023713950884030055
uniform,ensayo,15,-0.2763692619797809,-0.11761477719520694,0.6864037583100701,-0.3756220806459571,0.6016030255009264,-0.5905928072283007,1.0,1.0,1.0,1.0,0.0018712899679121972,0.002476072130320972
uniform,ensayo,16,-0.2761832558788782,-0.11768377447292194,0.6865879088087791,-0.3756919250134222,0.6017899602901133,-0.5906566546275053,1.0,1.0,1.0,1.0,0.0017765748773099224,0.0025746214382138533
uniform,ensayo,17,-0.27599730616110346,-0.11775282102702363,0.6867719779741289,-0.3757619098646848,0.6019767920922086,-0.5907206345881686,1.0,1.0,1.0,1.0,0.0016942624143475972,0.0026677241059474
uniform,ensayo,18,-0.2758114102835713,-0.11782191294839908,0.6869559715738732,-0.37583201936973065,0.602163529338173,-0.5907847323234241,1.0,1.0,1.0,1.0,0.0016248646892553995,0.0027560952408975936
uniform,ensayo,19,-0.27562556566819424,-0.11789104614166138,0.6871398955423126,-0.37590223701196357,0.6023501807405816,-0.5908489324053656,1.0,1.0,1.0,1.0,0.001568801224311411,0.0028404788031650696
uniform,ensayo,20,-0.27543976971494466,-0.11796021635462335,0.6873237559428069,-0.37597254570812266,0.6025367552359375,-0.5909132188770081,1.0,1.0,1.0,1.0,0.0015263942665826268,0.0029216422193485414
uniform,ensayo,21,-0.2752540198140574,-0.11802941920867595,0.6875075589307045,-0.37604292793146193,0.6027232619268583,-0.5909775753672861,1.0,1.0,1.0,1.0,0.0014978689488281893,0.0030003708615140567
uniform,ensayo,22,-0.27506831335729826,-0.11809865022951353,0.6876913107170585,-0.37611336583601174,0.6029097100248427,-0.5910419852070599,1.0,1.0,1.0,1.0,0.0014833537131575918,0.00307746249234242
uniform,ensayo,23,-0.2748826477484811,-0.11816790487808666,0.6878750175329841,-0.3761838413815072,0.6030961087935631,-0.5911064315457375,1.0,1.0,1.0,1.0,0.0014828795731048504,0.0031537216901540432
uniform,ensayo,24,-0.27469702041313315,-0.11823717858081058,0.6880586855956952,-0.37625433645464723,0.6032824674943988,-0.5911708974644507,1.0,1.0,1.0,1.0,0.001496389106354967,0.0032299544666045676
uniform,ensayo,25,-0.2745114288071951,-0.11830646675780339,0.6882423210773618,-0.37632483298171837,0.6034687953361629,-0.5912353660811338,1.0,1.0,1.0,1.0,0.0015237464329364687,0.0033069633083471217
uniform,ensayo,26,-0.2743258704248665,-0.11837576484903664,0.6884259300767113,-0.37639531303222706,0.6036551014290746,-0.5912998206472055,1.0,1.0,1.0,1.0,0.0015647429963998839,0.0033855426396200983
uniform,ensayo,27,-0.27414034280606714,-0.11844506834001048,0.6886095185912944,-0.3764657589206023,0.6038413947398643,-0.5913642446424873,1.0,1.0,1.0,1.0,0.0016190901641380323,0.003466474345259485
uniform,ensayo,28,-0.27395484354390504,-0.1185143727887096,0.6887930924885721,-0.3765361533133019,0.604027684044963,-0.5914286218752476,1.0,1.0,1.0,1.0,0.0016864101682121622,0.00355052300750458
uniform,ensayo,29,-0.27376937029209475,-0.11858367385365597,0.6889766574760796,-0.37660647934042135,0.6042139778820547,-0.5914929365864631,1.0,1.0,1.0,1.0,0.0017662363677943347,0.003638430928560865
uniform,ensayo,30,-0.2735839207721108,-0.11865296732181266,0.689160219072037,-0.3766767207067096,0.6044002845020937,-0.5915571735535029,1.0,1.0,1.0,1.0,0.0018580181695088118,0.0037309131960228115
uniform,ensayo,31,-0.273398492780013,-0.11872224913561227,0.6893437825770463,-0.37674686179899336,0.6045866118229403,-0.5916213181904237,1.0,1.0,1.0,1.0,0.0019611252117539457,0.0038286529278650505
uniform,ensayo,32,-0.27321308419306894,-0.11879151541936803,0.6895273530465098,-0.3768168877911322,0.6047729673841322,-0.5916853566459636,1.0,1.0,1.0,1.0,0.002074846996994333,0.003932296629614029
uniform,ensayo,33,-0.27302769297609586,-0.1188607625047935,0.6897109352641334,-0.37688678474505555,0.6049593583033851,-0.5917492758978657,1.0,1.0,1.0,1.0,0.002198399375942856,0.004042449737141851
uniform,ensayo,34,-0.2728423171869928,-0.118929986953384,0.6898945337191674,-0.37695653969816395,0.6051457912389737,-0.5918130638344217,1.0,1.0,1.0,1.0,0.002330946635966254,0.004159672826034466
uniform,ensayo,35,-0.27265695498116854,-0.1189991855739346,0.690078152589078,-0.3770261407301799,0.6053322723608563,-0.5918767093167673,1.0,1.0,1.0,1.0,0.002471620477599109,0.004284478796961366
uniform,ensayo,36,-0.27247160461509057,-0.1190683554359481,0.6902617957265867,-0.37709557701279484,0.6055188073291125,-0.5919402022251273,1.0,1.0,1.0,1.0,0.0026195275249445717,0.004417330840055911
uniform,ensayo,37,-0.27228626444914766,-0.11913749388011259,0.6904454666498714,-0.37716483884695945,0.6057054012777421,-0.5920035334935707,1.0,1.0,1.0,1.0,0.002773756167793648,0.0045586409392512905
uniform,ensayo,38,-0.2721009329497208,-0.11920659852572801,0.6906291685361705,-0.3772339176873015,0.6058920588040918,-0.5920666951327734,1.0,1.0,1.0,1.0,0.0029333890048049626,0.0047087689531792876
uniform,ensayo,39,-0.2719156086906829,-0.11927566727588415,0.6908129042176911,-0.37730280615763323,0.6060787839621721,-0.5921296802444943,1.0,1.0,1.0,1.0,0.00309750277017437,0.004868022072287204
uniform,ensayo,40,-0.2717302903546327,-0.1193446983219261,0.690996676178167,-0.37737149806395154,0.606265580257193,-0.5921924830337651,1.0,1.0,1.0,1.0,0.003265165585119293,0.005036654347605918
uniform,ensayo,41,-0.27154497673377004,-0.11941369014709158,0.6911804865503989,-0.3774399884042995,0.6064524506416299,-0.5922550988181712,1.0,1.0,1.0,1.0,0.0034354428118810133,0.005214866346051394
uniform,ensayo,42,-0.2713596667302702,-0.11948264152856322,0.6913643371154982,-0.37750827337245607,0.6066393975139825,-0.5923175240313425,1.0,1.0,1.0,1.0,0.0036074036558542215,0.005402805086646367
uniform,ensayo,43,-0.2711743593560327,-0.11955155153726647,0.6915482293046739,-0.3775763503525805,0.606826422721525,-0.592379756217981,1.0,1.0,1.0,1.0,0.0037801311128931683,0.005600564394910634
uniform,ensayo,44,-0.2709890537317705,-0.11962041953511542,0.6917321642037357,-0.37764421790355523,0.6070135275674595,-0.5924417940192441,1.0,1.0,1.0,1.0,0.003952729960631687,0.005808185728341186
uniform,ensayo,45,-0.27080374908566207,-0.11968924517055217,0.6919161425593378,-0.37771187573671644,0.607200712820974,-0.5925036371519737,1.0,1.0,1.0,1.0,0.00412432689842723,0.006025659281192475
uniform,ensayo,46,-0.27061844475158,-0.11975802837271637,0.6921001647867263,-0.37777932468811526,0.6073879787297523,-0.5925652863828355,1.0,1.0,1.0,1.0,0.004294076238118104,0.006252925323508407
uniform,ensayo,47,-0.27043314016677045,-0.11982676934369733,0.6922842309795839,-0.37784656668306904,0.6075753250358494,-0.5926267434952452,1.0,1.0,1.0,1.0,0.004461167982286359,0.006489875889798213
uniform,ensayo,48,-0.27024783486888443,-0.11989546854836915,0.6924683409225452,-0.3779136046909203,0.6077627509958362,-0.592688011247138,1.0,1.0,1.0,1.0,0.004624837080963698,0.006736356916348996
uniform,ensayo,49,-0.27006252849219803,-0.11996412670108857,0.6926524941072003,-0.37798044266686087,0.6079502554065415,-0.5927490933166383,1.0,1.0,1.0,1.0,0.0047843769667138755,0.006992170977241585
uniform,ensayo,50,-0.2698772207630218,-0.12003274474912784,0.6928366897515774,-0.37804708548042776,0.6081378366364963,-0.5928099942352647,1.0,1.0,1.0,1.0,0.0049391484880630145,0.007257080626004608
uniform,ensayo,51,-0.26969191149451377,-0.12010132385377155,0.6930209268221119,-0.3781135388346915,0.6083254926614907,-0.5928707193124779,1.0,1.0,1.0,1.0,0.005088582694706937,0.00753081213696305
uniform,ensayo,52,-0.2695066005808336,-0.12016986536913084,0.6932052040581058,-0.3781798091760668,0.6085132211042232,-0.5929312745514802,1.0,1.0,1.0,1.0,0.005232190851790395,0.007813059662538535
uniform,ensayo,53,-0.26932128799059585,-0.12023837081842322,0.6933895199989613,-0.37824590359398846,0.6087010192784189,-0.5929916665555471,1.0,1.0,1.0,1.0,0.005369571719977923,0.008103489842994804
uniform,ensayo,54,-0.2691359737602193,-0.12030684187003052,0.6935738730113111,-0.37831182972066046,0.6088888842329939,-0.5930519024344852,1.0,1.0,1.0,1.0,0.0055003976046183725,0.008401746356128115
uniform,ensayo,55,-0.2689506579878041,-0.12037528031644142,0.6937582613127236,-0.37837759564379003,0.6090768127908529,-0.5931119897233055,1.0,1.0,1.0,1.0,0.005624394470202491,0.00870745379671689
uniform,ensayo,56,-0.26876534082742154,-0.1204436880560496,0.6939426829923976,-0.3784432098317578,0.6092648015826166,-0.5931719363125377,1.0,1.0,1.0,1.0,0.005741338171739792,0.009020220963577685
uniform,ensayo,57,-0.26858002248357116,-0.12051206707640194,0.6941271360302963,-0.3785086810655586,0.6094528470775198,-0.5932317503848126,1.0,1.0,1.0,1.0,0.005851052771898389,0.009339643845748924
uniform,ensayo,58,-0.26839470320580483,-0.12058041943844741,0.6943116183151299,-0.3785740183755449,0.6096409456122464,-0.5932914403558851,1.0,1.0,1.0,1.0,0.005953407122022806,0.00966530839784241
uniform,ensayo,59,-0.26820938328340993,-0.12064874726120699,0.6944961276619219,-0.3786392309801639,0.6098290934189048,-0.5933510148174839,1.0,1.0,1.0,1.0,0.006048316979145531,0.009996793239253066
uniform,ensayo,60,-0.2680240630401197,-0.12071705270647823,0.6946806618294723,-0.3787043282250574,0.6100172866527729,-0.5934104824804626,1.0,1.0,1.0,1.0,0.0061357447536131175,0.010333672348110667
uniform,ensayo,61,-0.26783874282887576,-0.12078533796362857,0.6948652185377051,-0.3787693195226034,0.6102055214198159,-0.5934698521183552,1.0,1.0,1.0,1.0,0.006215699162608811,0.010675517739173301
uniform,ensayo,62,-0.2676534230266902,-0.12085360523464886,0.6950497954846591,-0.3788342142925955,0.6103937938036631,-0.5935291325119886,1.0,1.0,1.0,1.0,0.006288233434802972,0.011021902088998559
uniform,ensayo,63,-0.2674681040297481,-0.12092185672005078,0.6952343903624698,-0.3788990219065657,0.610582099890994,-0.5935883323975115,1.0,1.0,1.0,1.0,0.006353439563572408,0.011372401184019054
uniform,ensayo,64,-0.2672827862486772,-0.1209900946054775,0.6954190008726148,-0.3789637516349858,0.6107704357956973,-0.5936474604171146,1.0,1.0,1.0,1.0,0.006411448857341199,0.011726596239554965
uniform,ensayo,65,-0.2670974701037333,-0.12105832104789772,0.695603624741663,-0.37902841259255393,0.610958797683774,-0.5937065250679212,1.0,1.0,1.0,1.0,0.006462438341001102,0.012084076328164883
uniform,ensayo,66,-0.26691215601972273,-0.1211265381604386,0.6957882597385883,-0.37909301367764553,0.6111471818006864,-0.593765534645403,1.0,1.0,1.0,1.0,0.006506637928795605,0.012444441097329673
uniform,ensayo,67,-0.26672684442096695,-0.12119474799691174,0.6959729036921768,-0.37915756351067564,0.6113355844990485,-0.5938244971857854,1.0,1.0,1.0,1.0,0.006544323334269987,0.012807303523231894
uniform,ensayo,68,-0.2665415357265304,-0.12126295253732992,0.6961575545073009,-0.3792220703765462,0.6115240022645979,-0.593883420412314,1.0,1.0,1.0,1.0,0.0065758106538007415,0.01317229245481144
uniform,ensayo,69,-0.26635623034580846,-0.12133115367495688,0.6963422101794268,-0.37928654217362145,0.6117124317393746,-0.5939423116876428,1.0,1.0,1.0,1.0,0.00660144904671099,0.013539054841487541
uniform,ensayo,70,-0.26617092867470704,-0.1213993532058602,0.6965268688062656,-0.3793509863734859,0.6119008697403099,-0.5940011779763223,1.0,1.0,1.0,1.0,0.006621607554641072,0.013907257444088827
uniform,ensayo,71,-0.2659856310925097,-0.12146755282149509,0.6967115285960458,-0.3794154099935395,0.6120893132723129,-0.5940600258192874,1.0,1.0,1.0,1.0,0.006636664845681313,0.014276587945659003
uniform,ensayo,72,-0.265800337959136,-0.12153575410310154,0.6968961878739489,-0.37947981957706634,0.6122777595381721,-0.5941188613152961,1.0,1.0,1.0,1.0,0.006647010709115929,0.01464675574268881
uniform,ensayo,73,-0.2656150496126114,-0.12160395851674485,0.6970808450878372,-0.3795442211759993,0.6124662059471645,-0.5941776901048312,1.0,1.0,1.0,1.0,0.006653046045030425,0.01501749264085106
uniform,ensayo,74,-0.2654297663669736,-0.12167216740967571,0.6972654988123865,-0.37960862033931425,0.6126546501211347,-0.5942365173592556,1.0,1.0,1.0,1.0,0.006655173304342419,0.015388553292638107
uniform,ensayo,75,-0.2652444885107387,-0.12174038200873688,0.6974501477509321,-0.3796730221097983,0.6128430898969175,-0.5942953477778048,1.0,1.0,1.0,1.0,0.006653789380015302,0.015759715247497752
uniform,ensayo,76,-0.26505921630578894,-0.12180860342032554,0.6976347907356675,-0.37973743102704116,0.6130315233260447,-0.5943541855903852,1.0,1.0,1.0,1.0,0.006649284007860323,0.016130778729376516
uniform,ensayo,77,-0.26487394998666325,-0.12187683263165126,0.6978194267263728,-0.3798018511357141,0.6132199486720638,-0.5944130345652922,1.0,1.0,1.0,1.0,0.006642034939110256,0.016501566183109162
uniform,ensayo,78,-0.2646886897602807,-0.12194507051340915,0.6980040548075744,-0.37986628599954836,0.6134083644053268,-0.594471898022256,1.0,1.0,1.0,1.0,0.006632403438621072,0.01687192156725814
uniform,ensayo,79,-0.2645034358059491,-0.12201331782330536,0.698188674184836,-0.3799307387184946,0.6135967691963344,-0.5945307788484393,1.0,1.0,1.0,1.0,0.006620735404332386,0.017241709519453252
uniform,ensayo,80,-0.264318188275437,-0.12208157520941215,0.6983732841812775,-0.37999521194472313,0.6137851619094249,-0.5945896795133199,1.0,1.0,1.0,1.0,0.006607366178764621,0.017610814603102654
uniform,ensayo,81,-0.2641329472933242,-0.12214984321400166,0.6985578842334481,-0.3800597079005849,0.6139735415955202,-0.5946486020854193,1.0,1.0,1.0,1.0,0.006592612590055895,0.017979140461420684
uniform,ensayo,82,-0.26394771295792147,-0.12221812227934739,0.6987424738848874,-0.3801242284046194,0.6141619074813316,-0.5947075482565838,1.0,1.0,1.0,1.0,0.006576762239533282,0.018346608583101442
uniform,ensayo,83,-0.2637624853427476,-0.12228641275572252,0.69892705277733,-0.38018877490647585,0.6143502589547587,-0.5947665193746181,1.0,1.0,1.0,1.0,0.006560067932717327,0.01871315665533757
uniform,ensayo,84,-0.26357726449814683,-0.12235471490991162,0.6991116206415272,-0.3802533485234852,0.6145385955495234,-0.5948255164774247,1.0,1.0,1.0,1.0,0.006542755465912658,0.019078736874831748
uniform,ensayo,85,-0.2633920504526964,-0.12242302893240474,0.6992961772896025,-0.38031795007134384,0.6147269169321712,-0.5948845403215787,1.0,1.0,1.0,1.0,0.006525033284331037,0.01944331457144699
uniform,ensayo,86,-0.2632068432145008,-0.12249135494338173,0.6994807226086481,-0.38038258008952935,0.6149152228911762,-0.5949435914059765,1.0,1.0,1.0,1.0,0.006507093055894006,0.019806867085634394
uniform,ensayo,87,-0.2630216427725926,-0.12255969299861527,0.6996652565542925,-0.3804472388661131,0.6151035133262099,-0.5950026699949436,1.0,1.0,1.0,1.0,0.006489106148694242,0.020169382661890722
uniform,ensayo,88,-0.26283644909898496,-0.12262804309769733,0.6998497791414728,-0.3805119264724979,0.6152917882331603,-0.5950617761506988,1.0,1.0,1.0,1.0,0.0064712037376523455,0.020530858840970723
uniform,ensayo,89,-0.2626512621516061,-0.1226964051961267,0.7000342904309321,-0.3805766428142496,0.615480047682329,-0.5951209097809123,1.0,1.0,1.0,1.0,0.006453462769050263,0.020891300080705832
uniform,ensayo,90,-0.2624660818775874,-0.12276477921926966,0.7002187905139232,-0.3806413876893613,0.6156682917934854,-0.595180070693171,1.0,1.0,1.0,1.0,0.006435912593607812,0.021250715066742032
uniform,ensayo,91,-0.26228090821651745,-0.1228331650759541,0.7004032794974214,-0.38070616084489056,0.6158565207115009,-0.5952392586478522,1.0,1.0,1.0,1.0,0.006418541107132259,0.021609114143473107
uniform,ensayo,92,-0.2620957411034789,-0.12290156267064757,0.7005877574909494,-0.3807709620273261,0.6160447345845195,-0.5952984734050836,1.0,1.0,1.0,1.0,0.006401303487601722,0.02196650707048775
uniform,ensayo,93,-0.26191058047152177,-0.12296997191275202,0.7007722245966905,-0.38083579102020454,0.6162329335474306,-0.5953577147597504,1.0,1.0,1.0,1.0,0.00638413921030094,0.022322901405061657
uniform,ensayo,94,-0.2617254262535987,-0.12303839272288454,0.700956680902838,-0.3809006476688127,0.6164211177107378,-0.5954169825644283,1.0,1.0,1.0,1.0,0.006366978557104739,0.022678301489008845
uniform,ensayo,95,-0.2615402783843505,-0.12310682503797123,0.7011411264780777,-0.38096553189977894,0.6166092871515696,-0.5954762767476053,1.0,1.0,1.0,1.0,0.0063497383847129114,0.023032707640709305
uniform,ensayo,96,-0.2613551368019886,-0.12317526881668861,0.7013255613655902,-0.3810304437419731,0.6167974419041714,-0.595535597333188,1.0,1.0,1.0,1.0,0.006332317224450757,0.023386115252662876
uniform,ensayo,97,-0.2611700014503967,-0.12324372404602703,0.7015099855758182,-0.381095383352201,0.6169855819484669,-0.5955949444645425,1.0,1.0,1.0,1.0,0.0063145888241978995,0.023738513641944792
uniform,ensayo,98,-0.26098487228171313,-0.12331219075008255,0.7016943990766205,-0.38116035105061,0.6171737071944869,-0.5956543184376327,1.0,1.0,1.0,1.0,0.006296389051483956,0.024089884424569163
uniform,ensayo,99,-0.2607997492599107,-0.12338066900328079,0.7018788017783888,-0.38122534737532565,0.6173618174586998,-0.5957137197521976,1.0,1.0,1.0,1.0,0.006277490645908022,0.024440198959126747
uniform,ensayo,100,-0.2606146323646527,-0.12344915894562956,0.7020631935173647,-0.38129037314499375,0.6175499124370508,-0.5957731491702535,1.0,1.0,1.0,1.0,0.006257618474978277,0.024789415470422682
uniform,ensayo,101,-0.26042952159455424,-0.12351766079546385,0.7022475740419819,-0.3813554295106355,0.6177379916824514,-0.5958326077644767,1.0,1.0,1.0,1.0,0.006236470401952403,0.02513747674728961
uniform,ensayo,102,-0.2602444169700029,-0.1235861748594821,0.7024319430020212,-0.38142051799628973,0.6179260545868464,-0.5958920969560564,1.0,1.0,1.0,1.0,0.0062137197381408,0.025484308381180654
uniform,ensayo,103,-0.2600593185357032,-0.12365470154110474,0.7026162999395689,-0.38148564053219897,0.6181141003663906,-0.5959516185456043,1.0,1.0,1.0,1.0,0.006189020334228438,0.025829817345481842
uniform,ensayo,104,-0.25987422636282964,-0.12372324134694979,0.7028006442820944,-0.3815507994796654,0.6183021280501728,-0.5960111747362953,1.0,1.0,1.0,1.0,0.006162014912797761,0.026173890959711343
uniform,ensayo,105,-0.2596891405508166,-0.1237917948915646,0.7029849753374049,-0.38161599764846466,0.6184901364721038,-0.5960707681500741,1.0,1.0,1.0,1.0,0.0061323386950454944,0.02651639618926538
uniform,ensayo,106,-0.25950406122871755,-0.12386036290035377,0.7031692922906438,-0.38168123830646306,0.6186781242661921,-0.5961304018365949,1.0,1.0,1.0,1.0,0.00609962743008306,0.026857179300378675
uniform,ensayo,107,-0.25931898855582536,-0.12392894620951095,0.7033535942047042,-0.38174652517639895,0.6188660898673195,-0.5961900792701512,1.0,1.0,1.0,1.0,0.006063533315472837,0.027196066121007334
uniform,ensayo,108,-0.2591339227217987,-0.1239975457636738,0.703537880022973,-0.3818118624234668,0.619054031515959,-0.5962498043380339,1.0,1.0,1.0,1.0,0.006023723696295485,0.02753286270387889
uniform,ensayo,109,-0.2589488639467291,-0.1240661626134612,0.7037221485720363,-0.3818772546426872,0.6192419472630617,-0.5963095813287532,1.0,1.0,1.0,1.0,0.005979874049845285,0.02786735595503842
uniform,ensayo,110,-0.25876381248121044,-0.12413479791357693,0.7039063985637906,-0.38194270684881915,0.6194298349740244,-0.5963694149226806,1.0,1.0,1.0,1.0,0.005931666262931477,0.028199314117415497
uniform,ensayo,111,-0.2585787686064195,-0.12420345292148363,0.7040906285969271,-0.38200822446908633,0.6196176923315772,-0.5964293101853303,1.0,1.0,1.0,1.0,0.0058787855347383665,0.02852848710995204
uniform,ensayo,112,-0.25839373263427307,-0.12427212899684884,0.7042748371575358,-0.3820738133395515,0.6198055168371884,-0.5964892725640483,1.0,1.0,1.0,1.0,0.00582091662909799,0.028854606687957585
uniform,ensayo,113,-0.25820870490764825,-0.1243408276016637,0.7044590226189833,-0.38213947970463286,0.6199933058111855,-0.596549307887624,1.0,1.0,1.0,1.0,0.0057577424916265925,0.029177386456552767
uniform,ensayo,114,-0.25802368580047097,-0.12440955030015487,0.7046431832421292,-0.3822052302158574,0.6201810563932632,-0.5966094223651655,1.0,1.0,1.0,1.0,0.005688949441253736,0.029496521932941278
uniform,ensayo,115,-0.2578386757173396,-0.12447829875690954,0.704827317177636,-0.3822710719230643,0.6203687655462042,-0.5966696225778654,1.0,1.0,1.0,1.0,0.005614239714916684,0.02981169098598002
uniform,ensayo,116,-0.2576536750925913,-0.12454707473250422,0.7050114224709989,-0.38233701225519945,0.620556430063985,-0.5967299154610055,1.0,1.0,1.0,1.0,0.0055333397317056,0.030122554770514398
uniform,ensayo,117,-0.2574686843890578,-0.12461588007761985,0.7051954970691203,-0.3824030589949212,0.6207440465825184,-0.5967903082802014,1.0,1.0,1.0,1.0,0.005445999293227101,0.030428758930639788
uniform,ensayo,118,-0.2572837040966788,-0.12468471672666105,0.7053795388273989,-0.3824692202511596,0.6209316115913499,-0.5968508086057747,1.0,1.0,1.0,1.0,0.005351990968538589,0.030729934874500486
uniform,ensayo,119,-0.2570987347308056,-0.12475358669041751,0.7055635455179416,-0.3825355044275747,0.6211191214471655,-0.5969114242832939,1.0,1.0,1.0,1.0,0.0052511173616040475,0.031025701236274017
uniform,ensayo,120,-0.25691377682984434,-0.12482249204623078,0.7057475148406943,-0.3826019201804747,0.6213065723918803,-0.5969721633942409,1.0,1.0,1.0,1.0,0.005143225769061815,0.031315665843351326
uniform,ensayo,121,-0.25672883095217036,-0.12489143492508113,0.7059314444379037,-0.3826684763639759,0.6214939605761423,-0.5970330342047258,1.0,1.0,1.0,1.0,0.00502821747646099,0.03159942827716122
uniform,ensayo,122,-0.25654389767270847,-0.12496041749718746,0.7061153319100343,-0.3827351819693453,0.621681282085372,-0.597094045108811,1.0,1.0,1.0,1.0,0.004906043350920113,0.0318765826696108
uniform,ensayo,123,-0.25635897757932047,-0.1250294419572041,0.7062991748321151,-0.38280204606273727,0.6218685329666105,-0.5971552045703759,1.0,1.0,1.0,1.0,0.004776704644186755,0.032146720544403706
uniform,ensayo,124,-0.2561740712690333,-0.1250985105092169,0.706482970770288,-0.38286907772244944,0.6220557092556954,-0.5972165210645546,1.0,1.0,1.0,1.0,0.004640251843179353,0.03240943366043325
uniform,ensayo,125,-0.2559891793441368,-0.125167625351688,0.706666717298408,-0.3829362859763286,0.6222428070044796,-0.5972780030193175,1.0,1.0,1.0,1.0,0.004496784390753799,0.032664316835194995
uniform,ensayo,126,-0.2558043024082163,-0.12523678866254512,0.7068504120144625,-0.3830036797402114,0.6224298223076974,-0.5973396587580224,1.0,1.0,1.0,1.0,0.0043464485543880235,0.03291097070871274
uniform,ensayo,127,-0.25561944106205214,-0.12530600258415983,0.7070340525571519,-0.3830712677561492,0.6226167513299953,-0.5974014964417536,1.0,1.0,1.0,1.0,0.004189439992222395,0.03314900451627523
uniform,ensayo,128,-0.255434595899308,-0.12537526920773898,0.7072176366231341,-0.3831390585284391,0.6228035903339434,-0.5974635240095876,1.0,1.0,1.0,1.0,0.004026006635620518,0.03337803896653213
uniform,ensayo,129,-0.2552497675022138,-0.12544459055780688,0.7074011619840608,-0.383207060260477,0.6229903357077229,-0.5975257491196346,1.0,1.0,1.0,1.0,0.0038564431502783403,0.03359770906700987
uniform,ensayo,130,-0.2550649564373072,-0.12551396857724753,0.7075846265030008,-0.38327528079411316,0.6231769839918054,-0.5975881790924275,1.0,1.0,1.0,1.0,0.0036810895734873386,0.03380766682403191
uniform,ensayo,131,-0.2548801632513024,-0.12558340511311264,0.7077680281499888,-0.3833437275525311,0.6233635319041806,-0.5976508208576066,1.0,1.0,1.0,1.0,0.0035003266145132287,0.034007583770971905
uniform,ensayo,132,-0.254695388467057,-0.12565290190312356,0.7079513650168365,-0.3834124074861639,0.6235499763643205,-0.5977136809034369,1.0,1.0,1.0,1.0,0.0033145749964788914,0.03419715335644469
uniform,ensayo,133,-0.25451063257939127,-0.12572246056178468,0.7081346353324947,-0.3834813270169613,0.6237363145178756,-0.5977767652247498,1.0,1.0,1.0,1.0,0.003124302139545322,0.03437609342742576
uniform,ensayo,134,-0.2543258960508279,-0.12579208256605298,0.7083178374788164,-0.38355049198105007,0.6239225437620094,-0.5978400792693679,1.0,1.0,1.0,1.0,0.002930020116460718,0.03454414878831358
uniform,ensayo,135,-0.25414117930744023,-0.1258617692414197,0.708500970005804,-0.38361990757322045,0.6241086617699554,-0.5979036278862507,1.0,1.0,1.0,1.0,0.002732281589335561,0.034701093664750715
uniform,ensayo,136,-0.2539564827349965,-0.12593152174929106,0.7086840316453524,-0.3836895782970548,0.6242946665131919,-0.5979674152789377,1.0,1.0,1.0,1.0,0.0025316716723936318,0.03484673388945225
uniform,ensayo,137,-0.253771806675651,-0.1260013410767965,0.7088670213222165,-0.38375950792548513,0.6244805562791843,-0.598031444968763,1.0,1.0,1.0,1.0,0.0023287951833004953,0.03498090858511205
uniform,ensayo,138,-0.25358715142526267,-0.12607122802950313,0.7090499381618148,-0.3838296994737036,0.6246663296839301,-0.5980957197696326,1.0,1.0,1.0,1.0,0.0021242668919676843,0.03510349126844403
uniform,ensayo,139,-0.253402517231261,-0.1261411832266354,0.7092327814953069,-0.3839001551826611,0.6248519856799574,-0.5981602417726727,1.0,1.0,1.0,1.0,0.0019187054221667804,0.03521439047523245
uniform,ensayo,140,-0.2532179042911402,-0.12621120709887002,0.7094155508617837,-0.38397087651357975,0.6250375235595687,-0.5982250123411527,1.0,1.0,1.0,1.0,0.0017127225933960743,0.03531354988331259
uniform,ensayo,141,-0.25303331275147073,-0.12628129988826975,0.7095982460082194,-0.3840418641512512,0.6252229429543066,-0.598290032113598,1.0,1.0,1.0,1.0,0.001506920835983602,0.03540094805001104
uniform,ensayo,142,-0.2528487427070472,-0.12635146164861485,0.7097808668891148,-0.38411311800860576,0.6254082438337454,-0.5983553010080277,1.0,1.0,1.0,1.0,0.0013019000035096814,0.03547659813366977
uniform,ensayo,143,-0.25266419420013775,-0.12642169224554947,0.7099634136663127,-0.38418463723035523,0.6255934265045311,-0.5984208182252938,1.0,1.0,1.0,1.0,0.0010982566487418152,0.035540547681478074
uniform,ensayo,144,-0.25247966721992593,-0.12649199135698,0.7101458867085098,-0.3842564201973371,0.6257784916090086,-0.5984865822530766,1.0,1.0,1.0,1.0,0.0008965824304659513,0.03559287839283343
uniform,ensayo,145,-0.25229516170224137,-0.12656235847422537,0.710328286589891,-0.3843284645337161,0.6259634401225455,-0.5985525908725715,1.0,1.0,1.0,1.0,0.0006974596947726832,0.035633705749035016
uniform,ensayo,146,-0.2521106775294887,-0.12663279290374696,0.7105106140881746,-0.38440076711618065,0.6261482733499388,-0.59861884116704,1.0,1.0,1.0,1.0,0.000501462511677066,0.035663178559758535
uniform,ensayo,147,-0.2519262145306327,-0.1267032937688172,0.7106928701827999,-0.3844733240825662,0.6263329929220285,-0.598685329529817,1.0,1.0,1.0,1.0,0.0003091591715286139,0.03568147855071402
uniform,ensayo,148,-0.2517417724811091,-0.12677386001053564,0.7108750560538629,-0.3845461308373854,0.6265176007935357,-0.5987520516694161,1.0,1.0,1.0,1.0,0.00012111698732615673,0.03568882011100527
uniform,ensayo,149,-0.25155735110271127,-0.1268444903883278,0.7110571730815646,-0.38461918205501755,0.6267020992418154,-0.598819002612442,1.0,1.0,1.0,1.0,-6.209816758760807e-05,0.03568545015107816
uniform,ensayo,150,-0.25137295006389004,-0.12691518348176342,0.7112392228440119,-0.38469247168855664,0.6268864908631602,-0.5988861767118486,1.0,1.0,1.0,1.0,-0.00023993584688253484,0.035671647670199036
uniform,ensayo,151,-0.251188568980912,-0.12698593769595276,0.7114212071109233,-0.3847659929937852,0.6270707785626696,-0.5989535676693953,1.0,1.0,1.0,1.0,-0.0004118803044970735,0.035647722585991914
uniform,ensayo,152,-0.25100420741982754,-0.12705675127068417,0.7116031278333248,-0.38483973856872267,0.6272549655375494,-0.5990211685726842,1.0,1.0,1.0,1.0,-0.0005774591914002012,0.03561401383993257
uniform,ensayo,153,-0.25081986489916275,-0.12712762229269683,0.7117849871298036,-0.3849137004064607,0.627439055254696,-0.5990889719445862,1.0,1.0,1.0,1.0,-0.0007362532804464746,0.03557088690214982
uniform,ensayo,154,-0.25063554089336554,-0.127198548710999,0.7119667872694181,-0.38498786996080636,0.627623051422746,-0.5991569698046157,1.0,1.0,1.0,1.0,-0.0008879063900742278,0.03551873069909561
uniform,ensayo,155,-0.2504512348365523,-0.12726952835336527,0.712148530653529,-0.3850622382163129,0.6278069579621475,-0.5992251537343417,1.0,1.0,1.0,1.0,-0.0010321172006702713,0.03545795438790833
uniform,ensayo,156,-0.2502669461259501,-0.12734055894105348,0.7123302197998214,-0.3851367957502167,0.6279907789785215,-0.5992935149351448,1.0,1.0,1.0,1.0,-0.0011686225193789648,0.03538898457190953
uniform,ensayo,157,-0.2500826741249787,-0.12741163810099382,0.712511857329014,-0.38521153278337633,0.6281745187404559,-0.5993620442756482,1.0,1.0,1.0,1.0,-0.0012971903947109043,0.035312263056283655
uniform,ensayo,158,-0.24989841816624342,-0.12748276337670658,0.7126934459528679,-0.385286439225439,0.6283581816596489,-0.5994307323337923,1.0,1.0,1.0,1.0,-0.0014176212086869572,0.0352282448626795
uniform,ensayo,159,-0.24971417755453718,-0.127553932238808,0.7128749884625883,-0.38536150471774155,0.6285417722719424,-0.5994995694368292,1.0,1.0,1.0,1.0,-0.0015297470912633403,0.03513739633564228
uniform,ensayo,160,-0.24952995156989213,-0.12762514209547837,0.713056487717282,-0.3854367186757743,0.6287252952185707,-0.5995685457009524,1.0,1.0,1.0,1.0,-0.0016334333746646941,0.03504019325797003
uniform,ensayo,161,-0.2493457394703364,-0.12769639030171998,0.7132379466339238,-0.385512070326024,0.6289087552298074,-0.5996376510656607,1.0,1.0,1.0,1.0,-0.0017285659269876796,0.03493711924392073
uniform,ensayo,162,-0.24916154049425226,-0.12776767416664594,0.713419368179445,-0.38558754873450163,0.6290921571120918,-0.5997068753203312,1.0,1.0,1.0,1.0,-0.0018150458775215395,0.03482866452623057
uniform,ensayo,163,-0.24897735386290365,-0.12783899096107387,0.7136007553622249,-0.38566314283689124,0.6292755057344429,-0.5997762081323685,1.0,1.0,1.0,1.0,-0.0018928036874452322,0.034715324629218
uniform,ensayo,164,-0.24879317878348783,-0.12791033792751225,0.713782111220843,-0.3857388414787678,0.6294588060106463,-0.5998456390848266,1.0,1.0,1.0,1.0,-0.001961811065958755,0.034597598537345675
uniform,ensayo,165,-0.24860901445256064,-0.1279817122921892,0.7139634388107232,-0.38581463346436207,0.6296420628779159,-0.5999151577220395,1.0,1.0,1.0,1.0,-0.002022083511164713,0.034475986464968855
uniform,ensayo,166,-0.24842486005971345,-0.12805311127835006,0.7141447411894082,-0.385890507610842,0.629825281273208,-0.5999847536003793,1.0,1.0,1.0,1.0,-0.0020736832862084708,0.034350987382168796
uniform,ensayo,167,-0.24824071479141513,-0.1281245321203011,0.714326021401025,-0.3859664528057516,0.6300084661081238,-0.6000544163419298,1.0,1.0,1.0,1.0,-0.0021167195054408758,0.034223096410585185
uniform,ensayo,168,-0.24805657783492024,-0.12819597207762667,0.7145072824606253,-0.38604245806512627,0.6301916222435098,-0.6001241356887728,1.0,1.0,1.0,1.0,-0.002151346635649823,0.03409280220466826
uniform,ensayo,169,-0.24787244838229794,-0.1282674284496745,0.714688527338166,-0.38611851259271585,0.6303747544634979,-0.6001939015582975,1.0,1.0,1.0,1.0,-0.002177767115699647,0.03396058428691617
uniform,ensayo,170,-0.24768832563463059,-0.12833889859057687,0.7148697589418918,-0.38619460584131454,0.6305578674486114,-0.6002637041004831,1.0,1.0,1.0,1.0,-0.002196233232222891,0.03382691028727436
uniform,ensayo,171,-0.24750420880639273,-0.12841037992489082,0.7150509801010385,-0.3862707275765639,0.6307409657477924,-0.6003335337574991,1.0,1.0,1.0,1.0,-0.002207049430470473,0.033692233069359645
uniform,ensayo,172,-0.2473200971300405,-0.1284818699639873,0.7152321935476909,-0.3863468679437984,0.63092405374909,-0.6004033813261495,1.0,1.0,1.0,1.0,-0.0022105752591830953,0.033556987717247466
uniform,ensayo,173,-0.24713598986062152,-0.12855336632249278,0.7154134018987052,-0.38642301753481423,0.6311071356503812,-0.600473238020237,1.0,1.0,1.0,1.0,-0.0022072206378013965,0.0334215885416711
uniform,ensayo,174,-0.2469518862799937,-0.12862486673296156,0.7155946076397215,-0.38649916744676555,0.6312902154333675,-0.6005430955255165,1.0,1.0,1.0,1.0,-0.0021974316760734786,0.03328642648531854
uniform,ensayo,175,-0.24676778570032937,-0.12869636905715634,0.7157758131130264,-0.38657530932645817,0.6314732968437325,-0.6006129460409617,1.0,1.0,1.0,1.0,-0.002181674467277018,0.03315186723648367
uniform,ensayo,176,-0.24658368746711332,-0.1287678712945927,0.7159570205082454,-0.3866514354031152,0.6316563833761042,-0.6006827823092644,1.0,1.0,1.0,1.0,-0.0021604328249988634,0.033018249866643146
uniform,ensayo,177,-0.2463995909620275,-0.12883937159033723,0.716138231853727,-0.38672753851796515,0.6318394782604108,-0.6007525976444363,1.0,1.0,1.0,1.0,-0.0021342129431113554,0.03288588557833805
uniform,ensayo,178,-0.2462154956056086,-0.12891086824214157,0.7163194490087572,-0.386803612150733,0.632022584449658,-0.6008223859565504,1.0,1.0,1.0,1.0,-0.002103536851015482,0.03275505658371003
uniform,ensayo,179,-0.2460314008593887,-0.12898235970565353,0.716500673658001,-0.3868796504380031,0.6322057046112451,-0.6008921417688691,1.0,1.0,1.0,1.0,-0.0020689317279540104,0.032626015367014816
uniform,ensayo,180,-0.2458473062275886,-0.12905384459775343,0.71668190730793,-0.38695564818395006,0.6323888411215397,-0.6009618602278468,1.0,1.0,1.0,1.0,-0.002030927230618095,0.03249898429285736
uniform,ensayo,181,-0.24566321125855453,-0.12912532169893706,0.7168631512842439,-0.3870316008672806,0.6325719960621539,-0.6010315371096114,1.0,1.0,1.0,1.0,-0.001990055719052925,0.03237415536770527
uniform,ensayo,182,-0.24547911554618032,-0.1291967899558935,0.717044406728954,-0.3871075046493192,0.6327551712157986,-0.6011011688275579,1.0,1.0,1.0,1.0,-0.001946858203784672,0.032251689918410875
uniform,ensayo,183,-0.24529501873140974,-0.1292682484848911,0.7172256745965924,-0.3871833563857435,0.6329383680607161,-0.6011707524433803,1.0,1.0,1.0,1.0,-0.0019018878199432068,0.03213171808141624
uniform,ensayo,184,-0.24511092050369562,-0.12933969657550076,0.7174069556501281,-0.3872591536399498,0.6331215877645208,-0.6012402856796192,1.0,1.0,1.0,1.0,-0.0018557082156250115,0.03201433821578803
uniform,ensayo,185,-0.24492682060238807,-0.12941113369430846,0.7175882504568789,-0.3873348946967004,0.6333048311779479,-0.6013097669324555,1.0,1.0,1.0,1.0,-0.001808893833031012,0.031899616305054224
uniform,ensayo,186,-0.2447427188179898,-0.12948255948830714,0.7177695593848206,-0.3874105785745619,0.6334880988291558,-0.6013791952833567,1.0,1.0,1.0,1.0,-0.0017620269085863534,0.03178758542011906
uniform,ensayo,187,-0.2445586149929375,-0.1295539737865357,0.7179508826009879,-0.38748620503084275,0.6336713909212559,-0.6014485705036736,1.0,1.0,1.0,1.0,-0.0017156840937869798,0.03167824555350762
uniform,ensayo,188,-0.24437450902165744,-0.1296253765985976,0.7181322200733757,-0.3875617745533883,0.6338547073354222,-0.601517893046914,1.0,1.0,1.0,1.0,-0.0016704227795196387,0.03157156408323658
uniform,ensayo,189,-0.2441904008498839,-0.12969676810990127,0.7183135715764265,-0.38763728833860256,0.6340380476398667,-0.6015871640281347,1.0,1.0,1.0,1.0,-0.001626771150836994,0.03146747687588913
uniform,ensayo,190,-0.24400629047335354,-0.1297681486741996,0.7184949366994176,-0.387712748258148,0.6342214111036588,-0.6016563851927738,1.0,1.0,1.0,1.0,-0.001585221961000164,0.03136588989673328
uniform,ensayo,191,-0.24382217793582894,-0.12983951880351466,0.718676314857789,-0.38778815681459866,0.6344047967153761,-0.6017255588751856,1.0,1.0,1.0,1.0,-0.0015462225583235773,0.03126668131716315
uniform,ensayo,192,-0.24363806332647361,-0.12991087915556856,0.7188577053071786,-0.38786351708684025,0.634588203206218,-0.6017946879476122,1.0,1.0,1.0,1.0,-0.001510168757165704,0.03116970407850772
uniform,ensayo,193,-0.2434539467766659,-0.12998223051920368,0.7190391071596314,-0.38793883266728424,0.6347716290767179,-0.6018637757615263,1.0,1.0,1.0,1.0,-0.001477400168267516,0.031074788811707776
uniform,ensayo,194,-0.24326982845626943,-0.13005357379800242,0.7192205194018192,-0.3880141075918315,0.6349550726267134,-0.6019328260822225,1.0,1.0,1.0,1.0,-0.0014481948218500488,0.030981747072274857
uniform,ensayo,195,-0.24308570856945258,-0.13012490999249415,0.7194019409147376,-0.3880893462643624,0.6351385319877503,-0.6020018430183046,1.0,1.0,1.0,1.0,-0.0014227673307650114,0.030890374806318732
uniform,ensayo,196,-0.24290158735012254,-0.1301962401813154,0.7195833704945681,-0.38816455337726885,0.6353220051573454,-0.6020708309474916,1.0,1.0,1.0,1.0,-0.001401266515629687,0.03080045597857861
uniform,ensayo,197,-0.24271746505713926,-0.13026756550198046,0.7197648068738884,-0.3882397338309454,0.635505490033816,-0.6021397944414707,1.0,1.0,1.0,1.0,-0.0013837784101492004,0.03071176622324856
uniform,ensayo,198,-0.24253334196980628,-0.13033888713331088,0.7199462487408275,-0.38831489266111513,0.6356889844478896,-0.6022087381981152,1.0,1.0,1.0,1.0,-0.001370342614029878,0.03062407608476292
uniform,ensayo,199,-0.24234921838364168,-0.1304102062799749,0.7201276947560181,-0.38839003497534164,0.635872486190608,-0.6022776669823129,1.0,1.0,1.0,1.0,-0.0013609555230890181,0.03053715381659572
uniform,ensayo,200,-0.2421650946061638,-0.13048152415779907,0.7203091435687904,-0.3884651658931947,0.6360559930397549,-0.6023465855701627,1.0,1.0,1.0,1.0,-0.0013555684214351861,0.030450768024252284
uniform,ensayo,201,-0.24198097095269838,-0.1305528419794647,0.72049059383292,-0.3885402904885455,0.636239502785393,-0.602415498695129,1.0,1.0,1.0,1.0,-0.0013540900468471439,0.030364690217680845
uniform,ensayo,202,-0.2417968477418982,-0.13062416093932241,0.720672044223519,-0.3886154137280655,0.636423013257046,-0.6024844109905955,1.0,1.0,1.0,1.0,-0.0013563748336601425,0.030278697566131996
uniform,ensayo,203,-0.24161272529095615,-0.13069548219678678,0.7208534934554277,-0.38869054040404993,0.6366065223532518,-0.602553326927088,1.0,1.0,1.0,1.0,-0.001362221099629532,0.03019257592572444
uniform,ensayo,204,-0.2414286039110418,-0.1307668068604576,0.7210349403005587,-0.38876567507071075,0.6367900280696149,-0.6026222507527749,1.0,1.0,1.0,1.0,-0.0013713846357141226,0.030106122672549418
uniform,ensayo,205,-0.2412444839034182,-0.1308381359753115,0.7212163836017239,-0.3888408219936324,0.6369735285213296,-0.602691186446342,1.0,1.0,1.0,1.0,-0.001383595926857769,0.03001914888460533
uniform,ensayo,206,-0.24106036555674218,-0.13090947051522733,0.7213978222804005,-0.3889159851222096,0.6371570219559863,-0.6027601376914078,1.0,1.0,1.0,1.0,-0.0013985880229843105,0.029931480414603584
uniform,ensayo,207,-0.24087624914510802,-0.13098081137949855,0.721579255340446,-0.38899116807854955,0.6373405067594884,-0.6028291078663026,1.0,1.0,1.0,1.0,-0.001416094922840806,0.02984295822713534
uniform,ensayo,208,-0.24069213492613575,-0.13105215938972245,0.7217606818716278,-0.3890663741478785,0.6375239814612226,-0.6028981000351342,1.0,1.0,1.0,1.0,-0.0014358412191968527,0.029753438734047677
uniform,ensayo,209,-0.240508023138794,-0.13112351528507712,0.7219421010550051,-0.3891416062620111,0.6377074447420021,-0.602967116932273,1.0,1.0,1.0,1.0,-0.0014575316214663684,0.029662794506862156
uniform,ensayo,210,-0.24032391400088582,-0.13119487971544566,0.7221235121706725,-0.389216866973407,0.6378908954458469,-0.6030361609380024,1.0,1.0,1.0,1.0,-0.0014808426518435063,0.02957091545329149
uniform,ensayo,211,-0.24013980770632667,-0.13126625323294686,0.7223049146071824,-0.3892921584221789,0.638074332594651,-0.6031052340475925,1.0,1.0,1.0,1.0,-0.001505420465464775,0.029477710320975348
uniform,ensayo,212,-0.23995570442242778,-0.1313376362830325,0.7224863078713334,-0.38936748230100576,0.638257755403686,-0.6031743378384589,1.0,1.0,1.0,1.0,-0.0015308837675741171,0.029383108279006365
uniform,ensayo,213,-0.23977160428716396,-0.1314090291954259,0.7226676915982023,-0.3894428398190223,0.6384411632975818,-0.6032434734363977,1.0,1.0,1.0,1.0,-0.0015568216480697115,0.029287060539587628
uniform,ensayo,214,-0.23958750740624915,-0.1314804321742321,0.7228490655621369,-0.38951823166199717,0.6386245559278793,-0.6033126414783475,1.0,1.0,1.0,1.0,-0.0015827878354779021,0.029189542156871084
uniform,ensayo,215,-0.23940341385012512,-0.13155184528750405,0.7230304296882828,-0.3895936579503314,0.6388079331915026,-0.6033818420731242,1.0,1.0,1.0,1.0,-0.0016083027702664292,0.029090553919587592
uniform,ensayo,216,-0.23921932365091525,-0.13162326845667888,0.7232117840642449,-0.38966911819643035,0.6389912952495123,-0.6034510747615867,1.0,1.0,1.0,1.0,-0.0016328529105222832,0.028990124264794304
uniform,ensayo,217,-0.23903523679965122,-0.1316947014470946,0.7233931289503885,-0.3897446112669431,0.6391746425437836,-0.6035203384813815,1.0,1.0,1.0,1.0,-0.001655902364281739,0.028888310940601514
uniform,ensayo,218,-0.2388511532443092,-0.1317661438620275,0.7235744647860765,-0.38982013536023796,0.6393579758072572,-0.6035896315459975,1.0,1.0,1.0,1.0,-0.0016769145869129057,0.02878520192021483
uniform,ensayo,219,-0.2386670728888451,-0.13183759514141447,0.7237557921907217,-0.38989568800374574,0.6395412960657944,-0.6036589516424206,1.0,1.0,1.0,1.0,-0.00169536889029259,0.028680915374394544
uniform,ensayo,220,-0.23848299559305292,-0.13190905456449886,0.7239371119606409,-0.3899712660679167,0.6397246046329914,-0.6037282958442973,1.0,1.0,1.0,1.0,-0.0017107688565900757,0.028575598890284937
uniform,ensayo,221,-0.23829892117303594,-0.13198052125514598,0.7241184250630368,-0.3900468657914577,0.6399079031001029,-0.6037976606355777,1.0,1.0,1.0,1.0,-0.001722646855130312,0.02846942820087861
uniform,ensayo,222,-0.23811484940214797,-0.1320519941888887,0.7242997326281344,-0.39012248281373957,0.6400911933227846,-0.6038670419408085,1.0,1.0,1.0,1.0,-0.0017305665636098194,0.028362605618070802
uniform,ensayo,223,-0.23793078001242698,-0.13212347220153303,0.7244810359395494,-0.3901981122135912,0.6402744774049417,-0.6039364351613605,1.0,1.0,1.0,1.0,-0.0017341285800923588,0.02825535819224001
uniform,ensayo,224,-0.23774671269664954,-0.13219495399983064,0.7246623364223379,-0.3902737485565219,0.6404577576788612,-0.6040058352195368,1.0,1.0,1.0,1.0,-0.001732979304359612,0.02814793549086403
uniform,ensayo,225,-0.23756264711100997,-0.13226643817434908,0.7248436356286315,-0.3903493859507434,0.640641036681467,-0.6040752366108999,1.0,1.0,1.0,1.0,-0.001726816871146033,0.028040606982273175
uniform,ensayo,226,-0.2373785828781433,-0.13233792321341972,0.7250249352222335,-0.3904250181071077,0.640824317128807,-0.6041446334602399,1.0,1.0,1.0,1.0,-0.0017153879743891523,0.027933659270530597
uniform,ensayo,227,-0.23719451959014795,-0.1324094075165221,0.7252062369639395,-0.3905006383960732,0.6410076018916332,-0.6042140195747064,1.0,1.0,1.0,1.0,-0.0016984796061896366,0.027827393509767262
uniform,ensayo,228,-0.237010456811337,-0.13248088940579264,0.7253875426990266,-0.39057623989612983,0.6411908939744664,-0.6042833884889258,1.0,1.0,1.0,1.0,-0.001675907867920775,0.027722123251152198
uniform,ensayo,229,-0.236826394080701,-0.13255236713546661,0.7255688543469505,-0.39065181543303457,0.6413741964983959,-0.6043527335015174,1.0,1.0,1.0,1.0,-0.0016475121403328535,0.027618172729830803
uniform,ensayo,230,-0.23664233091448136,-0.13262383890101695,0.7257501738911962,-0.39072735761757393,0.6415575126844271,-0.6044220477102914,1.0,1.0,1.0,1.0,-0.0016131634067694902,0.02751587519418308
uniform,ensayo,231,-0.23645826680913656,-0.1326953028496968,0.7259315033674897,-0.39080285888890987,0.6417408458344385,-0.6044913240527315,1.0,1.0,1.0,1.0,-0.0015727725741099307,0.02741557094725522
uniform,ensayo,232,-0.23627420124446438,-0.13276675709188493,0.7261128448512894,-0.39087831156087893,0.6419241993109457,-0.6045605553492532,1.0,1.0,1.0,1.0,-0.0015262869303602296,0.02731760525605864
uniform,ensayo,233,-0.2360901336868227,-0.13283819971270586,0.7262942004449275,-0.3909537078694667,0.6421075765162929,-0.6046297343475469,1.0,1.0,1.0,1.0,-0.0014736923441995462,0.027222326213461656
uniform,ensayo,234,-0.23590606359271288,-0.1329096287849612,0.726475572263212,-0.39102904002592787,0.6422909808694253,-0.6046988537722181,1.0,1.0,1.0,1.0,-0.0014150230234540725,0.02713008232564107
uniform,ensayo,235,-0.2357219904127395,-0.1329810423836809,0.7266569624172527,-0.39110430027652965,0.6424744157798151,-0.6047679063806298,1.0,1.0,1.0,1.0,-0.0013503649171427983,0.02704121979206775
uniform,ensayo,236,-0.23553791359583912,-0.13305243860179247,0.7268383729971227,-0.3911794809669192,0.6426578846194159,-0.6048368850230564,1.0,1.0,1.0,1.0,-0.0012798577936555978,0.02695607958176538
uniform,ensayo,237,-0.23535383259358406,-0.133123815566017,0.7270198060543248,-0.39125457460720825,0.6428413906942305,-0.6049057827034736,1.0,1.0,1.0,1.0,-0.0012036913448902513,0.026874994498626847
uniform,ensayo,238,-0.23516974686414657,-0.13319517145115722,0.7272012635862356,-0.3913295739298658,0.643024937218908,-0.6049745926335841,1.0,1.0,1.0,1.0,-0.0011220911673573302,0.026798286618202383
uniform,ensayo,239,-0.2349856558757942,-0.13326650449188923,0.727382747523257,-0.39140447193690203,0.6432085272957562,-0.6050433082767913,1.0,1.0,1.0,1.0,-0.0010353103292095754,0.026726265241933334
uniform,ensayo,240,-0.23480155911024833,-0.13333781299339398,0.7275642597170844,-0.3914792619421498,0.6433921638957806,-0.6051119233876289,1.0,1.0,1.0,1.0,-0.0009436332056046203,0.026659225060285507
uniform,ensayo,241,-0.2346174560659587,-0.1334090953415725,0.7277458019294663,-0.3915539376114411,0.6435758498406636,-0.6051804320492642,1.0,1.0,1.0,1.0,-0.0008473729001199405,0.026597444398703374
uniform,ensayo,242,-0.23443334626108134,-0.13348035001207897,0.7279273758223415,-0.3916284929975671,0.6437595877869826,-0.605248828706123,1.0,1.0,1.0,1.0,-0.0007468635165089178,0.026541183709781535
uniform,ensayo,243,-0.2342492292361279,-0.13355157557790592,0.728108982949573,-0.3917029225691919,0.6439433802130288,-0.6053171081908684,1.0,1.0,1.0,1.0,-0.0006424564532674674,0.026490684343997373
uniform,ensayo,244,-0.2340651045565051,-0.13362277071644021,0.7282906247491525,-0.391777221237703,0.6441272294065158,-0.6053852657494742,1.0,1.0,1.0,1.0,-0.0005345236131237349,0.026446167396613873
uniform,ensayo,245,-0.23388097181516165,-0.13369393421710984,0.7284723025346689,-0.39185138438669254,0.6443111374512173,-0.6054532970687944,1.0,1.0,1.0,1.0,-0.00042346310705831914,0.026407832408381182
uniform,ensayo,246,-0.23369683063544852,-0.13376506499023286,0.7286540174854568,-0.3919254079066804,0.6444951062114744,-0.6055211983090647,1.0,1.0,1.0,1.0,-0.000309704968433204,0.026375855804531056
uniform,ensayo,247,-0.23351268067417374,-0.13383616207703328,0.7288357706354703,-0.3919992882349041,0.6446791373145898,-0.605588966141136,1.0,1.0,1.0,1.0,-0.00019371417734568436,0.026350389096336357
uniform,ensayo,248,-0.23332852162476814,-0.133907224660376,0.7290175628614088,-0.39207302239827163,0.6448632321319043,-0.605656597786651,1.0,1.0,1.0,1.0,-7.599125409246618e-05,0.02633155694212519
uniform,ensayo,249,-0.23314435322027388,-0.1339782520749434,0.7291993948716042,-0.3921466080538579,0.6450473917609317,-0.6057240910558849,1.0,1.0,1.0,1.0,4.2936247091485195e-05,0.026319455346879295
uniform,ensayo,250,-0.23296017523582768,-0.13404924381521582,0.7293812671974398,-0.39222004352002043,0.6452316170114479,-0.6057914443767667,1.0,1.0,1.0,1.0,0.00016252679100068243,0.02631415032740847
uniform,ensayo,251,-0.23277598749082296,-0.13412019954169696,0.729563180186549,-0.39229332780030207,0.6454159083945705,-0.6058586568171537,1.0,1.0,1.0,1.0,0.00028222430247339055,0.026315676906961016
uniform,ensayo,252,-0.23259178985107343,-0.1341911190869951,0.7297451339960687,-0.3923664606067489,0.6456002661121147,-0.6059257281066078,1.0,1.0,1.0,1.0,0.0004014534600987415,0.026324038109919456
uniform,ensayo,253,-0.23240758223097646,-0.1342620024621163,0.7299271285857062,-0.39243944238400175,0.6457846900457032,-0.6059926586589272,1.0,1.0,1.0,1.0,0.0005196202366314824,0.026339203907411957
uniform,ensayo,254,-0.23222336459518794,-0.13433284986106536,0.7301091637129111,-0.39251227432595576,0.6459691797491042,-0.6060594495876961,1.0,1.0,1.0,1.0,0.000636128252334368,0.02636111053251966
uniform,ensayo,255,-0.2320391369596215,-0.13440366166249088,0.7302912389313123,-0.39258495838011254,0.646153734445795,-0.6061261027102951,1.0,1.0,1.0,1.0,0.0007503888532838042,0.02638966038168178
uniform,ensayo,256,-0.2318548993919996,-0.13447443842923884,0.730473353591327,-0.3926574972432992,0.6463383530301778,-0.6061926205438537,1.0,1.0,1.0,1.0,0.0008618228010800059,0.026424722300788517
uniform,ensayo,257,-0.2316706520119851,-0.1345451809062893,0.7306555068425858,-0.3927298943505103,0.6465230340718204,-0.6062590062948059,1.0,1.0,1.0,1.0,0.0009698664579594177,0.02646613217484628
uniform,ensayo,258,-0.23148639499101223,-0.1346158900175829,0.7308376976375155,-0.39280215385933637,0.6467077758216587,-0.6063252638443501,1.0,1.0,1.0,1.0,0.0010739712594378984,0.026513693699342866
uniform,ensayo,259,-0.23130212855204574,-0.13468656686284766,0.7310199247348198,-0.3928742806347138,0.6468925762181444,-0.6063913977342418,1.0,1.0,1.0,1.0,0.001173599223683313,0.026567179107701122
uniform,ensayo,260,-0.23111785296911538,-0.13475721271405416,0.7312021867035161,-0.39294628023217093,0.6470774328941937,-0.6064574131511933,1.0,1.0,1.0,1.0,0.0012682290441613103,0.02662632996356251
uniform,ensayo,261,-0.23093356856646563,-0.13482782901060864,0.7313844819283741,-0.39301815887604796,0.6472623431863129,-0.6065233159065438,1.0,1.0,1.0,1.0,0.0013573617136640275,0.02669085819132988
uniform,ensayo,262,-0.2307492757172451,-0.1348984173528586,0.73156680861727,-0.39308992343083027,0.6474473041467368,-0.6065891124094837,1.0,1.0,1.0,1.0,0.0014405275134722392,0.0267604474279608
uniform,ensayo,263,-0.23056497484162805,-0.1349689794934062,0.7317491648109715,-0.3931615813633734,0.6476323125594717,-0.6066548096317421,1.0,1.0,1.0,1.0,0.001517295313345781,0.026834754800262317
uniform,ensayo,264,-0.23038066640454027,-0.13503951732682373,0.7319315483946033,-0.3932331406987831,0.647817364959111,-0.6067204150663663,1.0,1.0,1.0,1.0,0.00158727248603625,0.026913412977563667
uniform,ensayo,265,-0.23019635091316923,-0.13511003287874399,0.7321139571097175,-0.39330460997389566,0.6480024576507432,-0.60678593668428,1.0,1.0,1.0,1.0,0.0016501043989478608,0.026996032310819373
uniform,ensayo,266,-0.2300120289140566,-0.135180528293717,0.7322963885678764,-0.39337599818560437,0.6481875867322023,-0.6068513828860314,1.0,1.0,1.0,1.0,0.001705483581111322,0.027082203208749434
uniform,ensayo,267,-0.22982770098954705,-0.1352510058206955,0.7324788402669079,-0.39344731472941996,0.6483727481205465,-0.6069167624443828,1.0,1.0,1.0,1.0,0.001753160543618319,0.027171498974468022
uniform,ensayo,268,-0.2296433677536224,-0.13532146779608123,0.7326613096097916,-0.3935185693280905,0.6485579375827976,-0.6069820844375989,1.0,1.0,1.0,1.0,0.001792949984501354,0.02726347909612059
uniform,ensayo,269,-0.2294590298473727,-0.1353919166254203,0.7328437939249349,-0.39358977195494604,0.6487431507690301,-0.6070473581778348,1.0,1.0,1.0,1.0,0.0018247295118285455,0.027357692753895435
uniform,ensayo,270,-0.22927468793404648,-0.13546235476383767,0.7330262904878952,-0.3936609327520362,0.6489283832477976,-0.6071125931346719,1.0,1.0,1.0,1.0,0.00184844684388418,0.027453682555602654
uniform,ensayo,271,-0.2290903426936291,-0.13553278469489172,0.7332087965448504,-0.39373206194199917,0.6491136305443441,-0.6071777988527925,1.0,1.0,1.0,1.0,0.0018641241386072038,0.027550988551837463
uniform,ensayo,272,-0.22890599481726787,-0.13560320890907326,0.7333913093362903,-0.3938031697390556,0.6492988881792615,-0.6072429848688642,1.0,1.0,1.0,1.0,0.0018718514939980036,0.027649152260920573
uniform,ensayo,273,-0.22872164500180667,-0.1356736298833041,0.7335738261195401,-0.3938742662646585,0.6494841517053029,-0.607308160632812,1.0,1.0,1.0,1.0,0.001871779828189963,0.02774772044452334
uniform,ensayo,274,-0.22853729394481648,-0.13574405006306062,0.7337563441882333,-0.393945361474933,0.649669416739302,-0.6073733354401567,1.0,1.0,1.0,1.0,0.0018641035075051572,0.027846248297919374
uniform,ensayo,275,-0.22835294234029524,-0.13581447184806952,0.7339388608878308,-0.39401646510360927,0.6498546789876158,-0.607438518378852,1.0,1.0,1.0,1.0,0.0018490475552815696,0.02794430190081698
uniform,ensayo,276,-0.22816859087460528,-0.13588489757979794,0.734121373629411,-0.39408758661258864,0.6500399342684167,-0.6075037182832075,1.0,1.0,1.0,1.0,0.0018268725174813507,0.028041460343672497
uniform,ensayo,277,-0.22798424022223673,-0.13595532952840597,0.7343038799041788,-0.3941587351404323,0.6502251785348183,-0.607568943685779,1.0,1.0,1.0,1.0,0.0017978827893057878,0.02813731799480479
uniform,ensayo,278,-0.22779989104154028,-0.1360257698792424,0.7344863772983479,-0.3942299194492349,0.6504104078985729,-0.6076342027677131,1.0,1.0,1.0,1.0,0.0017624234139519165,0.02823148685314436
uniform,ensayo,279,-0.2276155439707079,-0.13609622072015798,0.7346688635070158,-0.39430114787497406,0.6505956186522397,-0.6076995033123576,1.0,1.0,1.0,1.0,0.0017208732922592358,0.028323598728917432
uniform,ensayo,280,-0.22743119962388458,-0.13616668402944038,0.7348513363474629,-0.39437242828020846,0.6507808072903829,-0.6077648526610735,1.0,1.0,1.0,1.0,0.0016736473641175238,0.028413307320562353
uniform,ensayo,281,-0.22724685858729374,-0.13623716166372732,0.7350337937724847,-0.394443768006626,0.6509659705307852,-0.6078302576688872,1.0,1.0,1.0,1.0,0.0016211977023658653,0.02850029030983592
uniform,ensayo,282,-0.22706252141558303,-0.13630765534661898,0.7352162338828563,-0.39451517383067114,0.6511511053343149,-0.6078957246630305,1.0,1.0,1.0,1.0,0.0015640061380795428,0.028584251306114083
uniform,ensayo,283,-0.22687818862846135,-0.13637816665850183,0.7353986549384404,-0.39458665192412595,0.651336208922648,-0.6079612594061228,1.0,1.0,1.0,1.0,0.0015025808096493102,0.028664921557208345
uniform,ensayo,284,-0.22669386070740116,-0.13644869702671614,0.7355810553690735,-0.39465820781593486,0.6515212787955091,-0.608026867060504,1.0,1.0,1.0,1.0,0.001437460016934682,0.0287420616180043
uniform,ensayo,285,-0.22650953809243066,-0.13651924771587304,0.7357634337851914,-0.39472984635471026,0.6517063127475047,-0.6080925521531839,1.0,1.0,1.0,1.0,0.0013692095219422747,0.02881546299454385
uniform,ensayo,286,-0.22632522117937276,-0.13658981981978965,0.7359457889865271,-0.3948015716782233,0.651891308881958,-0.6081583185473486,1.0,1.0,1.0,1.0,0.00129840979608148,0.028884949445711072
uniform,ensayo,287,-0.22614091031799,-0.1366604142571741,0.7361281199665008,-0.3948733871988581,0.6520762656179335,-0.608224169428847,1.0,1.0,1.0,1.0,0.0012256353774982426,0.02895037751250129
uniform,ensayo,288,-0.22595660581092256,-0.13673103177099566,0.7363104259126929,-0.39494529560433395,0.6522611816908115,-0.6082901073069555,1.0,1.0,1.0,1.0,0.0011514485085459484,0.029011636345558145
uniform,ensayo,289,-0.22577230791296912,-0.13680167292942502,0.7364927062057647,-0.39501729886479714,0.6524460561500861,-0.608356134021033,1.0,1.0,1.0,1.0,0.0010764027525014131,0.029068647279615334
uniform,ensayo,290,-0.2255880168306166,-0.1368723381274007,0.7366749604176783,-0.39508939824254197,0.6526308883558973,-0.6084222507495829,1.0,1.0,1.0,1.0,0.0010010410060470106,0.02912136331747206
uniform,ensayo,291,-0.2254037327217866,-0.1369430275886264,0.7368571883094603,-0.39516159430318304,0.6528156779748082,-0.6084884580206456,1.0,1.0,1.0,1.0,0.0009258962199337885,0.029169768568948484
uniform,ensayo,292,-0.2252194556957746,-0.13701374136785802,0.7370393898286225,-0.39523388692770994,0.6530004249750742,-0.608554755723004,1.0,1.0,1.0,1.0,0.0008514905963694726,0.029213877663408994
uniform,ensayo,293,-0.2250351858134702,-0.13708447935386808,0.7372215651058145,-0.3953062753270924,0.6531851296207449,-0.6086211431197868,1.0,1.0,1.0,1.0,0.0007783315487818001,0.029253735047007012
uniform,ensayo,294,-0.2248509230876864,-0.13715524127258408,0.7374037144513703,-0.39537875805707623,0.6533697924656141,-0.608687618862244,1.0,1.0,1.0,1.0,0.0007069161792939742,0.029289414287262616
uniform,ensayo,295,-0.2246666674838845,-0.13722602669132603,0.7375858383504508,-0.395451333037678,0.653554414345049,-0.6087541810079333,1.0,1.0,1.0,1.0,0.0006377186092871204,0.029321017148504325
uniform,ensayo,296,-0.22448241892175688,-0.13729683502637072,0.7377679374543589,-0.39552399758662365,0.6537389963618472,-0.6088208270520006,1.0,1.0,1.0,1.0,0.0005711717625469173,0.0293486719913858
uniform,ensayo,297,-0.22429817727732082,-0.1373676655529089,0.7379500125694896,-0.39559674846226356,0.6539235398681105,-0.6088875539673202,1.0,1.0,1.0,1.0,0.0005076703342653394,0.029372531753978137
uniform,ensayo,298,-0.2241139423851646,-0.1374385174154308,0.7381320646458598,-0.3956695819080909,0.6541080464462877,-0.6089543582460666,1.0,1.0,1.0,1.0,0.00044757392270986597,0.02939277189693712
uniform,ensayo,299,-0.22392971404088052,-0.13750938963835738,0.7383140947653444,-0.3957424936981618,0.654292517889718,-0.6090212359421089,1.0,1.0,1.0,1.0,0.000391204875597256,0.029409588325705727
uniform,ensayo,300,-0.22374549200385058,-0.13758028113763532,0.7384961041287698,-0.39581547918632726,0.6544769561814279,-0.6090881827169771,1.0,1.0,1.0,1.0,0.00033884239336204417,0.02942319513707048
uniform,ensayo,301,-0.2235612760003843,-0.13765119073350068,0.7386780940417254,-0.39588853335999163,0.6546613634709284,-0.6091551938900664,1.0,1.0,1.0,1.0,0.00029071982568562056,0.029433822160967793
uniform,ensayo,302,-0.2233770657270805,-0.13772211716390634,0.7388600658997267,-0.3959616508962983,0.6548457420499318,-0.6092222644911126,1.0,1.0,1.0,1.0,0.0002470252035746979,0.02944171240434912
uniform,ensayo,303,-0.22319286085436474,-0.13779305909831724,0.7390420211729499,-0.3960348262195987,0.6550300943274111,-0.6092893893138472,1.0,1.0,1.0,1.0,0.00020790039175122828,0.0294471194478092
uniform,ensayo,304,-0.22300866103018752,-0.13786401515181781,0.7392239613906332,-0.39610805355993084,0.6552144228041519,-0.6093565629706018,1.0,1.0,1.0,1.0,0.00017344072554779333,0.029450304804612415
uniform,ensayo,305,-0.22282446588384505,-0.137934983899406,0.7394058881252914,-0.3961813270119845,0.6553987300470412,-0.6094237799473636,1.0,1.0,1.0,1.0,0.00014369519322491277,0.029451535265650364
uniform,ensayo,306,-0.22264027502979794,-0.13800596388999808,0.7395878029773013,-0.3962546405924858,0.6555830186639597,-0.6094910346573481,1.0,1.0,1.0,1.0,0.0001186702918725713,0.02945108033063093
uniform,ensayo,307,-0.22245608807129566,-0.13807695365932196,0.7397697075607677,-0.3963279882925344,0.6557672912807535,-0.6095583214898335,1.0,1.0,1.0,1.0,9.833732638229533e-05,0.029449209891424744
uniform,ensayo,308,-0.22227190460369645,-0.13814795174116193,0.7399516034912506,-0.39640136412272176,0.6559515505212332,-0.6096256348522393,1.0,1.0,1.0,1.0,8.263924715330653e-05,0.02944619226198597
uniform,ensayo,309,-0.22208772421748338,-0.13821895667696904,0.7401334923752527,-0.3964747621511401,0.6561357989901316,-0.6096929692055639,1.0,1.0,1.0,1.0,7.149556816175338e-05,0.029442292538533366
uniform,ensayo,310,-0.22190354650104493,-0.13828996702424448,0.7403153758010288,-0.39654817653607427,0.6563200392583253,-0.6097603190948719,1.0,1.0,1.0,1.0,6.480461076514946e-05,0.029437771197024176
uniform,ensayo,311,-0.22171937104325565,-0.13836098136401864,0.7404972553303844,-0.3966216015547757,0.6565042738497526,-0.609827679176146,1.0,1.0,1.0,1.0,6.244586063435018e-05,0.02943288286107304
uniform,ensayo,312,-0.221535197436644,-0.138431998310554,0.7406791324876081,-0.39669503164228437,0.6566885052240397,-0.6098950442526105,1.0,1.0,1.0,1.0,6.425306682775441e-05,0.02942787454267659
uniform,ensayo,313,-0.22135102528168207,-0.13850301652628128,0.7408610087425556,-0.39676846145247546,0.6568727357498295,-0.6099624093319308,1.0,1.0,1.0,1.0,6.999121931826807e-05,0.02942298279941724
uniform,ensayo,314,-0.22116685419131957,-0.138574034738819,0.7410428854919371,-0.3968418859273009,0.6570569676747693,-0.6100297696910173,1.0,1.0,1.0,1.0,7.937226488133132e-05,0.02941843055953086
uniform,ensayo,315,-0.220982683795169,-0.1386450517564855,0.7412247640423719,-0.3969153003598933,0.6572412030979777,-0.610097120934967,1.0,1.0,1.0,1.0,9.206602793908487e-05,0.029414424293918273
uniform,ensayo,316,-0.22079851374341009,-0.1387160664820818,0.7414066455952849,-0.3969887004504412,0.6574254439454484,-0.610164459049203,1.0,1.0,1.0,1.0,0.00010770416440859179,0.02941115154686713
uniform,ensayo,317,-0.22061434371038052,-0.13878707792494857,0.7415885312337303,-0.39706208235442364,0.6576096919486357,-0.6102317804444655,1.0,1.0,1.0,1.0,0.0001258881660258792,0.02940877883139592
uniform,ensayo,318,-0.22043017339795792,-0.1388580852117381,0.7417704219105482,-0.3971354427253165,0.6577939486253421,-0.6102990819966507,1.0,1.0,1.0,1.0,0.00014618976174341424,0.0294074497731458
uniform,ensayo,319,-0.2202460025387782,-0.13892908759637834,0.7419523184374175,-0.3972087787536436,0.6579782152621793,-0.6103663610832655,1.0,1.0,1.0,1.0,0.00016815370134593344,0.029407283412950846
uniform,ensayo,320,-0.2200618308989029,-0.13900008446783202,0.7421342214765397,-0.39728208819630995,0.6581624929012148,-0.6104336156107792,1.0,1.0,1.0,1.0,0.00019131385647333697,0.029408372977911768
uniform,ensayo,321,-0.21987765827967828,-0.13907107535430036,0.7423161315362825,-0.3973553693908794,0.6583467823330048,-0.6105008440278745,1.0,1.0,1.0,1.0,0.00021520735273810088,0.029410785365456604
uniform,ensayo,322,-0.21969348451907247,-0.13914205992491818,0.7424980489694298,-0.39742862125951384,0.6585310840940273,-0.610568045329061,1.0,1.0,1.0,1.0,0.0002393750306059717,0.029414561083967783
uniform,ensayo,323,-0.21950930949270964,-0.13921303799029394,0.7426799739726351,-0.39750184330806265,0.658715398466264,-0.610635219053808,1.0,1.0,1.0,1.0,0.0002633623935485799,0.02941971438588098
uniform,ensayo,324,-0.21932513311455937,-0.1392840095019874,0.742861906587095,-0.39757503562075974,0.6588997254787883,-0.6107023652815997,1.0,1.0,1.0,1.0,0.000286723998665362,0.029426233586633543
uniform,ensayo,325,-0.2191409553372807,-0.13935497455090035,0.7430438467004068,-0.39764819885064023,0.6590840649112732,-0.6107694846229984,1.0,1.0,1.0,1.0,0.00030902588850603875,0.029434081567757175
uniform,ensayo,326,-0.218956776152604,-0.1394259333660855,0.7432257940477933,-0.3977213342123492,0.6592684162965774,-0.6108365782129872,1.0,1.0,1.0,1.0,0.0003298348945992801,0.029443196132433513
uniform,ensayo,327,-0.2187725955919804,-0.1394968863152614,0.7434077482113819,-0.39779444348247806,0.6594527789202373,-0.6109036477113794,1.0,1.0,1.0,1.0,0.0003487107393625125,0.0294534899826715
uniform,ensayo,328,-0.2185884137274291,-0.13956783390682093,0.7435897086179324,-0.39786752900652,0.6596371518172989,-0.6109706953094253,1.0,1.0,1.0,1.0,0.00036520291891206457,0.029464850383021712
uniform,ensayo,329,-0.21840423067226186,-0.13963877679186298,0.7437716745366747,-0.3979405937060493,0.6598215337690948,-0.6110377237365776,1.0,1.0,1.0,1.0,0.0003788578345981801,0.02947713883651204
uniform,ensayo,330,-0.21822004658157443,-0.1397097157653392,0.743953645078133,-0.3980136410824841,0.6600059233014666,-0.6111047362640214,1.0,1.0,1.0,1.0,0.0003892220592193382,0.029490190935291594
uniform,ensayo,331,-0.21803586165273717,-0.139780651767114,0.744135619192915,-0.398086675220778,0.6601903186829851,-0.6111717367081327,1.0,1.0,1.0,1.0,0.0003958375217637498,0.02950381620556186
uniform,ensayo,332,-0.21785167612575257,-0.13985158588267615,0.7443175956710177,-0.3981597007914617,0.6603747179239371,-0.6112387294324022,1.0,1.0,1.0,1.0,0.00039824801890516365,0.029517798034646603
uniform,ensayo,333,-0.21766749028313104,-0.13992251934193745,0.7444995731433666,-0.3982327230444946,0.6605591187788041,-0.6113057193416589,1.0,1.0,1.0,1.0,0.00039601147897892823,0.029531894000172088
uniform,ensayo,334,-0.2174833044493494,-0.1399934535160508,0.7446815500854436,-0.3983057477949591,0.6607435187521662,-0.611372711868658,1.0,1.0,1.0,1.0,0.00038870294858926973,0.02954583657728449
uniform,ensayo,335,-0.21729911898975282,-0.1400643899119483,0.7448635248235422,-0.3983787813988981,0.6609279151088548,-0.6114397129514546,1.0,1.0,1.0,1.0,0.0003759269691774509,0.029559334306526353
uniform,ensayo,336,-0.2171149343087725,-0.14013533016396257,0.7450454955442611,-0.39845183071688595,0.661112304889359,-0.6115067289993061,1.0,1.0,1.0,1.0,0.0003573278173201175,0.029572073531824117
uniform,ensayo,337,-0.21693075084738897,-0.14020627602231509,0.7452274603074398,-0.3985249030643737,0.6612966849308756,-0.6115737668462072,1.0,1.0,1.0,1.0,0.00033260098419902984,0.029583720746785502
uniform,ensayo,338,-0.21674656907979997,-0.14027722933834802,0.7454094170627367,-0.3985980061484063,0.6614810518942822,-0.6116408336917039,1.0,1.0,1.0,1.0,0.00030150390849512044,0.029593925561982815
uniform,ensayo,339,-0.21656238950964846,-0.14034819204797727,0.7455913636679307,-0.3986711479973305,0.6616654022941297,-0.6117079370351942,1.0,1.0,1.0,1.0,0.00026385229962173397,0.02960232395699336
uniform,ensayo,340,-0.21637821266618165,-0.14041916615531738,0.745773297906944,-0.39874433689163247,0.6618497325283403,-0.6117750846113577,1.0,1.0,1.0,1.0,0.00021951347907830896,0.029608541430917512
uniform,ensayo,341,-0.21619403910022625,-0.1404901537163656,0.7459552175079032,-0.39881758129525136,0.6620340389079007,-0.611842284326048,1.0,1.0,1.0,1.0,0.00016841003305032763,0.029612196114470635
uniform,ensayo,342,-0.21600986937969863,-0.14056115682140818,0.7461371201627143,-0.39889088978187465,0.6622183176888069,-0.6119095441874635,1.0,1.0,1.0,1.0,0.00011052858471285997,0.029612902122181595
uniform,ensayo,343,-0.21582570408473947,-0.14063217757614047,0.7463190035479785,-0.3989642709564266,0.6624025651061167,-0.6119768722328072,1.0,1.0,1.0,1.0,4.592025139105974e-05,0.02961027311948783
uniform,ensayo,344,-0.21564154380279302,-0.14070321808286013,0.7465008653456775,-0.39903773337741544,0.6625867774076999,-0.6120442764557698,1.0,1.0,1.0,1.0,-2.5305858722740525e-05,0.029603925822101473
uniform,ensayo,345,-0.21545738912394746,-0.14077428042321846,0.7466827032620524,-0.3991112854863548,0.6627709508851123,-0.6121117647406743,1.0,1.0,1.0,1.0,-0.00010299345733615852,0.029593483133140808
uniform,ensayo,346,-0.21527324063655123,-0.14084536664281133,0.7468645150444903,-0.39918493554524864,0.6629550819011599,-0.6121793448041606,1.0,1.0,1.0,1.0,-0.00018694391846404932,0.02957857689420962
uniform,ensayo,347,-0.21508909892269584,-0.14091647873584134,0.7470462984985347,-0.39925869157444005,0.663139166917381,-0.6122470241371668,1.0,1.0,1.0,1.0,-0.0002769071110564858,0.029558850645258872
uniform,ensayo,348,-0.21490496455330016,-0.14098761862823636,0.7472280515066565,-0.39933256128422145,0.6633232025241678,-0.6123148099410102,1.0,1.0,1.0,1.0,-0.00037257312584236454,0.029533962701492555
uniform,ensayo,349,-0.2147208380831709,-0.1410587881604193,0.7474097720472007,-0.3994065520054582,0.6635071854712549,-0.612382709062553,1.0,1.0,1.0,1.0,-0.00047358062678856493,0.029503589260286844
uniform,ensayo,350,-0.21453672004658506,-0.1411299890722971,0.7475914582106781,-0.39948067062988035,0.663691112694123,-0.6124507279384667,1.0,1.0,1.0,1.0,-0.0005795335630432416,0.029467427018460057
uniform,ensayo,351,-0.21435261095340777,-0.141201222991004,0.7477731082131062,-0.39955492356194505,0.6638749813355903,-0.6125188725503432,1.0,1.0,1.0,1.0,-0.0006900076122696286,0.02942519523998044
uniform,ensayo,352,-0.21416851128539596,-0.14127249141984982,0.747954720408176,-0.3996293166757492,0.6640587887652829,-0.612587148384487,1.0,1.0,1.0,1.0,-0.0008045470760549998,0.02937663761326803
uniform,ensayo,353,-0.21398442149264565,-0.14134379572781586,0.748136293298809,-0.3997038552745015,0.6642425325979731,-0.6126555603940642,1.0,1.0,1.0,1.0,-0.0009226677574079515,0.029321524006803656
uniform,ensayo,354,-0.2138003419903064,-0.14141513714001822,0.7483178255475558,-0.39977854405409974,0.6644262107100665,-0.6127241129650703,1.0,1.0,1.0,1.0,-0.0010438616912747379,0.02925965203851888
uniform,ensayo,355,-0.21361627315545131,-0.1414865167287791,0.7484993159864521,-0.39985338706906937,0.6646098212551115,-0.6127928098845052,1.0,1.0,1.0,1.0,-0.0011675955539326456,0.02919084854906373
uniform,ensayo,356,-0.21343221532375162,-0.14155793540377237,0.748680763627992,-0.39992838769423783,0.664793362681021,-0.6128616543045073,1.0,1.0,1.0,1.0,-0.001293300207942609,0.02911497130423868
uniform,ensayo,357,-0.2132481687861675,-0.1416293939017105,0.7488621676764786,-0.40000354858466014,0.6649768337479671,-0.6129306487048604,1.0,1.0,1.0,1.0,-0.0014203768994152316,0.029031910775131564
uniform,ensayo,358,-0.21306413378604358,-0.141700892777466,0.7490435275376319,-0.4000788716415312,0.6651602335436767,-0.612999794861137,1.0,1.0,1.0,1.0,-0.001548207883520405,0.028941591616103324
uniform,ensayo,359,-0.21288011051683,-0.14177243239784798,0.7492248428252217,-0.40015435798926635,0.6653435614940078,-0.6130690938233332,1.0,1.0,1.0,1.0,-0.0016761688673230504,0.02884397360304547
uniform,ensayo,360,-0.2126960991204178,-0.14184401293815488,0.7494061133646707,-0.40023000796419067,0.6655268173685938,-0.6131385459053608,1.0,1.0,1.0,1.0,-0.0018036367604854842,0.028739052032733525
uniform,ensayo,361,-0.21251209968603704,-0.1419156343811386,0.7495873391940433,-0.4003058211134035,0.6657100012821427,-0.6132081506840408,1.0,1.0,1.0,1.0,-0.0019299966851039887,0.028626857661805616
uniform,ensayo,362,-0.2123281122497778,-0.14198729651845682,0.7497685205622315,-0.4003817962041396,0.6658931136911612,-0.6132779070078899,1.0,1.0,1.0,1.0,-0.0020546513302806277,0.028507456169393208
uniform,ensayo,363,-0.21214413679456248,-0.1420589989539174,0.7499496579252961,-0.4004579312403614,0.6660761553875549,-0.6133478130126411,1.0,1.0,1.0,1.0,-0.002177021399554108,0.028380947310239435
uniform,ensayo,364,-0.21196017325031694,-0.14213074110723087,0.7501307519423233,-0.4005342234811662,0.6662591274913245,-0.6134178661384158,1.0,1.0,1.0,1.0,-0.002296542647476153,0.028247464018676283
uniform,ensayo,365,-0.21177622149404418,-0.14220252221687443,0.7503118034723683,-0.4006106694549411,0.6664420314449286,-0.6134880631428679,1.0,1.0,1.0,1.0,-0.00241265655119521,0.028107171748445126
uniform,ensayo,366,-0.21159228134989194,-0.14227434134216424,0.7504928135721722,-0.4006872649699756,0.6666248690089951,-0.6135584001110101,1.0,1.0,1.0,1.0,-0.002524811805177242,0.027960267986856024
uniform,ensayo,367,-0.21140835258958662,-0.14234619736625612,0.7506737834927062,-0.4007640051287808,0.6668076422563757,-0.6136288724685528,1.0,1.0,1.0,1.0,-0.002632474355647537,0.027806981577100487
uniform,ensayo,368,-0.2112244349335245,-0.14241808900166625,0.7508547146728238,-0.4008408843528052,0.6669903535617328,-0.6136994750050145,1.0,1.0,1.0,1.0,-0.0027351405031052468,0.02764757153451569
uniform,ensayo,369,-0.21104052805278098,-0.14249001479959214,0.7510356087286558,-0.40091789642313386,0.6671730055843377,-0.6137702019118234,1.0,1.0,1.0,1.0,-0.002832354397268618,0.02748232510131743
uniform,ensayo,370,-0.21085663157185705,-0.14256197316252855,0.7512164674394982,-0.4009950345347211,0.6673556012450893,-0.6138410468330666,1.0,1.0,1.0,1.0,-0.002923712518989775,0.027311555189186265
uniform,ensayo,371,-0.2106727450717689,-0.1426339623582419,0.7513972927323596,-0.4010722913560477,0.6675381437011357,-0.613912002921244,1.0,1.0,1.0,1.0,-0.0030088606212520914,0.027135597613323625
uniform,ensayo,372,-0.21048886809324574,-0.14270598053372258,0.7515780866666039,-0.40114965908839106,0.6677206363205066,-0.6139830628926094,1.0,1.0,1.0,1.0,-0.003087489635009437,0.026954808384857643
uniform,ensayo,373,-0.2103050001400198,-0.14277802572883508,0.7517588514188832,-0.40122712952346906,0.6679030826572523,-0.6140542190809605,1.0,1.0,1.0,1.0,-0.003159334668886364,0.026769561101559702
uniform,ensayo,374,-0.21012114068220863,-0.142850095889747,0.7519395892683087,-0.4013046940996746,0.6680854864270604,-0.6141254634901103,1.0,1.0,1.0,1.0,-0.003224173696153453,0.0265802444149017
uniform,ensayo,375,-0.20993728915984486,-0.14292218888243255,0.7521203025815221,-0.40138234395825845,0.6682678514828191,-0.6141967878463324,1.0,1.0,1.0,1.0,-0.0032818293204771357,0.026387259501291283
uniform,ensayo,376,-0.20975344498649512,-0.1429943025062077,0.7523009937977403,-0.40146006999916806,0.6684501817902376,-0.6142681836504862,1.0,1.0,1.0,1.0,-0.0033321668976657964,0.026191017555220242
uniform,ensayo,377,-0.20956960755295162,-0.14306643450721457,0.7524816654138627,-0.4015378629364189,0.6686324814036237,-0.6143396422297172,1.0,1.0,1.0,1.0,-0.0033750948787549546,0.025991937307537682
uniform,ensayo,378,-0.20938577623082363,-0.14313858259127205,0.7526623199703618,-0.4016157133503611,0.6688147544429358,-0.6144111547862459,1.0,1.0,1.0,1.0,-0.0034105582070902583,0.0257904427009521
uniform,ensayo,379,-0.20920195037574285,-0.14321074443484585,0.7528429600393477,-0.40169361173165363,0.6689970050743135,-0.6144827124383816,1.0,1.0,1.0,1.0,-0.00343852703157716,0.02558696097327129
uniform,ensayo,380,-0.20901812933033295,-0.14328291769452586,0.7530235882141411,-0.40177154851894487,0.6691792374931944,-0.6145543062556545,1.0,1.0,1.0,1.0,-0.0034589972438490804,0.025381921025541487
uniform,ensayo,381,-0.20883431242724462,-0.1433551000165359,0.7532042070987109,-0.40184951413663916,0.6693614559074097,-0.6146259272940836,1.0,1.0,1.0,1.0,-0.0034719958569235333,0.025175751761281617
uniform,ensayo,382,-0.2086504989922851,-0.14342728904675042,0.7533848192965569,-0.4019274990346339,0.6695436645194753,-0.6146975666333122,1.0,1.0,1.0,1.0,-0.00347758204648347,0.024968880320017206
uniform,ensayo,383,-0.2084666883476712,-0.1434994824413353,0.7535654273989048,-0.4020054937307842,0.66972586750778,-0.6147692154163156,1.0,1.0,1.0,1.0,-0.003475850825965946,0.024761730175725916
uniform,ensayo,384,-0.20828287981552057,-0.14357167787849778,0.7537460339716062,-0.40208348885817335,0.6699080690057155,-0.6148408648936059,1.0,1.0,1.0,1.0,-0.0034669389028006733,0.024554719002907177
uniform,ensayo,385,-0.2080990727215709,-0.14364387307136225,0.7539266415408412,-0.40216147521715706,0.6700902730788187,-0.6149125064719051,1.0,1.0,1.0,1.0,-0.0034510272448664003,0.024348256321331974
uniform,ensayo,386,-0.2079152663991707,-0.14371606578204682,0.754107252577456,-0.4022394438325993,0.6702724836996847,-0.6149841317676673,1.0,1.0,1.0,1.0,-0.0034283465902403896,0.024142740900060744
uniform,ensayo,387,-0.2077314601932719,-0.14378825383589777,0.7542878694812898,-0.40231738601152156,0.6704547047227138,-0.6150557326609578,1.0,1.0,1.0,1.0,-0.003399170321580541,0.02393855816498558
uniform,ensayo,388,-0.20754765346406504,-0.14386043513411087,0.7544684945673835,-0.4023952933937629,0.6706369398617616,-0.6151273013427441,1.0,1.0,1.0,1.0,-0.0033638032349607256,0.023736077964116475
uniform,ensayo,389,-0.20736384559040885,-0.14393260766501442,0.7546491300535487,-0.4024731579971067,0.670819192670057,-0.6151988303570062,1.0,1.0,1.0,1.0,-0.0033225824445379504,0.02353565258997037
uniform,ensayo,390,-0.2071800359732096,-0.14400476951493735,0.7548297780483516,-0.4025509722604791,0.6710014665209335,-0.615270312641073,1.0,1.0,1.0,1.0,-0.003275877439014515,0.023337614879523016
uniform,ensayo,391,-0.20699622403840673,-0.1440769188775239,0.7550104405409876,-0.4026287290801522,0.6711837645915646,-0.6153417415594061,1.0,1.0,1.0,1.0,-0.0032240766264824373,0.023142276654198213
uniform,ensayo,392,-0.20681240923933275,-0.14414905406025733,0.7551911193942994,-0.4027064218341176,0.6713660898517336,-0.6154131109263038,1.0,1.0,1.0,1.0,-0.00316757611203994,0.02294992772289106
uniform,ensayo,393,-0.20662859105875722,-0.14422117348933222,0.7553718163394081,-0.40278404439972193,0.6715484450554203,-0.6154844150223251,1.0,1.0,1.0,1.0,-0.003106782441707575,0.022760835175176908
uniform,ensayo,394,-0.20644476901099268,-0.14429327571482634,0.7555525329699067,-0.4028615911726915,0.6717308327318843,-0.6155556486120818,1.0,1.0,1.0,1.0,-0.0030421199642419686,0.022575242571349463
uniform,ensayo,395,-0.20626094264422176,-0.14436535941717465,0.7557332707345714,-0.40293905709178446,0.6719132551744528,-0.6156268069673342,1.0,1.0,1.0,1.0,-0.002974037591346889,0.022393368842443806
uniform,ensayo,396,-0.2060771115429265,-0.14443742341459315,0.7559140309291379,-0.4030164376675598,0.6720957144276882,-0.6156978858939482,1.0,1.0,1.0,1.0,-0.0029030088121650656,0.02221540699616753
uniform,ensayo,397,-0.2058932753304533,-0.14450946667132591,0.7560948146871126,-0.4030937290149708,0.6722782122729333,-0.6157688817624091,1.0,1.0,1.0,1.0,-0.0028295365089746924,0.022041522643462486
uniform,ensayo,398,-0.20570943367154904,-0.14458148830607195,0.7562756229704838,-0.4031709278867021,0.6724607502135693,-0.6158397915390059,1.0,1.0,1.0,1.0,-0.0027541482356008146,0.021871852504432354
uniform,ensayo,399,-0.20552558627452666,-0.1446534875989804,0.7564564565621721,-0.4032480317004108,0.6726433294628869,-0.6159106128112757,1.0,1.0,1.0,1.0,-0.0026773852046461087,0.021706503224692142
uniform,ensayo,400,-0.20534173289282276,-0.14472546399593542,0.756637316061527,-0.40332503855446317,0.6728259509367983,-0.6159813438026432,1.0,1.0,1.0,1.0,-0.0025997893722768343,0.021545550749380027
