profile,arm,trial_ms,CNS_time_ns,field_L,field_R,sensor_used_L,sensor_used_R,DN_q_usada_L,DN_q_usada_R,DN_baseline_L,DN_baseline_R,command_deg_s,yaw_deg
reference_cuda,plus,1,44487000000,0.7767470016346123,0.3988103930427268,0.7766285475931046,0.39873439147465434,0.7195505546294345,0.7453355190995398,0.7195551168337462,0.7455248474961915,0.23079361879955837,0.00023283988900857366
reference_cuda,plus,2,44488000000,0.7768648191422669,0.39888585891553113,0.7767470016346123,0.3988103930427268,0.7195353786539527,0.7453283299276756,0.7195551168337462,0.7455248474961915,0.22083048039560838,0.00045578937729828795
reference_cuda,plus,3,44489000000,0.7769819928556154,0.39896078171534044,0.7768648191422669,0.39888585891553113,0.7195200712876589,0.745321072229178,0.7195551168337462,0.7455248474961915,0.21078714409628746,0.0006686984031318843
reference_cuda,plus,4,44490000000,0.7770985183382768,0.3990351569188461,0.7769819928556154,0.39896078171534044,0.7195046932068805,0.7453137569877101,0.7195551168337462,0.7455248474961915,0.2007256656787044,0.0008714826671223364
reference_cuda,plus,5,44491000000,0.7772143938398185,0.39910898274691275,0.7770985183382768,0.3990351569188461,0.7194893070405726,0.7453063971823369,0.7195551168337462,0.7455248474961915,0.19070809041336625,0.0010641228103338563
reference_cuda,plus,6,44492000000,0.7773296201853882,0.3991822600776601,0.7772143938398185,0.39910898274691275,0.7194739779967368,0.7452990082119517,0.7195551168337462,0.7455248474961915,0.18079670006398707,0.0012466639366834897
reference_cuda,plus,7,44493000000,0.7774442006819177,0.39925499237190626,0.7773296201853882,0.3991822600776601,0.7194587735395082,0.74529160791785,0.7195551168337462,0.7455248474961915,0.17105357606492486,0.0014192151814995668
reference_cuda,plus,8,44494000000,0.7775581410266316,0.3993271855963405,0.7774442006819177,0.39925499237190626,0.7194437626348181,0.7452842164250099,0.7195551168337462,0.7455248474961915,0.1615398497268766,0.0015819489253203756
reference_cuda,plus,9,44495000000,0.7776714492059839,0.3993988481323413,0.7775581410266316,0.3993271855963405,0.7194290146136625,0.7452768557868029,0.7195551168337462,0.7455248474961915,0.15231471981928918,0.0017350993393847602
reference_cuda,plus,10,44496000000,0.777784135383322,0.39946999066912914,0.7776714492059839,0.3993988481323413,0.7194145982027932,0.745269549414037,0.7195551168337462,0.7455248474961915,0.1434349482824581,0.0018789602825961538
reference_cuda,plus,11,44497000000,0.7778962117759045,0.3995406260825021,0.777784135383322,0.39946999066912914,0.7194005807348717,0.7452623217627572,0.7195551168337462,0.7455248474961915,0.13495425720290946,0.0020138826260165388
reference_cuda,plus,12,44498000000,0.7780076925197731,0.39961076929804973,0.7778962117759045,0.3995406260825021,0.7193870271106395,0.7452551977830701,0.7195551168337462,0.7455248474961915,0.1269227150308859,0.0021402710007691894
reference_cuda,plus,13,44499000000,0.7781185935230163,0.3996804371397757,0.7780076925197731,0.39961076929804973,0.719373998871518,0.7452482023594017,0.7195551168337462,0.7455248474961915,0.11938627214014834,0.0022585800193724026
reference_cuda,plus,14,44500000000,0.7782289323068923,0.39974964816400316,0.7781185935230163,0.3996804371397757,0.7193615533559065,0.7452413599090804,0.7195551168337462,0.7455248474961915,0.11238620402579454,0.0023693099888077995
reference_cuda,plus,15,44501000000,0.7783387278400002,0.39981842248434857,0.7782289323068923,0.39974964816400316,0.7193497432422982,0.745234693939489,0.7195551168337462,0.7455248474961915,0.1059590904586031,0.0024730023094434728
reference_cuda,plus,16,44502000000,0.7784480003725358,0.3998867815957346,0.7783387278400002,0.39981842248434857,0.7193386162629831,0.7452282266656449,0.7195551168337462,0.7455248474961915,0.10013693332483785,0.0025702348141862785
reference_cuda,plus,17,44503000000,0.7785567712719589,0.39995474819909044,0.7784480003725358,0.3998867815957346,0.7193282150173519,0.7452219788773923,0.7195551168337462,0.7455248474961915,0.0949470879602939,0.002661617091575863
reference_cuda,plus,18,44504000000,0.7786650628600834,0.40002234602693154,0.7785567712719589,0.39995474819909044,0.7193185767824469,0.745215969732226,0.7195551168337462,0.7455248474961915,0.09041228470599617,0.0027477858013753576
reference_cuda,plus,19,44505000000,0.7787728982495441,0.40008959966777585,0.7786650628600834,0.40002234602693154,0.7193097332560471,0.7452102166514124,0.7195551168337462,0.7455248474961915,0.08655043766290398,0.0028293999207562592
reference_cuda,plus,20,44506000000,0.7788803011769607,0.40015653438661253,0.7787728982495441,0.40008959966777585,0.7193017103847535,0.74520473531152,0.7195551168337462,0.7455248474961915,0.08337444083542732,0.002907135843742026
reference_cuda,plus,21,44507000000,0.7789872958346875,0.40022317594352935,0.7788803011769607,0.40015653438661253,0.7192945284794784,0.7451995397107529,0.7195551168337462,0.7455248474961915,0.08089223022042702,0.002981682409398445
reference_cuda,plus,22,44508000000,0.7790939067037115,0.40028955041333775,0.7789872958346875,0.40022317594352935,0.7192882025011775,0.745194642404607,0.7195551168337462,0.7455248474961915,0.07910684721559794,0.003053735948526537
reference_cuda,plus,23,44509000000,0.7792001583876224,0.40035568400624877,0.7790939067037115,0.40028955041333775,0.7192827421217205,0.7451900545780101,0.7195551168337462,0.7455248474961915,0.07801642541148038,0.0031239953499380135
reference_cuda,plus,24,44510000000,0.7793060754535421,0.4004216028959353,0.7792001583876224,0.40035568400624877,0.7192781520555448,0.745185785954706,0.7195551168337462,0.7455248474961915,0.07761471914332947,0.0031931573462600227
reference_cuda,plus,25,44511000000,0.7794116822869213,0.4004873330625554,0.7793060754535421,0.4004216028959353,0.7192744324515762,0.7451818447174774,0.7195551168337462,0.7455248474961915,0.07789169372334637,0.0032619122440280535
reference_cuda,plus,26,44512000000,0.779517002960224,0.4005529001508042,0.7794116822869213,0.4004873330625554,0.7192715791739975,0.7451782375279739,0.7195551168337462,0.7455248474961915,0.07883385214840698,0.0033309400848793302
reference_cuda,plus,27,44513000000,0.7796220611047308,0.4006183293314378,0.779517002960224,0.4005529001508042,0.7192695838003724,0.7451749698603254,0.7195551168337462,0.7455248474961915,0.08042381629919391,0.003400906871377174
reference_cuda,plus,28,44514000000,0.7797268797745807,0.40068364515447785,0.7796220611047308,0.4006183293314378,0.7192684334999305,0.7451720462964043,0.7195551168337462,0.7455248474961915,0.08263980622903339,0.0034724605096698724
reference_cuda,plus,29,44515000000,0.7798314813041812,0.40074887139526183,0.7797268797745807,0.40068364515447785,0.7192681109244471,0.745169470416885,0.7195551168337462,0.7455248474961915,0.08545564033018542,0.003546226531625507
reference_cuda,plus,30,44516000000,0.7799358871661678,0.4008140309010895,0.7798314813041812,0.40074887139526183,0.7192685941163045,0.7451672445048038,0.7195551168337462,0.7455248474961915,0.08884099136489128,0.003622803844535838
reference_cuda,plus,31,44517000000,0.780040117834074,0.40087914544300524,0.7799358871661678,0.4008140309010895,0.7192698567099203,0.7451653695695261,0.7195551168337462,0.7455248474961915,0.09276160885366641,0.003702760640805991
reference_cuda,plus,32,44518000000,0.7801441926475126,0.4009442355703944,0.780040117834074,0.40087914544300524,0.7192718681438733,0.7451638456228318,0.7195551168337462,0.7455248474961915,0.09717924002761275,0.0037866303862585937
reference_cuda,plus,33,44519000000,0.7802481296817072,0.40100932047036353,0.7801441926475126,0.4009442355703944,0.7192745939898048,0.7451626717437617,0.7195551168337462,0.7455248474961915,0.10205196099225372,0.0038749079513422657
reference_cuda,plus,34,44520000000,0.7803519456360828,0.4010744178477254,0.7802481296817072,0.40100932047036353,0.7192779966682248,0.7451618458007763,0.7195551168337462,0.7455248474961915,0.10733541980931693,0.003968046375263157
reference_cuda,plus,35,44521000000,0.7804556557523525,0.40113954383692857,0.7803519456360828,0.4010744178477254,0.7192820360797012,0.7451613642228444,0.7195551168337462,0.7455248474961915,0.11298391282278641,0.0040664545836932575
reference_cuda,plus,36,44522000000,0.7805592737570766,0.4012047129405919,0.7804556557523525,0.40113954383692857,0.719286669922269,0.7451612219933313,0.7195551168337462,0.7455248474961915,0.11895079068101173,0.004170495865821522
reference_cuda,plus,37,44523000000,0.7806628118213147,0.4012699379866093,0.7805592737570766,0.4012047129405919,0.7192918540610185,0.7451614127453586,0.7195551168337462,0.7455248474961915,0.12518880294065327,0.004280486858164068
reference_cuda,plus,38,44524000000,0.7807662805380281,0.40133523010448935,0.7806628118213147,0.4012699379866093,0.719297543305863,0.7451619290022764,0.7195551168337462,0.7455248474961915,0.1316507713935531,0.004396697066823663
reference_cuda,plus,39,44525000000,0.7808696889114435,0.4014005987146606,0.7807662805380281,0.40133523010448935,0.7193036917631783,0.7451627625590291,0.7195551168337462,0.7455248474961915,0.13828955505531437,0.004519348729019157
reference_cuda,plus,40,44526000000,0.7809730443486146,0.40146605152021675,0.7808696889114435,0.4014005987146606,0.719310252851482,0.7451639046774151,0.7195551168337462,0.7455248474961915,0.1450578280896641,0.00464861670099026
reference_cuda,plus,41,44527000000,0.7810763526537654,0.4015315945015977,0.7809730443486146,0.40146605152021675,0.7193171793359902,0.7451653459178847,0.7195551168337462,0.7455248474961915,0.1519083353408422,0.004784628408287972
reference_cuda,plus,42,44528000000,0.7811796180298678,0.4015972319190357,0.7810763526537654,0.4015315945015977,0.7193244235225607,0.7451670760702386,0.7195551168337462,0.7455248474961915,0.15879422322749484,0.0049274640142868975
reference_cuda,plus,43,44529000000,0.7812828430924406,0.401662966328147,0.7811796180298678,0.4015972319190357,0.719331937770921,0.7451690842225269,0.7195551168337462,0.7455248474961915,0.165669596428259,0.00507715697074218
reference_cuda,plus,44,44530000000,0.781386028898024,0.4017287986113138,0.7812828430924406,0.401662966328147,0.7193396751241,0.7451713590239647,0.7195551168337462,0.7455248474961915,0.17248997687680778,0.0052336950208200506
reference_cuda,plus,45,44531000000,0.7814891749815959,0.4017947280187326,0.781386028898024,0.4017287986113138,0.7193475897996067,0.7451738892095172,0.7195551168337462,0.7455248474961915,0.17921226290552894,0.005397021456388984
reference_cuda,plus,46,44532000000,0.7815922794017796,0.4018607522178326,0.7814891749815959,0.4017947280187326,0.7193556374436735,0.7451766635725953,0.7195551168337462,0.7455248474961915,0.18579508117013696,0.005567036599643416
reference_cuda,plus,47,44533000000,0.7816953387981784,0.40192686735570127,0.7815922794017796,0.4018607522178326,0.7193637752025224,0.745179670628896,0.7195551168337462,0.7455248474961915,0.19219929505489494,0.005743599653499132
reference_cuda,plus,48,44534000000,0.7817983484629846,0.40199306813686286,0.7816953387981784,0.40192686735570127,0.719371961885219,0.7451828984146381,0.7195551168337462,0.7455248474961915,0.1983884589100102,0.005926530989341927
reference_cuda,plus,49,44535000000,0.7819013024299661,0.40205934791974085,0.7817983484629846,0.40199306813686286,0.7193801584443347,0.7451863344266315,0.7195551168337462,0.7455248474961915,0.20432949118506974,0.006115614969075978
reference_cuda,plus,50,44536000000,0.7820041935814513,0.4021256988324809,0.7819013024299661,0.40205934791974085,0.7193883285055169,0.7451899657627917,0.7195551168337462,0.7455248474961915,0.2099931576978061,0.006310603313181673
reference_cuda,plus,51,44537000000,0.7821070137681115,0.4021921119025437,0.7820041935814513,0.4021256988324809,0.7193964388786821,0.7451937795157766,0.7195551168337462,0.7455248474961915,0.21535421557755316,0.006511218836692478
reference_cuda,plus,52,44538000000,0.7822097539415765,0.40225857720006125,0.7821070137681115,0.4021921119025437,0.7194044600655977,0.7451977628616869,0.7195551168337462,0.7455248474961915,0.22039193285543834,0.006717159561219432
reference_cuda,plus,53,44539000000,0.7823124043015811,0.40232508399675676,0.7822097539415765,0.40225857720006125,0.7194123664999887,0.7452019029539093,0.7195551168337462,0.7455248474961915,0.22509051711737416,0.0069281032591845815
reference_cuda,plus,54,44540000000,0.7824149544430097,0.4023916209247472,0.7823124043015811,0.40232508399675676,0.7194201360932552,0.7452061870952952,0.7195551168337462,0.7455248474961915,0.22943833066543165,0.007143711937203534
reference_cuda,plus,55,44541000000,0.7825173934833499,0.4024581761141806,0.7824149544430097,0.4023916209247472,0.7194277495901994,0.7452106030418458,0.7195551168337462,0.7455248474961915,0.23342670524215792,0.007363635635584842
reference_cuda,plus,56,44542000000,0.7826197101706945,0.40252473730972205,0.7825173934833499,0.4024581761141806,0.7194351903020644,0.7452151389632725,0.7195551168337462,0.7455248474961915,0.23704965601009323,0.007587515589705163
reference_cuda,plus,57,44543000000,0.7827218929808417,0.40259129197510707,0.7826197101706945,0.40252473730972205,0.7194424439772855,0.7452197833984108,0.7195551168337462,0.7455248474961915,0.24030377402407122,0.007814987053990308
reference_cuda,plus,58,44544000000,0.7828239302065616,0.40265782738914796,0.7827218929808417,0.40259129197510707,0.7194494986253116,0.7452245252555272,0.7195551168337462,0.7455248474961915,0.24318800448090197,0.008045681888887657
reference_cuda,plus,59,44545000000,0.7829258100435035,0.40272433073799163,0.7828239302065616,0.40265782738914796,0.7194563444451664,0.7452293536464573,0.7195551168337462,0.7455248474961915,0.24570376313183198,0.008279231054302727
reference_cuda,plus,60,44546000000,0.7830275206754606,0.4027907892066283,0.7829258100435035,0.40272433073799163,0.7194629737113128,0.7452342577747955,0.7195551168337462,0.7455248474961915,0.2478549323099512,0.00851526709357131
reference_cuda,plus,61,44547000000,0.7831290503589777,0.40285719006965826,0.7830275206754606,0.4027907892066283,0.7194693808138216,0.745239226995416,0.7195551168337462,0.7455248474961915,0.24964783604184448,0.008753426602083891
reference_cuda,plus,62,44548000000,0.7832303875060828,0.40292352078000143,0.7831290503589777,0.40285719006965826,0.7194755623902029,0.7452442510383848,0.7195551168337462,0.7455248474961915,0.2510911248054401,0.008993352635087604
reference_cuda,plus,63,44549000000,0.7833315207615366,0.402989769051687,0.7832303875060828,0.40292352078000143,0.719481517277537,0.7452493202178295,0.7195551168337462,0.7455248474961915,0.25219545531884363,0.009234696937824083
reference_cuda,plus,64,44550000000,0.783432439076072,0.4030559229382714,0.7833315207615366,0.402989769051687,0.7194872465203682,0.7452544254046608,0.7195551168337462,0.7455248474961915,0.2529735346120748,0.009477122052771847
reference_cuda,plus,65,44551000000,0.783533131781976,0.40312197091372254,0.783432439076072,0.4030559229382714,0.7194927535089869,0.7452595579215524,0.7195551168337462,0.7455248474961915,0.25344042383078047,0.009720303516104423
reference_cuda,plus,66,44552000000,0.7836335886778953,0.403187901963189,0.783533131781976,0.40312197091372254,0.7194980443874185,0.7452647095425864,0.7195551168337462,0.7455248474961915,0.2536140480319417,0.009963932361927164
reference_cuda,plus,67,44553000000,0.7837338001165467,0.40325370567692315,0.7836335886778953,0.403187901963189,0.7195031277907671,0.7452698725279961,0.7195551168337462,0.7455248474961915,0.2535148262916189,0.010207717706322228
reference_cuda,plus,68,44554000000,0.7838337570871893,0.4033193723385722,0.7837338001165467,0.40325370567692315,0.7195080145806927,0.7452750396070693,0.7195551168337462,0.7455248474961915,0.2531653643220614,0.010451389147846157
reference_cuda,plus,69,44555000000,0.783933451288342,0.4033848930029321,0.7838337570871893,0.4033193723385722,0.7195127175338948,0.7452802040342027,0.7195551168337462,0.7455248474961915,0.2525899974050688,0.010694698845782113
reference_cuda,plus,70,44556000000,0.7840328751840191,0.40345025955595226,0.783933451288342,0.4033848930029321,0.7195172507178149,0.7452853595817646,0.7195551168337462,0.7455248474961915,0.2518140221530177,0.010937423066536667
reference_cuda,plus,71,44557000000,0.7841320220401461,0.40351546475332845,0.7840328751840191,0.40345025955595226,0.7195216290557016,0.7452905006124112,0.7195551168337462,0.7455248474961915,0.2508630652116256,0.0111793631028263
reference_cuda,plus,72,44558000000,0.7842308859496999,0.40358050224687453,0.7841320220401461,0.40351546475332845,0.719525868173705,0.7452956218345445,0.7195551168337462,0.7455248474961915,0.2497631985389058,0.011420345866156367
reference_cuda,plus,73,44559000000,0.7843294618548481,0.4036453666076047,0.7842308859496999,0.40358050224687453,0.7195299841804841,0.7453007180253058,0.7195551168337462,0.7455248474961915,0.24854101090002015,0.011660224417283871
reference_cuda,plus,74,44560000000,0.7844277455618119,0.4037100533410031,0.7843294618548481,0.4036453666076047,0.7195339933803314,0.7453057841632466,0.7195551168337462,0.7455248474961915,0.24722308549601954,0.011898878277492031
reference_cuda,plus,75,44561000000,0.7845257337425081,0.4037745588880974,0.7844277455618119,0.4037100533410031,0.7195379119695886,0.745310815540445,0.7195551168337462,0.7455248474961915,0.24583548215675083,0.012136213327693213
reference_cuda,plus,76,44562000000,0.784623423925865,0.40383888061539497,0.7845257337425081,0.4037745588880974,0.7195417557674106,0.7453158075647203,0.7195551168337462,0.7455248474961915,0.24440364857911198,0.01237216140145847
reference_cuda,plus,77,44563000000,0.784720814480756,0.4039030167958087,0.784623423925865,0.40383888061539497,0.7195455399254631,0.7453207556936684,0.7195551168337462,0.7455248474961915,0.24295214073636465,0.012606679634217244
reference_cuda,plus,78,44564000000,0.78481790458904,0.40396696657897413,0.784720814480756,0.4039030167958087,0.719549278587792,0.7453256553731146,0.7195551168337462,0.7455248474961915,0.24150427545529204,0.012839749518178678
reference_cuda,plus,79,44565000000,0.7849146942127048,0.4040307299552105,0.78481790458904,0.40396696657897413,0.7195529850803758,0.7453305021707709,0.7195551168337462,0.7455248474961915,0.24008219994752972,0.013071375795959739
reference_cuda,plus,80,44566000000,0.7850111840640015,0.4040943077227183,0.7849146942127048,0.4040307299552105,0.7195566723550753,0.745335291879036,0.7195551168337462,0.7455248474961915,0.2387073170143551,0.013301585484498446
reference_cuda,plus,81,44567000000,0.7851073755746766,0.4041577014538711,0.7850111840640015,0.4040943077227183,0.7195603526544126,0.7453400205086822,0.7195551168337462,0.7455248474961915,0.23739987455438985,0.013530426878617163
reference_cuda,plus,82,44568000000,0.7852032708538949,0.40422091344945715,0.7851073755746766,0.4041577014538711,0.7195640370154912,0.7453446843012448,0.7195551168337462,0.7455248474961915,0.23617833099657218,0.01375796819303332
reference_cuda,plus,83,44569000000,0.7852988726320312,0.4042839466777399,0.7852032708538949,0.40422091344945715,0.719567735042742,0.7453492798231272,0.7195551168337462,0.7455248474961915,0.2350589539838744,0.0139842957637768
reference_cuda,plus,84,44570000000,0.7853941841982044,0.4043468047068031,0.7852988726320312,0.4042839466777399,0.7195714551256146,0.7453538040155492,0.7195551168337462,0.7455248474961915,0.23405602904400766,0.014209512082743458
reference_cuda,plus,85,44571000000,0.7854892093433262,0.40440949164281303,0.7853941841982044,0.4043468047068031,0.7195752047191939,0.7453582540285683,0.7195551168337462,0.7455248474961915,0.23318241611907703,0.014433734045326219
reference_cuda,plus,86,44572000000,0.7855839523107492,0.40447201207652783,0.7854892093433262,0.40440949164281303,0.7195789902885039,0.7453626270585584,0.7195551168337462,0.7455248474961915,0.23244968238602548,0.014657091458076366
reference_cuda,plus,87,44573000000,0.785678417748351,0.4045343710314546,0.7855839523107492,0.40447201207652783,0.7195828171084516,0.7453669203032814,0.7195551168337462,0.7455248474961915,0.23186790837876814,0.014879725590617454
reference_cuda,plus,88,44574000000,0.78577261064618,0.4045965738966015,0.785678417748351,0.4045343710314546,0.7195866888054566,0.7453711313973893,0.7195551168337462,0.7455248474961915,0.2314445726811628,0.01510178724782918
reference_cuda,plus,89,44575000000,0.785866536249104,0.4046586263324557,0.78577261064618,0.4045965738966015,0.7195906071122935,0.7453752588927716,0.7195551168337462,0.7455248474961915,0.23118364664389274,0.015323434043779116
reference_cuda,plus,90,44576000000,0.785960199957996,0.40472053416457093,0.785866536249104,0.4046586263324557,0.7195945718455578,0.7453793018881862,0.7195551168337462,0.7455248474961915,0.23108602800703018,0.015544827352584889
reference_cuda,plus,91,44577000000,0.7860536072348073,0.40478230328133713,0.785960199957996,0.40472053416457093,0.7195985807769913,0.7453832595332671,0.7195551168337462,0.7455248474961915,0.23114999897352823,0.015766129431824538
reference_cuda,plus,92,44578000000,0.7861467635172965,0.4048439395421915,0.7860536072348073,0.40478230328133713,0.719602629805484,0.74538713086057,0.7195551168337462,0.7455248474961915,0.23137165027377313,0.015987500883312578
reference_cuda,plus,93,44579000000,0.7862396741509464,0.40490544870435474,0.7861467635172965,0.4048439395421915,0.7196067135562008,0.7453909146914695,0.7195551168337462,0.7455248474961915,0.23174574596874759,0.016209098682082868
reference_cuda,plus,94,44580000000,0.786332344340856,0.4049668363711327,0.7862396741509464,0.40490544870435474,0.7196108257423861,0.7453946095405798,0.7195551168337462,0.7455248474961915,0.23226629411620967,0.016431074842500948
reference_cuda,plus,95,44581000000,0.786424779113726,0.40502810795119665,0.786332344340856,0.4049668363711327,0.7196149589063108,0.7453982134927106,0.7195551168337462,0.7455248474961915,0.23292637731170154,0.016653575378541063
reference_cuda,plus,96,44582000000,0.7865169832806942,0.40508926861887457,0.786424779113726,0.40502810795119665,0.719619104397226,0.7454017243147305,0.7195551168337462,0.7455248474961915,0.23371798588456,0.016876739263352647
reference_cuda,plus,97,44583000000,0.7866089613947218,0.40515032326863376,0.7865169832806942,0.40508926861887457,0.7196232525458854,0.7454051399458467,0.7195551168337462,0.7455248474961915,0.2346316243271336,0.017100697193058068
reference_cuda,plus,98,44584000000,0.7867007176945812,0.4052112764552399,0.7866089613947218,0.40515032326863376,0.7196273925329187,0.7454084589228192,0.7195551168337462,0.7455248474961915,0.23565561711368882,0.01732556991015599
reference_cuda,plus,99,44585000000,0.7867922560215957,0.40527213230468706,0.7867007176945812,0.4052112764552399,0.7196315121854139,0.7454116812932307,0.7195551168337462,0.7455248474961915,0.236774716403943,0.01755146564417487
reference_cuda,plus,100,44586000000,0.7868835797162178,0.4053328944034531,0.7867922560215957,0.40527213230468706,0.7196355982746464,0.7454148088437148,0.7195551168337462,0.7455248474961915,0.2379701893577061,0.017778476945693455
reference_cuda,plus,101,44587000000,0.7869746915289572,0.4053935657030041,0.7868835797162178,0.4053328944034531,0.719639636956706,0.7454178440967797,0.7195551168337462,0.7455248474961915,0.23922161943386816,0.018006678050056735
reference_cuda,plus,102,44588000000,0.7870655935563177,0.40545414845122385,0.7869746915289572,0.4053935657030041,0.7196436136093259,0.7454207897243001,0.7195551168337462,0.7455248474961915,0.24050743480008777,0.018236123067225662
reference_cuda,plus,103,44589000000,0.7871562871859691,0.40551464413392796,0.7870655935563177,0.40545414845122385,0.719647512484108,0.7454236484869563,0.7195551168337462,0.7455248474961915,0.24180455050096197,0.018466844442059482
reference_cuda,plus,104,44590000000,0.787246773047296,0.40557505342220246,0.7871562871859691,0.40551464413392796,0.7196513166294868,0.745426422875369,0.7195551168337462,0.7455248474961915,0.24308872022667186,0.01869885157006479
reference_cuda,plus,105,44591000000,0.7873370509738626,0.4056353761325737,0.787246773047296,0.40557505342220246,0.7196550079223213,0.745429114675166,0.7195551168337462,0.7455248474961915,0.2443351182475335,0.018932129788225893
reference_cuda,plus,106,44592000000,0.7874271199806483,0.4056956112030585,0.7873370509738626,0.4056353761325737,0.7196585671878919,0.7454317247153678,0.7195551168337462,0.7455248474961915,0.24551880278873311,0.019166639826920573
reference_cuda,plus,107,44593000000,0.7875169782605136,0.4057557566898625,0.7874271199806483,0.4056956112030585,0.7196619748192383,0.7454342528405786,0.7195551168337462,0.7455248474961915,0.24661552279077883,0.019402317860567564
reference_cuda,plus,108,44594000000,0.7876066231977494,0.4058158097824517,0.7875169782605136,0.4057557566898625,0.719665211201478,0.7454366981189702,0.7195551168337462,0.7455248474961915,0.24760198724935759,0.0196390760736449
reference_cuda,plus,109,44595000000,0.7876960513864468,0.4058757668238677,0.7876066231977494,0.4058158097824517,0.7196682567146733,0.7454390591234572,0.7195551168337462,0.7455248474961915,0.2484555176432935,0.01987680333490971
reference_cuda,plus,110,44596000000,0.787785258646828,0.40593562332883776,0.7876960513864468,0.4058757668238677,0.7196710918190176,0.7454413341320989,0.7195551168337462,0.7455248474961915,0.24915390366821713,0.020115365771999905
reference_cuda,plus,111,44597000000,0.7878742400387884,0.4059953739988693,0.787785258646828,0.40593562332883776,0.7196736970332415,0.745443521186344,0.7195551168337462,0.7455248474961915,0.24967530300381977,0.020354607239198685
reference_cuda,plus,112,44598000000,0.7879629898699801,0.4060550127314582,0.7878742400387884,0.4059953739988693,0.7196760528883139,0.7454456182970108,0.7195551168337462,0.7455248474961915,0.2499979259910691,0.020594349596905204
reference_cuda,plus,113,44599000000,0.7880515016987418,0.4061145326237171,0.7879629898699801,0.4060550127314582,0.7196781399677808,0.7454476235362206,0.7195551168337462,0.7455248474961915,0.2500999704615123,0.020834392823871895
reference_cuda,plus,114,44600000000,0.788139768338334,0.40617392597734564,0.7880515016987418,0.4061145326237171,0.7196799391395213,0.7454495350214982,0.7195551168337462,0.7455248474961915,0.24995992960400343,0.021074515178327147
reference_cuda,plus,115,44601000000,0.7882277818715607,0.40623318431469124,0.788139768338334,0.40617392597734564,0.7196814321121666,0.7454513509727251,0.7195551168337462,0.7455248474961915,0.24955721373689527,0.02131447370021533
reference_cuda,plus,116,44602000000,0.7883155336799783,0.4062922984104202,0.7882277818715607,0.40623318431469124,0.7196826019517977,0.7454530698452575,0.7195551168337462,0.7455248474961915,0.24887262758014916,0.02155400517324324
reference_cuda,plus,117,44603000000,0.7884030144822464,0.4063512583330271,0.7883155336799783,0.4062922984104202,0.7196834333754776,0.7454546906397579,0.7195551168337462,0.7455248474961915,0.2478883489852095,0.021792827354943256
reference_cuda,plus,118,44604000000,0.7884902143764028,0.4064100534905561,0.7884030144822464,0.4063512583330271,0.7196839128200014,0.745456212954096,0.7195551168337462,0.7455248474961915,0.24658794908441187,0.022030640305246152
reference_cuda,plus,119,44605000000,0.7885771228866987,0.4064686726811706,0.7884902143764028,0.4064100534905561,0.7196840284552937,0.7454576368231945,0.7195551168337462,0.7455248474961915,0.24495660796978735,0.02226712784471374
reference_cuda,plus,120,44606000000,0.788663729017756,0.40652710415153676,0.7885771228866987,0.4064686726811706,0.7196837706176826,0.7454589629085793,0.7195551168337462,0.7455248474961915,0.2429814180755515,0.02250195923221554
reference_cuda,plus,121,44607000000,0.788750021319858,0.4065853356670918,0.788663729017756,0.40652710415153676,0.7196831324342875,0.7454601927401839,0.7195551168337462,0.7455248474961915,0.24065186100411937,0.02273479118653654
reference_cuda,plus,122,44608000000,0.788835987960875,0.4066433545894047,0.788750021319858,0.4065853356670918,0.7196821098740401,0.7454613288688396,0.7195551168337462,0.7455248474961915,0.23795968105013965,0.022965270091731327
reference_cuda,plus,123,44609000000,0.7889216168033694,0.4067011479590467,0.788835987960875,0.4066433545894047,0.7196807015570517,0.745462374460928,0.7195551168337462,0.7455248474961915,0.2348991533378762,0.02319303434694575
reference_cuda,plus,124,44610000000,0.789006895495308,0.4067587025929584,0.7889216168033694,0.4067011479590467,0.7196789088978033,0.7454633328307424,0.7195551168337462,0.7455248474961915,0.23146784644316967,0.02341771714068841
reference_cuda,plus,125,44611000000,0.7890918115720814,0.4068160051938996,0.789006895495308,0.4067587025929584,0.7196767359040306,0.7454642072397252,0.7195551168337462,0.7455248474961915,0.22766662326004947,0.023638949556811895
reference_cuda,plus,126,44612000000,0.789176352561795,0.40687304246337325,0.7890918115720814,0.4068160051938996,0.7196741892089128,0.7454650010276134,0.7195551168337462,0.7455248474961915,0.22349951922476516,0.023856363750240916
reference_cuda,plus,127,44613000000,0.7892605060904812,0.4069298012143993,0.789176352561795,0.40687304246337325,0.7196712780376568,0.7454657176330732,0.7195551168337462,0.7455248474961915,0.2189736768333143,0.0240695960935966
reference_cuda,plus,128,44614000000,0.7893442599873854,0.4069862684842899,0.7892605060904812,0.4069298012143993,0.719668014002143,0.745466360370075,0.7195551168337462,0.7455248474961915,0.21409937062886628,0.0242782903094394
reference_cuda,plus,129,44615000000,0.7894276023858874,0.4070424316426811,0.7893442599873854,0.4069862684842899,0.7196644107614047,0.7454669324059175,0.7195551168337462,0.7455248474961915,0.20888961336782422,0.024482100444799926
reference_cuda,plus,130,44616000000,0.789510521816825,0.4070982784913425,0.7894276023858874,0.4070424316426811,0.7196604837871092,0.7454674367346001,0.7195551168337462,0.7455248474961915,0.20335989894405979,0.02468069359227343
reference_cuda,plus,131,44617000000,0.7895930072958683,0.4071537973575331,0.789510521816825,0.4070982784913425,0.7196562504406101,0.7454678763302245,0.7195551168337462,0.7455248474961915,0.19752810938259502,0.024873752423246742
reference_cuda,plus,132,44618000000,0.7896750484061431,0.40720897718217786,0.7895930072958683,0.4071537973575331,0.7196517300133809,0.745468254306023,0.7195551168337462,0.7455248474961915,0.1914143690160134,0.02506097757188286
reference_cuda,plus,133,44619000000,0.7897566353827377,0.4072638076099552,0.7896750484061431,0.40720897718217786,0.7196469438999892,0.7454685737716549,0.7195551168337462,0.7455248474961915,0.18504144057339422,0.025242090090728198
reference_cuda,plus,134,44620000000,0.7898377591991583,0.4073182790814317,0.7897566353827377,0.4072638076099552,0.7196419155022536,0.7454688378524799,0.7195551168337462,0.7455248474961915,0.1784345835260875,0.025416833966971808
reference_cuda,plus,135,44621000000,0.7899184116485343,0.4073723829195246,0.7898377591991583,0.4073182790814317,0.7196366699836554,0.7454690497737513,0.7195551168337462,0.7455248474961915,0.17162114411594392,0.025584978460244656
reference_cuda,plus,136,44622000000,0.7899985854155133,0.40742611140596335,0.7899184116485343,0.4073723829195246,0.7196312340415661,0.7454692129095095,0.7195551168337462,0.7455248474961915,0.1646302111968373,0.025746320140797252
reference_cuda,plus,137,44623000000,0.7900782741349102,0.40747945784351897,0.7899985854155133,0.40742611140596335,0.7196256354695817,0.7454693308062752,0.7195551168337462,0.7455248474961915,0.15749204093398592,0.02590068450712124
reference_cuda,plus,138,44624000000,0.7901574724361892,0.4075324166030017,0.7900782741349102,0.40747945784351897,0.7196199026997266,0.7454694070261155,0.7195551168337462,0.7455248474961915,0.15023768130932544,0.026047927165762985
reference_cuda,plus,139,44625000000,0.7902361759748213,0.4075849831561681,0.7901574724361892,0.4075324166030017,0.7196140645226602,0.7454694451663512,0.7195551168337462,0.7455248474961915,0.1428985978219642,0.026187934614654296
reference_cuda,plus,140,44626000000,0.7903143814486494,0.40763715409253787,0.7902361759748213,0.4075849831561681,0.7196081499040436,0.7454694491225584,0.7195551168337462,0.7455248474961915,0.13550611494290318,0.026320624568796802
reference_cuda,plus,141,44627000000,0.7903920866007061,0.40768892712168314,0.7903143814486494,0.40763715409253787,0.7196021879091029,0.7454694232207121,0.7195551168337462,0.7455248474961915,0.12809115569670051,0.026445945884546518
reference_cuda,plus,142,44628000000,0.790469290217898,0.40774030107104725,0.7903920866007061,0.40768892712168314,0.7195962078695456,0.7454693721579221,0.7195551168337462,0.7455248474961915,0.12068452285173314,0.02656387839118679
reference_cuda,plus,143,44629000000,0.7905459921279914,0.4077912758819306,0.790469290217898,0.40774030107104725,0.7195902395621162,0.7454693013010405,0.7195551168337462,0.7455248474961915,0.11331674755767336,0.0266744326920616
reference_cuda,plus,144,44630000000,0.7906221931991227,0.40784185260818007,0.7905459921279914,0.4077912758819306,0.7195843133177661,0.7454692164928547,0.7195551168337462,0.7455248474961915,0.10601846639415442,0.026777650069874426
reference_cuda,plus,145,44631000000,0.7906978953447475,0.40789203342069297,0.7906221931991227,0.40784185260818007,0.71957845972755,0.7454691236381299,0.7195551168337462,0.7455248474961915,0.09882056971167685,0.026873602576841904
reference_cuda,plus,146,44632000000,0.7907731015308324,0.4079418216143551,0.7906978953447475,0.40789203342069297,0.7195727093386597,0.7454690284545518,0.7195551168337462,0.7455248474961915,0.09175413162232705,0.026962393196299672
reference_cuda,plus,147,44633000000,0.7908478157830731,0.4079912216150225,0.7907731015308324,0.4079418216143551,0.7195670924733115,0.7454689363084595,0.7195551168337462,0.7455248474961915,0.08485038754267937,0.027044156004933484
reference_cuda,plus,148,44634000000,0.7909220431931292,0.4080402389854533,0.7908478157830731,0.4079912216150225,0.7195616389317541,0.7454688519681688,0.7195551168337462,0.7455248474961915,0.07814066995061592,0.027119056303916977
reference_cuda,plus,149,44635000000,0.7909957899265949,0.4080888804330774,0.7909220431931292,0.4080402389854533,0.7195563779103928,0.7454687793485897,0.7195551168337462,0.7455248474961915,0.0716566239294207,0.027187290811269804
reference_cuda,plus,150,44636000000,0.7910690632292003,0.40813715381589316,0.7909957899265949,0.4080888804330774,0.7195513378603935,0.7454687216321615,0.7195551168337462,0.7455248474961915,0.06542987816529805,0.02724908779455859
reference_cuda,plus,151,44637000000,0.7911418714130797,0.4081850681271303,0.7910690632292003,0.40813715381589316,0.7195465457891583,0.7454686816624209,0.7195551168337462,0.7455248474961915,0.05949067896145748,0.027304706553138658
reference_cuda,plus,152,44638000000,0.7912142238150695,0.4082326334500273,0.7911418714130797,0.4081850681271303,0.7195420265193015,0.7454686618444614,0.7195551168337462,0.7455248474961915,0.05386708740656,0.027354436021937545
reference_cuda,plus,153,44639000000,0.7912861307300918,0.40827986088596996,0.7912142238150695,0.4082326334500273,0.7195378022065505,0.7454686641636169,0.7195551168337462,0.7455248474961915,0.048584352564844044,0.027398592620869522
reference_cuda,plus,154,44640000000,0.7913576033213124,0.4083267624578376,0.7912861307300918,0.40827986088596996,0.719533892108796,0.7454686904968458,0.7195551168337462,0.7455248474961915,0.04366423296085986,0.027437517411442514
reference_cuda,plus,155,44641000000,0.7914286535169754,0.4083733509991072,0.7913576033213124,0.4083267624578376,0.7195303126092083,0.7454687425436,0.7195551168337462,0.7455248474961915,0.03912511148153972,0.027471572889652407
reference_cuda,plus,156,44642000000,0.7914992939121213,0.4084196400481977,0.7914286535169754,0.4083733509991072,0.7195270776310169,0.7454688215995394,0.7195551168337462,0.7455248474961915,0.034982796562606125,0.027501139997752944
reference_cuda,plus,157,44643000000,0.7915695376828027,0.40846564375624317,0.7914992939121213,0.4084196400481977,0.7195241988272506,0.7454689284156855,0.7195551168337462,0.7455248474961915,0.03125093556598438,0.02752661556661451
reference_cuda,plus,158,44644000000,0.7916393985099605,0.4085113768053038,0.7915695376828027,0.40846564375624317,0.7195216857190027,0.7454690632075298,0.7195551168337462,0.7455248474961915,0.02794117653978301,0.027548410072256502
reference_cuda,plus,159,44645000000,0.7917088905091895,0.4085568543329951,0.7916393985099605,0.4085113768053038,0.7195195459816743,0.7454692258737408,0.7195551168337462,0.7455248474961915,0.025063253051822505,0.027566945576609214
reference_cuda,plus,160,44646000000,0.7917780281596615,0.40860209185632645,0.7917088905091895,0.4085568543329951,0.7195177854920753,0.7454694162879493,0.7195551168337462,0.7455248474961915,0.02262467879861538,0.027582653632151732
reference_cuda,plus,161,44647000000,0.7918468262331221,0.4086471051956892,0.7917780281596615,0.40860209185632645,0.7195164082900648,0.7454696340816928,0.7195551168337462,0.7455248474961915,0.02063097143648359,0.027595973192660495
reference_cuda,plus,162,44648000000,0.7919152997302796,0.40869191040678465,0.7918468262331221,0.4086471051956892,0.7195154167392999,0.745469878431996,0.7195551168337462,0.7455248474961915,0.019086119483193345,0.02760734876966353
reference_cuda,plus,163,44649000000,0.7919834638313392,0.4087365237276868,0.7919152997302796,0.40869191040678465,0.7195148119984562,0.7454701480257359,0.7195551168337462,0.7455248474961915,0.017993216284438392,0.027617229042107283
reference_cuda,plus,164,44650000000,0.7920513338487699,0.40878096152842325,0.7919834638313392,0.4087365237276868,0.7195145937364172,0.7454704413020761,0.7195551168337462,0.7455248474961915,0.01735380130032136,0.027626065512635023
reference_cuda,plus,165,44651000000,0.7921189251651,0.4088252402446784,0.7920513338487699,0.40878096152842325,0.7195147596777661,0.7454707567154504,0.7195551168337462,0.7455248474961915,0.017166963495104888,0.027634310662875805
reference_cuda,plus,166,44652000000,0.7921862531554157,0.40886937629521825,0.7921189251651,0.4088252402446784,0.7195153054218593,0.745471092731491,0.7195551168337462,0.7455248474961915,0.017429120422880317,0.02764241563215819
reference_cuda,plus,167,44653000000,0.7922533331032483,0.40891338599227633,0.7921862531554157,0.40886937629521825,0.71951622434208,0.7454714476523943,0.7195551168337462,0.7455248474961915,0.01813411065212093,0.027650827712676573
reference_cuda,plus,168,44654000000,0.7923201801193005,0.4089572854549819,0.7922533331032483,0.40891338599227633,0.7195175078059451,0.7454718195138241,0.7195551168337462,0.7455248474961915,0.0192735977458503,0.027659987962834975
reference_cuda,plus,169,44655000000,0.7923868090614508,0.40900109052425393,0.7923201801193005,0.4089572854549819,0.7195191451672089,0.7454722062510032,0.7195551168337462,0.7455248474961915,0.02083685268823146,0.027670328869845662
reference_cuda,plus,170,44656000000,0.79245323444793,0.4090448166705068,0.7923868090614508,0.40900109052425393,0.7195211236675383,0.7454726059627013,0.7195551168337462,0.7455248474961915,0.022810300855337327,0.02768227179373639
reference_cuda,plus,171,44657000000,0.7925194703616729,0.40908847889202593,0.79245323444793,0.4090448166705068,0.7195234282730008,0.7454730169183974,0.7195551168337462,0.7455248474961915,0.02517730851007452,0.027696224141180892
reference_cuda,plus,172,44658000000,0.7925855303453172,0.4091320916034564,0.7925194703616729,0.40908847889202593,0.7195260415658474,0.7454734377190426,0.7195551168337462,0.7455248474961915,0.02791784643271718,0.027712576257442834
reference_cuda,plus,173,44659000000,0.7926514272908817,0.40917566851866294,0.7925855303453172,0.4091320916034564,0.7195289438163824,0.7454738672984912,0.7195551168337462,0.7455248474961915,0.031008577868411106,0.027731698172857477
reference_cuda,plus,174,44660000000,0.7927171733359599,0.40921922254060084,0.7926514272908817,0.40917566851866294,0.7195321132620278,0.7454743046691591,0.7195551168337462,0.7455248474961915,0.034423525245015685,0.027753936587913586
reference_cuda,plus,175,44661000000,0.7927827797736618,0.4092627656658899,0.7927171733359599,0.40921922254060084,0.719535526503875,0.7454747489057018,0.7195551168337462,0.7455248474961915,0.03813458631946266,0.0277796123070857
reference_cuda,plus,176,44662000000,0.792848256976685,0.40930630890454595,0.7927827797736618,0.4092627656658899,0.7195391588712178,0.7454751991875954,0.7195551168337462,0.7455248474961915,0.042111936782919586,0.02780901811703984
reference_cuda,plus,177,44663000000,0.7929136143364987,0.4093498622158979,0.792848256976685,0.40930630890454595,0.7195429847950029,0.7454756547495348,0.7195551168337462,0.7455248474961915,0.04632455934519869,0.027842417131836328
reference_cuda,plus,178,44664000000,0.792978860216049,0.409393434458963,0.7929136143364987,0.4093498622158979,0.7195469778656988,0.7454761147168674,0.7195551168337462,0.7455248474961915,0.05074052216725233,0.027880041543397738
reference_cuda,plus,179,44665000000,0.7930440019139839,0.4094370333551626,0.792978860216049,0.409393434458963,0.7195511110996392,0.7454765781161543,0.7195551168337462,0.7455248474961915,0.05532729907422523,0.027922091713264763
reference_cuda,plus,180,44666000000,0.7931090456402301,0.40948066546314615,0.7930440019139839,0.4094370333551626,0.7195553571771072,0.7454770438446174,0.7195551168337462,0.7455248474961915,0.06005210590913651,0.027968735599415595
reference_cuda,plus,181,44667000000,0.7931739965008439,0.40952433616350775,0.7931090456402301,0.40948066546314615,0.7195596884670211,0.7454775105644644,0.7195551168337462,0.7455248474961915,0.06488206411291915,0.028020108449339887
reference_cuda,plus,182,44668000000,0.793238858492634,0.40956804965392135,0.7931739965008439,0.40952433616350775,0.7195640772800865,0.7454779766555222,0.7195551168337462,0.7455248474961915,0.06978457699222185,0.028076312781053048
reference_cuda,plus,183,44669000000,0.7933036345024418,0.40961180894922206,0.793238858492634,0.40956804965392135,0.7195684960056843,0.7454784405045483,0.7195551168337462,0.7455248474961915,0.07472713990137556,0.028137418480355336
reference_cuda,plus,184,44670000000,0.7933683262999012,0.40965561587458577,0.7933036345024418,0.40961180894922206,0.7195729170721689,0.7454789009307031,0.7195551168337462,0.7455248474961915,0.07967675961007453,0.028203462660997047
reference_cuda,plus,185,44671000000,0.7934329345240004,0.4096994710520464,0.7933683262999012,0.40965561587458577,0.7195773130859983,0.7454793572942425,0.7195551168337462,0.7455248474961915,0.08459999308979976,0.028274449321514794
reference_cuda,plus,186,44672000000,0.7934974586726231,0.4097433738901524,0.7934329345240004,0.4096994710520464,0.7195816571708326,0.7454798095095555,0.7195551168337462,0.7455248474961915,0.08946335565675208,0.02835034910404488
reference_cuda,plus,187,44673000000,0.7935618971022577,0.4097873225843749,0.7934974586726231,0.4097433738901524,0.7195859234028791,0.7454802581024942,0.7195551168337462,0.7455248474961915,0.09423379386822166,0.02843109937609256
reference_cuda,plus,188,44674000000,0.7936262470406322,0.409831314131272,0.7935618971022577,0.4097873225843749,0.719590086920158,0.7454807039756578,0.7195551168337462,0.7455248474961915,0.0988791156701305,0.028516604712763183
reference_cuda,plus,189,44675000000,0.7936905046103717,0.4098753443543541,0.7936262470406322,0.409831314131272,0.7195941239470807,0.7454811482708396,0.7195551168337462,0.7455248474961915,0.10336819308151142,0.028606737704336638
reference_cuda,plus,190,44676000000,0.7937546648666145,0.40991940794477255,0.7936905046103717,0.4098753443543541,0.7195980121038094,0.7454815921663868,0.7195551168337462,0.7455248474961915,0.1076716017946395,0.028701340186785274
reference_cuda,plus,191,44677000000,0.7938187218586269,0.4099634985274634,0.7937546648666145,0.40991940794477255,0.7196017309572219,0.7454820365602208,0.7195551168337462,0.7455248474961915,0.11176270516567131,0.02880022521310366
reference_cuda,plus,192,44678000000,0.7938826687128446,0.4100076087500541,0.7938187218586269,0.4099634985274634,0.7196052620410681,0.7454824818640299,0.7195551168337462,0.7455248474961915,0.1156179357598371,0.02890317965881195
reference_cuda,plus,193,44679000000,0.7939464977273442,0.41005173038390713,0.7938826687128446,0.4100076087500541,0.7196085888283245,0.7454829279467141,0.7195551168337462,0.7455248474961915,0.11921683052824393,0.029009967135891657
reference_cuda,plus,194,44680000000,0.7940102004757648,0.4100958544351295,0.7939464977273442,0.41005173038390713,0.7196116968940985,0.7454833740248092,0.7195551168337462,0.7455248474961915,0.12254237017205342,0.029120331163966284
reference_cuda,plus,195,44681000000,0.794073767920919,0.4101399712657911,0.7940102004757648,0.4100958544351295,0.7196145740565493,0.7454838186138875,0.7195551168337462,0.7455248474961915,0.125581214767089,0.029233998611061907
reference_cuda,plus,196,44682000000,0.7941371905348266,0.4101840707218972,0.794073767920919,0.4101399712657911,0.719617210451093,0.7454842595741467,0.7195551168337462,0.7455248474961915,0.1283237383705303,0.029350683302084235
reference_cuda,plus,197,44683000000,0.7942004584177743,0.41022814226023446,0.7941371905348266,0.4101840707218972,0.7196195985739079,0.7454846944247552,0.7195551168337462,0.7455248474961915,0.13076368963088889,0.02947008955840147
reference_cuda,plus,198,44684000000,0.794263561404108,0.4102721750610523,0.7942004584177743,0.41022814226023446,0.719621733441399,0.7454851211945204,0.7195551168337462,0.7455248474961915,0.13289732748012106,0.029591915285834602
reference_cuda,plus,199,44685000000,0.794326489157005,0.4103161581289024,0.794263561404108,0.4102721750610523,0.7196236126175071,0.7454855384177258,0.7195551168337462,0.7455248474961915,0.13472345975850902,0.0297158547135723
reference_cuda,plus,200,44686000000,0.7943892312630985,0.41036008039318533,0.794326489157005,0.4103161581289024,0.7196252361450602,0.7454859448216377,0.7195551168337462,0.7455248474961915,0.1362437472340782,0.02984160114056067
reference_cuda,plus,201,44687000000,0.7944517773298891,0.4104039308115801,0.7943892312630985,0.41036008039318533,0.7196266066153582,0.7454863393605751,0.7195551168337462,0.7455248474961915,0.13746274752693066,0.029968849773098327
reference_cuda,plus,202,44688000000,0.7945141170867693,0.41044769847722157,0.7944517773298891,0.4104039308115801,0.7196277293332665,0.7454867212434229,0.7195551168337462,0.7455248474961915,0.1383880866890786,0.030097300671968696
reference_cuda,plus,203,44689000000,0.7945762404893374,0.41049137272932434,0.7945141170867693,0.41044769847722157,0.7196286122635445,0.7454870898477174,0.7195551168337462,0.7455248474961915,0.13903049937904088,0.03022666179543876
reference_cuda,plus,204,44690000000,0.7946381378270649,0.41053494326727713,0.7945762404893374,0.41049137272932434,0.7196292662496994,0.7454874448336993,0.7195551168337462,0.7455248474961915,0.13940395984240816,0.030356652137271567
reference_cuda,plus,205,44691000000,0.794699799830849,0.41057840026457304,0.7946381378270649,0.41053494326727713,0.7196297047176303,0.745487786012035,0.7195551168337462,0.7455248474961915,0.1395254772203736,0.030487004847827848
reference_cuda,plus,206,44692000000,0.7947612177690229,0.4106217344704436,0.794699799830849,0.41057840026457304,0.7196299428464474,0.7454881131680455,0.7195551168337462,0.7455248474961915,0.1394142798158016,0.03061746997096293
reference_cuda,plus,207,44693000000,0.7948223835159597,0.41066493728236186,0.7947612177690229,0.4106217344704436,0.7196299969910301,0.7454884265694118,0.7195551168337462,0.7455248474961915,0.13909046020171864,0.03074781630428447
reference_cuda,plus,208,44694000000,0.7948832895801836,0.4107080007755172,0.7948223835159597,0.41066493728236186,0.7196298843316398,0.7454887278723896,0.7195551168337462,0.7455248474961915,0.13857340618383968,0.03087783199427463
reference_cuda,plus,209,44695000000,0.794943929113619,0.4107509177121155,0.7948832895801836,0.4107080007755172,0.7196296227952609,0.7454890194466345,0.7195551168337462,0.7455248474961915,0.13788254631875901,0.0310073246092486
reference_cuda,plus,210,44696000000,0.7950042959317618,0.4107936815621755,0.794943929113619,0.4107509177121155,0.7196292311244566,0.7454893035931092,0.7195551168337462,0.7455248474961915,0.13703841321345864,0.03113612162982804
reference_cuda,plus,211,44697000000,0.795064384551886,0.41083628654345394,0.7950042959317618,0.4107936815621755,0.7196287290148835,0.7454895822837896,0.7195551168337462,0.7455248474961915,0.1360631408441623,0.03126407153396826
reference_cuda,plus,212,44698000000,0.7951241902381705,0.41087872766878086,0.795064384551886,0.41083628654345394,0.7196281369191134,0.7454898572061034,0.7195551168337462,0.7455248474961915,0.134980164431394,0.0313910450869912
reference_cuda,plus,213,44699000000,0.79518370904543,0.41092100079192123,0.7951241902381705,0.41087872766878086,0.7196274758519974,0.7454901296872615,0.7195551168337462,0.7455248474961915,0.13381407220880912,0.0315169365734107
reference_cuda,plus,214,44700000000,0.7952429378664098,0.4109631026571911,0.79518370904543,0.41092100079192123,0.7196267674206314,0.7454904003879824,0.7195551168337462,0.7455248474961915,0.13259102573929143,0.031641665143865794
reference_cuda,plus,215,44701000000,0.795301874485151,0.4110050309554966,0.7952429378664098,0.4109631026571911,0.7196260338329582,0.745490669216609,0.7195551168337462,0.7455248474961915,0.13133887821256765,0.03176517635162668
reference_cuda,plus,216,44702000000,0.7953605176312276,0.4110467843812803,0.795301874485151,0.4110050309554966,0.7196252977964607,0.7454909353851806,0.7195551168337462,0.7455248474961915,0.13008697805994043,0.03188744370407903
reference_cuda,plus,217,44703000000,0.7954188670255983,0.41108836268058374,0.7953605176312276,0.4110467843812803,0.7196245822727012,0.7454911976352561,0.7195551168337462,0.7455248474961915,0.1288655803476652,0.03200846993667028
reference_cuda,plus,218,44704000000,0.7954769234148927,0.4111297666868038,0.7954188670255983,0.41108836268058374,0.7196239103507054,0.7454914543593328,0.7195551168337462,0.7455248474961915,0.1277055369071316,0.03212828792408118
reference_cuda,plus,219,44705000000,0.7955346885903241,0.41117099834012993,0.7954769234148927,0.4111297666868038,0.7196233047300773,0.7454917036291747,0.7195551168337462,0.7455248474961915,0.12663761511423913,0.03224696111479375
reference_cuda,plus,220,44706000000,0.7955921653835967,0.41121206068258365,0.7955346885903241,0.41117099834012993,0.7196227871687992,0.7454919433942503,0.7195551168337462,0.7455248474961915,0.1256915599122654,0.032364583255258594
reference_cuda,plus,221,44707000000,0.7956493576416116,0.41125295783055205,0.7955921653835967,0.41121206068258365,0.7196223781795218,0.7454921714883915,0.7195551168337462,0.7455248474961915,0.12489570570311771,0.032481277481906545
reference_cuda,plus,222,44708000000,0.7957062701902359,0.4112936949357002,0.7956493576416116,0.41125295783055205,0.7196220969731751,0.7454923855276053,0.7195551168337462,0.7455248474961915,0.1242770331075686,0.03259719511774506
reference_cuda,plus,223,44709000000,0.7957629087899667,0.41133427813731255,0.7957062701902359,0.4112936949357002,0.7196219613136098,0.7454925830108294,0.7195551168337462,0.7455248474961915,0.1238608610260512,0.032712514250192726
reference_cuda,plus,224,44710000000,0.795819280075229,0.4113747144973662,0.7957629087899667,0.41133427813731255,0.71962198723954,0.7454927617149176,0.7195551168337462,0.7455248474961915,0.12367000534045083,0.03282743781608133
reference_cuda,plus,225,44711000000,0.7958753914773948,0.4114150119183768,0.795819280075229,0.4113747144973662,0.7196221889537491,0.745492919783008,0.7195551168337462,0.7455248474961915,0.12372452959735566,0.03294219120985531
reference_cuda,plus,226,44712000000,0.7959312511377435,0.4114551790506455,0.7958753914773948,0.4114150119183768,0.7196225788178061,0.7454930558057223,0.7195551168337462,0.7455248474961915,0.12404163649026706,0.03305701961832597
reference_cuda,plus,227,44713000000,0.7959868678145949,0.411495225193384,0.7959312511377435,0.4114551790506455,0.7196231674279729,0.7454931689362668,0.7195551168337462,0.7455248474961915,0.12463561846950381,0.033172185210474936
reference_cuda,plus,228,44714000000,0.7960422507887771,0.41153516019415953,0.7959868678145949,0.411495225193384,0.7196239634991038,0.7454932586818694,0.7195551168337462,0.7455248474961915,0.12551797288250516,0.03328796430918146
reference_cuda,plus,229,44715000000,0.7960974097726812,0.4115749943521976,0.7960422507887771,0.41153516019415953,0.7196249738459545,0.7454933246452168,0.7195551168337462,0.7455248474961915,0.1266977013207713,0.033404644701874986
reference_cuda,plus,230,44716000000,0.7961523548243797,0.4116147383271621,0.7960974097726812,0.4115749943521976,0.7196262034683757,0.7454933665016121,0.7195551168337462,0.7455248474961915,0.12818144432600245,0.03352252312657811
reference_cuda,plus,231,44717000000,0.7962070962665541,0.411654403053096,0.7961523548243797,0.4116147383271621,0.7196276556689014,0.7454933839888969,0.7195551168337462,0.7455248474961915,0.1299736406692614,0.03364190291461
reference_cuda,plus,232,44718000000,0.7962616446132571,0.41169399966075065,0.7962070962665541,0.411654403053096,0.719629332191487,0.7454933767317817,0.7195551168337462,0.7455248474961915,0.13207691993912765,0.03376309188692517
reference_cuda,plus,233,44719000000,0.7963160105012048,0.41173353940478774,0.7962616446132571,0.41169399966075065,0.719631233076114,0.7454933441924979,0.7195551168337462,0.7455248474961915,0.1344919824414522,0.03388640038497215
reference_cuda,plus,234,44720000000,0.7963702046135569,0.41177303358314077,0.7963160105012048,0.41173353940478774,0.7196333564347888,0.7454932859848754,0.7195551168337462,0.7455248474961915,0.13721692704875732,0.034012139051156964
reference_cuda,plus,235,44721000000,0.7964242375931604,0.4118124934452668,0.7963702046135569,0.41177303358314077,0.7196356985091971,0.7454932020906333,0.7195551168337462,0.7455248474961915,0.14024705319049804,0.03414061628186005
reference_cuda,plus,236,44722000000,0.7964781199475515,0.4118519300917429,0.7964242375931604,0.4118124934452668,0.7196382537163787,0.7454930930665375,0.7195551168337462,0.7455248474961915,0.14357465945735434,0.034272135438556006
reference_cuda,plus,237,44723000000,0.7965318619506147,0.41189135437035734,0.7964781199475515,0.4118519300917429,0.719641014646864,0.7454929599395197,0.7195551168337462,0.7455248474961915,0.14718917275255877,0.03440699197528829
reference_cuda,plus,238,44724000000,0.7965854735550657,0.4119307767836882,0.7965318619506147,0.41189135437035734,0.7196439723974144,0.7454928038095603,0.7195551168337462,0.7455248474961915,0.15107806042763536,0.03454547093619453
reference_cuda,plus,239,44725000000,0.7966389643247458,0.41197020741770063,0.7965854735550657,0.4119307767836882,0.7196471170016048,0.7454926257164177,0.7195551168337462,0.7455248474961915,0.15522753503174752,0.03468784508291378
reference_cuda,plus,240,44726000000,0.7966923433796708,0.4120096558839365,0.7966389643247458,0.41197020741770063,0.7196504375183007,0.7454924267537957,0.7195551168337462,0.7455248474961915,0.15962252279544348,0.034834373400315144
reference_cuda,plus,241,44727000000,0.7967456193459027,0.41204913126687126,0.7966923433796708,0.4120096558839365,0.7196539221236445,0.7454922081668665,0.7195551168337462,0.7455248474961915,0.16424665739979935,0.03498529972719666
reference_cuda,plus,242,44728000000,0.7967988003076677,0.41208864207369583,0.7967456193459027,0.41204913126687126,0.7196575581121294,0.7454919713410783,0.7195551168337462,0.7455248474961915,0.16908229609474512,0.03514085143990542
reference_cuda,plus,243,44729000000,0.7968518937624309,0.41212819618724855,0.7967988003076677,0.41208864207369583,0.7196613318629483,0.7454917176528045,0.7195551168337462,0.7455248474961915,0.17411066506616377,0.035301238218579556
reference_cuda,plus,244,44730000000,0.7969049065723645,0.41216780081517657,0.7968518937624309,0.41212819618724855,0.7196652284732709,0.7454914484896858,0.7195551168337462,0.7455248474961915,0.17931137721026466,0.035466650684156775
reference_cuda,plus,245,44731000000,0.7969578449051081,0.4122074624278118,0.7969049065723645,0.41216780081517657,0.7196692314139103,0.7454911652745231,0.7195551168337462,0.7455248474961915,0.18466197375712193,0.03563725869119594
reference_cuda,plus,246,44732000000,0.7970107141699486,0.41224718669118965,0.7969578449051081,0.4122074624278118,0.7196733225827171,0.7454908693196166,0.7195551168337462,0.7455248474961915,0.19013817432416585,0.03581320949126621
reference_cuda,plus,247,44733000000,0.7970635189590933,0.41228697840545825,0.7970107141699486,0.41224718669118965,0.7196774824759652,0.7454905616757985,0.7195551168337462,0.7455248474961915,0.19571428086993573,0.03599462607286341
reference_cuda,plus,248,44734000000,0.797116262993586,0.4123268414482416,0.7970635189590933,0.41228697840545825,0.7196816901641694,0.745490243132292,0.7195551168337462,0.7455248474961915,0.20136314923840581,0.03618160564764139
reference_cuda,plus,249,44735000000,0.7971689490644682,0.4123667787130148,0.797116262993586,0.4123268414482416,0.7196859230854764,0.7454899144216772,0.7195551168337462,0.7455248474961915,0.20705567717943438,0.03637421797390061
reference_cuda,plus,250,44736000000,0.7972215789703093,0.4124067920436668,0.7971689490644682,0.4123667787130148,0.7196901571608749,0.7454895761981067,0.7195551168337462,0.7455248474961915,0.21276097714729414,0.03657250357207431
reference_cuda,plus,251,44737000000,0.7972741534635879,0.41244688217841163,0.7972215789703093,0.4124067920436668,0.7196943671775989,0.7454892288454364,0.7195551168337462,0.7455248474961915,0.21844709578292837,0.036776472233640334
reference_cuda,plus,252,44738000000,0.7973266722089762,0.4124870487062883,0.7972741534635879,0.41244688217841163,0.7196985270566352,0.7454888725551296,0.7195551168337462,0.7455248474961915,0.2240812517661335,0.036986101899856294
reference_cuda,plus,253,44739000000,0.7973791337532085,0.41252729003594685,0.7973266722089762,0.4124870487062883,0.719702610390596,0.745488507539067,0.7195551168337462,0.7455248474961915,0.22963024233028315,0.03720133789275337
reference_cuda,plus,254,44740000000,0.7974315355113872,0.4125676033817806,0.7973791337532085,0.41252729003594685,0.7197065908728644,0.7454881339051961,0.7195551168337462,0.7455248474961915,0.23506113422144456,0.037422092646380634
reference_cuda,plus,255,44741000000,0.797483873763837,0.4126079847612556,0.7974315355113872,0.4125676033817806,0.719710442226396,0.7454877516734132,0.7195551168337462,0.7455248474961915,0.2403411551016154,0.03764824573809733
reference_cuda,plus,256,44742000000,0.79753614365758,0.4126484289970984,0.797483873763837,0.4126079847612556,0.7197141383638328,0.7454873608703276,0.7195551168337462,0.7455248474961915,0.24543777479550866,0.037879644033466775
reference_cuda,plus,257,44743000000,0.7975883392158093,0.412688929727927,0.79753614365758,0.4126484289970984,0.7197176539440172,0.7454869617438963,0.7195551168337462,0.7455248474961915,0.2503191309644107,0.03811610206642513
reference_cuda,plus,258,44744000000,0.7976404533550964,0.4127294794270241,0.7975883392158093,0.412688929727927,0.7197209645840392,0.7454865549038507,0.7195551168337462,0.7455248474961915,0.2549541172553788,0.03835740264008791
reference_cuda,plus,259,44745000000,0.7976924779088382,0.4127700694276781,0.7976404533550964,0.4127294794270241,0.7197240469965124,0.7454861413105965,0.7195551168337462,0.7455248474961915,0.25931256676727893,0.03860329760169634
reference_cuda,plus,260,44746000000,0.797744403666007,0.41281068996461584,0.7976924779088382,0.4127700694276781,0.7197268793747489,0.7454857219377615,0.7195551168337462,0.7455248474961915,0.26336615093452365,0.03885350908691976
reference_cuda,plus,261,44747000000,0.7977962204223757,0.4128513302286176,0.797744403666007,0.41281068996461584,0.719729441256746,0.7454852976769225,0.7195551168337462,0.7455248474961915,0.2670883262215738,0.03910773112363586
reference_cuda,plus,262,44748000000,0.7978479170347258,0.4128919784242343,0.7977962204223757,0.4128513302286176,0.7197317135640012,0.7454848694916965,0.7195551168337462,0.7455248474961915,0.2704541877869937,0.03936563129198589
reference_cuda,plus,263,44749000000,0.7978994814847551,0.4129326218376957,0.7978479170347258,0.4128919784242343,0.7197336791676094,0.7454844383807685,0.7195551168337462,0.7455248474961915,0.27344121834957524,0.039626852674018664
reference_cuda,plus,264,44750000000,0.7979509009527755,0.41297324691509885,0.7978994814847551,0.4129326218376957,0.7197353230438395,0.7454840055353258,0.7195551168337462,0.7455248474961915,0.2760292828905317,0.03989101608294732
reference_cuda,plus,265,44751000000,0.7980021618936864,0.4130138393429734,0.7979509009527755,0.41297324691509885,0.7197366321523558,0.7454835723299573,0.7195551168337462,0.7455248474961915,0.2782004853661274,0.04015772233321968
reference_cuda,plus,266,44752000000,0.7980532501173512,0.41305438413341905,0.7980021618936864,0.4130138393429734,0.7197375954046047,0.7454831400130122,0.7195551168337462,0.7455248474961915,0.27993951248987503,0.04042655463058509
reference_cuda,plus,267,44753000000,0.7981041508767847,0.4130948657174312,0.7980532501173512,0.41305438413341905,0.7197382037463854,0.7454827095808471,0.7195551168337462,0.7455248474961915,0.28123389083850026,0.04069708119229176
reference_cuda,plus,268,44754000000,0.7981548489658065,0.41313526804814277,0.7981041508767847,0.4130948657174312,0.7197384502141778,0.7454822815634232,0.7195551168337462,0.7455248474961915,0.28207432204369387,0.0409688581433727
reference_cuda,plus,269,44755000000,0.7982053288226246,0.4131755747102947,0.7981548489658065,0.41313526804814277,0.7197383299255454,0.7454818560517026,0.7195551168337462,0.7455248474961915,0.28245463499826334,0.04124143257385526
reference_cuda,plus,270,44756000000,0.7982555746342684,0.4132157690305313,0.7982053288226246,0.4131755747102947,0.719737840221752,0.7454814329295589,0.7195551168337462,0.7455248474961915,0.2823716734543423,0.04151434559511813
reference_cuda,plus,271,44757000000,0.7983055704430924,0.41325583418982004,0.7982555746342684,0.4132157690305313,0.7197369808716393,0.745481011925931,0.7195551168337462,0.7455248474961915,0.28182548452100026,0.04178713544757784
reference_cuda,plus,272,44758000000,0.7983553002595253,0.41329575334238033,0.7983055704430924,0.41325583418982004,0.7197357542230591,0.7454805925234719,0.7195551168337462,0.7455248474961915,0.2808196212420354,0.042059340793343836
reference_cuda,plus,273,44759000000,0.7984047481826667,0.41333550974282196,0.7983553002595253,0.41329575334238033,0.7197341654796532,0.7454801740509457,0.7195551168337462,0.7455248474961915,0.279361373080539,0.04233050423923146
reference_cuda,plus,274,44760000000,0.7984538985225715,0.4133750868750123,0.7984047481826667,0.41333550974282196,0.719732223002925,0.7454797562027894,0.7195551168337462,0.7455248474961915,0.2774614963101161,0.042600175887514524
reference_cuda,plus,275,44761000000,0.7985027359113958,0.41341446856916586,0.7984538985225715,0.4133750868750123,0.7197299377963087,0.7454793391638951,0.7195551168337462,0.7455248474961915,0.27513341752301745,0.042867916511625026
reference_cuda,plus,276,44762000000,0.7985512454004711,0.4134536391040067,0.7985027359113958,0.41341446856916586,0.7197273228914427,0.7454789232395852,0.7195551168337462,0.7455248474961915,0.27239293216771815,0.04313330028844575
reference_cuda,plus,277,44763000000,0.7985994125479288,0.41349258329890615,0.7985512454004711,0.4134536391040067,0.719724393095303,0.7454785087099175,0.7195551168337462,0.7455248474961915,0.26925807347563463,0.04339591724973957
reference_cuda,plus,278,44764000000,0.7986472235003945,0.4135312865996891,0.7985994125479288,0.41349258329890615,0.7197211648433213,0.7454780957592735,0.7195551168337462,0.7455248474961915,0.2657490198369983,0.04365537556310528
reference_cuda,plus,279,44765000000,0.7986946650703612,0.4135697351598367,0.7986472235003945,0.4135312865996891,0.7197176561382425,0.7454776844926068,0.7195551168337462,0.7455248474961915,0.2618880011340788,0.04391130369120333
reference_cuda,plus,280,44766000000,0.798741724811137,0.41360791591908314,0.7986946650703612,0.4135697351598367,0.7197138867376218,0.7454772751191001,0.7195551168337462,0.7455248474961915,0.25769930636213545,0.04416335248657788
reference_cuda,plus,281,44767000000,0.798788391091835,0.4136458166820155,0.798741724811137,0.41360791591908314,0.7197098782381065,0.7454768679727288,0.7195551168337462,0.7455248474961915,0.2532093658980802,0.0444111972975918
reference_cuda,plus,282,44768000000,0.7988346531661855,0.41368342619012466,0.798788391091835,0.4136458166820155,0.7197056536789644,0.7454764635525466,0.7195551168337462,0.7455248474961915,0.2484462096848039,0.044654539877285515
reference_cuda,plus,283,44769000000,0.7988805012276996,0.4137207341794755,0.7988346531661855,0.41368342619012466,0.7197012371859923,0.7454760626153922,0.7195551168337462,0.7455248474961915,0.2434389099315569,0.0448931098695482
reference_cuda,plus,284,44770000000,0.7989259264562618,0.41375773142926175,0.7988805012276996,0.4137207341794755,0.719696654035499,0.7454756661691103,0.7195551168337462,0.7455248474961915,0.238217671226388,0.04512666604756532
reference_cuda,plus,285,44771000000,0.7989709210589923,0.4137944098043088,0.7989259264562618,0.41375773142926175,0.7196919304989279,0.7454752755016342,0.7195551168337462,0.7455248474961915,0.2328136020853807,0.04535499739364468
reference_cuda,plus,286,44772000000,0.7990154783036266,0.4138307622896661,0.7989709210589923,0.4137944098043088,0.7196870936622541,0.7454748922123392,0.7195551168337462,0.7455248474961915,0.22725845176282577,0.04557792395979732
reference_cuda,plus,287,44773000000,0.7990595925454597,0.41386678301839513,0.7990154783036266,0.4138307622896661,0.7196821714758967,0.7454745183453888,0.7195551168337462,0.7455248474961915,0.22158450692455786,0.04579529754548162
reference_cuda,plus,288,44774000000,0.799103259250804,0.41390246729565366,0.7990595925454597,0.41386678301839513,0.7196771926912982,0.7454741563257611,0.7195551168337462,0.7455248474961915,0.21582459273532045,0.0460070022845116
reference_cuda,plus,289,44775000000,0.7991464750182775,0.413937811620486,0.799103259250804,0.41390246729565366,0.7196721864538037,0.7454738085915931,0.7195551168337462,0.7455248474961915,0.21001202371531985,0.04621295518003876
reference_cuda,plus,290,44776000000,0.7991892375923554,0.4139728136994687,0.7991464750182775,0.413937811620486,0.7196671816834664,0.7454734773814605,0.7195551168337462,0.7455248474961915,0.20418009629059428,0.046413106402411586
reference_cuda,plus,291,44777000000,0.7992315458616468,0.41400747244427616,0.7991892375923554,0.4139728136994687,0.7196622064476439,0.7454731646306474,0.7195551168337462,0.7455248474961915,0.19836143453581107,0.046607439118929506
reference_cuda,plus,292,44778000000,0.7992733998401896,0.4140417879513506,0.7992315458616468,0.41400747244427616,0.7196572875951586,0.7454728719734818,0.7195551168337462,0.7455248474961915,0.19258752944205307,0.04679596881510406
reference_cuda,plus,293,44779000000,0.7993148006312001,0.4140757614631261,0.7992733998401896,0.4140417879513506,0.7196524504528249,0.7454726008896085,0.7195551168337462,0.7455248474961915,0.18688817599664898,0.04697874209892916
reference_cuda,plus,294,44780000000,0.799355750376006,0.41410939531364216,0.7993148006312001,0.4140757614631261,0.719647718746694,0.7454723528325273,0.7195551168337462,0.7455248474961915,0.1812912125955442,0.047155835080531006
reference_cuda,plus,295,44781000000,0.7993962521952215,0.4141426928660182,0.799355750376006,0.41410939531364216,0.7196431145936358,0.7454721291898697,0.7195551168337462,0.7455248474961915,0.1758225582381016,0.04732735155261025
reference_cuda,plus,296,44782000000,0.7994363101230403,0.4141756584427257,0.7993962521952215,0.4141426928660182,0.7196386583779758,0.7454719313964534,0.7195551168337462,0.7455248474961915,0.17050591555856776,0.04749342098702414
reference_cuda,plus,297,44783000000,0.7994759290339903,0.4142082972479657,0.7994363101230403,0.4141756584427257,0.7196343687325902,0.7454717610547,0.7195551168337462,0.7455248474961915,0.16536259508677684,0.04765419632204271
reference_cuda,plus,298,44784000000,0.7995151145657867,0.4142406152860004,0.7994759290339903,0.4142082972479657,0.7196302627448149,0.7454716200908038,0.7195551168337462,0.7455248474961915,0.16041157568541517,0.047809851657746094
reference_cuda,plus,299,44785000000,0.7995538730397755,0.41427261927699666,0.7995151145657867,0.4142406152860004,0.7196263560174337,0.7454715108825238,0.7195551168337462,0.7455248474961915,0.15566941965974,0.04796057989722158
reference_cuda,plus,300,44786000000,0.7995922113799546,0.4143043165714284,0.7995538730397755,0.41427261927699666,0.7196226625256449,0.7454714360860066,0.7195551168337462,0.7455248474961915,0.15115030910409863,0.04810659036218112
reference_cuda,plus,301,44787000000,0.7996301370396115,0.4143357150725503,0.7995922113799546,0.4143043165714284,0.7196191948545495,0.7454713983526099,0.7195551168337462,0.7455248474961915,0.1468666950808322,0.0482481066707976
reference_cuda,plus,302,44788000000,0.7996676579335706,0.4143668231648243,0.7996301370396115,0.4143357150725503,0.7196159641144035,0.7454714003864645,0.7195551168337462,0.7455248474961915,0.14282911912841834,0.048385364788316565
reference_cuda,plus,303,44789000000,0.7997047823611799,0.41439764963270825,0.7996676579335706,0.4143668231648243,0.7196129795459141,0.745471445186015,0.7195551168337462,0.7455248474961915,0.1390454179241094,0.04851861077713693
reference_cuda,plus,304,44790000000,0.7997415189185884,0.4144282035682342,0.7997047823611799,0.41439764963270825,0.7196102482572299,0.7454715358377522,0.7195551168337462,0.7455248474961915,0.13552065174754332,0.04864809822345251
reference_cuda,plus,305,44791000000,0.7997778764082722,0.41445849427573644,0.7997415189185884,0.4144282035682342,0.719607775123734,0.7454716752783972,0.7195551168337462,0.7455248474961915,0.13225727587112637,0.04877408560290064
reference_cuda,plus,306,44792000000,0.799813863750354,0.41448853117851664,0.7997778764082722,0.41445849427573644,0.7196055625872927,0.7454718659829569,0.7195551168337462,0.7455248474961915,0.12925527914548426,0.048896833719624055
reference_cuda,plus,307,44793000000,0.799849489898694,0.41451832373059055,0.799813863750354,0.41448853117851664,0.7196036107188697,0.7454721098242728,0.7195551168337462,0.7455248474961915,0.1265124375035737,0.04901660330645541
reference_cuda,plus,308,44794000000,0.7998847637684607,0.41454788134055764,0.799849489898694,0.41451832373059055,0.7196019176862647,0.7454724080458944,0.7195551168337462,0.7455248474961915,0.12402493213406725,0.049133652991457666
reference_cuda,plus,309,44795000000,0.7999196941782123,0.414577213310765,0.7998847637684607,0.41454788134055764,0.7196004799376229,0.7454727611104751,0.7195551168337462,0.7455248474961915,0.12178776824201197,0.04924823771028741
reference_cuda,plus,310,44796000000,0.7999542898030715,0.41460632878820763,0.7999196941782123,0.414577213310765,0.71959929226031,0.7454731686234793,0.7195551168337462,0.7455248474961915,0.11979494410748544,0.049360607445123605
reference_cuda,plus,311,44797000000,0.7999885591331051,0.41463523672093633,0.7999542898030715,0.41460632878820763,0.719598347781548,0.7454736293740122,0.7195551168337462,0.7455248474961915,0.11803940109493913,0.04947100610129951
reference_cuda,plus,312,44798000000,0.8000225104296941,0.4146639458124028,0.7999885591331051,0.41463523672093633,0.719597637986467,0.7454741415971617,0.7195551168337462,0.7455248474961915,0.1165127186807452,0.04957967029940846
reference_cuda,plus,313,44799000000,0.8000561516695383,0.41469246446287206,0.8000225104296941,0.4146639458124028,0.7195971525702299,0.7454747034240302,0.7195551168337462,0.7455248474961915,0.11520436767406017,0.04968682776669198
reference_cuda,plus,314,44800000000,0.8000894904759619,0.41472080069751094,0.8000561516695383,0.41469246446287206,0.7195968793579993,0.7454753129379167,0.7195551168337462,0.7455248474961915,0.11410154021715416,0.04979269534078412
reference_cuda,plus,315,44801000000,0.8001225340443384,0.41474896208832934,0.8000894904759619,0.41472080069751094,0.7195968044660485,0.7454759683044833,0.7195551168337462,0.7455248474961915,0.11318918864715398,0.04989747681261747
reference_cuda,plus,316,44802000000,0.8001552890450838,0.4147769556526577,0.8001225340443384,0.41474896208832934,0.7195969121674493,0.745476668930311,0.7195551168337462,0.7455248474961915,0.11244841045442253,0.050001360068137046
reference_cuda,plus,317,44803000000,0.8001877614988929,0.41480478772253776,0.8001552890450838,0.4147769556526577,0.7195971848106557,0.7454774157807876,0.7195551168337462,0.7455248474961915,0.11185594959892674,0.050104513396064476
reference_cuda,plus,318,44804000000,0.8002199566534348,0.41483246381564426,0.8001877614988929,0.41480478772253776,0.7195976029740723,0.7454782104834016,0.7195551168337462,0.7455248474961915,0.11138551017117274,0.05020708191113954
reference_cuda,plus,319,44805000000,0.8002518788835811,0.4148599885309807,0.8002199566534348,0.41483246381564426,0.7195981456083211,0.745479054626659,0.7195551168337462,0.7455248474961915,0.11100881031573578,0.05030918475250701
reference_cuda,plus,320,44806000000,0.8002835316215388,0.4148873654760382,0.8002518788835811,0.4148599885309807,0.7195987902057529,0.7454799491158055,0.7195551168337462,0.7455248474961915,0.11069659920987558,0.05041091321345448
reference_cuda,plus,321,44807000000,0.8003149173180626,0.41491459722664437,0.8002835316215388,0.4148873654760382,0.719599513213716,0.745480893857896,0.7195551168337462,0.7455248474961915,0.110419567064513,0.05051232981054454
reference_cuda,plus,322,44808000000,0.8003460374300507,0.4149416853145565,0.8003149173180626,0.41491459722664437,0.7196002904095177,0.7454818876979784,0.7195551168337462,0.7455248474961915,0.11014889346166819,0.05061346812456691
reference_cuda,plus,323,44809000000,0.8003768924260397,0.41496863023386593,0.8003460374300507,0.4149416853145565,0.719601096972597,0.7454829283091112,0.7195551168337462,0.7455248474961915,0.10985647500086795,0.05071433314165574
reference_cuda,plus,324,44810000000,0.8004074817990838,0.4149954314551734,0.8003768924260397,0.41496863023386593,0.7196019073718152,0.7454840121988396,0.7195551168337462,0.7455248474961915,0.10951477638055088,0.05081490176954162
reference_cuda,plus,325,44811000000,0.8004378040795328,0.415022087439651,0.8004074817990838,0.4149954314551734,0.7196026954863566,0.7454851349777692,0.7195551168337462,0.7455248474961915,0.10909664581967225,0.050915123310346644
reference_cuda,plus,326,44812000000,0.800467856844502,0.4150485956496072,0.8004378040795328,0.415022087439651,0.7196034347993401,0.7454862916937441,0.7195551168337462,0.7455248474961915,0.10857513929307581,0.05101491980593664
reference_cuda,plus,327,44813000000,0.800497636723384,0.41507495255488935,0.800467856844502,0.4150485956496072,0.7196040984945631,0.7454874770267941,0.7195551168337462,0.7455248474961915,0.10792339763543606,0.05111418624906605
reference_cuda,plus,328,44814000000,0.8005271394026642,0.41510115363852323,0.800497636723384,0.41507495255488935,0.719604659794118,0.7454886855229306,0.7195551168337462,0.7455248474961915,0.1071147760013467,0.05121279076993801
reference_cuda,plus,329,44815000000,0.8005563596379185,0.4151271934098522,0.8005271394026642,0.41510115363852323,0.7196050923915376,0.7454899116223637,0.7195551168337462,0.7455248474961915,0.1061233494993246,0.051310575049058116
reference_cuda,plus,330,44816000000,0.8005852912723317,0.41515306542451363,0.8005563596379185,0.4151271934098522,0.7196053704806049,0.745491149708568,0.7195551168337462,0.7455248474961915,0.10492388757347265,0.05140735491974624
reference_cuda,plus,331,44817000000,0.800613927255273,0.41517876230447087,0.8005852912723317,0.41515306542451363,0.7196054688732549,0.7454923943807283,0.7195551168337462,0.7455248474961915,0.10349166058276987,0.05150292095328268
reference_cuda,plus,332,44818000000,0.8006422596628033,0.41520427576003077,0.800613927255273,0.41517876230447087,0.719605363165946,0.7454936404147355,0.7195551168337462,0.7455248474961915,0.10180269608101679,0.05159703909598079
reference_cuda,plus,333,44819000000,0.8006702797252706,0.4152295966192825,0.8006422596628033,0.41520427576003077,0.719605030076481,0.7454948828303656,0.7195551168337462,0.7455248474961915,0.09983411543701674,0.05168945152291826
reference_cuda,plus,334,44820000000,0.8006979778604864,0.41525471486336185,0.8006702797252706,0.4152295966192825,0.7196044477340916,0.7454961171772837,0.7195551168337462,0.7455248474961915,0.09756413870720358,0.05177987764929526
reference_cuda,plus,335,44821000000,0.8007253437105057,0.41527961966547355,0.8006979778604864,0.41525471486336185,0.7196035958406612,0.7454973396179208,0.7195551168337462,0.7455248474961915,0.09497218238174181,0.051868015238966336
reference_cuda,plus,336,44822000000,0.8007523661872548,0.4153042994391497,0.8007253437105057,0.41527961966547355,0.7196024559484735,0.7454985467906986,0.7195551168337462,0.7455248474961915,0.09203937731725102,0.05195354178039224
reference_cuda,plus,337,44823000000,0.8007790335386649,0.415328741907938,0.8007523661872548,0.4153042994391497,0.7196010117932218,0.7454997353270605,0.7195551168337462,0.7455248474961915,0.08874958852667884,0.052036116492161
reference_cuda,plus,338,44824000000,0.800805333437591,0.415352934198925,0.8007790335386649,0.415328741907938,0.7195992495298342,0.7455009016660238,0.7195551168337462,0.7455248474961915,0.0850899420379583,0.05211538300656571
reference_cuda,plus,339,44825000000,0.8008312530794739,0.41537686294539355,0.800805333437591,0.415352934198925,0.7195971576699275,0.7455020422872032,0.7195551168337462,0.7455248474961915,0.08105045621262709,0.05219097227086422
reference_cuda,plus,340,44826000000,0.8008567792772401,0.41540051438653836,0.8008312530794739,0.41537686294539355,0.7195947270329371,0.7455031538996586,0.7195551168337462,0.7455248474961915,0.07662374550003712,0.052262505321380104
reference_cuda,plus,341,44827000000,0.8008818985545909,0.4154238744654064,0.8008567792772401,0.41540051438653836,0.7195919508085155,0.7455042334167414,0.7195551168337462,0.7455248474961915,0.07180513082208483,0.05232959598879461
reference_cuda,plus,342,44828000000,0.8009065972443931,0.41544692893210944,0.8008818985545909,0.4154238744654064,0.7195888247770196,0.745505277882024,0.7195551168337462,0.7455248474961915,0.06659300884495967,0.052391853756375895
reference_cuda,plus,343,44829000000,0.8009308615998462,0.4154696634603249,0.8009065972443931,0.41544692893210944,0.7195853475484276,0.7455062842187153,0.7195551168337462,0.7455248474961915,0.06098946508137852,0.052448887006420364
reference_cuda,plus,344,44830000000,0.8009546779198693,0.4154920637786065,0.8009308615998462,0.4154696634603249,0.7195815206678632,0.7455072490674964,0.7195551168337462,0.7455248474961915,0.055000609946904484,0.0525003066857721
reference_cuda,plus,345,44831000000,0.8009780326831045,0.41551411581064285,0.8009546779198693,0.4154920637786065,0.7195773488452889,0.745508169007623,0.7195551168337462,0.7455248474961915,0.04863659104226907,0.05254573020440034
reference_cuda,plus,346,44832000000,0.8010009126783005,0.41553580581165434,0.8009780326831045,0.41551411581064285,0.7195728396460028,0.7455090407204474,0.7195551168337462,0.7455248474961915,0.04191100338584191,0.05258478518328502
reference_cuda,plus,347,44833000000,0.8010233051248078,0.4155571204943359,0.8010009126783005,0.41553580581165434,0.7195680030372275,0.7455098608028574,0.7195551168337462,0.7455248474961915,0.03484055711329985,0.052617112875879
reference_cuda,plus,348,44834000000,0.801045197786145,0.4155780471474545,0.8010233051248078,0.4155571204943359,0.7195628513191997,0.7455106257407943,0.7195551168337462,0.7455248474961915,0.027445025426475894,0.05264237137504324
reference_cuda,plus,349,44835000000,0.8010665790777353,0.4155985737482585,0.801045197786145,0.4155780471474545,0.719557398970348,0.7455113319310488,0.7195551168337462,0.7455248474961915,0.01974702450966818,0.05266023864282943
reference_cuda,plus,350,44836000000,0.8010874381655462,0.4156186890652761,0.8010665790777353,0.4155985737482585,0.7195516624506966,0.7455119758094989,0.7195551168337462,0.7455248474961915,0.01177160780435131,0.052670415258887715
reference_cuda,plus,351,44837000000,0.8011077650452416,0.4156383827406875,0.8010874381655462,0.4156186890652761,0.7195456599339479,0.745512554391093,0.7195551168337462,0.7455248474961915,0.003545256031223271,0.052672626565367864
reference_cuda,plus,352,44838000000,0.8011275505998372,0.4156576453501204,0.8011077650452416,0.4156383827406875,0.7195394112688378,0.7455130656060336,0.7195551168337462,0.7455248474961915,-0.004904591864980318,0.05266662416676127
reference_cuda,plus,353,44839000000,0.8011467866477576,0.41567646845234235,0.8011275505998372,0.4156576453501204,0.7195329379395453,0.7455135080885816,0.7195551168337462,0.7455248474961915,-0.013549325072676744,0.05265218717497078
reference_cuda,plus,354,44840000000,0.8011654659864833,0.41569484463429174,0.8011467866477576,0.41567646845234235,0.7195262626260878,0.7455138808631488,0.7195551168337462,0.7455248474961915,-0.02235931922389514,0.052629123347344375
reference_cuda,plus,355,44841000000,0.8011835824333546,0.4157127675531029,0.8011654659864833,0.41569484463429174,0.71951940892934,0.7455141830434029,0.7195551168337462,0.7455248474961915,-0.031303905501994564,0.05259727015928206
reference_cuda,plus,356,44842000000,0.801201130869363,0.41573023198119813,0.8011835824333546,0.4157127675531029,0.7195124016718247,0.74551441387355,0.7195551168337462,0.7455248474961915,-0.04035104806750673,0.05255649598817058
reference_cuda,plus,357,44843000000,0.801218107289969,0.4157472338586921,0.801201130869363,0.41573023198119813,0.7195052671362754,0.7455145727427787,0.7195551168337462,0.7455248474961915,-0.04946706603833278,0.05250670152523185
reference_cuda,plus,358,44844000000,0.8012345088531643,0.4157637703428894,0.801218107289969,0.4157472338586921,0.7194980326520188,0.7455146592514452,0.7195551168337462,0.7455248474961915,-0.05861723556926727,0.05244782108937329
reference_cuda,plus,359,44845000000,0.8012503339123733,0.4157798398419059,0.8012345088531643,0.4157637703428894,0.7194907262156539,0.745514673423464,0.7195551168337462,0.7455248474961915,-0.06776653185606091,0.052379823464605124
reference_cuda,plus,360,44846000000,0.8012655820324718,0.4157954420306197,0.8012503339123733,0.4157798398419059,0.7194833761995064,0.7455146157358076,0.7195551168337462,0.7455248474961915,-0.07688003276063068,0.05230271223032901
reference_cuda,plus,361,44847000000,0.8012802539979604,0.41581057785836034,0.8012655820324718,0.4157954420306197,0.7194760112835434,0.7455144869157164,0.7195551168337462,0.7455248474961915,-0.08592275274625731,0.05221652588173242
reference_cuda,plus,362,44848000000,0.8012943518160166,0.4158252495512501,0.8012802539979604,0.41581057785836034,0.7194686602462,0.7455142879243509,0.7195551168337462,0.7455248474961915,-0.09485988601331706,0.05212133781648731
reference_cuda,plus,363,44849000000,0.8013078787131678,0.41583946060786126,0.8012943518160166,0.4158252495512501,0.7194613519631352,0.7455140200945731,0.7195551168337462,0.7455248474961915,-0.10365698213768153,0.05201725614199404
reference_cuda,plus,364,44850000000,0.8013208391278428,0.41585321579056483,0.8013078787131678,0.41583946060786126,0.7194541154086955,0.745513685134118,0.7195551168337462,0.7455248474961915,-0.11227994981664273,0.051904423375617625
reference_cuda,plus,365,44851000000,0.8013332386991654,0.41586652111294076,0.8013208391278428,0.41585321579056483,0.7194469793493836,0.745513284938932,0.7195551168337462,0.7455248474961915,-0.12069520791525194,0.051783016043145835
reference_cuda,plus,366,44852000000,0.8013450842492799,0.4158793838204604,0.8013332386991654,0.41586652111294076,0.7194399719730853,0.7455128214517608,0.7195551168337462,0.7455248474961915,-0.12886997285246934,0.051653244089663986
reference_cuda,plus,367,44853000000,0.8013563837582114,0.41589181236336176,0.8013450842492799,0.4158793838204604,0.7194331206393867,0.7455122965709506,0.7195551168337462,0.7455248474961915,-0.13677245691414305,0.051515350073515265
reference_cuda,plus,368,44854000000,0.8013671463300034,0.41590381636045076,0.8013563837582114,0.41589181236336176,0.7194264517602689,0.745511712289449,0.7195551168337462,0.7455248474961915,-0.14437219070714039,0.05136960810750679
reference_cuda,plus,369,44855000000,0.8013773821384503,0.41591540654164255,0.8013671463300034,0.41590381636045076,0.7194199904028676,0.7455110711999724,0.7195551168337462,0.7455248474961915,-0.15164114939503928,0.051216322176600215
reference_cuda,plus,370,44856000000,0.8013871023481722,0.4159265946648174,0.8013773821384503,0.41591540654164255,0.7194137599651076,0.7455103766553812,0.7195551168337462,0.7455248474961915,-0.15855435636736137,0.05105582372510753
reference_cuda,plus,371,44857000000,0.8013963190157143,0.41593739341187164,0.8013871023481722,0.4159265946648174,0.7194077818555383,0.7455096327818571,0.7195551168337462,0.7455248474961915,-0.16509029718116175,0.05088846867172947
reference_cuda,plus,372,44858000000,0.8014050449794934,0.41594781627322386,0.8013963190157143,0.41593739341187164,0.7194020752229655,0.7455088441840904,0.7195551168337462,0.7455248474961915,-0.17123088630693525,0.050714634135943015
reference_cuda,plus,373,44859000000,0.8014132937467723,0.41595787742929863,0.8014050449794934,0.41594781627322386,0.7193966567661831,0.7455080156545703,0.7195551168337462,0.7455248474961915,-0.1769613388436854,0.050534715117777296
reference_cuda,plus,374,44860000000,0.8014210793827665,0.4159675916343351,0.8014132937467723,0.41595787742929863,0.7193915407365383,0.745507152004191,0.7195551168337462,0.7455248474961915,-0.18226995295751067,0.050349121276838105
reference_cuda,plus,375,44861000000,0.8014284164118729,0.4159769741129307,0.8014210793827665,0.4159675916343351,0.7193867393037848,0.7455062578013527,0.7195551168337462,0.7455248474961915,-0.18714732475896945,0.05015827411395435
reference_cuda,plus,376,44862000000,0.8014353197360963,0.41598604047460874,0.8014284164118729,0.4159769741129307,0.719382262983848,0.74550533738797,0.7195551168337462,0.7455248474961915,-0.191585831970738,0.04996260468863056
reference_cuda,plus,377,44863000000,0.8014418045603635,0.41599480663567473,0.8014353197360963,0.41598604047460874,0.7193781206644715,0.7455043951478448,0.7195551168337462,0.7455248474961915,-0.19557993477922364,0.049762551529170196
reference_cuda,plus,378,44864000000,0.8014478863154523,0.41600328873865966,0.8014418045603635,0.41599480663567473,0.71937431932412,0.7455034354043287,0.7195551168337462,0.7455248474961915,-0.1991263969092829,0.049558558450257806
reference_cuda,plus,379,44865000000,0.8014535805787152,0.4160115030695428,0.8014478863154523,0.41600328873865966,0.7193708639294425,0.7455024622930224,0.7195551168337462,0.7455248474961915,-0.20222425287306586,0.049351072303437604
reference_cuda,plus,380,44866000000,0.8014589030023688,0.4160194659829147,0.8014535805787152,0.4160115030695428,0.7193677577768439,0.7455014795869538,0.7195551168337462,0.7455248474961915,-0.20487416201141168,0.04914054097139342
reference_cuda,plus,381,44867000000,0.8014638692572212,0.416027193843285,0.8014589030023688,0.4160194659829147,0.7193650027408187,0.7455004904737629,0.7195551168337462,0.7455248474961915,-0.20707781945659592,0.048927411841532376
reference_cuda,plus,382,44868000000,0.801468494981708,0.4160347029720051,0.8014638692572212,0.416027193843285,0.7193625989169362,0.7454994975405015,0.7195551168337462,0.7455248474961915,-0.2088383819055219,0.048712130417072785
reference_cuda,plus,383,44869000000,0.8014727957284907,0.41604200959170534,0.801468494981708,0.4160347029720051,0.7193605445235954,0.7454985027602653,0.7195551168337462,0.7455248474961915,-0.21016057295588722,0.04849513883476675
reference_cuda,plus,384,44870000000,0.801476786912095,0.4160491297718549,0.8014727957284907,0.41604200959170534,0.7193588362300989,0.7454975076508153,0.7195551168337462,0.7455248474961915,-0.21105047135904217,0.048276874412351845
reference_cuda,plus,385,44871000000,0.8014804837467145,0.41605607936415284,0.801476786912095,0.4160491297718549,0.7193574688334493,0.7454965137073284,0.7195551168337462,0.7455248474961915,-0.21151645425141177,0.0480577678773102
reference_cuda,plus,386,44872000000,0.8014839011645497,0.41606287391771885,0.8014804837467145,0.41605607936415284,0.7193564348385292,0.7454955225045199,0.7195551168337462,0.7455248474961915,-0.21156984864252112,0.047838240996298964
reference_cuda,plus,387,44873000000,0.8014870537226441,0.4160695285823636,0.8014839011645497,0.41606287391771885,0.7193557243180431,0.7454945354735782,0.7195551168337462,0.7455248474961915,-0.21122482841974619,0.047618703879663826
reference_cuda,plus,388,44874000000,0.80148995550872,0.4160760580108944,0.8014870537226441,0.4160695285823636,0.7193553251302479,0.7454935539338522,0.7195551168337462,0.7455248474961915,-0.21049818315072066,0.047399552287771485
reference_cuda,plus,389,44875000000,0.801492620047588,0.41608247626211003,0.80148995550872,0.4160760580108944,0.7193552230680151,0.7454925792793886,0.7195551168337462,0.7455248474961915,-0.20940936608546315,0.047181164971078715
reference_cuda,plus,390,44876000000,0.8014950602042703,0.4160887967004756,0.801492620047588,0.41608247626211003,0.7193554018962011,0.7454916132027474,0.7195551168337462,0.7455248474961915,-0.20798072829895478,0.04696390091555713
reference_cuda,plus,391,44877000000,0.8014972880934516,0.41609503190243946,0.8014950602042703,0.4160887967004756,0.7193558436321055,0.7454906573691001,0.7195551168337462,0.7455248474961915,-0.2062367637469356,0.04674809680247449
reference_cuda,plus,392,44878000000,0.8014993150088137,0.4161011935835182,0.8014972880934516,0.41609503190243946,0.7193565288874508,0.74548971302383,0.7195551168337462,0.7455248474961915,-0.20420319455693134,0.04653406509370939
reference_cuda,plus,393,44879000000,0.8015011513739134,0.4161072925478538,0.8014993150088137,0.4161011935835182,0.7193574371584057,0.7454887808640903,0.7195551168337462,0.7455248474961915,-0.20190645039328253,0.04632209276431354
reference_cuda,plus,394,44880000000,0.8015028067053179,0.416113338650577,0.8015011513739134,0.4161072925478538,0.7193585469436772,0.7454878611828395,0.7195551168337462,0.7455248474961915,-0.1993737022499144,0.04611244037627671
reference_cuda,plus,395,44881000000,0.8015042895807222,0.4161193407653909,0.8015028067053179,0.416113338650577,0.7193598357729414,0.7454869538847186,0.7195551168337462,0.7455248474961915,-0.19663284807908304,0.045905341273396516
reference_cuda,plus,396,44882000000,0.8015056076136181,0.41612530675896536,0.8015042895807222,0.4161193407653909,0.7193612804332542,0.7454860584469618,0.7195551168337462,0.7455248474961915,-0.19371218256283934,0.045701000958160876
reference_cuda,plus,397,44883000000,0.8015067674312557,0.4161312434687969,0.8015056076136181,0.41612530675896536,0.7193628571043521,0.7454851741830841,0.7195551168337462,0.7455248474961915,-0.19064055827335077,0.04549959654951863
reference_cuda,plus,398,44884000000,0.8015077746550865,0.4161371566836402,0.8015067674312557,0.4161312434687969,0.7193645416914953,0.7454843004336887,0.7195551168337462,0.7455248474961915,-0.18744720914851642,0.04530127630258107
reference_cuda,plus,399,44885000000,0.8015086338882714,0.4161430511312924,0.8015077746550865,0.4161371566836402,0.7193663101062292,0.745483436560454,0.7195551168337462,0.7455248474961915,-0.18416139306208407,0.045106159338274665
reference_cuda,plus,400,44886000000,0.8015093487101104,0.41614893047356843,0.8015086338882714,0.4161430511312924,0.7193681381662268,0.7454825817690618,0.7195551168337462,0.7455248474961915,-0.18081229609271918,0.04491433557106461
reference_cuda,minus,1,44487000000,0.3987808570357976,0.7767190162401657,0.39873439143298206,0.7766285475545393,0.7195505546294345,0.7453355190995398,0.7195551168337462,0.7455248474961915,0.23079361879955837,0.00023283988900857366
reference_cuda,minus,2,44488000000,0.39882759217980684,0.7768095960982134,0.3987808570357976,0.7767190162401657,0.7195353786532722,0.7453283299319,0.7195551168337462,0.7455248474961915,0.22083047427650004,0.00045578937485402093
reference_cuda,minus,3,44489000000,0.39887460357200194,0.7769002932148575,0.39882759217980684,0.7768095960982134,0.71952007126785,0.7453210723529757,0.7195551168337462,0.7455248474961915,0.21078696490696555,0.0006686983260806301
reference_cuda,minus,4,44490000000,0.3989218954066112,0.77699111150263,0.39887460357200194,0.7769002932148575,0.7195046930699216,0.7453137578481873,0.7195551168337462,0.7455248474961915,0.2007244208928995,0.0008714820187947225
reference_cuda,minus,5,44491000000,0.3989694694268645,0.7770820527230947,0.3989218954066112,0.77699111150263,0.7194893065147179,0.7453064005019066,0.7195551168337462,0.7455248474961915,0.19070329062562244,0.0010641197273173475
reference_cuda,minus,6,44492000000,0.399017324982674,0.7771731165114947,0.3989694694268645,0.7770820527230947,0.7194739765336297,0.7452990174896053,0.7195551168337462,0.7455248474961915,0.18078329166618085,0.0012466534411146313
reference_cuda,minus,7,44493000000,0.3990654590890189,0.7772643004069126,0.399017324982674,0.7771731165114947,0.7194587702180508,0.7452916290694368,0.7195551168337462,0.7455248474961915,0.1710230205565849,0.001419186545433604
reference_cuda,minus,8,44494000000,0.39911386649426933,0.7773555998958365,0.3990654590890189,0.7772643004069126,0.71944375608087,0.7452842583334301,0.7195551168337462,0.7455248474961915,0.16147933497420117,0.001581882181568517
reference_cuda,minus,9,44495000000,0.3991625397664779,0.7774470084759483,0.39911386649426933,0.7773555998958365,0.7194290029400858,0.7452769307311339,0.7195551168337462,0.7455248474961915,0.1522065478392127,0.0017349610520227543
reference_cuda,minus,10,44496000000,0.39921146939611,0.777538517738184,0.3991625397664779,0.7774470084759483,0.7194145789714677,0.7452696733660209,0.7195551168337462,0.7455248474961915,0.1432561162518024,0.0018786987370731367
reference_cuda,minus,11,44497000000,0.3992606439121639,0.7776301174636794,0.39921146939611,0.777538517738184,0.7194005509397864,0.7452625145534203,0.7195551168337462,0.7455248474961915,0.134676227293959,0.002013422616983007
reference_cuda,minus,12,44498000000,0.3993100500117834,0.7777217957353486,0.3992606439121639,0.7776301174636794,0.7193869831805348,0.7452554831490099,0.7195551168337462,0.7455248474961915,0.12651135935432425,0.0021395083965387585
reference_cuda,minus,13,44499000000,0.3993596727021009,0.7778135390625742,0.3993100500117834,0.7777217957353486,0.719373936688495,0.7452486078838868,0.7195551168337462,0.7455248474961915,0.11880196944010317,0.0022573762709043876
reference_cuda,minus,14,44500000000,0.39940949545439164,0.7779053325188359,0.3993596727021009,0.7778135390625742,0.7193614682893725,0.7452419168748805,0.7195551168337462,0.7455248474961915,0.11158406618572259,0.00236748673017928
reference_cuda,minus,15,44501000000,0.3994595003649938,0.7779971598868589,0.39940949545439164,0.7779053325188359,0.7193496301923193,0.7452354371100386,0.7195551168337462,0.7455248474961915,0.10488929061511112,0.002470336176259025
reference_cuda,minus,16,44502000000,0.39950966831529283,0.7780890038038489,0.3994595003649938,0.7779971598868589,0.7193384697130983,0.7452291940117706,0.7195551168337462,0.7455248474961915,0.09874511405979848,0.0025664525809361294
reference_cuda,minus,17,44503000000,0.3995599791295674,0.7781808459055678,0.39950966831529283,0.7780890038038489,0.7193280290917659,0.7452232112638821,0.7195551168337462,0.7455248474961915,0.09317482530723252,0.002656391206812714
reference_cuda,minus,18,44504000000,0.3996104117309648,0.7782726669693655,0.3995599791295674,0.7781808459055678,0.7193183453081973,0.7452175105782033,0.7195551168337462,0.7455248474961915,0.08819759120427441,0.0027407303773827607
reference_cuda,minus,19,44505000000,0.3996609442981126,0.7783644470584263,0.3996104117309648,0.7782726669693655,0.7193094498253785,0.7452121115748374,0.7195551168337462,0.7455248474961915,0.08382828555384356,0.0028200672173284147
reference_cuda,minus,20,44506000000,0.3997115544256018,0.778456165670166,0.3996609442981126,0.7783644470584263,0.7193013684176938,0.7452070317680602,0.7195551168337462,0.7455248474961915,0.08007729257204682,0.002895013266766
reference_cuda,minus,21,44507000000,0.39976221928657546,0.7785478018870523,0.3997115544256018,0.778456165670166,0.7192941212849999,0.7452022866352707,0.7195551168337462,0.7455248474961915,0.07695056396477414,0.002966190032537952
reference_cuda,minus,22,44508000000,0.3998129157947983,0.7786393345273069,0.39976221928657546,0.7785478018870523,0.7192877233369638,0.745197889859671,0.7195551168337462,0.7455248474961915,0.07444967185815637,0.0030342245555345926
reference_cuda,minus,23,44509000000,0.3998636207663681,0.7787307422955753,0.3998129157947983,0.7786393345273069,0.7192821842501598,0.745193853415363,0.7195551168337462,0.7455248474961915,0.07257177476109448,0.00309974498640031
reference_cuda,minus,24,44510000000,0.39991431107491293,0.7788220039277771,0.3998636207663681,0.7787307422955753,0.7192775087938378,0.7451901874930429,0.7195551168337462,0.7455248474961915,0.07131011850764826,0.0031633763600495968
reference_cuda,minus,25,44511000000,0.3999649637926514,0.7789130983228999,0.39991431107491293,0.7788220039277771,0.719273697224836,0.7451869004405229,0.7195551168337462,0.7455248474961915,0.0706546050450352,0.0032257367922454705
reference_cuda,minus,26,44512000000,0.4000155563173471,0.7790040046617716,0.3999649637926514,0.7789130983228999,0.7192707455574985,0.7451839988009155,0.7195551168337462,0.7455248474961915,0.0705920828585061,0.003287434080107232
reference_cuda,minus,27,44513000000,0.4000660664969541,0.779094702523873,0.4000155563173471,0.7790040046617716,0.71926864555896,0.74518148766846,0.7195551168337462,0.7455248474961915,0.07110589706822573,0.003349062335473718
reference_cuda,minus,28,44514000000,0.40011647276390666,0.7791851720133858,0.4000660664969541,0.779094702523873,0.7192673846255516,0.7451793710089288,0.7195551168337462,0.7455248474961915,0.07217533512221645,0.0034111983033540128
reference_cuda,minus,29,44515000000,0.4001667542779098,0.7792753938933943,0.40011647276390666,0.7791851720133858,0.719266945666328,0.7451776515704126,0.7195551168337462,0.7455248474961915,0.07377559326989179,0.0034743974269417777
reference_cuda,minus,30,44516000000,0.4002168910693284,0.7793653497207548,0.4001667542779098,0.7792753938933943,0.7192673070096628,0.7451763306080903,0.7195551168337462,0.7455248474961915,0.07587800434461331,0.0035391899081673728
reference_cuda,minus,31,44517000000,0.40026686417848845,0.7794550219772197,0.4002168910693284,0.7793653497207548,0.719268442602968,0.7451754079309527,0.7195551168337462,0.7455248474961915,0.07845022956317294,0.003606076898563515
reference_cuda,minus,32,44518000000,0.4003166557931353,0.7795443941989216,0.40026686417848845,0.7794550219772197,0.7192703222168173,0.7451748821879514,0.7195551168337462,0.7455248474961915,0.08145615672213792,0.00367552674106264
reference_cuda,minus,33,44519000000,0.40036624938193827,0.7796334511022597,0.4003166557931353,0.7795443941989216,0.7192729117762233,0.7451747509535973,0.7195551168337462,0.7455248474961915,0.08485620808329201,0.003747971329886468
reference_cuda,minus,34,44520000000,0.4004156298081126,0.7797221786912057,0.40036624938193827,0.7796334511022597,0.7192761740755751,0.7451750104710748,0.7195551168337462,0.7455248474961915,0.08860855582749719,0.003823803077608545
reference_cuda,minus,35,44521000000,0.4004647834117923,0.779810564335311,0.4004156298081126,0.7797221786912057,0.7192800694017591,0.745175655443415,0.7195551168337462,0.7455248474961915,0.09267016274556755,0.003903372806206562
reference_cuda,minus,36,44522000000,0.4005136980665379,0.7798985968235322,0.4004647834117923,0.779810564335311,0.7192845558445407,0.7451766790407481,0.7195551168337462,0.7455248474961915,0.09699716214373179,0.003986988366477817
reference_cuda,minus,37,44523000000,0.40056236321794225,0.7799862664013424,0.4005136980665379,0.7798985968235322,0.7192895896726503,0.7451780730156109,0.7195551168337462,0.7455248474961915,0.10154518489309967,0.004074913741504815
reference_cuda,minus,38,44524000000,0.4006107699036061,0.7800735647904691,0.40056236321794225,0.7799862664013424,0.7192951261074934,0.7451798279550623,0.7195551168337462,0.7455248474961915,0.10627001237984346,0.004167368666031734
reference_cuda,minus,39,44525000000,0.4006589107607551,0.780160485197092,0.4006107699036061,0.7800735647904691,0.7193011196754296,0.7451819336763549,0.7195551168337462,0.7455248474961915,0.11112752347409174,0.004264528566437775
reference_cuda,minus,40,44526000000,0.4007067800320669,0.7802470223184396,0.4006589107607551,0.780160485197092,0.7193075242228694,0.7451843794334412,0.7195551168337462,0.7455248474961915,0.11607345658793354,0.004366524508753855
reference_cuda,minus,41,44527000000,0.4007543735691819,0.7803331723472823,0.4007067800320669,0.7802470223184396,0.7193142929495989,0.7451871537573445,0.7195551168337462,0.7455248474961915,0.12106365193937858,0.0044734431936035435
reference_cuda,minus,42,44528000000,0.400801688828852,0.7804189329695306,0.4007543735691819,0.7803331723472823,0.7193213786092041,0.7451902443984458,0.7195551168337462,0.7455248474961915,0.12605437509011438,0.004585327157627717
reference_cuda,minus,43,44529000000,0.4008487248563075,0.780504303349837,0.400801688828852,0.7804189329695306,0.7193287340185203,0.7451936384039354,0.7195551168337462,0.7455248474961915,0.13100285742679102,0.004702175343908266
reference_cuda,minus,44,44530000000,0.40089548225330823,0.7805892841027819,0.4008487248563075,0.780504303349837,0.7193363126779968,0.7451973223884152,0.7195551168337462,0.7455248474961915,0.1358677335573961,0.0048239441086082024
reference_cuda,minus,45,44531000000,0.40094196313694536,0.7806738772554018,0.40089548225330823,0.7805892841027819,0.7193440692631287,0.7452012830632363,0.7195551168337462,0.7455248474961915,0.14060899412626665,0.004950548467547833
reference_cuda,minus,46,44532000000,0.400988171090377,0.7807580862021505,0.40094196313694536,0.7806738772554018,0.7193519598798457,0.7452055072154256,0.7195551168337462,0.7455248474961915,0.14518833099918807,0.005081863557307997
reference_cuda,minus,47,44533000000,0.40103411110094034,0.7808419156479742,0.400988171090377,0.7807580862021505,0.7193599421275081,0.7452099813791984,0.7195551168337462,0.7455248474961915,0.149569625701729,0.005217726453793148
reference_cuda,minus,48,44534000000,0.40107978948325423,0.7809253715372696,0.40103411110094034,0.7808419156479742,0.7193679752631157,0.7452146916414719,0.7195551168337462,0.7455248474961915,0.1537193964806282,0.005357938413851571
reference_cuda,minus,49,44535000000,0.401125213783793,0.7810084609653678,0.40107978948325423,0.7809253715372696,0.7193760206814361,0.7452196235859935,0.7195551168337462,0.7455248474961915,0.1576074663870128,0.005502267644487802
reference_cuda,minus,50,44536000000,0.4011703926662145,0.7810911920718919,0.401125213783793,0.7810084609653678,0.7193840424454884,0.745224762440229,0.7195551168337462,0.7455248474961915,0.16120744065860582,0.0056504526110359166
reference_cuda,minus,51,44537000000,0.40121533578313057,0.7811735739213255,0.4011703926662145,0.7810911920718919,0.7193920077955954,0.7452300934763448,0.7195551168337462,0.7455248474961915,0.16449683981999183,0.005802205704782182
reference_cuda,minus,52,44538000000,0.4012600536341819,0.7812556163706499,0.40121533578313057,0.7811735739213255,0.7193998876551071,0.7452356020937833,0.7195551168337462,0.7455248474961915,0.16745762612334156,0.005957217284702665
reference_cuda,minus,53,44539000000,0.4013045574085408,0.7813373299222781,0.4012600536341819,0.7812556163706499,0.7194076568675595,0.7452412737154199,0.7195551168337462,0.7455248474961915,0.17007662736769297,0.0061151601493065755
reference_cuda,minus,54,44540000000,0.4013488588278212,0.7814187255772812,0.4013045574085408,0.7813373299222781,0.7194152937394835,0.7452470939661482,0.7195551168337462,0.7455248474961915,0.17234474128353144,0.006275693942200178
reference_cuda,minus,55,44541000000,0.4013929700105414,0.781499814708877,0.4013488588278212,0.7814187255772812,0.7194227793944907,0.7452530489715323,0.7195551168337462,0.7455248474961915,0.1742557547907726,0.00643846887038535
reference_cuda,minus,56,44542000000,0.40143690335799104,0.781580608956004,0.4013929700105414,0.781499814708877,0.7194300975168354,0.7452591253237958,0.7195551168337462,0.7455248474961915,0.1758060652475826,0.006603128787986634
reference_cuda,minus,57,44543000000,0.4014806714523377,0.7816611201282824,0.40143690335799104,0.781580608956004,0.7194372342111923,0.7452653100380087,0.7195551168337462,0.7455248474961915,0.17699455928036514,0.006769313939798849
reference_cuda,minus,58,44544000000,0.4015242869635274,0.7817413601191294,0.4014806714523377,0.7816611201282824,0.7194441778151501,0.7452715905413259,0.7195551168337462,0.7455248474961915,0.1778223915654776,0.0069366634631080615
reference_cuda,minus,59,44545000000,0.40156776255980436,0.7818213408221458,0.4015242869635274,0.7817413601191294,0.7194509188299499,0.7452779544936192,0.7195551168337462,0.7455248474961915,0.17829312196804573,0.00710481780404848
reference_cuda,minus,60,44546000000,0.4016111108188986,0.7819010740480289,0.40156776255980436,0.7818213408221458,0.7194574498079473,0.7452843896881385,0.7195551168337462,0.7455248474961915,0.17841269897325035,0.0072734211264560145
reference_cuda,minus,61,44547000000,0.4016543441400765,0.7819805714421836,0.4016111108188986,0.7819010740480289,0.7194637653935145,0.7452908841147426,0.7195551168337462,0.7455248474961915,0.1781894319562474,0.007442123701707715
reference_cuda,minus,62,44548000000,0.40169747465826555,0.7820598444042111,0.4016543441400765,0.7819805714421836,0.7194698624580547,0.7452974261835386,0.7195551168337462,0.7455248474961915,0.17763388091323967,0.0076105842387619305
reference_cuda,minus,63,44549000000,0.40174051416424084,0.7821389040130238,0.40169747465826555,0.7820598444042111,0.7194757400522961,0.7453040049424058,0.7195551168337462,0.7455248474961915,0.17675852590891594,0.007778472032782702
reference_cuda,minus,64,44550000000,0.40178347402950265,0.7822177609563079,0.40174051416424084,0.7821389040130238,0.7194813994131095,0.7453106100573472,0.7195551168337462,0.7455248474961915,0.17557780083887758,0.007945468983876935
reference_cuda,minus,65,44551000000,0.40182636512859127,0.7822964254574782,0.40178347402950265,0.7822177609563079,0.71948684411834,0.7453172317084851,0.7195551168337462,0.7455248474961915,0.17410841743372615,0.008111271707861079
reference_cuda,minus,66,44552000000,0.40186919775144553,0.7823749071931594,0.40182636512859127,0.7822964254574782,0.7194920804814529,0.7453238605904163,0.7195551168337462,0.7455248474961915,0.17236985852812944,0.008275593953868565
reference_cuda,minus,67,44553000000,0.40191198151264246,0.7824532152076329,0.40186919775144553,0.7823749071931594,0.7194971172800474,0.7453304879339666,0.7195551168337462,0.7455248474961915,0.17038401307928083,0.008438169099832749
reference_cuda,minus,68,44554000000,0.4019547252663108,0.7825313578326003,0.40191198151264246,0.7824532152076329,0.7195019654943442,0.7453371054917415,0.7195551168337462,0.7455248474961915,0.16817486884152383,0.008598752464365589
reference_cuda,minus,69,44555000000,0.40199743703143137,0.7826093426166795,0.4019547252663108,0.7825313578326003,0.7195066379972872,0.7453437055797074,0.7195551168337462,0.7455248474961915,0.1657680746122608,0.008757123305258574
reference_cuda,minus,70,44556000000,0.40204012393495875,0.7826871762716522,0.40199743703143137,0.7826093426166795,0.7195111489318068,0.7453502810801081,0.7195551168337462,0.7455248474961915,0.1631901599925161,0.008913086287464012
reference_cuda,minus,71,44557000000,0.4020827921766476,0.782764864639131,0.40204012393495875,0.7826871762716522,0.719515513279946,0.7453568255193227,0.7195551168337462,0.7455248474961915,0.16046790089643204,0.0090664723215923
reference_cuda,minus,72,44558000000,0.40212544700622616,0.7828424126688046,0.4020827921766476,0.782764864639131,0.7195197467096619,0.7453633328195753,0.7195551168337462,0.7455248474961915,0.15762843883006628,0.009217139075275327
reference_cuda,minus,73,44559000000,0.40216809270408,0.7829198243998995,0.40212544700622616,0.7828424126688046,0.7195238653515242,0.7453697970338276,0.7195551168337462,0.7455248474961915,0.1546993335192855,0.009364971415578793
reference_cuda,minus,74,44560000000,0.40221073257034473,0.7829971029505159,0.40216809270408,0.7829198243998995,0.7195278855087012,0.7453762124956279,0.7195551168337462,0.7455248474961915,0.15170801388317487,0.009509881614832238
reference_cuda,minus,75,44561000000,0.40225336892843105,0.7830742505205593,0.40221073257034473,0.7829971029505159,0.7195318233562381,0.745382573915324,0.7195551168337462,0.7455248474961915,0.14868128237646883,0.009651809140478917
reference_cuda,minus,76,44562000000,0.4022960031396599,0.7831512684051244,0.40225336892843105,0.7830742505205593,0.719535694670983,0.7453888761823525,0.7195551168337462,0.7455248474961915,0.14564522447517428,0.009790720142348164
reference_cuda,minus,77,44563000000,0.40233863562689615,0.7832281570163531,0.4022960031396599,0.7831512684051244,0.719539514543948,0.7453951143002147,0.7195551168337462,0.7455248474961915,0.14262493038829197,0.009926606697433726
reference_cuda,minus,78,44564000000,0.40238126590845164,0.7833049159149565,0.40233863562689615,0.7832281570163531,0.7195432970596243,0.7454012833217274,0.7195551168337462,0.7455248474961915,0.13964417501724188,0.010059485771023446
reference_cuda,minus,79,44565000000,0.40242389263790396,0.7833815438473132,0.40238126590845164,0.7833049159149565,0.7195470554842551,0.7454073784771277,0.7195551168337462,0.7455248474961915,0.13672549263798636,0.010189398031201335
reference_cuda,minus,80,44566000000,0.4024665136409819,0.7834580387797858,0.40242389263790396,0.7833815438473132,0.7195508026717437,0.7454133952761706,0.7195551168337462,0.7455248474961915,0.13389055590334348,0.010316406779224963
reference_cuda,minus,81,44567000000,0.4025091259538921,0.7835343979343842,0.4024665136409819,0.7834580387797858,0.719554550728148,0.7454193295057534,0.7195551168337462,0.7455248474961915,0.1311597592773018,0.010440596842158811
reference_cuda,minus,82,44568000000,0.4025517258739385,0.7836106178360744,0.4025091259538921,0.7835343979343842,0.7195583105223489,0.7454251772442273,0.7195551168337462,0.7455248474961915,0.12855158939296543,0.010562073098469682
reference_cuda,minus,83,44569000000,0.40259430902526944,0.7836866943744148,0.4025517258739385,0.7836106178360744,0.7195620914519534,0.7454309349361617,0.7195551168337462,0.7455248474961915,0.12608223865689624,0.010680958567604648
reference_cuda,minus,84,44570000000,0.4026368704305307,0.7837626228707866,0.40259430902526944,0.7836866943744148,0.7195659016858953,0.7454365994267241,0.7195551168337462,0.7455248474961915,0.12376586480104139,0.01079739235885313
reference_cuda,minus,85,44571000000,0.4026794045755979,0.7838383981390783,0.4026368704305307,0.7837626228707866,0.7195697484533707,0.7454421677954574,0.7195551168337462,0.7455248474961915,0.12161515902197297,0.0109115278594345
reference_cuda,minus,86,44572000000,0.4027219054660364,0.7839140145385641,0.4026794045755979,0.7838383981390783,0.7195736379556575,0.7454476371950541,0.7195551168337462,0.7455248474961915,0.11964143687920653,0.011023531176903134
reference_cuda,minus,87,44573000000,0.40276436668210525,0.7839894660254377,0.4027219054660364,0.7839140145385641,0.7195775751735127,0.7454530048086428,0.7195551168337462,0.7455248474961915,0.1178544507371899,0.011133579617336409
reference_cuda,minus,88,44574000000,0.40280678144934046,0.7840647462191319,0.40276436668210525,0.7839894660254377,0.7195815634157666,0.7454582682945082,0.7195551168337462,0.7455248474961915,0.11626126994034734,0.011241859680694688
reference_cuda,minus,89,44575000000,0.40284914273584466,0.7841398484939672,0.40280678144934046,0.7840647462191319,0.7195856040876479,0.7454634262576245,0.7195551168337462,0.7455248474961915,0.11486540197049447,0.01134856426534725
reference_cuda,minus,90,44576000000,0.40289144336145344,0.7842147660820694,0.40284914273584466,0.7841398484939672,0.7195896966684535,0.7454684778635059,0.7195551168337462,0.7455248474961915,0.11366724672108523,0.011453889567746955
reference_cuda,minus,91,44577000000,0.4029336761024611,0.7842894921720776,0.40289144336145344,0.7842147660820694,0.7195938385828957,0.7454734223553771,0.7195551168337462,0.7455248474961915,0.11266453884942071,0.011558032159570075
reference_cuda,minus,92,44578000000,0.40297583378548163,0.7843640199975994,0.4029336761024611,0.7842894921720776,0.7195980253790545,0.7454782588741037,0.7195551168337462,0.7455248474961915,0.11185279503184525,0.01166118640901459
reference_cuda,minus,93,44579000000,0.40301790936197535,0.7844383429074177,0.40297583378548163,0.7843640199975994,0.7196022513389021,0.745482986357228,0.7195551168337462,0.7455248474961915,0.1112262029108646,0.011763542488893108
reference_cuda,minus,94,44580000000,0.40305989596070646,0.7845124544148769,0.40301790936197535,0.7844383429074177,0.7196065098337362,0.7454876034482321,0.7195551168337462,0.7455248474961915,0.11077817862058043,0.011865285027909067
reference_cuda,minus,95,44581000000,0.40310178692921184,0.784586348236931,0.40305989596070646,0.7845124544148769,0.7196107930620684,0.7454921083779457,0.7195551168337462,0.7455248474961915,0.11050118758782258,0.011966592052289116
reference_cuda,minus,96,44582000000,0.4031435758746305,0.78466001833269,0.40310178692921184,0.784586348236931,0.7196150920340495,0.7454964991002964,0.7195551168337462,0.7455248474961915,0.11038655558364036,0.012067633913261488
reference_cuda,minus,97,44583000000,0.40318525671106853,0.7847334589482169,0.4031435758746305,0.78466001833269,0.7196193967416111,0.7455007737980688,0.7195551168337462,0.7455248474961915,0.11042404953018924,0.012168571999154665
reference_cuda,minus,98,44584000000,0.4032268237212237,0.7848066646748756,0.40318525671106853,0.7847334589482169,0.7196236960252939,0.7455049312663067,0.7195551168337462,0.7455248474961915,0.11060123223629847,0.012269557013325993
reference_cuda,minus,99,44585000000,0.40326827164759177,0.7848796305357403,0.4032268237212237,0.7848066646748756,0.719627977378474,0.7455089718671406,0.7195551168337462,0.7455248474961915,0.11090202501643018,0.012370726365389828
reference_cuda,minus,100,44586000000,0.40330959580367376,0.7849523520909774,0.40326827164759177,0.7848796305357403,0.7196322272847706,0.7455128976587901,0.7195551168337462,0.7455248474961915,0.11130696827815965,0.01247220101274138
reference_cuda,minus,101,44587000000,0.4033507921678324,0.7850248255268136,0.40330959580367376,0.7849523520909774,0.7196364316570083,0.7455167114001318,0.7195551168337462,0.7455248474961915,0.11179501385467215,0.012574082890580485
reference_cuda,minus,102,44588000000,0.4033918574525517,0.7850970477211711,0.4033507921678324,0.7850248255268136,0.7196405755968822,0.7455204160921404,0.7195551168337462,0.7455248474961915,0.1123437978479338,0.012676453082633543
reference_cuda,minus,103,44589000000,0.4034327891654594,0.7851690163015741,0.4033918574525517,0.7850970477211711,0.719644643059868,0.7455240148640638,0.7195551168337462,0.7455248474961915,0.11292936436096919,0.012779370205237228
reference_cuda,minus,104,44590000000,0.40347358566188013,0.785240729695137,0.4034327891654594,0.7851690163015741,0.7196486168176539,0.7455275104872894,0.7195551168337462,0.7455248474961915,0.11352672606237933,0.0128828690295677
reference_cuda,minus,105,44591000000,0.4035142461828101,0.7853121871647822,0.40347358566188013,0.785240729695137,0.7196524784551349,0.745530904970743,0.7195551168337462,0.7455248474961915,0.11411036600479016,0.012986959526870123
reference_cuda,minus,106,44592000000,0.40355477087741987,0.7853833888308743,0.4035142461828101,0.7853121871647822,0.7196562084855082,0.7455341993379995,0.7195551168337462,0.7455248474961915,0.11465465990340304,0.013091626353741503
reference_cuda,minus,107,44593000000,0.40359516080532587,0.7854543356737196,0.40355477087741987,0.7853833888308743,0.719659786993054,0.7455373936260548,0.7195551168337462,0.7455248474961915,0.11513468066627998,0.013196828920314374
reference_cuda,minus,108,44594000000,0.40363541792080276,0.7855250295189982,0.40359516080532587,0.7854543356737196,0.7196631940519205,0.7455404871014083,0.7195551168337462,0.7455248474961915,0.11552645150634466,0.01330250195999838
reference_cuda,minus,109,44595000000,0.40367554505215714,0.7855954730186634,0.40363541792080276,0.7855250295189982,0.7196664097200621,0.7455434785396559,0.7195551168337462,0.7455248474961915,0.11580658887817595,0.013408556195372512
reference_cuda,minus,110,44596000000,0.4037155458837188,0.7856656696343639,0.40367554505215714,0.7855954730186634,0.7196694141249659,0.7455463664321461,0.7195551168337462,0.7455248474961915,0.11595215116843449,0.013514878894767435
reference_cuda,minus,111,44597000000,0.4037554249410202,0.78573562362392,0.4037155458837188,0.7856656696343639,0.7196721874667606,0.7455491490638181,0.7195551168337462,0.7455248474961915,0.11594054506638254,0.01362133431993584
reference_cuda,minus,112,44598000000,0.403795187581745,0.7858053400332702,0.4037554249410202,0.78573562362392,0.7196747099750828,0.7455518247096529,0.7195551168337462,0.7455248474961915,0.11574922593112572,0.013727763992108066
reference_cuda,minus,113,44599000000,0.4038348399917484,0.7858748246932229,0.403795187581745,0.7858053400332702,0.7196769619507781,0.7455543917049609,0.7195551168337462,0.7455248474961915,0.1153556617284355,0.013833986808577947
reference_cuda,minus,114,44600000000,0.40387438917926705,0.785944084214484,0.4038348399917484,0.7858748246932229,0.7196789240035326,0.7455568484347714,0.7195551168337462,0.7455248474961915,0.11473764277975705,0.01393979922266908
reference_cuda,minus,115,44601000000,0.40391384295773947,0.7860131259718672,0.40387438917926705,0.785944084214484,0.7196805776146661,0.7455591933958706,0.7195551168337462,0.7455248474961915,0.11387390697713105,0.014044975770929113
reference_cuda,minus,116,44602000000,0.4039532099132205,0.7860819580738581,0.40391384295773947,0.7860131259718672,0.7196819056347742,0.745561425338551,0.7195551168337462,0.7455248474961915,0.11274458403907031,0.014149270050751284
reference_cuda,minus,117,44603000000,0.4039924993626882,0.786150589323546,0.4039532099132205,0.7860819580738581,0.7196828925717983,0.7455635435970474,0.7195551168337462,0.7455248474961915,0.11133114225282052,0.014252415941143681
reference_cuda,minus,118,44604000000,0.40403172131033066,0.7862190291776489,0.4039924993626882,0.786150589323546,0.719683524660556,0.7455655482409352,0.7195551168337462,0.7455248474961915,0.10961628592033744,0.014354128857121395
reference_cuda,minus,119,44605000000,0.4040708864007659,0.7862872877026177,0.40403172131033066,0.7862190291776489,0.719683789889581,0.745567439924651,0.7195551168337462,0.7455248474961915,0.10758417670615629,0.014454107082798373
reference_cuda,minus,120,44606000000,0.404110005861666,0.7863553755206754,0.4040708864007659,0.7862872877026177,0.7196836784177669,0.7455692198490764,0.7195551168337462,0.7455248474961915,0.10522100212402041,0.01455203341492961
reference_cuda,minus,121,44607000000,0.40414909142929706,0.7864233037395959,0.404110005861666,0.7863553755206754,0.7196831832294557,0.745570889916245,0.7195551168337462,0.7455248474961915,0.10251560084678207,0.014647577304657489
reference_cuda,minus,122,44608000000,0.40418815526204177,0.7864910838710458,0.40414909142929706,0.7864233037395959,0.7196823003418249,0.7455724529359234,0.7195551168337462,0.7455248474961915,0.09945946403261476,0.014740397324658261
reference_cuda,minus,123,44609000000,0.40422720984547866,0.7865587277408866,0.40418815526204177,0.7864910838710458,0.7196810286467219,0.7455739122572025,0.7195551168337462,0.7455248474961915,0.09604699852565077,0.014830143859626332
reference_cuda,minus,124,44610000000,0.40426626788830894,0.786626247390761,0.40422720984547866,0.7865587277408866,0.7196793696834551,0.7455752713333282,0.7195551168337462,0.7455248474961915,0.09227578741649427,0.014916462045221124
reference_cuda,minus,125,44611000000,0.40430534221422515,0.7866936549757757,0.40426626788830894,0.786626247390761,0.7196773273584711,0.7455765335597269,0.7195551168337462,0.7455248474961915,0.08814644305272133,0.014998994799128695
reference_cuda,minus,126,44612000000,0.40434444565415173,0.786760962662491,0.40430534221422515,0.7866936549757757,0.7196749080512923,0.7455777024429822,0.7195551168337462,0.7455248474961915,0.08366252927808117,0.015077385819495248
reference_cuda,minus,127,44613000000,0.40438359093834575,0.786828182526723,0.40434444565415173,0.786760962662491,0.7196721206337122,0.7455787815785043,0.7195551168337462,0.7455248474961915,0.07883061443371076,0.015151282575885716
reference_cuda,minus,128,44614000000,0.4044227905867469,0.7868953264496198,0.40438359093834575,0.786828182526723,0.7196689763151971,0.7455797744283819,0.7195551168337462,0.7455248474961915,0.0736603569495098,0.015220339345091816
reference_cuda,minus,129,44615000000,0.40446205680268316,0.7869624060168391,0.4044227905867469,0.7868953264496198,0.719665488335961,0.7455806843129666,0.7195551168337462,0.7455248474961915,0.0681641334705329,0.015284220133111148
reference_cuda,minus,130,44616000000,0.4045014013741856,0.7870294324249112,0.40446205680268316,0.7869624060168391,0.7196616717335501,0.7455815143843666,0.7195551168337462,0.7455248474961915,0.06235678135268988,0.015342601363897757
reference_cuda,minus,131,44617000000,0.40454083558112697,0.787096416393056,0.4045014013741856,0.7870294324249112,0.7196575434544833,0.7455822677884058,0.7195551168337462,0.7455248474961915,0.056255536725618,0.015395174400055112
reference_cuda,minus,132,44618000000,0.4045803701065229,0.7871633680788838,0.40454083558112697,0.787096416393056,0.7196531224319805,0.7455829478257393,0.7195551168337462,0.7455248474961915,0.04987993107082882,0.015441647946261128
reference_cuda,minus,133,44619000000,0.40462001494509536,0.7872302969914188,0.4045803701065229,0.7871633680788838,0.7196484297568534,0.7455835578014716,0.7195551168337462,0.7455248474961915,0.043252193380360966,0.015481750547564843
reference_cuda,minus,134,44620000000,0.40465977930971386,0.7872972119020362,0.40462001494509536,0.7872302969914188,0.719643488566993,0.7455841010490838,0.7195551168337462,0.7455248474961915,0.03639708253011372,0.015515233148903462
reference_cuda,minus,135,44621000000,0.4046996715439311,0.7873641207611306,0.40465977930971386,0.7872972119020362,0.7196383237970442,0.7455845810202929,0.7195551168337462,0.7455248474961915,0.029341462179578053,0.015541871462289691
reference_cuda,minus,136,44622000000,0.4047396990447912,0.7874310306245149,0.4046996715439311,0.7873641207611306,0.7196329619436187,0.7455850013222702,0.7195551168337462,0.7455248474961915,0.022113960549509953,0.015561468029460457
reference_cuda,minus,137,44623000000,0.40477986820003864,0.7874979475934452,0.4047396990447912,0.7874310306245149,0.719627430636271,0.7455853657504087,0.7195551168337462,0.7455248474961915,0.0147443926458375,0.015573853861269527
reference_cuda,minus,138,44624000000,0.4048201843424973,0.7875648767709396,0.40477986820003864,0.7874979475934452,0.7196217581955068,0.7455856782557274,0.7195551168337462,0.7455248474961915,0.007263247671934616,0.015578889582627653
reference_cuda,minus,139,44625000000,0.4048606517199246,0.7876318222327499,0.4048201843424973,0.7875648767709396,0.7196159733343953,0.7455859429127509,0.7195551168337462,0.7455248474961915,-0.0002986448874921111,0.015576466143983225
reference_cuda,minus,140,44626000000,0.40490127347903243,0.7876987870117609,0.4048606517199246,0.7876318222327499,0.7196101049645554,0.7455861640373986,0.7195551168337462,0.7455248474961915,-0.007910506397295868,0.015566505140526488
reference_cuda,minus,141,44627000000,0.40494205166148484,0.7877657730937382,0.40490127347903243,0.7876987870117609,0.719604182109897,0.7455863462789153,0.7195551168337462,0.7455248474961915,-0.015541833161170672,0.01554895880605045
reference_cuda,minus,142,44628000000,0.4049829872035458,0.7878327814165154,0.40494205166148484,0.7877657730937382,0.719598234105872,0.7455864946234124,0.7195551168337462,0.7455248474961915,-0.02316215318466063,0.015523809934677502
reference_cuda,minus,143,44629000000,0.40502407993572737,0.7878998118691423,0.4049829872035458,0.7878327814165154,0.7195922908645154,0.7455866146728554,0.7195551168337462,0.7455248474961915,-0.03074104501749955,0.015491071824413893
reference_cuda,minus,144,44630000000,0.4050653285763182,0.7879668632852141,0.40502407993572737,0.7878998118691423,0.7195863830420054,0.7455867124136826,0.7195551168337462,0.7455248474961915,-0.038247640489798444,0.015450788422867845
reference_cuda,minus,145,44631000000,0.4051067307159377,0.7880339334276247,0.4050653285763182,0.7879668632852141,0.7195805418357829,0.7455867938491987,0.7195551168337462,0.7455248474961915,-0.04565042020040478,0.01540303474484972
reference_cuda,minus,146,44632000000,0.405148282801236,0.7881010189725317,0.4051067307159377,0.7880339334276247,0.7195747984917394,0.7455868647660758,0.7195551168337462,0.7455248474961915,-0.05291753895525566,0.015347917301937741
reference_cuda,minus,147,44633000000,0.4051899801238331,0.7881681154983172,0.405148282801236,0.7881010189725317,0.7195691839788207,0.7455869305883661,0.7195551168337462,0.7455248474961915,-0.06001705116974964,0.015285574369897859
reference_cuda,minus,148,44634000000,0.40523181681468406,0.7882352174797299,0.4051899801238331,0.7881681154983172,0.7195637286564771,0.745586996136774,0.7195551168337462,0.7455248474961915,-0.06691702659198351,0.015216176098704182
reference_cuda,minus,149,44635000000,0.40527378584176554,0.7883023182851736,0.40523181681468406,0.7882352174797299,0.7195584620948914,0.7455870654600016,0.7195551168337462,0.7455248474961915,-0.07358556492435821,0.015139924534082638
reference_cuda,minus,150,44636000000,0.4053158790175741,0.7883694101833565,0.40527378584176554,0.7883023182851736,0.7195534127514035,0.7455871420179987,0.7195551168337462,0.7455248474961915,-0.07999142966621117,0.015057053347248939
reference_cuda,minus,151,44637000000,0.405358087029534,0.7884364843717305,0.4053158790175741,0.7883694101833565,0.7195486073395084,0.7455872288947089,0.7195551168337462,0.7455248474961915,-0.08610510255072079,0.014967826885992963
reference_cuda,minus,152,44638000000,0.4054003994958026,0.7885035310291513,0.405358087029534,0.7884364843717305,0.7195440702165967,0.7455873286548288,0.7195551168337462,0.7455248474961915,-0.09189936916101313,0.014872538497343157
reference_cuda,minus,153,44639000000,0.40544280504361596,0.7885705393899927,0.4054003994958026,0.7885035310291513,0.7195398229967518,0.7455874434160369,0.7195551168337462,0.7455248474961915,-0.09734989211675878,0.01477150822091744
reference_cuda,minus,154,44640000000,0.4054852914099596,0.7886374978395035,0.40544280504361596,0.7885705393899927,0.719535884385706,0.7455875751980664,0.7195551168337462,0.7455248474961915,-0.10243585218308306,0.014665079862197672
reference_cuda,minus,155,44641000000,0.40552784555433724,0.7887043940207058,0.4054852914099596,0.7886374978395035,0.719532270248289,0.7455877258486736,0.7195551168337462,0.7455248474961915,-0.1071397699056649,0.01455361776254449
reference_cuda,minus,156,44642000000,0.40557045376334494,0.7887712149334817,0.40552784555433724,0.7887043940207058,0.7195289940753581,0.7455878967795043,0.7195551168337462,0.7455248474961915,-0.11144659055821976,0.01443750386997067
reference_cuda,minus,157,44643000000,0.4056131017394516,0.7888379470186071,0.40557045376334494,0.7887712149334817,0.719526067194614,0.7455880888397154,0.7195551168337462,0.7455248474961915,-0.11534326132349396,0.014317135302377437
reference_cuda,minus,158,44644000000,0.4056557746791503,0.7889045762317144,0.4056131017394516,0.7888379470186071,0.7195234988619124,0.7455883023352845,0.7195551168337462,0.7455248474961915,-0.11881863986360756,0.014192922219280035
reference_cuda,minus,159,44645000000,0.4056984573454341,0.7889710881118934,0.4056557746791503,0.7889045762317144,0.7195212965361849,0.7455885372572132,0.7195551168337462,0.7455248474961915,-0.12186343453262614,0.014065285851046383
reference_cuda,minus,160,44646000000,0.4057411341413554,0.7890374678513903,0.4056984573454341,0.7889710881118934,0.7195194659356644,0.745588793572495,0.7195551168337462,0.7455248474961915,-0.12447049629001747,0.01393465648095571
reference_cuda,minus,161,44647000000,0.40578378918312163,0.7891037003649193,0.4057411341413554,0.7890374678513903,0.7195180110179512,0.7455890710075769,0.7195551168337462,0.7455248474961915,-0.12663457185814236,0.013801471443287028
reference_cuda,minus,162,44648000000,0.40582640636369555,0.7891697703499583,0.40578378918312163,0.7891037003649193,0.7195169342184373,0.7455893688408732,0.7195551168337462,0.7455248474961915,-0.12835174565518748,0.013666173411564841
reference_cuda,minus,163,44649000000,0.40586896940101586,0.7892356623324143,0.40582640636369555,0.7891697703499583,0.7195162368627813,0.7455896858800726,0.7195551168337462,0.7455248474961915,-0.12961889538239432,0.013529209142461696
reference_cuda,minus,164,44650000000,0.4059114618872553,0.7893013607133045,0.40586896940101586,0.7892356623324143,0.7195159187402462,0.7455900207449274,0.7195551168337462,0.7455248474961915,-0.13043457761667143,0.013391028153307616
reference_cuda,minus,165,44651000000,0.40595386735731626,0.7893668498338426,0.4059114618872553,0.7893013607133045,0.7195159776786467,0.7455903721615712,0.7195551168337462,0.7455248474961915,-0.13079992592400969,0.013252080805358446
reference_cuda,minus,166,44652000000,0.40599616937258626,0.7894321140551269,0.40595386735731626,0.7893668498338426,0.7195164093844495,0.7455907388323089,0.7195551168337462,0.7455248474961915,-0.13071868769108788,0.013112815950307777
reference_cuda,minus,167,44653000000,0.4060383516082228,0.7894971378411948,0.40599616937258626,0.7894321140551269,0.7195172074173085,0.7455911192331327,0.7195551168337462,0.7455248474961915,-0.13019700303678042,0.012973678503641395
reference_cuda,minus,168,44654000000,0.4060803979357054,0.7895619058375827,0.4060383516082228,0.7894971378411948,0.7195183634084117,0.7455915115564771,0.7195551168337462,0.7455248474961915,-0.12924306086399012,0.012835107180279692
reference_cuda,minus,169,44655000000,0.4061222925037569,0.7896264029483344,0.4060803979357054,0.7895619058375827,0.719519867103366,0.7455919139305242,0.7195551168337462,0.7455248474961915,-0.1278673197841648,0.01269753228015702
reference_cuda,minus,170,44656000000,0.40616401982446426,0.7896906144180276,0.4061222925037569,0.7896264029483344,0.7195217063313342,0.745592324631406,0.7195551168337462,0.7455248474961915,-0.12608281252866302,0.012561373314724733
reference_cuda,minus,171,44657000000,0.40620556486884574,0.7897545259228385,0.40616401982446426,0.7896906144180276,0.7195238667326782,0.7455927421098361,0.7195551168337462,0.7455248474961915,-0.12390552045212096,0.012427036355120435
reference_cuda,minus,172,44658000000,0.4062469131770469,0.7898181236756232,0.40620556486884574,0.7897545259228385,0.7195263315626057,0.745593165269355,0.7195551168337462,0.7455248474961915,-0.12135496764697536,0.012294910952732607
reference_cuda,minus,173,44659000000,0.4062880509798063,0.7898813945417789,0.4062469131770469,0.7898181236756232,0.719529081710094,0.745593593518073,0.7195551168337462,0.7455248474961915,-0.11845426337610479,0.012165366750537032
reference_cuda,minus,174,44660000000,0.40632896531423124,0.7899443261497241,0.4062880509798063,0.7898813945417789,0.7195320959569441,0.7455940263743361,0.7195551168337462,0.7455248474961915,-0.11522928731179788,0.012038750301911705
reference_cuda,minus,175,44661000000,0.40636964412054205,0.7900069069832398,0.40632896531423124,0.7899443261497241,0.7195353513990412,0.7455944632521317,0.7195551168337462,0.7455248474961915,-0.11170789654871006,0.011915382475109482
reference_cuda,minus,176,44662000000,0.4064100763201516,0.790069126456039,0.40636964412054205,0.7900069069832398,0.7195388237862201,0.7455949035058712,0.7195551168337462,0.7455248474961915,-0.10791955816422794,0.011795556400755913
reference_cuda,minus,177,44663000000,0.40645025187812794,0.7901309749715121,0.4064100763201516,0.790069126456039,0.7195424878543749,0.745595346443726,0.7195551168337462,0.7455248474961915,-0.10389495197279804,0.011679535859400403
reference_cuda,minus,178,44664000000,0.40649016185334563,0.7901924439707994,0.40645025187812794,0.7901309749715121,0.7195463173825831,0.7455957912166463,0.7195551168337462,0.7455248474961915,-0.0996657612903299,0.011567554006262526
reference_cuda,minus,179,44665000000,0.40652979843750464,0.7902535259702959,0.40649016185334563,0.7901924439707994,0.7195502855040113,0.7455962368633059,0.7195551168337462,0.7455248474961915,-0.09526434119050228,0.011459812401511726
reference_cuda,minus,180,44666000000,0.4065691549830717,0.7903142145886496,0.40652979843750464,0.7902535259702959,0.7195543649261275,0.7455966822999313,0.7195551168337462,0.7455248474961915,-0.09072343095012354,0.011356480346222497
reference_cuda,minus,181,44667000000,0.40660822602110336,0.7903745045641497,0.4065691549830717,0.7903142145886496,0.7195585280196769,0.7455971262161136,0.7195551168337462,0.7455248474961915,-0.08607591275235657,0.01125769449365066
reference_cuda,minus,182,44668000000,0.4066470072675489,0.790434391761164,0.40660822602110336,0.7903745045641497,0.7195627471240883,0.7455975670548436,0.7195551168337462,0.7455248474961915,-0.0813544049492425,0.01116355878210129
reference_cuda,minus,183,44669000000,0.40668549562703377,0.7904938731742049,0.4066470072675489,0.790434391761164,0.7195669945577464,0.7455980033636437,0.7195551168337462,0.7455248474961915,-0.07659168768739925,0.01107414440761545
reference_cuda,minus,184,44670000000,0.406723689205109,0.7905529469401312,0.40668549562703377,0.7904938731742049,0.719571242573329,0.7455984341323888,0.7195551168337462,0.7455248474961915,-0.07182118050438559,0.010989489519147355
reference_cuda,minus,185,44671000000,0.40676158732619627,0.7906116123558219,0.406723689205109,0.7905529469401312,0.7195754635075247,0.7455988588628193,0.7195551168337462,0.7455248474961915,-0.06707684164018063,0.010909598744461846
reference_cuda,minus,186,44672000000,0.4067991905476811,0.7906698698921952,0.40676158732619627,0.7906116123558219,0.7195796301642486,0.745599277635115,0.7195551168337462,0.7455248474961915,-0.06239277174104769,0.010834442840206293
reference_cuda,minus,187,44673000000,0.40683650066336857,0.7907277211980611,0.4067991905476811,0.7906698698921952,0.7195837162924299,0.7455996912274996,0.7195551168337462,0.7455248474961915,-0.057802765530306756,0.010763958660191975
reference_cuda,minus,188,44674000000,0.4068735206919954,0.7907851690897246,0.40683650066336857,0.7907277211980611,0.7195876967526622,0.7456001008546127,0.7195551168337462,0.7455248474961915,-0.05333977579410892,0.010698049558641287
reference_cuda,minus,189,44675000000,0.4069102548492549,0.7908422175248436,0.4068735206919954,0.7907851690897246,0.7195915476253925,0.7456005079037519,0.7195551168337462,0.7455248474961915,-0.049035447741665746,0.010636586263387926
reference_cuda,minus,190,44676000000,0.40694670850070574,0.7908988715580473,0.4069102548492549,0.7908422175248436,0.7195952465177614,0.7456009137162809,0.7195551168337462,0.7455248474961915,-0.04491946154609992,0.010579408291789605
reference_cuda,minus,191,44677000000,0.40698288809024696,0.7909551372732129,0.40694670850070574,0.7908988715580473,0.7195987729484568,0.7456013192857907,0.7195551168337462,0.7455248474961915,-0.04101867337069529,0.01052632606416637
reference_cuda,minus,192,44678000000,0.4070188010484649,0.7910110216965148,0.40698288809024696,0.7909551372732129,0.7196021083634622,0.7456017250795884,0.7195551168337462,0.7455248474961915,-0.03735687197313963,0.010477123567795843
reference_cuda,minus,193,44679000000,0.40705445568903,0.791066532698049,0.4070188010484649,0.7910110216965148,0.7196052361990569,0.7456021310034866,0.7195551168337462,0.7455248474961915,-0.03395465550657927,0.010431561326385008
reference_cuda,minus,194,44680000000,0.4070898610948052,0.7911216788836192,0.40705445568903,0.791066532698049,0.7196081420371853,0.7456025363052332,0.7195551168337462,0.7455248474961915,-0.030829116313635666,0.010389379637217644
reference_cuda,minus,195,44681000000,0.4071250269958928,0.7911764694787892,0.4070898610948052,0.7911216788836192,0.7196108136303153,0.7456029395346957,0.7195551168337462,0.7455248474961915,-0.027993759915605734,0.010350302013279133
reference_cuda,minus,196,44682000000,0.40715996364316914,0.791230914208585,0.4071250269958928,0.7911764694787892,0.719613240973658,0.7456033385971665,0.7195551168337462,0.7455248474961915,-0.02545848131874987,0.010314038728040487
reference_cuda,minus,197,44683000000,0.40719468168338385,0.7912850231786349,0.40715996364316914,0.791230914208585,0.7196154164475893,0.7456037311302279,0.7195551168337462,0.7455248474961915,-0.02322985810020094,0.010280290286317495
reference_cuda,minus,198,44684000000,0.4072291920476597,0.7913388067690761,0.40719468168338385,0.7912850231786349,0.7196173350033714,0.7456041153401468,0.7195551168337462,0.7455248474961915,-0.021311963845930332,0.010248750471163248
reference_cuda,minus,199,44685000000,0.40726350584979193,0.7913922755377798,0.4072291920476597,0.7913388067690761,0.7196189941744657,0.7456044898962343,0.7195551168337462,0.7455248474961915,-0.01970622211813958,0.010219109107396207
reference_cuda,minus,200,44686000000,0.4072976342809434,0.7914454401200444,0.40726350584979193,0.7913922755377798,0.7196203941537607,0.7456048536275889,0.7195551168337462,0.7455248474961915,-0.01841093101973604,0.010191054950922762
reference_cuda,minus,201,44687000000,0.40733158849679035,0.7914983111209807,0.4072976342809434,0.7914454401200444,0.719621538016317,0.7456052056065477,0.7195551168337462,0.7455248474961915,-0.017421089235203056,0.010164278803529214
reference_cuda,minus,202,44688000000,0.40736537950141066,0.7915508990047039,0.40733158849679035,0.7914983111209807,0.7196224316626892,0.7456055451619981,0.7195551168337462,0.7455248474961915,-0.016728483661121563,0.010138476711830435
reference_cuda,minus,203,44689000000,0.4073990180310883,0.7916032139833895,0.40736537950141066,0.7915508990047039,0.7196230836659678,0.7456058717627685,0.7195551168337462,0.7455248474961915,-0.016321734969177895,0.010113353157180427
reference_cuda,minus,204,44690000000,0.4074325144401133,0.7916552659081636,0.4073990180310883,0.7916032139833895,0.7196235052790426,0.7456061851308775,0.7195551168337462,0.7455248474961915,-0.016186430191865477,0.010088624177683414
reference_cuda,minus,205,44691000000,0.4074658785936744,0.7917070641667138,0.4074325144401133,0.7916552659081636,0.7196237100014782,0.7456064851315477,0.7195551168337462,0.7455248474961915,-0.01630552672780608,0.010064020272352536
reference_cuda,minus,206,44692000000,0.40749911977669034,0.791758617596087,0.4074658785936744,0.7917070641667138,0.719623712865718,0.7456067716623686,0.7195551168337462,0.7455248474961915,-0.016660106100537763,0.010039288826874326
reference_cuda,minus,207,44693000000,0.40753224663646903,0.7918099344277926,0.40749911977669034,0.791758617596087,0.719623529974,0.7456070454938205,0.7195551168337462,0.7455248474961915,-0.017231003504910823,0.010014195533472048
reference_cuda,minus,208,44694000000,0.407565267167276,0.7918610222729765,0.40753224663646903,0.7918099344277926,0.7196231782142919,0.7456073089112963,0.7195551168337462,0.7455248474961915,-0.017999965438722405,0.009988524598952608
reference_cuda,minus,209,44695000000,0.40759818871002806,0.7919118881220145,0.407565267167276,0.7918610222729765,0.7196226752039713,0.7456075649782212,0.7195551168337462,0.7455248474961915,-0.01894879903899615,0.009962078589609291
reference_cuda,minus,210,44696000000,0.4076310179375434,0.7919625383301873,0.40759818871002806,0.7919118881220145,0.7196220393222551,0.7456078167139899,0.7195551168337462,0.7455248474961915,-0.020058304008525468,0.009934678775437078
reference_cuda,minus,211,44697000000,0.40766376081681766,0.7920129785812822,0.4076310179375434,0.7919625383301873,0.7196212898216433,0.7456080666515171,0.7195551168337462,0.7455248474961915,-0.02130758029862199,0.009906166178808462
reference_cuda,minus,212,44698000000,0.4076964225584761,0.792063213838877,0.40766376081681766,0.7920129785812822,0.7196204466950472,0.7456083168065079,0.7195551168337462,0.7455248474961915,-0.022674155838180672,0.009876402982825994
reference_cuda,minus,213,44699000000,0.40772900756427793,0.7921132482957733,0.4076964225584761,0.792063213838877,0.7196195304436397,0.7456085685726653,0.7195551168337462,0.7455248474961915,-0.02413414579472627,0.009845273972729274
reference_cuda,minus,214,44700000000,0.40776151937000743,0.7921630853189848,0.40772900756427793,0.7921132482957733,0.7196185621501155,0.7456088224873925,0.7195551168337462,0.7455248474961915,-0.025661868213928216,0.009812688109377632
reference_cuda,minus,215,44701000000,0.40779396058220685,0.7922127273888115,0.40776151937000743,0.7921630853189848,0.7196175635408268,0.7456090782228789,0.7195551168337462,0.7455248474961915,-0.027229755306784856,0.009778580276957882
reference_cuda,minus,216,44702000000,0.40782633281485037,0.7922621760378239,0.40779396058220685,0.7922127273888115,0.7196165568958952,0.7456093346873978,0.7195551168337462,0.7455248474961915,-0.02880859252503516,0.009742913017930732
reference_cuda,minus,217,44703000000,0.40785863663490557,0.7923114317983309,0.40782633281485037,0.7922621760378239,0.7196155648816295,0.74560959028705,0.7195551168337462,0.7455248474961915,-0.030368055297473866,0.00970567799078026
reference_cuda,minus,218,44704000000,0.40789087152017167,0.7923604941615947,0.40785863663490557,0.7923114317983309,0.7196146104209777,0.7456098430672494,0.7195551168337462,0.7455248474961915,-0.0318770478825151,0.009666897066040292
reference_cuda,minus,219,44705000000,0.40792303583516126,0.7924093615543014,0.40789087152017167,0.7923604941615947,0.7196137161137203,0.7456100907678295,0.7195551168337462,0.7455248474961915,-0.033304497020051525,0.009626622893648573
reference_cuda,minus,220,44706000000,0.40795512683197493,0.7924580313389479,0.40792303583516126,0.7924093615543014,0.7196129037846918,0.7456103310598259,0.7195551168337462,0.7455248474961915,-0.03462021258674106,0.00958493874614419
reference_cuda,minus,221,44707000000,0.4079871406723041,0.7925064998344636,0.40795512683197493,0.7924580313389479,0.7196121942058115,0.7456105615154394,0.7195551168337462,0.7455248474961915,-0.03579519743606937,0.009541957774814591
reference_cuda,minus,222,44708000000,0.40801907246227614,0.792554762349107,0.4079871406723041,0.7925064998344636,0.7196116068758848,0.7456107794895082,0.7195551168337462,0.7455248474961915,-0.03680177437440391,0.009497821930438022
reference_cuda,minus,223,44709000000,0.40805091629922635,0.7926028132247803,0.40801907246227614,0.792554762349107,0.719611159803364,0.7456109822345043,0.7195551168337462,0.7455248474961915,-0.037614001287507644,0.009452700564025918
reference_cuda,minus,224,44710000000,0.4080826653368299,0.7926506458989184,0.40805091629922635,0.7926028132247803,0.7196108692998967,0.745611167299769,0.7195551168337462,0.7455248474961915,-0.038208428025944624,0.0094067885083291
reference_cuda,minus,225,44711000000,0.4081143118677497,0.7926982529832115,0.4080826653368299,0.7926506458989184,0.7196107498877098,0.7456113326699583,0.7195551168337462,0.7455248474961915,-0.038564385014517436,0.009360303676146486
reference_cuda,minus,226,44712000000,0.4081458474181738,0.7927456263537247,0.4081143118677497,0.7926982529832115,0.7196108142841013,0.7456114768882955,0.7195551168337462,0.7455248474961915,-0.038664156495690834,0.009313484348041356
reference_cuda,minus,227,44713000000,0.4081772628481333,0.792792757246587,0.4081458474181738,0.7927456263537247,0.7196110734676285,0.7456115990788744,0.7195551168337462,0.7455248474961915,-0.038492925504665786,0.009266586328067206
reference_cuda,minus,228,44714000000,0.40820854845215193,0.7928396363540122,0.4081772628481333,0.792792757246587,0.7196115365263177,0.7456116986815803,0.7195551168337462,0.7455248474961915,-0.03803863213572257,0.009219880121094093
reference_cuda,minus,229,44715000000,0.4082396940545532,0.7928862539152429,0.40820854845215193,0.7928396363540122,0.7196122106927493,0.7456117752049066,0.7195551168337462,0.7455248474961915,-0.037291620648249514,0.00917364829183498
reference_cuda,minus,230,44716000000,0.40827068909731373,0.7929325998003784,0.4082396940545532,0.7928862539152429,0.7196131014918675,0.7456118282096829,0.7195551168337462,0.7455248474961915,-0.03624443435476234,0.009128183054514238
reference_cuda,minus,231,44717000000,0.40830152272215603,0.7929786635887195,0.40827068909731373,0.7929325998003784,0.7196142128108599,0.7456118572995353,0.7195551168337462,0.7455248474961915,-0.034891716393806504,0.00908378403187271
reference_cuda,minus,232,44718000000,0.4083321838464166,0.7930244346412029,0.40830152272215603,0.7929786635887195,0.7196155469788275,0.7456118620070933,0.7195551168337462,0.7455248474961915,-0.03322996801525777,0.009040756197492783
reference_cuda,minus,233,44719000000,0.4083626612376824,0.7930699021716952,0.4083321838464166,0.7930244346412029,0.7196171046310763,0.7456118418502684,0.7195551168337462,0.7455248474961915,-0.03125778871852915,0.008999407843248264
reference_cuda,minus,234,44720000000,0.4083929435976166,0.7931150553271634,0.4083626612376824,0.7930699021716952,0.7196188844456651,0.745611796541521,0.7195551168337462,0.7455248474961915,-0.028976467360933116,0.008960048262025566
reference_cuda,minus,235,44721000000,0.40842301965689043,0.7931598832785515,0.4083929435976166,0.7931150553271634,0.7196208831119054,0.7456117261188966,0.7195551168337462,0.7455248474961915,-0.026390185621773997,0.00892298510845535
reference_cuda,minus,236,44722000000,0.4084528782787991,0.7932043753200544,0.40842301965689043,0.7931598832785515,0.7196230953370445,0.7456116311106261,0.7195551168337462,0.7455248474961915,-0.02350621574237492,0.008888521517491199
reference_cuda,minus,237,44723000000,0.40848250856595497,0.7932485209713743,0.4084528782787991,0.7932043753200544,0.7196255138771298,0.7456115124375895,0.7195551168337462,0.7455248474961915,-0.02033476040383218,0.008856953155031988
reference_cuda,minus,238,44724000000,0.4085118999545801,0.7932923100681303,0.40848250856595497,0.7932485209713743,0.7196281299532905,0.7456113710704452,0.7195551168337462,0.7455248474961915,-0.01688800416570517,0.008828565663776544
reference_cuda,minus,239,44725000000,0.408541042286834,0.7933357328312177,0.4085118999545801,0.7932923100681303,0.7196309337581283,0.7456112079574808,0.7195551168337462,0.7455248474961915,-0.013179390611066405,0.008803632765165048
reference_cuda,minus,240,44726000000,0.4085699258677194,0.7933787799213957,0.408541042286834,0.7933357328312177,0.7196339146165888,0.7456110241321681,0.7195551168337462,0.7455248474961915,-0.009223555954959934,0.008782414792278814
reference_cuda,minus,241,44727000000,0.4085985415183491,0.7934214424904601,0.4085699258677194,0.7933787799213957,0.7196370609102654,0.7456108208292761,0.7195551168337462,0.7455248474961915,-0.005036569003240863,0.008765157295840709
reference_cuda,minus,242,44728000000,0.40862688062838737,0.7934637122316807,0.4085985415183491,0.7934214424904601,0.7196403600439965,0.7456105993829313,0.7195551168337462,0.7455248474961915,-0.0006358456084295157,0.008752089656638873
reference_cuda,minus,243,44729000000,0.40865493520469254,0.7935055814266486,0.40862688062838737,0.7934637122316807,0.7196437984944262,0.7456103611163272,0.7195551168337462,0.7455248474961915,0.003960049852409309,0.008743423802940242
reference_cuda,minus,244,44730000000,0.40868269792345435,0.7935470429955044,0.40865493520469254,0.7935055814266486,0.719647361432892,0.7456101073741086,0.7195551168337462,0.7455248474961915,0.008730892661994458,0.00873935280694127
reference_cuda,minus,245,44731000000,0.4087101621928777,0.7935880905573618,0.40868269792345435,0.7935470429955044,0.7196510324288518,0.7456098395372165,0.7195551168337462,0.7455248474961915,0.01365440865704865,0.008740049160252283
reference_cuda,minus,246,44732000000,0.40873732222204323,0.7936287184967055,0.4087101621928777,0.7935880905573618,0.7196547934905003,0.7456095589978446,0.7195551168337462,0.7455248474961915,0.018706356597226196,0.008745662877942095
reference_cuda,minus,247,44733000000,0.4087641730884945,0.7936689220286063,0.40873732222204323,0.7936287184967055,0.7196586252023665,0.7456092671101835,0.7195551168337462,0.7455248474961915,0.023860762152370197,0.008756319655134348
reference_cuda,minus,248,44734000000,0.408790710801858,0.793708697260157,0.4087641730884945,0.7936689220286063,0.7196625066930996,0.7456089650597577,0.7195551168337462,0.7455248474961915,0.02909004150231485,0.008772119147181456
reference_cuda,minus,249,44735000000,0.4088169323671586,0.7937480412516608,0.408790710801858,0.793708697260157,0.7196664154803681,0.7456086538456611,0.7195551168337462,0.7455248474961915,0.03436483032038092,0.008793133253135466
reference_cuda,minus,250,44736000000,0.40884283584397724,0.7937869520738807,0.4088169323671586,0.7937480412516608,0.7196703276956999,0.7456083341765409,0.7195551168337462,0.7455248474961915,0.03965439556885649,0.008819404526065
reference_cuda,minus,251,44737000000,0.40886842039082477,0.7938254288511236,0.40884283584397724,0.7937869520738807,0.7196742185664908,0.745608006358525,0.7195551168337462,0.7455248474961915,0.044927378828247905,0.008850945026637191
reference_cuda,minus,252,44738000000,0.40889368629663775,0.7938634717919772,0.40886842039082477,0.7938254288511236,0.7196780626340918,0.7456076704550423,0.7195551168337462,0.7455248474961915,0.05015186986726709,0.00888773554035538
reference_cuda,minus,253,44739000000,0.4089186350029829,0.7939010822111683,0.40889368629663775,0.7938634717919772,0.719681834200543,0.7456073265225466,0.7195551168337462,0.7455248474961915,0.05529567108455271,0.00892972504766476
reference_cuda,minus,254,44740000000,0.4089432691138957,0.7939382625395752,0.4089186350029829,0.7939010822111683,0.719685507648219,0.7456069745438657,0.7195551168337462,0.7455248474961915,0.060326780929427275,0.008976830544213499
reference_cuda,minus,255,44741000000,0.4089675924005348,0.7939750163292759,0.4089432691138957,0.7939382625395752,0.7196890574049534,0.7456066146264443,0.7195551168337462,0.7455248474961915,0.06521310301629107,0.00902893698406615
reference_cuda,minus,256,44742000000,0.4089916098039634,0.7940113482568513,0.4089675924005348,0.7939750163292759,0.719692458055642,0.7456062469935743,0.7195551168337462,0.7455248474961915,0.06992259692729842,0.00908589725926845
reference_cuda,minus,257,44743000000,0.40901532742977886,0.7940472641188548,0.4089916098039634,0.7940113482568513,0.7196956847394465,0.7456058720180945,0.7195551168337462,0.7455248474961915,0.07442373268233712,0.0091475324140049
reference_cuda,minus,258,44744000000,0.4090387525355073,0.794082770820342,0.40901532742977886,0.7940472641188548,0.7196987132942004,0.7456054903552859,0.7195551168337462,0.7455248474961915,0.07868550507951598,0.00921363205588932
reference_cuda,minus,259,44745000000,0.40906189350981015,0.7941178763555371,0.4090387525355073,0.794082770820342,0.7197015205324545,0.7456051029117441,0.7195551168337462,0.7455248474961915,0.08267781731806409,0.009283954995964905
reference_cuda,minus,260,44746000000,0.40908475983532905,0.7941525897727593,0.40906189350981015,0.7941178763555371,0.7197040845418445,0.7456047105460047,0.7195551168337462,0.7455248474961915,0.08637222997336383,0.009358230364199471
reference_cuda,minus,261,44747000000,0.4091073620417735,0.7941869211299446,0.40908475983532905,0.7941525897727593,0.7197063844797195,0.745604314044236,0.7195551168337462,0.7455248474961915,0.08974173398627093,0.009436158980406617
reference_cuda,minus,262,44748000000,0.409129711656253,0.794220881447524,0.4091073620417735,0.7941869211299446,0.7197084007610915,0.7456039142766437,0.7195551168337462,0.7455248474961915,0.09276078920286517,0.009517414778599687
reference_cuda,minus,263,44749000000,0.4091518211429236,0.7942544826510081,0.409129711656253,0.794220881447524,0.7197101155540763,0.7456035121427987,0.7195551168337462,0.7455248474961915,0.09540601075961426,0.009601646538214936
reference_cuda,minus,264,44750000000,0.40917370383165247,0.7942877375029623,0.4091518211429236,0.7942544826510081,0.7197115129875189,0.7456031087172201,0.7195551168337462,0.7455248474961915,0.09765624545460033,0.009688479919191195
reference_cuda,minus,265,44751000000,0.40919537384195753,0.7943206595304004,0.40917370383165247,0.7942877375029623,0.7197125791452965,0.7456027052709246,0.7195551168337462,0.7455248474961915,0.09949253652473004,0.009777519609258434
reference_cuda,minus,266,44752000000,0.4092168460007059,0.7943532629461514,0.40919537384195753,0.7943206595304004,0.7197133020469523,0.7456023029803402,0.7195551168337462,0.7455248474961915,0.10089846201763386,0.009868351639852335
reference_cuda,minus,267,44753000000,0.4092381357497735,0.7943855625604904,0.4092168460007059,0.7943532629461514,0.7197136717985817,0.7456019027971093,0.7195551168337462,0.7455248474961915,0.1018604849284539,0.009960545985478575
reference_cuda,minus,268,44754000000,0.40925925904100385,0.7944175736805078,0.4092381357497735,0.7943855625604904,0.7197136807351155,0.7456015052417452,0.7195551168337462,0.7455248474961915,0.10236838786858615,0.010053659521844338
reference_cuda,minus,269,44755000000,0.4092802322244869,0.794449312002957,0.40925925904100385,0.7944175736805078,0.7197133234065808,0.7456011105159848,0.7195551168337462,0.7455248474961915,0.10241511479688979,0.010147239151535814
reference_cuda,minus,270,44756000000,0.40930107193641707,0.7944807935066519,0.4092802322244869,0.794449312002957,0.7197125966605138,0.7456007186559712,0.7195551168337462,0.7455248474961915,0.10199668214208067,0.01024082491653644
reference_cuda,minus,271,44757000000,0.4093217949826595,0.7945120343406591,0.40930107193641707,0.7944807935066519,0.7197114998729648,0.7456003294819519,0.7195551168337462,0.7455248474961915,0.10111253012519027,0.010333953228354176
reference_cuda,minus,272,44758000000,0.4093424182142948,0.7945430507046826,0.4093217949826595,0.7945120343406591,0.7197100350919348,0.745599942540096,0.7195551168337462,0.7455248474961915,0.09976577482901795,0.01042616032501087
reference_cuda,minus,273,44759000000,0.4093629583945511,0.7945738587210575,0.4093424182142948,0.7945430507046826,0.7197082073581338,0.7455995572252206,0.7195551168337462,0.7455248474961915,0.09796345611696063,0.010516985969104553
reference_cuda,minus,274,44760000000,0.40938343206496625,0.7946044743059196,0.4093629583945511,0.7945738587210575,0.7197060249531256,0.7455991733228015,0.7195551168337462,0.7455248474961915,0.09571617123197729,0.010605977141892708
reference_cuda,minus,275,44761000000,0.4094038554252478,0.7946349130534873,0.40938343206496625,0.7946044743059196,0.7197034988213243,0.7455987911146934,0.7195551168337462,0.7455248474961915,0.09303722147184137,0.010692691305393964
reference_cuda,minus,276,44762000000,0.4094242442294198,0.7946651901359719,0.4094038554252478,0.7946349130534873,0.7197006419718881,0.7455984110304715,0.7195551168337462,0.7455248474961915,0.08994230162572951,0.010776699185072403
reference_cuda,minus,277,44763000000,0.409444613691313,0.7946953202124066,0.4094242442294198,0.7946651901359719,0.7196974693278719,0.7455980335218071,0.7195551168337462,0.7455248474961915,0.08644946967833653,0.010857587295362237
reference_cuda,minus,278,44764000000,0.4094649783930972,0.7947253173403249,0.409444613691313,0.7946953202124066,0.7196939977709313,0.7455976590472269,0.7195551168337462,0.7455248474961915,0.08257922299401303,0.010934960396753013
reference_cuda,minus,279,44765000000,0.40948535219500665,0.7947551948885003,0.4094649783930972,0.7947253173403249,0.7196902460800774,0.7455972880407647,0.7195551168337462,0.7455248474961915,0.0783544622376755,0.011008443929171108
reference_cuda,minus,280,44766000000,0.4095057481492635,0.7947849654536635,0.40948535219500665,0.7947551948885003,0.7196862347242338,0.7455969209077391,0.7195551168337462,0.7455248474961915,0.07380023862540354,0.01107768632525108
reference_cuda,minus,281,44767000000,0.4095261784191935,0.7948146407821616,0.4095057481492635,0.7947849654536635,0.7196819858079727,0.7455965580573151,0.7195551168337462,0.7455248474961915,0.06894364648342863,0.011142361176098348
reference_cuda,minus,282,44768000000,0.40954665420770653,0.7948442317005924,0.4095261784191935,0.7948146407821616,0.7196775227640603,0.7455961999829549,0.7195551168337462,0.7455248474961915,0.06381333933978371,0.01120216912363503
reference_cuda,minus,283,44769000000,0.4095671857001296,0.7948737480602233,0.40954665420770653,0.7948442317005924,0.7196728700801536,0.7455958473929074,0.7195551168337462,0.7455248474961915,0.058439025879310345,0.011256839336937219
reference_cuda,minus,284,44770000000,0.4095877820192415,0.7949031986931461,0.4095671857001296,0.7948737480602233,0.7196680531991979,0.7455955012511267,0.7195551168337462,0.7455248474961915,0.052851294648727586,0.01130613064941599
reference_cuda,minus,285,44771000000,0.40960845119016326,0.7949325913778845,0.4095877820192415,0.7949031986931461,0.7196630982337415,0.7455951626995898,0.7195551168337462,0.7455248474961915,0.04708135416472656,0.011349832428209083
reference_cuda,minus,286,44772000000,0.4096292001124808,0.794961932811961,0.40960845119016326,0.7949325913778845,0.719658032007012,0.7455948331601725,0.7195551168337462,0.7455248474961915,0.04116095675624341,0.011387765253743964
reference_cuda,minus,287,44773000000,0.4096500345396788,0.794991228591469,0.4096292001124808,0.794961932811961,0.7196528821249804,0.7455945146256574,0.7195551168337462,0.7455248474961915,0.03512212452159618,0.011419781401684759
reference_cuda,minus,288,44774000000,0.40967095907034773,0.7950204832019979,0.4096500345396788,0.794991228591469,0.7196476764797928,0.7455942095552968,0.7195551168337462,0.7455248474961915,0.02899665859586428,0.011445764990611451
reference_cuda,minus,289,44775000000,0.4096919771481067,0.7950497000179643,0.40967095907034773,0.7950204832019979,0.7196424428319064,0.745593920448755,0.7195551168337462,0.7455248474961915,0.022816148626461873,0.011465631896186324
reference_cuda,minus,290,44776000000,0.4097130910659223,0.7950788813061722,0.4096919771481067,0.7950497000179643,0.7196372085241795,0.7455936496084938,0.7195551168337462,0.7455248474961915,0.01661191154129314,0.011479329560017959
reference_cuda,minus,291,44777000000,0.4097343019721343,0.7951080282310177,0.4097130910659223,0.7950788813061722,0.7196320004042219,0.7455933990145961,0.7195551168337462,0.7455248474961915,0.010415050025543023,0.01148683676800033
reference_cuda,minus,292,44778000000,0.40975560987809767,0.7951371408612559,0.4097343019721343,0.7951080282310177,0.7196268447464939,0.7455931703206572,0.7195551168337462,0.7455248474961915,0.004256359324362268,0.011488163392812112
reference_cuda,minus,293,44779000000,0.4097770136775971,0.7951662181881376,0.40975560987809767,0.7951371408612559,0.7196217667451192,0.7455929649677686,0.7195551168337462,0.7455248474961915,-0.00183445017272307,0.01148334978736898
reference_cuda,minus,294,44780000000,0.4097985111810364,0.795195258157839,0.4097770136775971,0.7951662181881376,0.7196167903097406,0.7455927842039345,0.7195551168337462,0.7455248474961915,-0.00782903328742577,0.011472465756185102
reference_cuda,minus,295,44781000000,0.4098200991601267,0.7952242577140474,0.4097985111810364,0.795195258157839,0.7196119379620763,0.7455926291148217,0.7195551168337462,0.7455248474961915,-0.013700578585828767,0.011455609242943865
reference_cuda,minus,296,44782000000,0.409841773403944,0.7952532128515423,0.4098200991601267,0.7952242577140474,0.7196072306355789,0.7455925007643279,0.7195551168337462,0.7455248474961915,-0.01942423516168508,0.011432904703298163
reference_cuda,minus,297,44783000000,0.4098635287865592,0.79528211868099,0.409841773403944,0.7952532128515423,0.719602687658205,0.7455924003822895,0.7195551168337462,0.7455248474961915,-0.02497736927770204,0.011404501159688607
reference_cuda,minus,298,44784000000,0.409885359342293,0.7953109695011246,0.4098635287865592,0.79528211868099,0.7195983269645736,0.7455923296198347,0.7195551168337462,0.7455248474961915,-0.030339618646244338,0.011370570059909824
reference_cuda,minus,299,44785000000,0.4099072583476056,0.7953397588773902,0.409885359342293,0.7953109695011246,0.7195941649202141,0.7455922905518608,0.7195551168337462,0.7455248474961915,-0.03549311531234722,0.011331302960684297
reference_cuda,minus,300,44786000000,0.4099292184066803,0.7953684797241737,0.4099072583476056,0.7953397588773902,0.7195902162552603,0.7455922855502959,0.7195551168337462,0.7455248474961915,-0.04042241004917228,0.011286909126965838
reference_cuda,minus,301,44787000000,0.4099512315321681,0.7953971243824267,0.4099292184066803,0.7953684797241737,0.7195864942519721,0.7455923171130191,0.7195551168337462,0.7455248474961915,-0.045114023932932436,0.011237613297794269
reference_cuda,minus,302,44788000000,0.4099732892239469,0.7954256846953857,0.4099512315321681,0.7953971243824267,0.7195830104851285,0.7455923878095696,0.7195551168337462,0.7455248474961915,-0.049556704670030025,0.011183653514422076
reference_cuda,minus,303,44789000000,0.40999538255642115,0.7954541520926124,0.4099732892239469,0.7954256846953857,0.7195797744739053,0.7455925003685288,0.7195551168337462,0.7455248474961915,-0.05374197051213509,0.011125278689377183
reference_cuda,minus,304,44790000000,0.4100175022742886,0.7954825176822653,0.40999538255642115,0.7954541520926124,0.7195767935039821,0.7455926575361522,0.7195551168337462,0.7455248474961915,-0.05766415538871609,0.01106274593732337
reference_cuda,minus,305,44791000000,0.41003963889010353,0.7955107723451682,0.4100175022742886,0.7954825176822653,0.7195740725734008,0.7455928619011051,0.7195551168337462,0.7455248474961915,-0.061320256965141484,0.010996317872496775
reference_cuda,minus,306,44792000000,0.4100617827796729,0.7955389068268254,0.41003963889010353,0.7955107723451682,0.7195716142276792,0.7455931156192334,0.7195551168337462,0.7455248474961915,-0.06470979818165525,0.01092625998549579
reference_cuda,minus,307,44793000000,0.41008392427169826,0.7955669118239211,0.4100617827796729,0.7955389068268254,0.7195694186964097,0.7455934203137938,0.7195551168337462,0.7455248474961915,-0.06783453131784399,0.010852838200008819
reference_cuda,minus,308,44794000000,0.41010605372564357,0.7955947780594863,0.41008392427169826,0.7955669118239211,0.7195674842862426,0.7455937770324101,0.7195551168337462,0.7455248474961915,-0.07069789259890139,0.010776316783534412
reference_cuda,minus,309,44795000000,0.41012816159546645,0.7956224963444399,0.41010605372564357,0.7955947780594863,0.7195658075296409,0.7455941860872676,0.7195551168337462,0.7455248474961915,-0.07330461620251295,0.010696956668880375
reference_cuda,minus,310,44796000000,0.4101502384827996,0.7956500576289635,0.41012816159546645,0.7956224963444399,0.7195643832685693,0.7455946470312136,0.7195551168337462,0.7455248474961915,-0.07566059950721751,0.010615014069031758
reference_cuda,minus,311,44797000000,0.4101722751882411,0.7956774530520903,0.4101502384827996,0.7956500576289635,0.7195632046431824,0.7455951588610539,0.7195551168337462,0.7455248474961915,-0.07777317105274434,0.01053073912081004
reference_cuda,minus,312,44798000000,0.4101942627699066,0.7957046739983693,0.4101722751882411,0.7956774530520903,0.7195622631154477,0.745595720406679,0.7195551168337462,0.7455248474961915,-0.0796515471056148,0.010444374293285819
reference_cuda,minus,313,44799000000,0.410216192614415,0.7957317121665898,0.4101942627699066,0.7957046739983693,0.719561548309157,0.7455963305359525,0.7195551168337462,0.7455248474961915,-0.08130728746960915,0.010356152422673404
reference_cuda,minus,314,44800000000,0.41023805651425754,0.7957585596447317,0.410216192614415,0.7957317121665898,0.7195610480244561,0.7455969880361907,0.7195551168337462,0.7455248474961915,-0.0827541290943993,0.010266294574194035
reference_cuda,minus,315,44801000000,0.41025984675225546,0.7957852089918017,0.41023805651425754,0.7957585596447317,0.7195607483562605,0.7455976920898274,0.7195551168337462,0.7455248474961915,-0.0840084324625171,0.010175007701832328
reference_cuda,minus,316,44802000000,0.41028155621069,0.7958116533435721,0.41025984675225546,0.7957852089918017,0.7195606335447475,0.7455984432308793,0.7195551168337462,0.7455248474961915,-0.08509056364619498,0.010082481572084134
reference_cuda,minus,317,44803000000,0.4103031784913517,0.79583788652898,0.41028155621069,0.7958116533435721,0.7195606860628269,0.7455992428156267,0.7195551168337462,0.7455248474961915,-0.0860241235499768,0.009988885408574788
reference_cuda,minus,318,44804000000,0.4103247080210443,0.7958639031724702,0.4103031784913517,0.79583788652898,0.7195608866746245,0.7456000923000504,0.7195551168337462,0.7455248474961915,-0.08683497197469954,0.009894365014815776
reference_cuda,minus,319,44805000000,0.41034614013546744,0.7958896987754507,0.4103247080210443,0.7958639031724702,0.7195612144587314,0.7456009927637393,0.7195551168337462,0.7455248474961915,-0.0875506037586287,0.009799040545715343
reference_cuda,minus,320,44806000000,0.410367471138682,0.7959152697741673,0.41034614013546744,0.7958896987754507,0.719561646997349,0.7456019444363534,0.7195551168337462,0.7455248474961915,-0.08819932081555795,0.009703004990626596
reference_cuda,minus,321,44807000000,0.41038869833474945,0.7959406135706736,0.410367471138682,0.7959152697741673,0.7195621608906959,0.7456029465210359,0.7195551168337462,0.7455248474961915,-0.08880936878367245,0.009606323454903531
reference_cuda,minus,322,44808000000,0.41040982003520193,0.7959657285404499,0.41038869833474945,0.7959406135706736,0.7195627321285192,0.7456039972058031,0.7195551168337462,0.7455248474961915,-0.08940848711280885,0.009509033113090481
reference_cuda,minus,323,44809000000,0.41043083555434245,0.7959906140282529,0.41040982003520193,0.7959657285404499,0.719563336054711,0.7456050937108982,0.7195551168337462,0.7455248474961915,-0.0900240125026816,0.009411143468838645
reference_cuda,minus,324,44810000000,0.4104517452034164,0.796015270342912,0.41043083555434245,0.7959906140282529,0.719563947184645,0.7456062323052863,0.7195551168337462,0.7455248474961915,-0.09068312776450638,0.009312636602032853
reference_cuda,minus,325,44811000000,0.41047255028587243,0.7960396987531971,0.4104517452034164,0.796015270342912,0.7195645393425175,0.74560740843636,0.7195551168337462,0.7455248474961915,-0.09141285221542304,0.009213467360098093
reference_cuda,minus,326,44812000000,0.4104932530934505,0.7960639014844936,0.41047255028587243,0.7960396987531971,0.7195650859264733,0.7456086170403708,0.7195551168337462,0.7455248474961915,-0.09224009817140236,0.00911356351096515
reference_cuda,minus,327,44813000000,0.4105138569046116,0.7960878817177554,0.4104932530934505,0.7960639014844936,0.7195655600341293,0.7456098527741468,0.7195551168337462,0.7455248474961915,-0.09319180346212805,0.009012825816199665
reference_cuda,minus,328,44814000000,0.4105343659786363,0.7961116435842552,0.4105138569046116,0.7960878817177554,0.7195659349224476,0.7456111100970962,0.7195551168337462,0.7455248474961915,-0.09429445901474731,0.00891112823575213
reference_cuda,minus,329,44815000000,0.41055478554066804,0.796135192151569,0.4105343659786363,0.7961116435842552,0.719566184265346,0.7456123833217807,0.7195551168337462,0.7455248474961915,-0.09557384985387547,0.008808318395665538
reference_cuda,minus,330,44816000000,0.4105751217637505,0.7961585334066236,0.41055478554066804,0.796135192151569,0.7195662820799316,0.7456136667084485,0.7195551168337462,0.7455248474961915,-0.09705526504826069,0.00870421812561517
reference_cuda,minus,331,44817000000,0.41059538175321736,0.7961816742410354,0.4105751217637505,0.7961585334066236,0.7195662028980059,0.7456149547586833,0.7195551168337462,0.7455248474961915,-0.09876364989994198,0.008598623910643255
reference_cuda,minus,332,44818000000,0.41061557352916167,0.7962046224345708,0.41059538175321736,0.7961816742410354,0.719565922014465,0.7456162422228267,0.7195551168337462,0.7455248474961915,-0.10072330432432232,0.008491307398713843
reference_cuda,minus,333,44819000000,0.41063570600144966,0.7962273866313907,0.41061557352916167,0.7962046224345708,0.719565415877497,0.7456175242380686,0.7195551168337462,0.7455248474961915,-0.10295756726065049,0.008382016127598035
reference_cuda,minus,334,44820000000,0.4106557889370303,0.7962499763087832,0.41063570600144966,0.7962273866313907,0.7195646623673373,0.7456187964769402,0.7195551168337462,0.7455248474961915,-0.10548865326504685,0.008270474470066347
reference_cuda,minus,335,44821000000,0.4106758329208851,0.7962724017397306,0.4106557889370303,0.7962499763087832,0.7195636409839418,0.7456200552212703,0.7195551168337462,0.7455248474961915,-0.10833750970544094,0.008156384752908252
reference_cuda,minus,336,44822000000,0.4106958493027451,0.7962946739416646,0.4106758329208851,0.7962724017397306,0.7195623333179211,0.7456212971991169,0.7195551168337462,0.7455248474961915,-0.1115230238520839,0.008039428792017134
reference_cuda,minus,337,44823000000,0.4107158501221608,0.7963168046041895,0.4106958493027451,0.7962946739416646,0.719560723317438,0.7456225192757824,0.7195551168337462,0.7455248474961915,-0.11506130263807533,0.007919270054884464
reference_cuda,minus,338,44824000000,0.4107358480226694,0.7963388060061973,0.4107158501221608,0.7963168046041895,0.7195587971990275,0.7456237185900628,0.7195551168337462,0.7455248474961915,-0.11896595360204518,0.007795556103332046
reference_cuda,minus,339,44825000000,0.41075585616317045,0.7963606909302456,0.4107358480226694,0.7963388060061973,0.7195565433964498,0.7456248924742639,0.7195551168337462,0.7455248474961915,-0.12324804813505114,0.0076679210854706525
reference_cuda,minus,340,44826000000,0.4107758881258095,0.7963824725735029,0.41075585616317045,0.7963606909302456,0.7195539525797902,0.7456260383642271,0.7195551168337462,0.7455248474961915,-0.12791598452292585,0.007535988311559549
reference_cuda,minus,341,44827000000,0.4107959578195007,0.7964041644544126,0.4107758881258095,0.7963824725735029,0.719551017780506,0.7456271538237074,0.7195551168337462,0.7455248474961915,-0.13297536157017248,0.007399372944860261
reference_cuda,minus,342,44828000000,0.4108160793683169,0.7964257803046425,0.4107959578195007,0.7964041644544126,0.7195477348032094,0.7456282362124833,0.7195551168337462,0.7455248474961915,-0.13842804921790589,0.00725768513808589
reference_cuda,minus,343,44829000000,0.41083626697843284,0.7964473339401417,0.4108160793683169,0.7964257803046425,0.7195441024291965,0.7456292824164471,0.7195551168337462,0.7455248474961915,-0.14427159717480476,0.007110533787880513
reference_cuda,minus,344,44830000000,0.4108565347890985,0.7964688391166503,0.41083626697843284,0.7964473339401417,0.7195401225578615,0.7456302888363731,0.7195551168337462,0.7455248474961915,-0.15049904472367753,0.006957530724946537
reference_cuda,minus,345,44831000000,0.4108768967231349,0.7964903093846547,0.4108565347890985,0.7964688391166503,0.7195358001494583,0.7456312517993188,0.7195551168337462,0.7455248474961915,-0.15709950688065724,0.006798294870293375
reference_cuda,minus,346,44832000000,0.4108973663549295,0.7965117579612685,0.4108768967231349,0.7964903093846547,0.719531142722686,0.74563216786283,0.7195551168337462,0.7455248474961915,-0.1640591827808973,0.006632455834022721
reference_cuda,minus,347,44833000000,0.4109179567957166,0.7965331976188261,0.4108973663549295,0.7965117579612685,0.7195261599882599,0.745633033596992,0.7195551168337462,0.7455248474961915,-0.17136154228542466,0.0064596570053936375
reference_cuda,minus,348,44834000000,0.41093868058383953,0.7965546405782413,0.4109179567957166,0.7965331976188261,0.7195208638940886,0.745633845426041,0.7195551168337462,0.7455248474961915,-0.17898707342542947,0.006279558519196371
reference_cuda,minus,349,44835000000,0.4109595495760695,0.7965760984033269,0.41093868058383953,0.7965546405782413,0.71951526859243,0.7456345996583709,0.7195551168337462,0.7455248474961915,-0.18691336304645786,0.006091840203794163
reference_cuda,minus,350,44836000000,0.4109805748463307,0.796597581902223,0.4109595495760695,0.7965760984033269,0.7195093902720062,0.7456352926970353,0.7195551168337462,0.7455248474961915,-0.19511557175042876,0.005896204309834729
reference_cuda,minus,351,44837000000,0.4110017666066433,0.796619101050349,0.4109805748463307,0.796597581902223,0.7195032468241283,0.7456359216429789,0.7195551168337462,0.7455248474961915,-0.20356760624459808,0.00569237757412111
reference_cuda,minus,352,44838000000,0.41102313415027814,0.7966406649348775,0.4110017666066433,0.796619101050349,0.7194968578126597,0.7456364844968181,0.7195551168337462,0.7455248474961915,-0.21224241114187473,0.005480112650701585
reference_cuda,minus,353,44839000000,0.41104468580298154,0.7966622817070212,0.41102313415027814,0.7966406649348775,0.7194902444379473,0.7456369799229011,0.7195551168337462,0.7455248474961915,-0.2211117222515262,0.005259189347469828
reference_cuda,minus,354,44840000000,0.41106642887946615,0.7966839585393818,0.41104468580298154,0.7966622817070212,0.7194834291658183,0.7456374071043387,0.7195551168337462,0.7455248474961915,-0.2301463516176965,0.005029415733105225
reference_cuda,minus,355,44841000000,0.41108836964324696,0.7967057015865269,0.41106642887946615,0.7966839585393818,0.7194764356721917,0.7456377656051335,0.7195551168337462,0.7455248474961915,-0.23931608776253682,0.004790629168297755
reference_cuda,minus,356,44842000000,0.41111051325809045,0.7967275159374169,0.41108836964324696,0.7967057015865269,0.7194692892575126,0.7456380552257482,0.7195551168337462,0.7455248474961915,-0.2485890022096101,0.0045426976116687
reference_cuda,minus,357,44843000000,0.4111328637260607,0.7967494055547779,0.41111051325809045,0.7967275159374169,0.7194620169326899,0.7456382758013832,0.7195551168337462,0.7455248474961915,-0.2579310950529005,0.004285521329137509
reference_cuda,minus,358,44844000000,0.4111554238246705,0.7967713732135917,0.4111328637260607,0.7967494055547779,0.7194546469697035,0.7456384271883615,0.7195551168337462,0.7455248474961915,-0.2673068428282976,0.0040190346091719675
reference_cuda,minus,359,44845000000,0.4111781950598496,0.7967934204549347,0.4111554238246705,0.7967713732135917,0.7194472083278979,0.7456385094038046,0.7195551168337462,0.7455248474961915,-0.27668009178458836,0.003743206988701786
reference_cuda,minus,360,44846000000,0.41120117763820024,0.7968155475585557,0.4111781950598496,0.7967934204549347,0.7194397303885659,0.7456385227142828,0.7195551168337462,0.7455248474961915,-0.2860145023115884,0.0034580439172486876
reference_cuda,minus,361,44847000000,0.4112243704512918,0.7968377535271535,0.41120117763820024,0.7968155475585557,0.7194322427940877,0.7456384675165062,0.7195551168337462,0.7455248474961915,-0.2952736032965936,0.003163587093638398
reference_cuda,minus,362,44848000000,0.411247771070323,0.796860036080709,0.4112243704512918,0.7968377535271535,0.7194247752236095,0.745638344412922,0.7195551168337462,0.7455248474961915,-0.30442116783297485,0.0028599145207977017
reference_cuda,minus,363,44849000000,0.4112713757531294,0.7968823916628226,0.411247771070323,0.796860036080709,0.7194173572397411,0.7456381543607628,0.7195551168337462,0.7455248474961915,-0.31342159104211403,0.0025471402163361745
reference_cuda,minus,364,44850000000,0.4112951794604275,0.7969048154560394,0.4112713757531294,0.7968823916628226,0.7194100182367441,0.7456378986853701,0.7195551168337462,0.7455248474961915,-0.3222399716004978,0.0022254136767685395
reference_cuda,minus,365,44851000000,0.4113191758807442,0.7969273014056157,0.4112951794604275,0.7969048154560394,0.7194027870129558,0.7456375789045305,0.7195551168337462,0.7455248474961915,-0.33084242505300865,0.0018949191081389927
reference_cuda,minus,366,44852000000,0.4113433574665875,0.7969498422542359,0.4113191758807442,0.7969273014056157,0.7193956913394004,0.7456371966055763,0.7195551168337462,0.7455248474961915,-0.33919646652032115,0.0015558743415056142
reference_cuda,minus,367,44853000000,0.4113677154790233,0.7969724295849154,0.4113433574665875,0.7969498422542359,0.7193887578609203,0.74563675338641,0.7195551168337462,0.7455248474961915,-0.34727105818326126,0.0012085295269912422
reference_cuda,minus,368,44854000000,0.41139224004348757,0.7969950538748464,0.4113677154790233,0.7969724295849154,0.7193820119839314,0.745636251192103,0.7195551168337462,0.7455248474961915,-0.35503716475649305,0.0008531655121828408
reference_cuda,minus,369,44855000000,0.4114169202276954,0.797017704570741,0.41139224004348757,0.7969950538748464,0.7193754777170993,0.7456356929476433,0.7195551168337462,0.7455248474961915,-0.3624687345151224,0.0004900915791097304
reference_cuda,minus,370,44856000000,0.41144174413898654,0.7970403701831181,0.4114169202276954,0.797017704570741,0.7193691774806124,0.7456350825261208,0.7195551168337462,0.7455248474961915,-0.36954289155542114,0.0001196426428293762
reference_cuda,minus,371,44857000000,0.4114666990298236,0.7970630383885454,0.41144174413898654,0.7970403701831181,0.719363131776257,0.7456344243368775,0.7195551168337462,0.7455248474961915,-0.376239828265321,-0.0002578237442492082
reference_cuda,minus,372,44858000000,0.41149177140391513,0.7970856961325211,0.4114666990298236,0.7970630383885454,0.7193573589088962,0.7456337229214053,0.7195551168337462,0.7455248474961915,-0.382542643608586,-0.0006419303691416189
reference_cuda,minus,373,44859000000,0.41151694712162695,0.797108329731708,0.41149177140391513,0.7970856961325211,0.7193518748319097,0.7456329828055437,0.7195551168337462,0.7455248474961915,-0.3884373460787626,-0.0010322832936537907
reference_cuda,minus,374,44860000000,0.41154221150310843,0.7971309249739724,0.41151694712162695,0.797108329731708,0.7193466932242586,0.7456322084406087,0.7195551168337462,0.7455248474961915,-0.39391267956061154,-0.0014284747062163206
reference_cuda,minus,375,44861000000,0.4115675494185944,0.7971534672060138,0.41154221150310843,0.7971309249739724,0.7193418259094131,0.7456314039736128,0.7195551168337462,0.7455248474961915,-0.3989593127676273,-0.001830085375871704
reference_cuda,minus,376,44862000000,0.4115929453669882,0.7971759414096128,0.4115675494185944,0.7971534672060138,0.7193372829368841,0.7456305733176729,0.7195551168337462,0.7455248474961915,-0.40356982155809706,-0.0022366867661105516
reference_cuda,minus,377,44863000000,0.41161838355642655,0.79719833227984,0.4115929453669882,0.7971759414096128,0.7193330725190473,0.7456297205061155,0.7195551168337462,0.7455248474961915,-0.4077392035147374,-0.0026478432307044386
reference_cuda,minus,378,44864000000,0.4116438479902417,0.7972206243085599,0.41161838355642655,0.79719833227984,0.7193292008352279,0.745628849530975,0.7195551168337462,0.7455248474961915,-0.411464917163016,-0.0030631143748962586
reference_cuda,minus,379,44865000000,0.4116693225516204,0.7972428018666902,0.4116438479902417,0.7972206243085599,0.7193256721179803,0.7456279642030358,0.7195551168337462,0.7455248474961915,-0.4147465981158965,-0.003482057367506286
reference_cuda,minus,380,44866000000,0.41169479107327217,0.7972648492719284,0.4116693225516204,0.7972428018666902,0.719322489238105,0.7456270679913878,0.7195551168337462,0.7455248474961915,-0.4175851314570679,-0.0039042287945108
reference_cuda,minus,381,44867000000,0.4117202373894482,0.797286750839314,0.41169479107327217,0.7972648492719284,0.7193196537527758,0.7456261638115683,0.7195551168337462,0.7455248474961915,-0.41998232769681615,-0.004329185998869889
reference_cuda,minus,382,44868000000,0.411745645384694,0.797308490928628,0.4117202373894482,0.797286750839314,0.7193171654955474,0.7456252540108995,0.7195551168337462,0.7455248474961915,-0.4219414125432306,-0.004756488358452771
reference_cuda,minus,383,44869000000,0.4117709990454314,0.7973300539945678,0.411745645384694,0.797308490928628,0.7193150226349204,0.7456243404485975,0.7195551168337462,0.7455248474961915,-0.4234670529554249,-0.005185698666167582
reference_cuda,minus,384,44870000000,0.4117962825106258,0.7973514246360758,0.4117709990454314,0.7973300539945678,0.7193132220572201,0.7456234247515542,0.7195551168337462,0.7455248474961915,-0.42456519915176977,-0.005616384487694859
reference_cuda,minus,385,44871000000,0.41182148012895975,0.7973725876519735,0.4117962825106258,0.7973514246360758,0.7193117590596321,0.7456225085122336,0.7195551168337462,0.7455248474961915,-0.42524371129433236,-0.006048119723431
reference_cuda,minus,386,44872000000,0.41184657653130147,0.7973935281115246,0.41182148012895975,0.7973725876519735,0.7193106269443149,0.7456215933554491,0.7195551168337462,0.7455248474961915,-0.42551294656336075,-0.006480486630607629
reference_cuda,minus,387,44873000000,0.4118715567154587,0.7974142314369631,0.41184657653130147,0.7973935281115246,0.7193098168013092,0.745620680813079,0.7195551168337462,0.7455248474961915,-0.42538587410894335,-0.0069130781914452655
reference_cuda,minus,388,44874000000,0.411896406136009,0.7974346834909902,0.4118715567154587,0.7974142314369631,0.7193093175766093,0.745619772341668,0.7195551168337462,0.7455248474961915,-0.42487801402516906,-0.007345500608778366
reference_cuda,minus,389,44875000000,0.4119211107985738,0.7974548706686142,0.411896406136009,0.7974346834909902,0.719309116152074,0.7456188695724443,0.7195551168337462,0.7455248474961915,-0.4240076505894247,-0.007777375918806229
reference_cuda,minus,390,44876000000,0.4119456573606018,0.7974747799953528,0.4119211107985738,0.7974548706686142,0.7193091973065223,0.7456179744471219,0.7195551168337462,0.7455248474961915,-0.4227960517233405,-0.008208344786623911
reference_cuda,minus,391,44877000000,0.41197003322847003,0.7974943992218936,0.4119456573606018,0.7974747799953528,0.7193095439295775,0.7456170889310446,0.7195551168337462,0.7455248474961915,-0.4212668506688716,-0.008638069169023765
reference_cuda,minus,392,44878000000,0.4119942266352781,0.7975137168999892,0.41197003322847003,0.7974943992218936,0.7193101374075067,0.7456162146005035,0.7195551168337462,0.7455248474961915,-0.41944505812571126,-0.009066234386295946
reference_cuda,minus,393,44879000000,0.4120182266940571,0.7975327224344548,0.4119942266352781,0.7975137168999892,0.7193109579484632,0.7456153524133856,0.7195551168337462,0.7455248474961915,-0.41735637691231203,-0.009492550473197525
reference_cuda,minus,394,44880000000,0.4120420234341359,0.7975514061187832,0.4120182266940571,0.7975327224344548,0.7193119847037839,0.7456145027355988,0.7195551168337462,0.7455248474961915,-0.4150270869419645,-0.009916753066505635
reference_cuda,minus,395,44881000000,0.4120656078308392,0.7975697591642901,0.4120420234341359,0.7975514061187832,0.7193131957585382,0.745613665400652,0.7195551168337462,0.7455248474961915,-0.4124841334432964,-0.010338604132755336
reference_cuda,minus,396,44882000000,0.41208897183199494,0.7975877737261869,0.4120656078308392,0.7975697591642901,0.7193145681903036,0.7456128397064005,0.7195551168337462,0.7455248474961915,-0.40975505228046943,-0.010757892627623278
reference_cuda,minus,397,44883000000,0.41211210838310003,0.7976054429283608,0.41208897183199494,0.7975877737261869,0.7193160783646922,0.7456120247546149,0.7195551168337462,0.7455248474961915,-0.40686802670125505,-0.011174435133966654
reference_cuda,minus,398,44884000000,0.4121350114527419,0.7976227608884174,0.41211210838310003,0.7976054429283608,0.7193177022628048,0.7456112198083823,0.7195551168337462,0.7455248474961915,-0.4038519263500511,-0.011588076519700508
reference_cuda,minus,399,44885000000,0.4121576760543227,0.7976397227391565,0.4121350114527419,0.7976227608884174,0.7193194156583681,0.7456104242254312,0.7195551168337462,0.7455248474961915,-0.4007360060199411,-0.011998690490059971
reference_cuda,minus,400,44886000000,0.4121800982595725,0.7976563246420475,0.4121576760543227,0.7976397227391565,0.7193211940448271,0.7456096371255458,0.7195551168337462,0.7455248474961915,-0.39754958421991904,-0.012406179899755898
