post_row,post_bodyId,post_type,post_rootSide,post_somaSide,JO_CE_synapses,all_internal_input_synapses,JO_CE_fraction,from_left_antenna,from_right_antenna
1832,11960,AMMC012,unknown,L,2037,4757,0.4282110573891108,2037,0
410,10446,DNp73,unknown,L,1682,7349,0.22887467682677914,1682,0
131893,523640,AMMC013,unknown,L,1614,7719,0.2090944422852701,1614,0
343,10371,WED203,unknown,L,1457,10457,0.13933250454241178,1457,0
498,10536,DNg29,unknown,L,1435,8135,0.17639827904118008,1435,0
132319,524470,DNbe001,unknown,R,1311,17243,0.07603085309980862,799,512
39,10048,DNp18,unknown,L,1236,10830,0.11412742382271468,1232,4
5470,15952,SAD004,unknown,L,1142,2168,0.5267527675276753,1142,0
3095,13306,AMMC038,unknown,L,1100,2420,0.45454545454545453,1100,0
1589,11702,AMMC012,unknown,R,1098,3602,0.3048306496390894,2,1096
1934,12068,SAD113,unknown,L,1061,3322,0.31938591210114387,1060,1
17261,29142,AMMC008,unknown,L,1042,2235,0.46621923937360177,1030,12
8758,19622,SAD077,unknown,L,1041,1967,0.5292323335027961,1041,0
1455,11561,SAD112_a,unknown,L,1028,4421,0.23252657769735355,1021,7
2083,12228,AMMC028,unknown,L,1025,1797,0.57039510294936,1025,0
129265,517937,SAD004,unknown,L,1013,1741,0.581849511774842,1013,0
433,10469,DNbe001,unknown,L,976,15451,0.06316743252863892,756,220
1534,11646,SAD112_c,unknown,L,960,5110,0.18786692759295498,957,3
1379,11476,SAD112_b,unknown,L,948,5236,0.18105423987776928,944,4
2352,12514,SAD076,unknown,L,918,3622,0.2534511319712866,881,37
5009,15436,AMMC028,unknown,L,891,1490,0.5979865771812081,891,0
4975,15397,SAD034,unknown,L,880,2322,0.3789836347975883,880,0
128361,516424,SAD004,unknown,L,869,1610,0.5397515527950311,869,0
22,10030,pIP1,unknown,L,865,21076,0.04104194344277851,865,0
257,10279,SAD113,unknown,L,839,2365,0.3547568710359408,839,0
13958,25436,SAD004,unknown,L,838,1905,0.4398950131233596,838,0
9826,20822,SAD077,unknown,L,813,1750,0.4645714285714286,813,0
42768,58414,SAD077,unknown,L,804,1545,0.5203883495145631,804,0
1359,11456,AMMC013,unknown,R,801,6495,0.12332563510392609,0,801
4603,14983,AMMC037,unknown,L,801,1345,0.5955390334572491,726,75
994,11075,DNg99,unknown,L,787,6959,0.11309096134502084,778,9
142918,559437,CB3320,unknown,L,783,1252,0.6253993610223643,777,6
2589,12768,SAD110,unknown,L,780,3295,0.23672230652503792,780,0
13389,24803,AMMC026,unknown,L,779,1249,0.6236989591673339,748,31
1203,11295,CB0517,unknown,L,768,4639,0.16555292088812243,718,50
9127,20039,AMMC026,unknown,L,761,1196,0.6362876254180602,742,19
12675,23993,CB3320,unknown,L,758,1129,0.6713906111603188,758,0
2640,12822,SAD114,unknown,L,743,2084,0.3565259117082534,743,0
8947,19835,AMMC030,unknown,L,720,1316,0.547112462006079,720,0
19,10026,DNp18,unknown,R,715,10313,0.06932997188015126,6,709
131023,521025,CB3746,unknown,L,703,1979,0.3552299140980293,703,0
7694,18431,SAD077,unknown,L,671,1671,0.40155595451825254,671,0
2123,12270,GNG126,unknown,R,668,5227,0.1277979720681079,358,310
4379,14733,CB3746,unknown,L,668,2138,0.3124415341440599,668,0
132142,524138,SAD111,unknown,L,660,4049,0.16300321066930107,658,2
13182,24572,AMMC026,unknown,L,658,1234,0.5332252836304701,630,28
11416,22590,CB3320,unknown,L,655,1062,0.6167608286252354,655,0
134067,529602,ALIN5,unknown,L,647,2110,0.3066350710900474,555,92
131195,521358,SAD093,unknown,L,644,3715,0.17335127860026917,644,0
1780,11906,GNG126,unknown,L,636,4601,0.13823081938708975,454,182
137308,536501,AMMC008,unknown,R,632,1821,0.3470620538165843,42,590
3441,13689,AMMC026,unknown,L,630,983,0.6408952187182095,629,1
126522,513222,SAD110,unknown,L,623,2556,0.24374021909233176,623,0
3535,13791,CB0598,unknown,L,616,2366,0.2603550295857988,616,0
14206,25715,AMMC022,unknown,L,606,1075,0.5637209302325581,550,56
8727,19590,AMMC029,unknown,L,570,1125,0.5066666666666667,558,12
4174,14511,CB3588,unknown,L,567,1731,0.3275563258232236,528,39
132671,525142,CB3581,unknown,L,567,1433,0.3956734124214934,488,79
142432,555500,DNg29,unknown,R,563,5202,0.10822760476739715,0,563
1342,11438,DNp33,unknown,L,554,2944,0.18817934782608695,554,0
2564,12742,AMMC038,unknown,R,553,1883,0.2936802973977695,123,430
4294,14644,CB0607,unknown,L,544,2300,0.23652173913043478,544,0
19481,31674,AMMC033,unknown,L,534,1382,0.38639652677279307,534,0
679,10731,SAD107,unknown,L,533,2756,0.19339622641509435,533,0
18490,30532,CB2558,unknown,L,533,891,0.5982042648709316,533,0
126274,512720,DNge016,unknown,L,524,2372,0.2209106239460371,499,25
29,10038,pIP1,unknown,R,521,19052,0.02734621037161453,0,521
133684,527638,AMMC032,unknown,L,519,1122,0.4625668449197861,519,0
2215,12371,ALIN2,unknown,L,517,4954,0.1043601130399677,517,0
90421,121055,WED100,unknown,L,514,1241,0.41418211120064463,514,0
4455,14820,CB3746,unknown,R,513,1857,0.2762520193861066,0,513
17490,29408,AMMC030,unknown,L,501,1016,0.49311023622047245,501,0
16540,28331,CB2558,unknown,L,497,773,0.6429495472186287,497,0
14128,25626,CB3320,unknown,R,495,1067,0.4639175257731959,1,494
129195,517832,CB3646,unknown,L,494,1640,0.30121951219512194,460,34
2875,13072,WED080,unknown,R,493,2471,0.19951436665317684,493,0
20571,32916,SAD004,unknown,L,491,1061,0.46277097078228085,491,0
1452,11558,ALIN5,unknown,R,483,1524,0.3169291338582677,216,267
6334,16914,SAD077,unknown,R,483,1479,0.3265720081135903,0,483
126214,512617,CB2153,unknown,L,471,1247,0.3777064955894146,469,2
812,10876,SAD111,unknown,R,467,2990,0.15618729096989967,14,453
2622,12803,CB0432,unknown,L,457,1749,0.2612921669525443,457,0
127538,514979,CB3673a,unknown,L,449,1730,0.25953757225433527,449,0
132436,524656,AMMC037,unknown,R,445,970,0.4587628865979381,103,342
23089,35757,CB3646,unknown,L,441,1094,0.4031078610603291,441,0
1523,11635,SAD077,unknown,L,438,1304,0.33588957055214724,438,0
7877,18642,SAD077,unknown,R,434,1304,0.3328220858895706,0,434
7307,18000,CB3673b,unknown,L,432,1297,0.3330763299922899,432,0
327,10354,DNp73,unknown,R,426,5903,0.07216669490089785,0,426
1419,11520,SAD110,unknown,R,424,2686,0.15785554728220402,0,424
13323,24728,AMMC026,unknown,L,421,803,0.5242839352428393,421,0
7106,17773,SAD076,unknown,R,420,2542,0.16522423288749016,41,379
5730,16247,SAD077,unknown,R,413,1478,0.2794316644113667,0,413
8601,19450,DNge091,unknown,L,411,914,0.449671772428884,411,0
131012,521009,AMMC003,unknown,L,411,729,0.5637860082304527,351,60
125877,512000,AMMC022,unknown,R,410,963,0.4257528556593977,192,218
3743,14018,CB0607,unknown,R,409,2613,0.15652506697282817,0,409
643,10691,WED203,unknown,R,408,9140,0.04463894967177243,2,406
1085,11175,SAD113,unknown,R,406,2273,0.17861856577210736,0,406
126355,512902,AMMC029,unknown,R,405,1048,0.38645038167938933,11,394
26056,39119,AMMC004,unknown,L,402,847,0.47461629279811096,312,90
6319,16899,AMMC024,unknown,L,400,1038,0.3853564547206166,400,0
346,10374,SAD112_a,unknown,R,399,3402,0.11728395061728394,0,399
2868,13065,DNge084,unknown,L,397,2587,0.15345960572091225,353,44
2281,12438,ATL030,unknown,R,396,4989,0.079374624173181,276,120
10194,21235,AMMC026,unknown,R,396,904,0.43805309734513276,161,235
17640,29570,AMMC033,unknown,L,395,1110,0.35585585585585583,395,0
1447,11552,CB1076,unknown,L,390,1449,0.2691511387163561,390,0
1156,11247,CB0517,unknown,R,383,3970,0.0964735516372796,48,335
138997,542935,AMMC031,unknown,L,381,822,0.4635036496350365,381,0
49686,66752,SAD079,unknown,L,377,1326,0.28431372549019607,377,0
4206,14545,CB3746,unknown,R,374,1974,0.1894630192502533,0,374
130981,520899,AMMC015,unknown,L,374,1405,0.2661921708185053,374,0
143371,567110,AMMC011,unknown,L,374,1793,0.2085889570552147,373,1
2729,12917,SAD078,unknown,L,368,1357,0.2711864406779661,368,0
128641,516871,CB3870,unknown,R,367,1114,0.32944344703770195,296,71
9875,20877,AMMC021,unknown,L,365,875,0.41714285714285715,342,23
134511,530485,SAD004,unknown,R,362,1262,0.2868462757527734,0,362
489,10527,DNpe017,unknown,L,361,9527,0.03789230607746405,361,0
1151,11242,SAD110,unknown,R,360,2788,0.1291248206599713,0,360
126217,512628,SAD004,unknown,R,360,1099,0.3275705186533212,0,360
12323,23608,SAD078,unknown,L,356,1249,0.28502802241793435,356,0
2152,12301,PS326,unknown,L,355,2441,0.14543219991806636,355,0
3780,14058,CB0598,unknown,R,355,2168,0.16374538745387454,1,354
3246,13472,SAD053,unknown,L,352,4516,0.07794508414526129,352,0
14567,26126,AMMC027,unknown,L,352,1194,0.2948073701842546,331,21
316,10341,DNp19,unknown,L,351,7344,0.04779411764705882,351,0
12763,24096,AMMC022,unknown,L,350,738,0.4742547425474255,305,45
141574,550750,SAD004,unknown,R,349,1107,0.3152664859981933,0,349
992,11072,DNp12,unknown,L,341,7042,0.04842374325475717,341,0
256,10278,5-HTPMPV03,unknown,L,340,15617,0.021771146827175514,188,152
4208,14547,AMMC030,unknown,R,339,832,0.4074519230769231,0,339
14849,26434,AMMC032,unknown,L,339,814,0.41646191646191644,339,0
747,10806,GNG494,unknown,R,334,6461,0.051694784089150285,0,334
129946,519043,AMMC031,unknown,L,332,918,0.3616557734204793,332,0
49286,66268,CB3673b,unknown,L,331,935,0.35401069518716577,331,0
33541,47636,CB2440,unknown,L,330,660,0.5,330,0
140539,547267,SAD079,unknown,L,330,1184,0.27871621621621623,330,0
4680,15065,DNge016,unknown,R,329,1940,0.1695876288659794,63,266
127559,515027,AMMC027,unknown,R,329,746,0.4410187667560322,126,203
135521,532560,AMMC026,unknown,R,326,660,0.49393939393939396,57,269
8356,19165,AMMC022,unknown,L,325,747,0.4350736278447122,277,48
9028,19924,CB2664,unknown,L,325,1322,0.245839636913767,325,0
125997,512236,AMMC028,unknown,R,325,1100,0.29545454545454547,0,325
4688,15075,SAD034,unknown,R,324,1753,0.18482601254991443,0,324
131814,523438,SAD112_b,unknown,R,324,4101,0.07900512070226774,0,324
868,10939,SAD113,unknown,R,320,1917,0.16692749087115286,0,320
6494,17095,SAD079,unknown,L,319,1142,0.27933450087565675,319,0
16100,27837,CB3870,unknown,R,319,998,0.3196392785571142,265,54
3804,14087,CB3588,unknown,R,318,1383,0.2299349240780911,204,114
11952,23191,SAD078,unknown,L,317,1317,0.24069855732725892,317,0
730,10788,SAD112_c,unknown,R,316,3978,0.07943690296631473,0,316
11068,22201,AMMC026,unknown,R,315,697,0.4519368723098996,11,304
4565,14942,ATL030,unknown,L,313,4765,0.06568730325288562,279,34
25632,38637,CB2558,unknown,L,311,518,0.6003861003861004,311,0
1492,11600,DNge084,unknown,R,310,2633,0.11773642233194075,140,170
85736,114151,SAD079,unknown,L,309,784,0.39413265306122447,309,0
15366,27021,AMMC025,unknown,L,308,816,0.37745098039215685,308,0
134689,530836,SAD114,unknown,R,306,1542,0.19844357976653695,0,306
3916,14214,DNg106,unknown,L,304,853,0.3563892145369285,244,60
4993,15420,SAD001,unknown,L,304,1710,0.17777777777777778,304,0
1901,12034,CB1076,unknown,L,302,2453,0.12311455360782715,302,0
127252,514485,DNg106,unknown,R,301,958,0.31419624217118997,230,71
31124,44865,WED099,unknown,L,298,1027,0.2901655306718598,265,33
4257,14604,CB1076,unknown,L,297,1282,0.23166926677067082,297,0
2580,12759,ALIN6,unknown,L,294,1458,0.20164609053497942,221,73
5046,15481,CB3646,unknown,R,294,1402,0.20970042796005706,36,258
127558,515026,AMMC028,unknown,R,291,911,0.3194291986827662,0,291
3821,14106,CB2664,unknown,L,288,1293,0.22273781902552203,288,0
4679,15064,DNg05_a,unknown,L,288,2593,0.1110682607018897,288,0
130593,520178,AMMC010,unknown,R,288,1038,0.2774566473988439,172,116
10062,21089,AMMC032,unknown,R,287,1037,0.2767598842815815,0,287
42235,57797,SAD080,unknown,L,286,953,0.3001049317943337,286,0
132019,523875,CB0397,unknown,R,286,3297,0.08674552623597209,79,207
15018,26630,AMMC006,unknown,L,285,869,0.32796317606444186,275,10
45611,61840,CB3870,unknown,L,285,1060,0.2688679245283019,228,57
26331,39431,AMMC004,unknown,L,284,656,0.4329268292682927,254,30
63963,84533,AMMC022,unknown,R,284,707,0.4016973125884017,98,186
9148,20061,CB3870,unknown,L,283,1057,0.26773888363292336,218,65
41,10050,5-HTPMPV03,unknown,R,281,15212,0.018472258743097554,189,92
2400,12566,WED080,unknown,L,281,2214,0.12691960252935863,17,264
6059,16603,CB4176,unknown,L,281,1403,0.20028510334996436,281,0
14432,25971,AMMC031,unknown,R,281,857,0.3278879813302217,0,281
1670,11790,CB0397,unknown,L,279,3063,0.0910871694417238,246,33
6889,17536,WED202,unknown,L,278,917,0.3031624863685932,278,0
32686,46645,CB2440,unknown,L,278,564,0.4929078014184397,278,0
132148,524144,SAD004,unknown,R,276,868,0.31797235023041476,0,276
9141,20054,DNge091,unknown,L,275,1014,0.27120315581854043,275,0
10111,21146,DNge091,unknown,L,274,804,0.3407960199004975,274,0
66806,88270,AMMC007,unknown,R,274,563,0.4866785079928952,260,14
133402,526915,AMMC032,unknown,R,271,984,0.27540650406504064,0,271
2263,12420,CB2153,unknown,L,270,1317,0.20501138952164008,233,37
49565,66603,CB1394_b,unknown,L,270,614,0.43973941368078173,270,0
7900,18665,AMMC004,unknown,R,269,760,0.3539473684210526,148,121
128834,517165,CB4176,unknown,L,269,1151,0.23370981754995657,269,0
29664,43208,PS037,unknown,L,267,974,0.2741273100616016,248,19
215,10236,DNg99,unknown,R,266,6328,0.0420353982300885,10,256
111799,165814,AMMC007,unknown,R,266,470,0.5659574468085107,240,26
61308,81201,SAD080,unknown,L,264,940,0.28085106382978725,264,0
8236,19030,DNge091,unknown,L,263,1002,0.2624750499001996,263,0
15281,26923,AMMC004,unknown,R,260,807,0.322180916976456,90,170
43431,59195,CB3437,unknown,L,259,572,0.4527972027972028,259,0
131897,523644,SAD072,unknown,L,258,2047,0.126038104543234,258,0
144126,581135,CB2440,unknown,L,257,512,0.501953125,257,0
142493,555871,DNpe017,unknown,R,256,9699,0.02639447365707805,0,256
1604,11718,SAD093,unknown,R,255,3158,0.08074730842305257,3,252
131371,521698,LAL156_a,unknown,R,255,4192,0.060830152671755726,255,0
126914,513904,SAD049,unknown,L,254,3356,0.07568533969010727,254,0
9302,20234,DNge175,unknown,L,253,1821,0.13893465129049973,248,5
4042,14357,DNg05_a,unknown,R,252,2997,0.08408408408408409,0,252
126222,512633,AMMC003,unknown,R,252,597,0.4221105527638191,125,127
1713,11835,CB1076,unknown,L,251,2057,0.12202236266407389,251,0
18671,30738,SAD003,unknown,L,251,838,0.29952267303102625,251,0
164042,919277,AMMC021,unknown,L,250,612,0.4084967320261438,214,36
391,10425,DNp10,unknown,L,249,10686,0.02330151600224593,198,51
8244,19038,DNg106,unknown,L,249,829,0.30036188178528345,193,56
24465,37313,PS326,unknown,L,249,2079,0.11976911976911978,249,0
142586,556587,AMMC033,unknown,R,247,1049,0.23546234509056244,0,247
134167,529814,SAD030,unknown,L,246,922,0.2668112798264642,246,0
26451,39562,AMMC025,unknown,L,245,779,0.31450577663671375,245,0
5334,15796,DNg106,unknown,R,243,964,0.2520746887966805,187,56
4440,14801,DNge111,unknown,L,241,668,0.36077844311377244,241,0
66810,88275,AMMC031,unknown,R,241,778,0.3097686375321337,0,241
136718,535087,unknown,unknown,L,241,825,0.2921212121212121,191,50
128661,516898,AMMC022,unknown,R,239,752,0.3178191489361702,127,112
31047,44775,CB1094,unknown,L,238,777,0.3063063063063063,218,20
49409,66414,AMMC003,unknown,L,237,594,0.398989898989899,185,52
130668,520341,CB0540,unknown,L,237,4236,0.05594900849858357,237,0
4557,14934,AMMC024,unknown,R,234,729,0.32098765432098764,0,234
9061,19962,DNge181,unknown,L,234,862,0.271461716937355,234,0
106089,149321,AMMC007,unknown,R,234,499,0.46893787575150303,230,4
11965,23204,ALIN2,unknown,R,233,5751,0.040514693096852725,0,233
17519,29440,AMMC005,unknown,R,232,562,0.4128113879003559,220,12
638,10686,DNge132,unknown,L,231,5990,0.03856427378964942,231,0
130980,520898,DNb04,unknown,L,231,6121,0.03773893154713282,230,1
25712,38733,AMMC025,unknown,L,228,775,0.29419354838709677,228,0
86531,115297,AMMC005,unknown,R,228,467,0.48822269807280516,212,16
9572,20544,SAD077,unknown,R,227,1264,0.17958860759493672,0,227
131743,523017,CB0214,unknown,L,226,6558,0.03446172613601708,226,0
397,10433,DNp10,unknown,R,224,10469,0.02139650396408444,106,118
3693,13963,CB2521,unknown,L,223,1443,0.15453915453915454,223,0
2695,12881,CB0432,unknown,R,222,1824,0.12171052631578948,0,222
132018,523874,CB3673a,unknown,R,221,1336,0.16541916167664672,0,221
3628,13891,DNg106,unknown,R,220,742,0.29649595687331537,159,61
25443,38423,CB2940,unknown,L,220,2623,0.08387342737323675,220,0
128477,516602,AMMC031,unknown,R,219,893,0.24524076147816348,0,219
8045,18821,AMMC023,unknown,L,218,867,0.25144175317185696,162,56
14163,25662,AMMC026,unknown,R,218,541,0.4029574861367837,4,214
19797,32033,unknown,unknown,R,218,1164,0.1872852233676976,138,80
29768,43324,CB0986,unknown,L,218,576,0.3784722222222222,218,0
70145,92735,unknown,unknown,R,214,947,0.22597676874340022,141,73
13992,25474,DNg07,unknown,L,212,616,0.34415584415584416,211,1
44201,60135,unknown,unknown,L,211,735,0.2870748299319728,146,65
34834,49138,AMMC006,unknown,R,210,694,0.3025936599423631,164,46
10758,21863,DNg106,unknown,L,208,803,0.2590286425902864,154,54
132672,525143,AMMC025,unknown,L,208,813,0.25584255842558423,208,0
127289,514566,CB2558,unknown,R,207,456,0.45394736842105265,0,207
19914,32163,unknown,unknown,R,205,806,0.2543424317617866,138,67
4589,14967,SAD078,unknown,R,204,1009,0.20218037661050545,0,204
17859,29805,AMMC004,unknown,L,204,774,0.26356589147286824,204,0
6432,17022,CB3692,unknown,L,203,1555,0.13054662379421222,203,0
99233,135324,CB1394_b,unknown,L,203,468,0.4337606837606838,203,0
531,10570,SAD107,unknown,R,202,1690,0.11952662721893491,5,197
10881,22000,AMMC021,unknown,R,199,878,0.2266514806378132,164,35
86144,114708,AMMC007,unknown,L,199,438,0.454337899543379,50,149
4504,14873,GNG251,unknown,L,198,1067,0.18556701030927836,198,0
6704,17333,DNg106,unknown,R,198,815,0.24294478527607363,164,34
18300,30316,WED100,unknown,R,198,955,0.20732984293193718,0,198
25150,38093,AMMC003,unknown,L,198,584,0.339041095890411,172,26
1103,11193,ALIN6,unknown,R,197,1545,0.12750809061488674,127,70
19819,32056,AMMC003,unknown,R,196,508,0.3858267716535433,89,107
134251,529975,AMMC027,unknown,R,196,878,0.22323462414578588,27,169
135343,532198,WED196,unknown,M,196,4679,0.04188929258388545,196,0
966,11044,AMMC034_a,unknown,L,195,2102,0.09276879162702188,195,0
1459,11566,ALIN4,unknown,R,193,3368,0.05730403800475059,101,92
1822,11950,CB0591,unknown,L,193,4068,0.04744346116027532,193,0
5048,15483,DNge175,unknown,R,193,1878,0.1027689030883919,2,191
18335,30358,AMMC006,unknown,L,193,577,0.3344887348353553,170,23
132492,524779,CB3320,unknown,R,193,742,0.2601078167115903,0,193
3948,14252,CB3682,unknown,L,191,2202,0.08673932788374206,191,0
70041,92601,CB2440,unknown,L,191,512,0.373046875,191,0
4857,15261,CB2664,unknown,R,190,1121,0.1694915254237288,19,171
8872,19749,DNge091,unknown,L,188,935,0.20106951871657755,188,0
114,10128,SAD103,unknown,M,187,5929,0.03153988868274583,181,6
3777,14055,CB4176,unknown,L,187,953,0.19622245540398742,187,0
9846,20844,unknown,unknown,R,187,695,0.26906474820143883,154,33
11940,23178,DNge111,unknown,L,187,498,0.3755020080321285,187,0
142728,557801,SAD079,unknown,R,186,1184,0.1570945945945946,0,186
126001,512241,WED099,unknown,R,185,798,0.23182957393483708,120,65
689,10743,SAD001,unknown,L,184,1100,0.16727272727272727,184,0
4155,14491,CB3673b,unknown,R,183,1281,0.14285714285714285,0,183
5569,16068,CB3710,unknown,L,183,1813,0.10093767236624379,183,0
432,10468,GNG144,unknown,L,181,4476,0.040437890974084005,181,0
14574,26134,CB3739,unknown,L,181,1175,0.15404255319148935,181,0
131010,521005,AMMC003,unknown,L,180,689,0.2612481857764877,164,16
468,10505,SAD078,unknown,R,179,1043,0.1716203259827421,0,179
23244,35930,CB0533,unknown,L,179,3137,0.05706088619700351,179,0
23778,36532,CB0986,unknown,L,177,448,0.3950892857142857,177,0
686,10739,DNg24,unknown,L,176,3692,0.047670639219934995,176,0
21013,33409,CB0986,unknown,L,176,532,0.3308270676691729,176,0
1532,11644,ALIN4,unknown,L,174,3517,0.049473983508672166,122,52
8849,19723,SAD004,unknown,R,173,843,0.20521945432977462,0,173
12555,23860,unknown,unknown,R,173,840,0.20595238095238094,116,57
134428,530345,unknown,unknown,L,173,831,0.20818291215403129,139,34
17126,28993,unknown,unknown,R,171,671,0.2548435171385991,109,62
130456,519940,PS326,unknown,R,171,1911,0.08948194662480377,0,171
36751,51361,GNG308,unknown,L,170,749,0.22696929238985314,163,7
14098,25589,DNg07,unknown,L,169,486,0.3477366255144033,168,1
15677,27369,AMMC025,unknown,L,168,810,0.2074074074074074,163,5
35879,50353,CB0986,unknown,L,168,405,0.4148148148148148,168,0
7065,17727,DNg09_a,unknown,L,167,890,0.18764044943820224,167,0
70112,92690,AMMC007,unknown,L,167,373,0.4477211796246649,31,136
12155,23412,DNge181,unknown,L,166,801,0.20724094881398253,166,0
14992,26597,WED100,unknown,R,165,1099,0.15013648771610555,0,165
2956,13156,SAD052,unknown,R,164,1039,0.15784408084696824,0,164
7563,18287,CB2153,unknown,R,163,706,0.23087818696883852,6,157
16246,28000,DNg07,unknown,L,163,527,0.3092979127134725,163,0
7547,18269,AMMC021,unknown,R,162,684,0.23684210526315788,69,93
7859,18624,AMMC021,unknown,R,162,781,0.20742637644046094,21,141
3957,14262,OCG06,unknown,L,161,2142,0.07516339869281045,160,1
18562,30612,SAD078,unknown,R,161,1025,0.15707317073170732,0,161
126046,512324,SAD052,unknown,L,161,1369,0.11760409057706354,161,0
143267,564864,DNp19,unknown,R,161,6924,0.023252455228191797,0,161
3360,13600,CB2664,unknown,R,160,1096,0.145985401459854,0,160
92072,123532,AMMC006,unknown,L,160,621,0.2576489533011272,154,6
2009,12151,DNge138,unknown,M,158,5471,0.028879546700785963,136,22
5932,16471,DNg106,unknown,L,157,778,0.20179948586118251,127,30
718,10775,AN01A089,unknown,R,155,7287,0.021270756141073145,125,30
15106,26724,SAD079,unknown,R,155,892,0.17376681614349776,0,155
1696,11818,CB0758,unknown,L,154,739,0.2083897158322057,154,0
939,11014,AN01A089,unknown,L,153,6956,0.021995399654974122,123,30
14664,26232,DNg08,unknown,L,153,605,0.2528925619834711,153,0
17898,29852,AMMC025,unknown,L,153,658,0.23252279635258358,153,0
20943,33334,CB4037,unknown,L,153,1137,0.1345646437994723,153,0
21918,34434,CB3745,unknown,L,153,640,0.2390625,153,0
98446,133896,PS037,unknown,L,153,575,0.26608695652173914,153,0
6975,17629,AMMC020,unknown,R,152,719,0.2114047287899861,86,66
14829,26413,DNg07,unknown,L,150,510,0.29411764705882354,150,0
29114,42570,AMMC005,unknown,R,150,413,0.36319612590799033,138,12
126672,513483,CB2431,unknown,L,150,691,0.2170767004341534,150,0
129264,517936,CB1702,unknown,L,150,1306,0.11485451761102604,150,0
136812,535272,SAD030,unknown,L,150,624,0.2403846153846154,150,0
4678,15063,DNg50,unknown,L,149,1663,0.08959711365003006,90,59
131495,522353,SAD116,unknown,L,149,962,0.1548856548856549,149,0
131494,522352,GNG636,unknown,L,148,2872,0.05153203342618384,148,0
2069,12213,SAD052,unknown,L,147,1435,0.1024390243902439,147,0
3205,13426,AMMC020,unknown,L,147,744,0.1975806451612903,99,48
14124,25621,SAD116,unknown,L,146,959,0.15224191866527634,146,0
63428,83873,CB1394_a,unknown,L,146,376,0.3882978723404255,146,0
2183,12336,PS326,unknown,R,145,2145,0.0675990675990676,0,145
142626,556793,DNge111,unknown,L,145,776,0.18685567010309279,145,0
1849,11977,GNG636,unknown,L,144,3027,0.04757185332011893,144,0
20666,33021,SAD003,unknown,L,144,722,0.1994459833795014,144,0
43178,58903,AMMC007,unknown,R,144,399,0.3609022556390977,136,8
3671,13939,GNG312,unknown,L,143,1847,0.07742284786139686,143,0
63031,83362,AMMC007,unknown,L,143,411,0.34793187347931875,46,97
14915,26512,DNg07,unknown,L,142,518,0.27413127413127414,140,2
25210,38157,PS037,unknown,R,142,780,0.18205128205128204,45,97
131776,523350,AMMC020,unknown,R,142,737,0.1926729986431479,96,46
4135,14466,CB2153,unknown,R,141,1206,0.11691542288557213,0,141
14377,25901,AMMC020,unknown,L,141,693,0.20346320346320346,115,26
21812,34312,CB3739,unknown,L,141,1179,0.11959287531806616,137,4
98461,133917,CB3745,unknown,L,141,476,0.296218487394958,141,0
138,10153,SAD051_b,unknown,L,140,1373,0.10196649672250546,140,0
74666,98832,AMMC006,unknown,R,140,433,0.3233256351039261,97,43
131765,523049,CB4247,unknown,R,140,1996,0.07014028056112225,0,140
293,10317,LPT59,unknown,L,138,2949,0.04679552390640895,138,0
9039,19937,AMMC006,unknown,L,137,456,0.30043859649122806,85,52
131895,523642,WED100,unknown,L,137,807,0.1697645600991326,137,0
3872,14162,GNG312,unknown,R,135,1802,0.07491675915649279,0,135
8426,19247,DNg106,unknown,L,135,588,0.22959183673469388,95,40
14340,25859,SAD079,unknown,R,135,1017,0.13274336283185842,0,135
112529,168510,PS037,unknown,L,135,375,0.36,135,0
14136,25634,DNge091,unknown,L,134,773,0.17335058214747737,134,0
33441,47517,AMMC006,unknown,R,134,581,0.2306368330464716,45,89
3632,13895,CB2521,unknown,R,133,1166,0.11406518010291596,8,125
5671,16182,OCC01b,unknown,L,133,1646,0.08080194410692589,123,10
13735,25188,DNg08,unknown,L,132,562,0.23487544483985764,132,0
38087,52931,AMMC019,unknown,L,132,626,0.2108626198083067,106,26
23204,35887,CB3437,unknown,R,131,466,0.2811158798283262,0,131
45186,61324,CB0986,unknown,L,130,320,0.40625,130,0
99805,136401,CB1394_a,unknown,L,130,371,0.3504043126684636,130,0
411,10447,DNge138,unknown,M,129,6336,0.020359848484848484,81,48
16842,28665,CB3631,unknown,L,128,753,0.1699867197875166,128,0
13959,25438,SAD064,unknown,L,127,2197,0.05780609922621757,127,0
28553,41939,CB1094,unknown,L,127,700,0.18142857142857144,115,12
129196,517833,unknown,unknown,L,127,768,0.16536458333333334,97,30
3081,13291,PS230,unknown,L,126,3369,0.037399821905609976,126,0
130666,520339,AMMC014,unknown,L,125,977,0.12794268167860798,125,0
4697,15085,CB3320,unknown,R,124,516,0.24031007751937986,0,124
6562,17168,CB3710,unknown,L,124,1365,0.09084249084249084,124,0
10498,21578,DNg106,unknown,L,124,726,0.17079889807162535,80,44
17513,29434,AMMC020,unknown,L,124,665,0.18646616541353384,92,32
132145,524141,DNge091,unknown,R,124,634,0.19558359621451105,0,124
13019,24374,DNg08,unknown,L,123,454,0.2709251101321586,123,0
15451,27118,DNg08,unknown,L,123,577,0.21317157712305027,123,0
21227,33653,CB2558,unknown,R,123,323,0.38080495356037153,0,123
49802,66895,CB1394_b,unknown,R,123,427,0.28805620608899296,0,123
127851,515559,CB3742,unknown,L,123,1021,0.12047012732615084,123,0
26355,39461,CB2431,unknown,L,122,579,0.21070811744386875,122,0
17405,29310,DNg06,unknown,L,121,686,0.17638483965014579,104,17
55024,73370,CB2585,unknown,L,121,599,0.2020033388981636,121,0
64642,85399,CB3743,unknown,L,121,386,0.3134715025906736,121,0
65609,86679,CB3865,unknown,L,121,366,0.33060109289617484,121,0
1996,12135,GNG100,unknown,L,120,5502,0.021810250817884406,120,0
15470,27143,DNg07,unknown,L,120,679,0.17673048600883653,120,0
16159,27905,CB4094,unknown,L,120,994,0.12072434607645875,120,0
17730,29667,unknown,unknown,R,120,756,0.15873015873015872,84,36
19260,31421,DNg07,unknown,L,120,583,0.2058319039451115,120,0
35590,50012,CB1094,unknown,L,120,684,0.17543859649122806,109,11
104,10118,DNb05,unknown,L,119,16838,0.007067347665993586,119,0
2693,12879,CB3673b,unknown,R,119,700,0.17,0,119
13818,25283,DNg08,unknown,R,119,573,0.20767888307155322,0,119
796,10858,GNG666,unknown,L,118,1356,0.08702064896755163,118,0
2292,12450,CB3646,unknown,R,118,785,0.1503184713375796,0,118
46091,62410,CB2558,unknown,L,118,307,0.38436482084690554,118,0
17683,29617,AMMC003,unknown,R,117,481,0.24324324324324326,33,84
142521,556037,WEDPN9,unknown,L,117,2755,0.042468239564428314,117,0
6401,16989,GNG251,unknown,R,116,989,0.1172901921132457,0,116
8824,19698,AMMC010,unknown,L,116,1248,0.09294871794871795,116,0
24029,36826,CB2585,unknown,L,116,593,0.19561551433389546,116,0
8711,19573,DNg08,unknown,L,115,504,0.22817460317460317,115,0
104438,145575,AMMC005,unknown,L,115,393,0.2926208651399491,51,64
129828,518847,AMMC015,unknown,L,115,732,0.15710382513661203,115,0
129829,518849,CB2800,unknown,L,115,1167,0.09854327335047129,115,0
1859,11988,SAD072,unknown,R,114,1735,0.06570605187319885,0,114
4904,15312,unknown,unknown,L,114,689,0.16545718432510886,77,37
8316,19115,CB2270,unknown,L,114,1279,0.08913213448006255,114,0
17246,29124,AMMC019,unknown,L,114,881,0.12939841089670828,114,0
128671,516911,PS230,unknown,L,114,3304,0.03450363196125908,114,0
140787,548337,WED167,unknown,L,114,574,0.1986062717770035,114,0
4586,14964,DNge113,unknown,L,113,1387,0.08147080028839221,113,0
6107,16657,CB4176,unknown,R,113,898,0.12583518930957685,0,113
6310,16889,CB4182,unknown,R,113,980,0.11530612244897959,0,113
10702,21801,CB2380,unknown,L,113,721,0.15672676837725383,113,0
38894,53866,CB1394_b,unknown,R,112,425,0.2635294117647059,0,112
126427,513052,DNg15,unknown,R,112,11153,0.010042141127947638,112,0
1402,11502,DNge132,unknown,R,111,5781,0.019200830306175403,0,111
2483,12655,CB3207,unknown,L,111,742,0.1495956873315364,111,0
4475,14842,DNge184,unknown,L,111,1411,0.07866761162296244,111,0
6025,16568,WED207,unknown,L,111,1135,0.09779735682819383,111,0
15083,26698,AMMC025,unknown,R,111,644,0.17236024844720496,0,111
21070,33474,SAD049,unknown,R,111,3600,0.030833333333333334,0,111
92004,123422,WED167,unknown,L,111,793,0.13997477931904162,111,0
1154,11245,LAL156_a,unknown,L,110,4643,0.02369157872065475,0,110
14865,26452,DNg07,unknown,L,110,620,0.1774193548387097,110,0
126448,513077,SAD079,unknown,R,110,515,0.21359223300970873,0,110
24119,36925,CB0591,unknown,L,109,1367,0.07973664959765911,109,0
60965,80808,CB2270,unknown,L,109,952,0.11449579831932773,109,0
131022,521023,PS234,unknown,L,109,3129,0.03483541067433685,109,0
16181,27929,WED099,unknown,R,108,791,0.13653603034134007,0,108
19805,32042,unknown,unknown,L,108,637,0.1695447409733124,92,16
34210,48413,CB1145,unknown,L,108,476,0.226890756302521,108,0
126462,513112,CB1942,unknown,L,108,558,0.1935483870967742,107,1
138963,542878,CB2558,unknown,L,108,306,0.35294117647058826,108,0
6567,17173,PS312,unknown,L,107,1359,0.07873436350257543,103,4
7197,17872,WED202,unknown,R,107,810,0.13209876543209875,0,107
67312,88941,CB2431,unknown,L,107,572,0.18706293706293706,107,0
17629,29558,AMMC019,unknown,L,106,609,0.17405582922824303,95,11
17653,29584,AMMC019,unknown,L,106,634,0.167192429022082,92,14
48678,65522,AMMC005,unknown,L,106,464,0.22844827586206898,86,20
130018,519171,CB3581,unknown,R,105,455,0.23076923076923078,2,103
457,10493,CB4176,unknown,R,103,1050,0.0980952380952381,0,103
10117,21155,DNg106,unknown,R,103,874,0.11784897025171624,85,18
16930,28770,CB4038,unknown,L,103,995,0.1035175879396985,99,4
21800,34299,CB0986,unknown,L,103,396,0.2601010101010101,103,0
130875,520664,CB1074,unknown,L,103,3296,0.03125,103,0
879,10952,DNge107,unknown,L,102,8053,0.012666087172482304,96,6
2368,12530,CB1542,unknown,L,102,1437,0.0709812108559499,102,0
3657,13925,CB1076,unknown,R,102,938,0.10874200426439233,0,102
3222,13444,DNg51,unknown,L,101,3192,0.03164160401002506,101,0
12923,24273,CB2380,unknown,L,101,719,0.1404728789986092,101,0
5875,16408,AMMC015,unknown,R,100,1070,0.09345794392523364,0,100
12713,24038,DNg08,unknown,L,100,449,0.22271714922049,100,0
1195,11287,WED108,unknown,L,99,1820,0.0543956043956044,99,0
16709,28519,DNg08,unknown,L,99,442,0.2239819004524887,99,0
126674,513485,WEDPN14,unknown,L,99,549,0.18032786885245902,99,0
16059,27792,DNge093,unknown,L,98,711,0.13783403656821377,98,0
78753,104415,AMMC025,unknown,R,98,473,0.20718816067653276,0,98
5482,15965,CB4118,unknown,L,97,1943,0.049922799794132784,97,0
14050,25537,WED204,unknown,L,97,558,0.17383512544802868,97,0
14201,25710,AMMC025,unknown,R,97,694,0.13976945244956773,0,97
18162,30153,AMMC019,unknown,R,97,592,0.16385135135135134,35,62
5225,15681,DNge113,unknown,L,96,1052,0.09125475285171103,96,0
6295,16873,AMMC003,unknown,R,96,696,0.13793103448275862,32,64
99086,135060,CB1585,unknown,L,96,422,0.22748815165876776,96,0
144948,800845,DNp12,unknown,R,96,7318,0.013118338343809785,0,96
228,10249,DNp31,unknown,L,95,16803,0.005653752306135809,92,3
603,10649,DNp38,unknown,L,95,2086,0.04554170661553212,95,0
1312,11408,CB0758,unknown,L,95,595,0.15966386554621848,95,0
20620,32971,CB4037,unknown,L,95,1346,0.07057949479940565,95,0
21006,33401,CB1145,unknown,L,95,491,0.1934826883910387,95,0
45473,61670,CB4104,unknown,L,94,375,0.25066666666666665,94,0
64112,84719,CB4094,unknown,L,94,1679,0.05598570577724836,94,0
4040,14353,GNG308,unknown,R,93,861,0.10801393728222997,12,81
6500,17101,DNg106,unknown,L,93,871,0.10677382319173363,72,21
9504,20468,PS312,unknown,R,92,1216,0.0756578947368421,31,61
12078,23327,CB2000,unknown,L,92,710,0.1295774647887324,92,0
136054,533664,CB3865,unknown,L,91,338,0.2692307692307692,91,0
1190,11282,AMMC011,unknown,R,90,1234,0.07293354943273905,2,88
16917,28756,DNg08,unknown,L,90,589,0.15280135823429541,90,0
17870,29818,AMMC019,unknown,L,90,740,0.12162162162162163,80,10
54321,72475,CB3741,unknown,L,90,620,0.14516129032258066,90,0
130869,520655,WED208,unknown,L,90,1025,0.08780487804878048,90,0
135225,531945,AMMC026,unknown,R,90,494,0.18218623481781376,0,90
616,10664,DNp33,unknown,R,89,2283,0.03898379325448971,0,89
7966,18738,AMMC023,unknown,R,89,550,0.1618181818181818,0,89
14313,25831,WED083,unknown,R,89,535,0.16635514018691588,89,0
134115,529712,SAD030,unknown,L,89,393,0.22646310432569974,89,0
20003,32267,AMMC036,unknown,L,88,812,0.10837438423645321,88,0
64913,85762,CB3865,unknown,L,88,320,0.275,88,0
131139,521235,AMMC014,unknown,L,88,726,0.12121212121212122,88,0
139733,544721,CB3747,unknown,L,88,518,0.16988416988416988,88,0
7715,18455,AN17B008,unknown,L,87,2376,0.036616161616161616,87,0
24096,36902,CB3798,unknown,L,87,494,0.17611336032388664,87,0
131772,523329,DNa10,unknown,L,87,15062,0.005776125348559288,80,7
136658,534901,unknown,unknown,R,87,762,0.1141732283464567,67,20
7406,18110,DNge145,unknown,L,86,1049,0.08198284080076262,86,0
20177,32463,CB2000,unknown,L,86,655,0.13129770992366413,86,0
31090,44823,AMMC006,unknown,R,86,680,0.1264705882352941,9,77
43928,59803,CB1265,unknown,L,86,646,0.13312693498452013,86,0
130108,519314,AMMC004,unknown,R,86,515,0.1669902912621359,0,86
132147,524143,CB2440,unknown,R,86,469,0.18336886993603413,0,86
1361,11458,DNge043,unknown,L,85,5098,0.016673205178501373,85,0
13979,25461,DNg08,unknown,R,85,574,0.1480836236933798,0,85
21351,33794,GNG440,unknown,L,85,714,0.11904761904761904,85,0
32797,46778,AMMC005,unknown,R,85,353,0.24079320113314448,77,8
98650,134244,CB2081_b,unknown,L,85,318,0.2672955974842767,85,0
126545,513258,AMMC020,unknown,R,85,614,0.13843648208469056,57,28
132967,525812,DNge091,unknown,R,85,763,0.11140235910878113,0,85
15177,26804,AMMC025,unknown,R,84,570,0.14736842105263157,0,84
127753,515381,CB3742,unknown,L,84,590,0.1423728813559322,84,0
138438,541655,GNG634,unknown,R,84,674,0.12462908011869436,0,84
5050,15485,DNge145,unknown,L,83,1094,0.07586837294332724,83,0
5073,15509,DNge091,unknown,R,83,770,0.10779220779220779,0,83
13338,24746,SAD003,unknown,R,83,687,0.12081513828238719,0,83
33128,47160,CB2558,unknown,L,83,292,0.2842465753424658,83,0
692,10748,CB0214,unknown,R,82,6952,0.011795166858457998,0,82
5574,16073,AMMC035,unknown,L,82,572,0.14335664335664336,82,0
24140,36947,WED102,unknown,L,82,501,0.16367265469061876,82,0
34263,48470,CB1265,unknown,L,82,480,0.17083333333333334,82,0
105764,148579,CB1394_a,unknown,R,82,307,0.2671009771986971,0,82
1549,11661,WED208,unknown,R,81,2609,0.0310463779225757,0,81
13261,24657,DNge091,unknown,L,81,644,0.12577639751552794,81,0
32971,46984,CB1265,unknown,L,81,468,0.17307692307692307,81,0
16201,27950,AMMC019,unknown,R,80,640,0.125,42,38
19158,31304,CB0986,unknown,R,80,576,0.1388888888888889,0,80
19224,31381,DNg08,unknown,L,80,387,0.20671834625322996,80,0
23937,36715,CB0986,unknown,R,80,381,0.2099737532808399,0,80
137868,539215,AMMC019,unknown,R,80,987,0.08105369807497467,33,47
3290,13522,SAD051_b,unknown,L,79,1167,0.0676949443016281,79,0
10684,21783,AN27X008,unknown,R,78,1906,0.040923399790136414,53,25
12730,24058,DNge014,unknown,L,78,959,0.08133472367049009,78,0
22447,35036,CB1094,unknown,R,78,706,0.11048158640226628,19,59
133320,526708,WED204,unknown,L,78,612,0.12745098039215685,78,0
137084,535963,DNge014,unknown,R,78,1121,0.0695807314897413,0,78
4550,14926,CB0591,unknown,R,77,1773,0.04342921601804851,0,77
8556,19400,CB4094,unknown,L,77,1794,0.04292084726867335,77,0
27903,41197,CB2710,unknown,L,77,637,0.12087912087912088,77,0
31438,45232,CB1265,unknown,R,77,712,0.10814606741573034,0,77
126966,514028,CB1094,unknown,R,77,798,0.09649122807017543,64,13
142585,556586,AN27X008,unknown,L,77,2016,0.03819444444444445,23,54
27434,40680,PS037,unknown,R,76,686,0.11078717201166181,1,75
127831,515512,JO-ED2_b,L,unknown,76,228,0.3333333333333333,67,9
22082,34624,CB1265,unknown,R,75,490,0.15306122448979592,0,75
27710,40980,CB2351,unknown,L,75,647,0.11591962905718702,75,0
557,10598,WED191,unknown,M,74,4113,0.01799173352783856,74,0
736,10795,SAD051_a,unknown,L,74,1097,0.0674567000911577,74,0
2427,12594,WED069,unknown,L,74,2363,0.03131612357173085,74,0
6485,17084,CB1145,unknown,L,74,479,0.1544885177453027,74,0
16057,27790,CB2000,unknown,R,74,795,0.0930817610062893,0,74
2609,12790,CB2585,unknown,L,73,535,0.13644859813084112,73,0
5412,15886,OCC01b,unknown,R,73,1214,0.06013179571663921,32,41
8979,19871,DNg06,unknown,L,73,531,0.1374764595103578,65,8
15811,27517,AMMC025,unknown,R,73,556,0.13129496402877697,0,73
32291,46194,WEDPN8C,unknown,L,73,493,0.14807302231237324,73,0
83837,111482,CB2440,unknown,R,73,384,0.19010416666666666,0,73
7317,18010,SAD001,unknown,L,72,905,0.07955801104972375,72,0
36206,50726,AMMC005,unknown,R,72,317,0.22712933753943218,56,16
3451,13700,DNg51,unknown,L,71,2935,0.024190800681431004,71,0
14838,26422,CB2270,unknown,R,71,889,0.0798650168728909,0,71
67506,89207,SAD003,unknown,L,71,551,0.12885662431941924,71,0
132498,524789,CL022_c,unknown,L,71,2766,0.02566883586406363,71,0
12718,24043,DNge090,unknown,L,70,660,0.10606060606060606,70,0
14694,26265,CB1094,unknown,L,70,607,0.11532125205930807,66,4
17735,29673,AMMC020,unknown,L,70,486,0.1440329218106996,58,12
19415,31599,CB2440,unknown,R,70,336,0.20833333333333334,0,70
96556,130761,AMMC005,unknown,R,70,264,0.26515151515151514,60,10
127253,514486,CB1030,unknown,L,70,602,0.11627906976744186,67,3
128105,515978,DNg08,unknown,R,70,365,0.1917808219178082,0,70
128850,517196,PS138,unknown,L,70,4926,0.014210312626877792,70,0
142601,556681,AMMC015,unknown,L,70,615,0.11382113821138211,70,0
143720,575760,CB2000,unknown,R,70,647,0.10819165378670788,0,70
127,10141,DNg15,unknown,L,69,9944,0.006938857602574417,0,69
1467,11574,CB0758,unknown,L,69,343,0.20116618075801748,0,69
4191,14529,CB4176,unknown,L,69,1462,0.04719562243502052,69,0
7770,18521,AMMC023,unknown,L,69,831,0.08303249097472924,69,0
10234,21278,DNg106,unknown,L,69,767,0.08996088657105607,58,11
17582,29509,DNg07,unknown,R,69,639,0.107981220657277,1,68
23810,36569,WEDPN8C,unknown,L,69,629,0.10969793322734499,69,0
65974,87162,AMMC002,unknown,R,69,517,0.13346228239845262,69,0
124636,333886,WED207,unknown,L,69,588,0.11734693877551021,69,0
1839,11967,MeVC9,unknown,R,68,2257,0.030128489144882586,46,22
51481,68972,CB3798,unknown,L,68,373,0.18230563002680966,68,0
130982,520900,CB2084,unknown,L,68,708,0.096045197740113,68,0
137540,537419,CB0986,unknown,R,68,494,0.13765182186234817,0,68
142542,556304,SAD006,unknown,L,68,589,0.11544991511035653,68,0
899,10972,AMMC034_b,unknown,L,67,1294,0.0517774343122102,67,0
14737,26311,AMMC001,unknown,R,67,631,0.10618066561014262,49,18
33990,48158,AMMC007,unknown,R,67,309,0.2168284789644013,57,10
40498,55732,CB2558,unknown,R,67,245,0.27346938775510204,0,67
54913,73239,AMMC005,unknown,L,67,371,0.18059299191374664,23,44
77187,102266,AMMC025,unknown,R,67,631,0.10618066561014262,0,67
134499,530460,SAD080,unknown,R,67,863,0.0776361529548088,0,67
138658,542200,CB1265,unknown,R,67,580,0.11551724137931034,0,67
8932,19819,CB0986,unknown,R,66,355,0.18591549295774648,0,66
18196,30194,SAD013,unknown,L,66,9137,0.0072233774761956875,66,0
38481,53384,CB1094,unknown,R,66,598,0.11036789297658862,32,34
46409,62798,CB2348,unknown,L,66,633,0.10426540284360189,66,0
107367,152505,PS037,unknown,R,66,436,0.15137614678899083,44,22
131339,521633,MeVC9,unknown,L,66,2508,0.02631578947368421,51,15
1705,11827,CB1076,unknown,R,65,1696,0.038325471698113206,0,65
7293,17981,WED194,unknown,L,65,1454,0.04470426409903714,65,0
13989,25471,SAD006,unknown,L,65,864,0.07523148148148148,65,0
20634,32987,CB4038,unknown,R,65,1021,0.06366307541625857,9,56
126965,514025,DNg106,unknown,R,65,282,0.23049645390070922,35,30
128475,516599,CB2000,unknown,R,65,766,0.08485639686684072,0,65
128875,517233,WED143_c,unknown,L,65,593,0.10961214165261383,65,0
1689,11811,WED207,unknown,L,64,963,0.06645898234683281,64,0
3582,13841,CB1055,unknown,L,64,444,0.14414414414414414,64,0
60734,80498,CB1394_a,unknown,R,64,369,0.17344173441734417,0,64
138295,540462,DNge154,unknown,L,64,555,0.11531531531531532,64,0
5740,16257,DNge091,unknown,R,63,705,0.08936170212765958,0,63
21635,34117,WED26,unknown,L,63,538,0.1171003717472119,63,0
25776,38800,CB2431,unknown,R,63,640,0.0984375,0,63
70210,92817,CB3865,unknown,L,63,324,0.19444444444444445,63,0
127833,515514,JO-ED2_b,L,unknown,63,185,0.34054054054054056,62,1
7778,18532,DNg09_a,unknown,R,62,576,0.1076388888888889,0,62
9976,20996,AMMC036,unknown,L,62,703,0.08819345661450925,62,0
10617,21713,AMMC014,unknown,R,62,792,0.07828282828282829,0,62
12517,23819,DNge111,unknown,R,62,501,0.12375249500998003,0,62
14986,26591,DNg07,unknown,R,62,520,0.11923076923076924,11,51
15937,27660,WED204,unknown,L,62,545,0.11376146788990826,62,0
73547,97257,unknown,unknown,R,62,207,0.2995169082125604,0,62
102634,141883,AMMC005,unknown,L,62,239,0.2594142259414226,12,50
125967,512176,CB2824,unknown,L,62,1877,0.03303143313798615,62,0
129194,517830,DNge030,unknown,R,62,1885,0.03289124668435013,0,62
132109,524081,PS138,unknown,R,62,5648,0.010977337110481586,4,58
134434,530356,WED143_c,unknown,L,62,600,0.10333333333333333,62,0
140010,545433,unknown,unknown,L,62,625,0.0992,51,11
850,10920,GNG100,unknown,R,61,5220,0.011685823754789272,0,61
15738,27437,DNg07,unknown,R,61,470,0.12978723404255318,1,60
19903,32151,CB1265,unknown,R,61,578,0.10553633217993079,0,61
20166,32450,CB0986,unknown,R,61,362,0.1685082872928177,0,61
87009,115983,WEDPN8C,unknown,L,61,453,0.1346578366445916,61,0
131461,522302,SAD051_a,unknown,L,61,1129,0.054030115146147036,61,0
858,10928,LPT59,unknown,R,60,2753,0.02179440610243371,0,60
9147,20060,CB1942,unknown,L,60,618,0.0970873786407767,59,1
12420,23715,DNge093,unknown,L,60,769,0.07802340702210664,60,0
60385,80066,WEDPN8C,unknown,L,60,419,0.1431980906921241,60,0
122772,238699,DNg07,unknown,R,60,423,0.14184397163120568,2,58
125146,411306,DNg08,unknown,L,60,496,0.12096774193548387,60,0
129557,518426,AN01A086,unknown,L,60,1998,0.03003003003003003,57,3
991,11071,CB0530,unknown,L,59,1973,0.029903699949315764,59,0
1935,12069,DNp15,unknown,L,59,3730,0.01581769436997319,59,0
14982,26587,DNg08,unknown,R,59,452,0.13053097345132744,0,59
15386,27041,DNg08,unknown,L,59,378,0.15608465608465608,59,0
20467,32792,CB1145,unknown,L,59,545,0.10825688073394496,59,0
22442,35031,CB2800,unknown,R,59,1557,0.03789338471419396,0,59
22470,35061,CB3739,unknown,L,59,853,0.06916764361078546,59,0
103671,143974,CB1585,unknown,L,59,358,0.164804469273743,59,0
2284,12441,CB4176,unknown,R,58,594,0.09764309764309764,0,58
11830,23046,WED056,unknown,L,58,1260,0.046031746031746035,58,0
33459,47539,CB2431,unknown,R,58,492,0.11788617886178862,0,58
48103,64838,CB3738,unknown,L,58,453,0.1280353200883002,58,0
82775,109982,WEDPN8C,unknown,L,58,538,0.10780669144981413,58,0
132814,525402,CB3682,unknown,R,58,1751,0.03312392918332382,0,58
9536,20504,SAD116,unknown,R,57,950,0.06,0,57
47120,63655,WED102,unknown,R,57,398,0.14321608040201006,0,57
61816,81849,AMMC005,unknown,L,57,278,0.20503597122302158,32,25
130240,519538,DNg24,unknown,R,57,2691,0.021181716833890748,9,48
1293,11389,CB1074,unknown,L,56,1902,0.029442691903259727,56,0
28891,42315,SAD047,unknown,L,56,775,0.07225806451612904,55,1
42694,58325,GNG634,unknown,L,56,566,0.0989399293286219,56,0
80694,107100,CB1213,unknown,L,56,691,0.08104196816208394,56,0
72856,96320,WED102,unknown,L,55,408,0.13480392156862744,55,0
12089,23341,DNg110,unknown,L,54,1218,0.04433497536945813,54,0
20602,32951,unknown,unknown,R,54,963,0.056074766355140186,0,54
17675,29609,DNg08,unknown,R,53,429,0.12354312354312354,0,53
28047,41364,CB2050,unknown,L,53,753,0.0703851261620186,53,0
28657,42061,AMMC018,unknown,L,53,537,0.09869646182495345,50,3
42290,57861,WED143_d,unknown,L,53,703,0.07539118065433854,53,0
52871,70685,SAD011,unknown,L,53,329,0.16109422492401215,53,0
54732,73005,JO-EV3,L,unknown,53,190,0.2789473684210526,50,3
69615,92035,JO-EV3,L,unknown,53,167,0.31736526946107785,53,0
71972,95144,JO-EV3,L,unknown,53,265,0.2,53,0
129387,518123,AN06B090,unknown,R,53,949,0.05584826132771338,53,0
4561,14938,AMMC035,unknown,R,52,427,0.12177985948477751,0,52
4614,14995,WED205,unknown,L,52,661,0.07866868381240545,52,0
13983,25465,DNg07,unknown,R,52,430,0.12093023255813953,2,50
22455,35044,unknown,unknown,L,52,894,0.058165548098434,52,0
24720,37603,CB0986,unknown,R,52,427,0.12177985948477751,0,52
44918,61001,CB2348,unknown,L,52,631,0.08240887480190175,52,0
125744,511752,CB0307,unknown,L,52,3746,0.013881473571809931,52,0
3866,14155,CB2940,unknown,R,51,2578,0.01978277734678045,0,51
7642,18373,AN17B007,unknown,L,51,1493,0.03415941058271936,51,0
18494,30536,CB3739,unknown,R,51,916,0.055676855895196505,0,51
20250,32539,CB2440,unknown,R,51,523,0.09751434034416825,0,51
21728,34217,CB2963,unknown,L,51,860,0.05930232558139535,51,0
33727,47856,AMMC018,unknown,L,51,553,0.0922242314647378,44,7
34059,48236,AMMC005,unknown,L,51,328,0.15548780487804878,24,27
123578,261604,DNg07,unknown,R,51,560,0.09107142857142857,3,48
126792,513709,CB4118,unknown,L,51,1884,0.027070063694267517,51,0
15809,27515,CB4094,unknown,L,50,1298,0.03852080123266564,50,0
20586,32933,unknown,unknown,L,50,548,0.09124087591240876,50,0
22451,35040,WED057,unknown,L,50,564,0.08865248226950355,50,0
35795,50254,CB1055,unknown,L,50,338,0.14792899408284024,50,0
1985,12124,WED191,unknown,M,49,3981,0.012308465209746294,49,0
45622,61852,CB1493,unknown,L,49,450,0.10888888888888888,49,0
50345,67569,CB1030,unknown,R,49,576,0.08506944444444445,5,44
53933,71994,unknown,unknown,L,49,486,0.10082304526748971,49,0
121227,217430,DNg06,unknown,L,49,430,0.11395348837209303,49,0
2196,12350,CB3742,unknown,R,48,1226,0.03915171288743882,1,47
15246,26885,CB3739,unknown,L,48,915,0.05245901639344262,48,0
35216,49576,WED143_d,unknown,L,48,710,0.0676056338028169,48,0
47647,64293,JO-ED2_b,L,unknown,48,163,0.294478527607362,41,7
52714,70494,SAD011,unknown,L,48,196,0.24489795918367346,48,0
130183,519457,CB0758,unknown,R,48,282,0.1702127659574468,0,48
165646,572394633,JO-ED2_a,L,unknown,48,184,0.2608695652173913,48,0
1470,11578,GNG315,unknown,R,47,3825,0.012287581699346406,0,47
10903,22024,DNge181,unknown,R,47,727,0.06464924346629987,0,47
15195,26824,DNg08,unknown,R,47,416,0.11298076923076923,0,47
16699,28506,GNG440,unknown,L,47,561,0.08377896613190731,47,0
19658,31875,AMMC019,unknown,R,47,630,0.0746031746031746,14,33
25706,38727,JO-EV3,L,unknown,47,218,0.21559633027522937,47,0
28106,41428,CB2205,unknown,R,47,1035,0.04541062801932367,2,45
84299,112103,WED103,unknown,L,47,436,0.10779816513761468,47,0
88286,117849,CB1030,unknown,R,47,507,0.09270216962524655,12,35
123484,258513,DNge093,unknown,R,47,619,0.07592891760904685,0,47
1355,11451,SAD051_a,unknown,R,46,869,0.05293440736478711,0,46
2398,12564,CB0540,unknown,R,46,3722,0.012358946802794197,0,46
3184,13403,DNp21,unknown,L,46,4404,0.01044504995458674,46,0
10371,21428,DNge091,unknown,R,46,725,0.06344827586206897,0,46
10550,21638,SAD005,unknown,L,46,864,0.05324074074074074,46,0
14621,26182,DNg08,unknown,L,46,452,0.10176991150442478,46,0
22126,34674,GNG635,unknown,L,46,482,0.0954356846473029,46,0
32977,46990,AMMC018,unknown,L,46,476,0.09663865546218488,46,0
46468,62868,JO-EV3,L,unknown,46,223,0.2062780269058296,46,0
60401,80085,CL022_b,unknown,L,46,2668,0.017241379310344827,46,0
64878,85715,CB2205,unknown,L,46,758,0.06068601583113457,46,0
111624,165202,WEDPN8B,unknown,L,46,147,0.3129251700680272,46,0
126511,513202,CB1222,unknown,L,46,1112,0.04136690647482014,46,0
127832,515513,JO-ED2_b,L,unknown,46,190,0.24210526315789474,46,0
134559,530572,JO-ED2_a,L,unknown,46,209,0.22009569377990432,46,0
9742,20729,WED084,unknown,R,45,536,0.08395522388059702,45,0
16747,28563,CB1094,unknown,R,45,656,0.06859756097560976,35,10
27689,40955,CB3381,unknown,L,45,828,0.05434782608695652,45,0
65014,85904,JO-ED2_a,L,unknown,45,134,0.3358208955223881,45,0
131812,523435,DNg09_a,unknown,R,45,620,0.07258064516129033,0,45
4574,14952,DNg09_b,unknown,L,44,854,0.05152224824355972,44,0
5077,15513,WED106,unknown,L,44,1426,0.030855539971949508,41,3
9089,19994,DNge091,unknown,R,44,585,0.07521367521367521,0,44
15987,27715,DNg08,unknown,R,44,336,0.13095238095238096,0,44
28507,41887,WED167,unknown,R,44,692,0.06358381502890173,0,44
114356,176004,JO-EV3,L,unknown,44,186,0.23655913978494625,44,0
135125,531712,JO-EV3,L,unknown,44,201,0.21890547263681592,44,0
351,10379,DNa10,unknown,R,43,15132,0.0028416600581549034,4,39
1932,12066,SAD051_a,unknown,L,43,936,0.045940170940170943,43,0
5616,16118,DNge145,unknown,R,43,817,0.05263157894736842,0,43
9009,19905,CB3631,unknown,R,43,749,0.05740987983978638,0,43
19372,31546,SAD116,unknown,R,43,655,0.06564885496183206,0,43
29939,43512,CB1030,unknown,L,43,609,0.07060755336617405,42,1
123436,256622,JO-ED2_b,L,unknown,43,109,0.3944954128440367,43,0
126862,513830,unknown,unknown,R,43,753,0.057104913678618856,38,5
133770,529031,GNG300,unknown,L,43,7697,0.00558659217877095,34,9
144140,581202,CB2309,unknown,L,43,329,0.13069908814589665,43,0
164297,929401,JO-ED2_b,L,unknown,43,161,0.2670807453416149,37,6
640,10688,CB0533,unknown,R,42,3685,0.011397557666214383,0,42
4506,14875,WED207,unknown,R,42,1011,0.04154302670623145,0,42
16525,28313,SAD030,unknown,R,42,766,0.05483028720626632,0,42
17085,28949,DNg07,unknown,R,42,506,0.08300395256916997,0,42
20080,32352,WED057,unknown,L,42,619,0.06785137318255251,42,0
20747,33117,CB4037,unknown,R,42,1166,0.036020583190394515,0,42
26593,39717,GNG440,unknown,L,42,528,0.07954545454545454,42,0
57125,75970,JO-EV3,L,unknown,42,167,0.25149700598802394,42,0
121780,223170,DNge145,unknown,R,42,838,0.050119331742243436,0,42
123303,252053,JO-ED2_a,L,unknown,42,185,0.22702702702702704,36,6
131896,523643,CB0307,unknown,R,42,4119,0.010196649672250545,0,42
135557,532627,JO-EV3,L,unknown,42,161,0.2608695652173913,42,0
3966,14271,DNae006,unknown,L,41,2178,0.018824609733700644,41,0
7159,17830,SAD117,unknown,L,41,1109,0.0369702434625789,41,0
8675,19532,WED206,unknown,L,41,729,0.056241426611796985,41,0
10508,21589,DNge111,unknown,R,41,367,0.11171662125340599,0,41
25988,39039,CB4143,unknown,R,41,597,0.06867671691792294,25,16
49119,66066,CB4104,unknown,L,41,315,0.13015873015873017,41,0
72204,95452,CB1849,unknown,L,41,368,0.11141304347826086,41,0
128027,515842,WED082,unknown,R,41,1134,0.036155202821869487,41,0
138826,542561,IPS001,unknown,L,41,650,0.06307692307692307,41,0
140250,546181,CB2081_b,unknown,L,41,225,0.18222222222222223,41,0
4617,14998,CB1538,unknown,L,40,1555,0.02572347266881029,40,0
5047,15482,WED207,unknown,R,40,1012,0.039525691699604744,0,40
5129,15575,DNge030,unknown,L,40,1677,0.02385211687537269,40,0
7048,17710,GNG635,unknown,L,40,398,0.10050251256281408,40,0
28713,42121,JO-ED2_c,L,unknown,40,232,0.1724137931034483,40,0
31271,45031,SAD007,unknown,L,40,470,0.0851063829787234,40,0
31484,45284,CB2084,unknown,L,40,628,0.06369426751592357,40,0
47019,63538,SAD019,unknown,L,40,273,0.14652014652014653,40,0
59947,79513,JO-EV3,L,unknown,40,142,0.28169014084507044,40,0
79575,105512,CB3865,unknown,R,40,231,0.17316017316017315,0,40
122990,243520,JO-ED2_b,L,unknown,40,92,0.43478260869565216,36,4
126099,512412,SAD014,unknown,L,40,1810,0.022099447513812154,40,0
131243,521463,CB3201,unknown,L,40,677,0.059084194977843424,40,0
136272,534097,JO-ED2_a,L,unknown,40,136,0.29411764705882354,40,0
144159,581252,CB3743,unknown,R,40,245,0.16326530612244897,0,40
469,10506,DNg37,unknown,R,39,7843,0.004972587020272855,39,0
1352,11448,OCG06,unknown,R,39,1971,0.0197869101978691,3,36
10002,21026,CB2371,unknown,L,39,2111,0.018474656560871626,39,0
11288,22441,CB2228,unknown,L,39,1075,0.03627906976744186,39,0
12063,23311,CB3739,unknown,R,39,1079,0.03614457831325301,0,39
28692,42099,AMMC007,unknown,L,39,317,0.12302839116719243,7,32
35162,49513,JO-ED2_a,L,unknown,39,114,0.34210526315789475,38,1
42977,58657,CB2431,unknown,R,39,636,0.06132075471698113,0,39
66544,87929,WEDPN8C,unknown,R,39,627,0.06220095693779904,0,39
109894,159517,JO-ED2_c,L,unknown,39,146,0.2671232876712329,39,0
130859,520628,CB0591,unknown,R,39,3525,0.011063829787234043,0,39
137539,537417,CB0986,unknown,R,39,357,0.1092436974789916,0,39
694,10750,MeVC3,unknown,R,38,2140,0.017757009345794394,29,9
1677,11797,DNge041,unknown,L,38,5520,0.006884057971014493,38,0
2957,13157,PS230,unknown,R,38,2842,0.013370865587614356,0,38
5337,15799,CB1942,unknown,R,38,552,0.06884057971014493,0,38
7813,18572,AN06B090,unknown,L,38,1292,0.029411764705882353,0,38
8403,19221,CB2789,unknown,L,38,888,0.04279279279279279,38,0
13150,24528,CB1942,unknown,R,38,456,0.08333333333333333,1,37
17691,29626,WEDPN8C,unknown,R,38,625,0.0608,0,38
63043,83377,WED098,unknown,L,38,768,0.049479166666666664,38,0
63680,84184,JO-CM,L,unknown,38,136,0.27941176470588236,38,0
78529,104113,JO-ED2_b,L,unknown,38,153,0.24836601307189543,37,1
94181,126859,JO-ED2_c,L,unknown,38,182,0.2087912087912088,38,0
126864,513832,unknown,unknown,L,38,713,0.05329593267882188,38,0
130375,519817,PS080,unknown,L,38,4495,0.008453837597330366,38,0
133789,529073,JO-EV3,L,unknown,38,168,0.2261904761904762,38,0
142731,557828,JO-EV3,L,unknown,38,216,0.17592592592592593,38,0
1400,11500,DNge043,unknown,R,37,5033,0.00735148023047884,0,37
2026,12168,WEDPN9,unknown,R,37,2700,0.013703703703703704,0,37
4938,15352,CB3692,unknown,R,37,1386,0.026695526695526696,0,37
5579,16078,DNge181,unknown,R,37,764,0.04842931937172775,0,37
15343,26997,WEDPN8C,unknown,R,37,707,0.05233380480905234,0,37
15645,27336,CB2347,unknown,L,37,619,0.05977382875605816,37,0
15763,27466,SAD030,unknown,R,37,521,0.0710172744721689,0,37
27466,40714,GNG662,unknown,R,37,419,0.0883054892601432,37,0
33354,47421,AMMC018,unknown,R,37,578,0.06401384083044982,0,37
49402,66406,PS076,unknown,L,37,623,0.0593900481540931,37,0
83000,110293,CB1094,unknown,L,37,505,0.07326732673267326,29,8
84527,112427,JO-ED1,L,unknown,37,140,0.2642857142857143,37,0
87411,116584,CB3865,unknown,R,37,265,0.13962264150943396,0,37
122877,241065,JO-ED1,L,unknown,37,125,0.296,37,0
1125,11216,PS230,unknown,R,36,3254,0.011063306699446834,0,36
2008,12150,CB1542,unknown,R,36,1091,0.03299725022914757,0,36
3278,13507,DNg51,unknown,R,36,2790,0.012903225806451613,0,36
8069,18850,SAD021,unknown,L,36,1955,0.018414322250639385,36,0
9546,20515,DNg08,unknown,R,36,395,0.09113924050632911,0,36
20562,32907,SAD030,unknown,R,36,719,0.05006954102920723,0,36
25245,38194,IPS001,unknown,L,36,591,0.06091370558375635,36,0
25487,38473,CB3745,unknown,R,36,534,0.06741573033707865,0,36
29791,43350,WED26,unknown,L,36,570,0.06315789473684211,36,0
41454,56882,AMMC002,unknown,R,36,318,0.11320754716981132,35,1
51301,68750,JO-ED2_b,L,unknown,36,185,0.1945945945945946,33,3
125937,512124,AMMC015,unknown,R,36,573,0.06282722513089005,0,36
426,10462,GNG636,unknown,R,35,3008,0.01163563829787234,0,35
21792,34290,AMMC017,unknown,R,35,532,0.06578947368421052,35,0
22973,35625,AMMC018,unknown,R,35,442,0.07918552036199095,0,35
23406,36115,PS096,unknown,L,35,1388,0.02521613832853026,35,0
33926,48081,CB1055,unknown,R,35,278,0.12589928057553956,0,35
66188,87455,CB3865,unknown,R,35,219,0.1598173515981735,0,35
2333,12494,CB1076,unknown,R,34,1880,0.018085106382978722,0,34
2638,12820,SAD051_b,unknown,L,34,1053,0.032288698955365625,34,0
4389,14746,LAL304m,unknown,L,34,2242,0.015165031222123104,34,0
9585,20558,AVLP120,unknown,L,34,947,0.03590285110876452,34,0
12467,23764,WED082,unknown,R,34,845,0.040236686390532544,34,0
12843,24184,DNg110,unknown,L,34,1091,0.031164069660861594,34,0
13401,24817,CB2270,unknown,R,34,1177,0.02888700084961767,0,34
15191,26820,CB2653,unknown,L,34,426,0.07981220657276995,28,6
24722,37606,CB3745,unknown,R,34,565,0.06017699115044248,0,34
63254,83648,JO-ED1,L,unknown,34,166,0.20481927710843373,34,0
74493,98583,JO-EV3,L,unknown,34,139,0.2446043165467626,34,0
75903,100487,JO-ED2_a,L,unknown,34,176,0.19318181818181818,34,0
95311,128729,JO-EV3,L,unknown,34,132,0.25757575757575757,34,0
125469,491302,JO-EV3,L,unknown,34,108,0.3148148148148148,34,0
131140,521236,GNG144,unknown,R,34,3529,0.009634457353357892,0,34
131242,521462,SAD117,unknown,L,34,685,0.049635036496350364,34,0
142126,552858,DNg06,unknown,R,34,454,0.07488986784140969,2,32
177,10196,CB0530,unknown,R,33,1814,0.018191841234840134,1,32
4211,14550,unknown,unknown,R,33,2358,0.013994910941475827,0,33
32722,46687,CB2050,unknown,L,33,664,0.04969879518072289,33,0
49317,66302,JO-EV6,L,unknown,33,169,0.1952662721893491,33,0
54799,73090,WEDPN8C,unknown,L,33,496,0.06653225806451613,33,0
95172,128514,AMMC002,unknown,R,33,219,0.1506849315068493,33,0
115508,181666,JO-ED2_a,L,unknown,33,171,0.19298245614035087,33,0
124563,325429,JO-ED1,L,unknown,33,87,0.3793103448275862,33,0
124987,382609,JO-ED1,L,unknown,33,139,0.23741007194244604,33,0
129852,518887,JO-ED2_c,L,unknown,33,121,0.2727272727272727,33,0
133788,529072,JO-EV3,L,unknown,33,135,0.24444444444444444,33,0
144045,580846,WED056,unknown,L,33,1283,0.025720966484801246,33,0
2725,12913,GNG545,unknown,R,32,2817,0.011359602413915513,0,32
4430,14790,IB096,unknown,L,32,720,0.044444444444444446,32,0
10089,21122,DNg02_a,unknown,L,32,1296,0.024691358024691357,32,0
15351,27005,GNG440,unknown,R,32,654,0.04892966360856269,0,32
16873,28704,GNG657,unknown,R,32,667,0.047976011994003,32,0
20567,32912,JO-EV6,L,unknown,32,160,0.2,32,0
54766,73049,CB3024,unknown,L,32,1078,0.029684601113172542,32,0
54927,73254,WED102,unknown,R,32,324,0.09876543209876543,0,32
61706,81710,WED167,unknown,L,32,631,0.05071315372424723,32,0
61879,81928,AMMC018,unknown,L,32,339,0.0943952802359882,32,0
63345,83763,CB2050,unknown,L,32,617,0.05186385737439222,32,0
75123,99446,CB2558,unknown,L,32,152,0.21052631578947367,32,0
85176,113345,JO-EV3,L,unknown,32,226,0.1415929203539823,32,0
117239,190501,JO-ED2_a,L,unknown,32,88,0.36363636363636365,32,0
119409,203146,DNg06,unknown,R,32,601,0.05324459234608985,1,31
120979,215110,JO-ED2_a,L,unknown,32,154,0.2077922077922078,32,0
128252,516228,CB3207,unknown,L,32,587,0.054514480408858604,32,0
128480,516606,JO-ED2_b,R,unknown,32,177,0.1807909604519774,2,30
129332,518039,WED055_a,unknown,L,32,1148,0.027874564459930314,32,0
130696,520386,ANXXX108,unknown,L,32,2319,0.013799051315222079,29,3
137204,536298,WEDPN8B,unknown,L,32,177,0.1807909604519774,32,0
1533,11645,GNG583,unknown,R,31,3333,0.0093009300930093,1,30
2820,13012,SAD117,unknown,L,31,602,0.05149501661129568,30,1
10535,21623,CB4118,unknown,L,31,1682,0.018430439952437573,31,0
43655,59461,WED161,unknown,L,31,393,0.07888040712468193,31,0
59703,79206,IB026,unknown,L,31,1794,0.017279821627647716,31,0
68954,91150,AMMC017,unknown,R,31,392,0.07908163265306123,30,1
88521,118191,JO-ED2_a,L,unknown,31,139,0.22302158273381295,31,0
109131,157313,CB2309,unknown,L,31,284,0.10915492957746478,31,0
132532,524847,CB3741,unknown,R,31,598,0.051839464882943144,0,31
136089,533748,GNG633,unknown,L,31,3417,0.009072285630670179,31,0
165839,758504623,JO-ED2_a,L,unknown,31,138,0.2246376811594203,31,0
52,10065,DNb05,unknown,R,30,17684,0.0016964487672472292,0,30
1637,11754,SAD052,unknown,R,30,1217,0.024650780608052588,0,30
10858,21977,CB4094,unknown,R,30,1335,0.02247191011235955,0,30
10947,22073,CB1055,unknown,R,30,374,0.08021390374331551,0,30
12182,23446,CB3201,unknown,L,30,1387,0.021629416005767843,30,0
36468,51029,JO-ED2_c,L,unknown,30,160,0.1875,30,0
58343,77456,SAD003,unknown,R,30,555,0.05405405405405406,0,30
67203,88802,AMMC036,unknown,R,30,549,0.0546448087431694,0,30
94061,126654,JO-EV6,L,unknown,30,122,0.2459016393442623,30,0
98355,133748,JO-ED2_a,L,unknown,30,130,0.23076923076923078,30,0
105716,148451,JO-ED2_a,L,unknown,30,177,0.1694915254237288,30,0
113832,173861,AVLP120,unknown,L,30,1017,0.029498525073746312,30,0
122906,241662,JO-ED2_a,L,unknown,30,157,0.1910828025477707,30,0
129164,517777,WED103,unknown,R,30,379,0.079155672823219,0,30
136092,533751,CB0466,unknown,L,30,5776,0.005193905817174515,30,0
142430,555497,CB3739,unknown,R,30,847,0.03541912632821724,0,30
1907,12040,SAD051_a,unknown,R,29,883,0.03284258210645526,0,29
2100,12246,SAD051_b,unknown,R,29,988,0.029352226720647773,0,29
4549,14925,WED182,unknown,L,29,2599,0.011158137745286649,29,0
10384,21443,AVLP120,unknown,L,29,1155,0.025108225108225107,29,0
13484,24908,CB2366,unknown,R,29,1078,0.026901669758812616,0,29
24675,37553,CB3381,unknown,R,29,1017,0.028515240904621434,0,29
29352,42848,AMMC015,unknown,L,29,389,0.07455012853470437,29,0
47688,64345,AMMC018,unknown,L,29,521,0.05566218809980806,29,0
62084,82178,JO-ED2_c,L,unknown,29,185,0.15675675675675677,29,0
62692,82928,JO-ED2_b,L,unknown,29,105,0.2761904761904762,27,2
69632,92053,CB3865,unknown,R,29,256,0.11328125,0,29
77035,102055,CB2205,unknown,L,29,439,0.06605922551252848,29,0
83870,111529,JO-EV1,L,unknown,29,216,0.13425925925925927,29,0
131100,521171,CB0629,unknown,R,29,4160,0.0069711538461538465,0,29
133544,527267,GNG635,unknown,L,29,396,0.07323232323232323,29,0
136093,533752,CB1948,unknown,L,29,2032,0.014271653543307087,29,0
137588,537520,CB0390,unknown,R,29,545,0.05321100917431193,29,0
143131,562509,JO-ED2_b,R,unknown,29,125,0.232,8,21
165109,131817457,JO-EV3,R,unknown,29,104,0.27884615384615385,0,29
3238,13464,WED069,unknown,R,28,2787,0.010046645138141371,0,28
3879,14169,GNG575,unknown,L,28,3265,0.008575803981623277,28,0
5483,15966,WED106,unknown,R,28,2007,0.013951170901843548,18,10
5494,15979,GNG666,unknown,R,28,1118,0.025044722719141325,0,28
8668,19524,SAD200m,unknown,L,28,692,0.04046242774566474,28,0
11980,23220,DNge111,unknown,R,28,389,0.07197943444730077,0,28
21878,34388,JO-EV1,L,unknown,28,174,0.16091954022988506,28,0
35867,50338,WEDPN8C,unknown,R,28,451,0.06208425720620843,0,28
35884,50360,CB1030,unknown,L,28,481,0.058212058212058215,28,0
44300,60254,WED106,unknown,L,28,1639,0.017083587553386213,28,0
58192,77273,JO-EV3,L,unknown,28,212,0.1320754716981132,28,0
65302,86281,JO-EV5,L,unknown,28,252,0.1111111111111111,28,0
76449,101240,JO-ED1,L,unknown,28,158,0.17721518987341772,28,0
88184,117698,JO-EV1,L,unknown,28,147,0.19047619047619047,28,0
127526,514957,AMMC036,unknown,R,28,623,0.0449438202247191,0,28
128662,516899,AMMC002,unknown,L,28,297,0.09427609427609428,0,28
139356,543768,AMMC002,unknown,L,28,286,0.0979020979020979,0,28
785,10846,DNge107,unknown,R,27,8469,0.003188097768331562,20,7
1555,11667,WED119,unknown,L,27,3743,0.007213465134918514,27,0
2301,12459,WED109,unknown,L,27,3430,0.007871720116618075,27,0
2949,13149,CB3710,unknown,R,27,2112,0.01278409090909091,0,27
17661,29594,DNg08,unknown,R,27,347,0.07780979827089338,0,27
43727,59551,CB1012,unknown,R,27,455,0.05934065934065934,27,0
50938,68307,CB2585,unknown,R,27,495,0.05454545454545454,0,27
77071,102104,WED143_d,unknown,R,27,597,0.04522613065326633,0,27
117609,192450,JO-CM,L,unknown,27,98,0.2755102040816326,27,0
281,10304,DNge041,unknown,R,26,6039,0.00430534856764365,0,26
2429,12596,AMMC009,unknown,R,26,1495,0.017391304347826087,13,13
3525,13781,GNG547,unknown,L,26,2586,0.010054137664346482,26,0
5322,15783,GNG530,unknown,L,26,3032,0.008575197889182058,26,0
12404,23697,PS350,unknown,L,26,556,0.046762589928057555,26,0
14005,25487,CB2475,unknown,L,26,691,0.03762662807525326,26,0
17062,28920,CB2084,unknown,R,26,632,0.04113924050632911,0,26
25127,38064,DNg07,unknown,R,26,358,0.07262569832402235,0,26
25595,38593,AMMC019,unknown,R,26,635,0.04094488188976378,1,25
26059,39123,IPS001,unknown,L,26,674,0.03857566765578635,26,0
32014,45885,SAD011,unknown,L,26,422,0.061611374407582936,26,0
33419,47492,CB4143,unknown,R,26,552,0.04710144927536232,15,11
44531,60534,JO-EV3,L,unknown,26,141,0.18439716312056736,26,0
53865,71912,WEDPN8C,unknown,R,26,520,0.05,0,26
66293,87594,JO-EV1,L,unknown,26,245,0.10612244897959183,26,0
82829,110055,CB1538,unknown,L,26,1135,0.02290748898678414,26,0
84804,112824,JO-ED1,L,unknown,26,147,0.17687074829931973,26,0
103083,142804,JO-EV6,L,unknown,26,105,0.24761904761904763,26,0
120183,208968,JO-EV3,L,unknown,26,104,0.25,26,0
138252,540381,PS076,unknown,L,26,604,0.04304635761589404,26,0
160530,900950,JO-ED2_a,L,unknown,26,163,0.15950920245398773,26,0
164067,919830,JO-ED2_a,L,unknown,26,168,0.15476190476190477,26,0
766,10827,GNG651,unknown,L,25,5704,0.00438288920056101,25,0
2370,12532,WED070,unknown,L,25,1680,0.01488095238095238,25,0
4348,14700,AN01A086,unknown,R,25,1943,0.012866700977869275,22,3
5037,15470,WED207,unknown,R,25,865,0.028901734104046242,0,25
7390,18089,AMMC035,unknown,L,25,505,0.04950495049504951,25,0
12999,24354,DNge090,unknown,R,25,688,0.036337209302325583,0,25
21552,34018,CB4037,unknown,R,25,1485,0.016835016835016835,0,25
21774,34267,unknown,unknown,R,25,537,0.04655493482309125,0,25
22170,34725,GNG638,unknown,R,25,2152,0.011617100371747211,15,10
25795,38822,AMMC016,unknown,R,25,299,0.08361204013377926,23,2
27188,40398,CB4094,unknown,L,25,818,0.030562347188264057,25,0
45846,62123,CB3743,unknown,L,25,286,0.08741258741258741,25,0
91204,122218,CB1585,unknown,R,25,390,0.0641025641025641,0,25
128478,516604,JO-EV3,R,unknown,25,133,0.18796992481203006,0,25
129266,517938,CB3207,unknown,L,25,467,0.05353319057815846,25,0
136071,533713,JO-ED1,L,unknown,25,151,0.16556291390728478,25,0
164098,921745,JO-ED2_b,R,unknown,25,124,0.20161290322580644,1,24
875,10947,CB0090,unknown,L,24,385,0.06233766233766234,24,0
2230,12386,DNg84,unknown,L,24,7625,0.003147540983606557,24,0
3985,14291,GNG575,unknown,R,24,3170,0.007570977917981073,0,24
10687,21786,unknown,unknown,L,24,416,0.057692307692307696,24,0
16247,28001,DNge094,unknown,L,24,486,0.04938271604938271,24,0
18584,30641,CB2347,unknown,R,24,821,0.029232643118148598,0,24
20501,32832,DNg05_c,unknown,L,24,541,0.04436229205175601,24,0
34415,48638,WED167,unknown,R,24,755,0.031788079470198675,0,24
39463,54514,CB1222,unknown,R,24,1162,0.020654044750430294,0,24
40949,56264,SAD047,unknown,L,24,693,0.03463203463203463,24,0
59073,78410,CB2653,unknown,R,24,426,0.056338028169014086,8,16
74422,98485,JO-ED2_b,L,unknown,24,135,0.17777777777777778,24,0
78390,103920,AMMC002,unknown,R,24,397,0.060453400503778336,24,0
79876,105922,WED103,unknown,L,24,327,0.07339449541284404,24,0
84092,111822,CB4228,unknown,L,24,933,0.02572347266881029,24,0
104167,145000,JO-CL,L,unknown,24,128,0.1875,24,0
119963,207190,JO-ED2_a,L,unknown,24,110,0.21818181818181817,24,0
123552,260581,JO-EV1,L,unknown,24,169,0.14201183431952663,24,0
123921,277760,JO-ED2_a,L,unknown,24,64,0.375,24,0
126378,512932,WED057,unknown,L,24,612,0.0392156862745098,24,0
127248,514480,CB1065,unknown,L,24,465,0.05161290322580645,24,0
127923,515678,CB4143,unknown,R,24,572,0.04195804195804196,16,8
128359,516422,WED031,unknown,L,24,978,0.024539877300613498,24,0
130413,519872,DNg09_a,unknown,L,24,556,0.04316546762589928,24,0
134024,529542,SAD117,unknown,L,24,582,0.041237113402061855,24,0
165798,713207029,JO-ED1,L,unknown,24,114,0.21052631578947367,24,0
2092,12237,SAD055,unknown,L,23,1753,0.013120365088419851,23,0
2295,12453,DNg50,unknown,R,23,752,0.030585106382978722,18,5
2825,13017,GNG544,unknown,L,23,1812,0.012693156732891833,23,0
4496,14864,PS117_a,unknown,L,23,2579,0.008918185343156262,19,4
5329,15791,SAD064,unknown,L,23,2135,0.010772833723653397,23,0
9825,20821,DNg08,unknown,R,23,424,0.054245283018867926,0,23
9915,20923,DNg110,unknown,R,23,1285,0.0178988326848249,0,23
15907,27626,DNge093,unknown,R,23,713,0.03225806451612903,0,23
23659,36392,CB1094,unknown,R,23,585,0.039316239316239315,15,8
24930,37846,CB1145,unknown,R,23,473,0.048625792811839326,0,23
26353,39457,CB2585,unknown,R,23,462,0.049783549783549784,0,23
48644,65481,GNG454,unknown,R,23,451,0.050997782705099776,2,21
58119,77185,JO-EV3,R,unknown,23,173,0.1329479768786127,0,23
112645,168985,JO-unclear,L,unknown,23,132,0.17424242424242425,23,0
124561,325276,JO-EV1,L,unknown,23,184,0.125,23,0
129995,519124,AMMC035,unknown,L,23,583,0.03945111492281304,23,0
130181,519454,WED210,unknown,L,23,3835,0.005997392438070404,23,0
133769,529029,GNG633,unknown,L,23,2678,0.008588498879761016,23,0
133808,529105,JO-EV5,L,unknown,23,234,0.09829059829059829,23,0
134787,531019,JO-ED1,L,unknown,23,129,0.17829457364341086,23,0
142045,552568,JO-CM,L,unknown,23,68,0.3382352941176471,23,0
1943,12077,SAD051_a,unknown,R,22,915,0.024043715846994537,0,22
5209,15665,SAD064,unknown,R,22,2222,0.009900990099009901,0,22
5715,16231,CB1078,unknown,L,22,652,0.03374233128834356,22,0
7969,18741,WED083,unknown,L,22,458,0.048034934497816595,0,22
9400,20349,AMMC017,unknown,L,22,548,0.040145985401459854,7,15
14329,25848,DNg08,unknown,R,22,387,0.056847545219638244,0,22
15124,26743,DNge094,unknown,L,22,402,0.05472636815920398,22,0
22117,34664,DNge154,unknown,R,22,607,0.036243822075782535,0,22
47477,64081,CB2440,unknown,R,22,483,0.045548654244306416,0,22
50043,67186,JO-EV6,L,unknown,22,86,0.2558139534883721,22,0
86596,115392,JO-ED2_a,L,unknown,22,133,0.16541353383458646,22,0
124332,303686,unknown,unknown,L,22,74,0.2972972972972973,22,0
125904,512060,GNG286,unknown,L,22,1936,0.011363636363636364,22,0
126258,512690,GNG516,unknown,R,22,5827,0.003775527715805732,14,8
126523,513223,JO-EV5,L,unknown,22,239,0.09205020920502092,22,0
126996,514084,JO-ED2_b,R,unknown,22,131,0.16793893129770993,5,17
128413,516500,WED206,unknown,L,22,792,0.027777777777777776,22,0
130872,520659,JO-CM,L,unknown,22,96,0.22916666666666666,22,0
134691,530841,JO-EV3,R,unknown,22,106,0.20754716981132076,0,22
2925,13124,GNG315,unknown,L,21,3076,0.0068270481144343306,21,0
4663,15047,DNge184,unknown,R,21,1228,0.01710097719869707,0,21
5325,15786,PS356,unknown,L,21,2441,0.008603031544448997,21,0
6831,17471,DNg09_b,unknown,R,21,814,0.025798525798525797,0,21
7593,18320,CB4094,unknown,L,21,846,0.024822695035460994,21,0
10593,21687,CB2228,unknown,L,21,1227,0.017114914425427872,21,0
14705,26277,AVLP116,unknown,R,21,1831,0.011469142545057346,0,21
16877,28709,SAD047,unknown,R,21,845,0.02485207100591716,0,21
20665,33020,GNG657,unknown,R,21,1039,0.02021174205967276,21,0
22064,34602,SAD200m,unknown,L,21,494,0.04251012145748988,21,0
23516,36237,IPS001,unknown,L,21,542,0.03874538745387454,21,0
40220,55411,GNG428,unknown,L,21,217,0.0967741935483871,18,3
44474,60466,CB4228,unknown,L,21,557,0.03770197486535009,21,0
50926,68291,JO-CM,L,unknown,21,103,0.20388349514563106,21,0
65186,86133,JO-EV3,L,unknown,21,188,0.11170212765957446,21,0
88005,117453,SAD003,unknown,R,21,452,0.046460176991150445,0,21
104258,145198,JO-EV6,L,unknown,21,91,0.23076923076923078,21,0
120421,210632,JO-ED2_c,L,unknown,21,129,0.16279069767441862,21,0
123865,275117,JO-EV6,L,unknown,21,70,0.3,21,0
126995,514083,JO-ED2_b,R,unknown,21,120,0.175,0,21
128479,516605,JO-EV3,R,unknown,21,98,0.21428571428571427,0,21
130172,519436,AMMC014,unknown,R,21,777,0.02702702702702703,0,21
133801,529094,PS096,unknown,R,21,1486,0.014131897711978465,0,21
164336,930621,JO-EV5,L,unknown,21,171,0.12280701754385964,21,0
165036,107124542,JO-ED2_a,R,unknown,21,72,0.2916666666666667,0,21
165238,211937357,JO-CM,L,unknown,21,59,0.3559322033898305,21,0
75,10088,MeVC1,unknown,R,20,10253,0.0019506485906563933,15,5
1382,11479,DNb04,unknown,R,20,4953,0.004037956793862305,1,19
2713,12901,GNG557,unknown,L,20,2486,0.008045052292839904,20,0
9560,20531,DNg09_a,unknown,L,20,669,0.029895366218236172,20,0
9901,20907,WED098,unknown,R,20,1064,0.018796992481203006,0,20
14241,25755,SAD047,unknown,R,20,985,0.02030456852791878,4,16
18001,29968,GNG662,unknown,L,20,548,0.0364963503649635,0,20
24138,36944,CB0324,unknown,L,20,855,0.023391812865497075,20,0
31480,45279,AMMC018,unknown,R,20,327,0.06116207951070336,0,20
43628,59431,CB4143,unknown,L,20,503,0.039761431411530816,20,0
45183,61320,WED103,unknown,R,20,283,0.0706713780918728,0,20
68542,90589,AMMC035,unknown,L,20,452,0.04424778761061947,20,0
81558,108298,JO-CM,L,unknown,20,93,0.21505376344086022,20,0
111149,163625,JO-EV2,L,unknown,20,176,0.11363636363636363,20,0
126220,512631,JO-EV3,R,unknown,20,144,0.1388888888888889,1,19
136273,534098,JO-EV6,L,unknown,20,98,0.20408163265306123,20,0
165961,859985596,JO-EV3,L,unknown,20,84,0.23809523809523808,20,0
4128,14458,PS090,unknown,L,19,3948,0.0048125633232016215,19,0
5170,15622,CB1074,unknown,R,19,3232,0.005878712871287129,0,19
6746,17375,SAD064,unknown,L,19,1597,0.011897307451471509,19,0
7280,17967,DNde006,unknown,L,19,2122,0.008953817153628653,19,0
12154,23411,DNg02_a,unknown,R,19,1698,0.011189634864546525,1,18
13523,24948,CB2475,unknown,R,19,554,0.03429602888086643,0,19
14338,25857,CB1918,unknown,L,19,527,0.036053130929791274,19,0
16383,28152,DNge180,unknown,L,19,529,0.035916824196597356,19,0
28626,42026,GNG454,unknown,R,19,432,0.04398148148148148,1,18
28766,42178,DNg110,unknown,L,19,510,0.03725490196078431,19,0
28805,42222,CB1023,unknown,R,19,454,0.04185022026431718,19,0
70481,93165,JO-EV3,R,unknown,19,117,0.1623931623931624,0,19
72620,95994,JO-EV3,R,unknown,19,152,0.125,0,19
72922,96418,JO-EV5,L,unknown,19,243,0.07818930041152264,19,0
89420,119531,JO-EV6,L,unknown,19,166,0.1144578313253012,19,0
109001,156929,JO-EV1,L,unknown,19,232,0.08189655172413793,19,0
117962,194348,JO-EV2,L,unknown,19,167,0.11377245508982035,19,0
118398,196804,JO-EV3,R,unknown,19,204,0.09313725490196079,0,19
121306,218203,JO-EV6,L,unknown,19,96,0.19791666666666666,19,0
121847,223861,JO-CM,L,unknown,19,101,0.18811881188118812,19,0
124554,324669,JO-EV1,L,unknown,19,143,0.13286713286713286,19,0
126377,512931,CB2855,unknown,L,19,932,0.0203862660944206,19,0
130176,519443,IB097,unknown,R,19,3391,0.005603066941905043,19,0
131354,521666,WED092,unknown,L,19,2292,0.008289703315881327,19,0
131538,522433,SAD047,unknown,L,19,730,0.026027397260273973,16,3
134692,530842,JO-EV3,R,unknown,19,131,0.1450381679389313,0,19
164288,929247,JO-ED2_b,R,unknown,19,66,0.2878787878787879,0,19
165307,263851661,JO-EV6,L,unknown,19,36,0.5277777777777778,19,0
236,10257,AMMC-A1,unknown,L,18,8066,0.0022315893875526904,18,0
1551,11663,PS126,unknown,R,18,3532,0.005096262740656852,18,0
1851,11979,GNG651,unknown,R,18,7161,0.0025136154168412233,0,18
2073,12217,SAD105,unknown,R,18,956,0.01882845188284519,0,18
3717,13990,SAD006,unknown,R,18,787,0.022871664548919948,0,18
12500,23799,CB2366,unknown,L,18,1142,0.01576182136602452,18,0
14753,26329,PS096,unknown,L,18,1381,0.013034033309196235,17,1
19013,31128,GNG634,unknown,L,18,540,0.03333333333333333,18,0
21615,34093,AMMC018,unknown,R,18,444,0.04054054054054054,0,18
22629,35238,AMMC016,unknown,R,18,314,0.05732484076433121,18,0
23047,35706,unknown,unknown,L,18,658,0.02735562310030395,18,0
24640,37517,CB1145,unknown,R,18,424,0.04245283018867924,0,18
28522,41903,GNG662,unknown,R,18,608,0.029605263157894735,18,0
32216,46112,CB3747,unknown,R,18,348,0.05172413793103448,0,18
49989,67125,CB2558,unknown,R,18,155,0.11612903225806452,0,18
55686,74209,WED143_c,unknown,R,18,709,0.02538787023977433,0,18
56631,75373,JO-CL,L,unknown,18,157,0.11464968152866242,18,0
63655,84153,JO-CL,L,unknown,18,133,0.13533834586466165,18,0
76678,101548,JO-EV5,L,unknown,18,229,0.07860262008733625,18,0
76847,101797,JO-EV5,L,unknown,18,264,0.06818181818181818,18,0
93699,126081,JO-EV1,L,unknown,18,191,0.09424083769633508,18,0
113927,174217,JO-ED2_b,R,unknown,18,121,0.1487603305785124,0,18
122787,238938,JO-EV2,L,unknown,18,125,0.144,18,0
124173,293125,JO-EV3,R,unknown,18,106,0.16981132075471697,0,18
124943,375366,WEDPN14,unknown,L,18,603,0.029850746268656716,18,0
125223,426515,JO-EV1,L,unknown,18,85,0.21176470588235294,18,0
127290,514568,JO-EV3,R,unknown,18,115,0.1565217391304348,0,18
134429,530346,WEDPN14,unknown,L,18,539,0.03339517625231911,18,0
143489,569556,SAD117,unknown,R,18,458,0.039301310043668124,0,18
155073,813443,DNg106,unknown,L,18,72,0.25,18,0
164145,923831,JO-ED2_a,R,unknown,18,162,0.1111111111111111,1,17
165334,286384065,JO-ED2_a,L,unknown,18,83,0.21686746987951808,18,0
165828,745668454,JO-ED2_a,R,unknown,18,55,0.32727272727272727,0,18
243,10264,DNp31,unknown,R,17,17296,0.000982886216466235,3,14
726,10784,SAD051_b,unknown,R,17,808,0.02103960396039604,0,17
732,10791,CB3024,unknown,L,17,1724,0.009860788863109048,17,0
4116,14441,WED092,unknown,L,17,2817,0.006034788782392616,17,0
11245,22395,CB2228,unknown,L,17,1123,0.015138023152270703,17,0
14459,26002,IPS001,unknown,R,17,691,0.024602026049204053,0,17
16054,27787,unknown,unknown,L,17,533,0.03189493433395872,17,0
16292,28055,unknown,unknown,L,17,573,0.029668411867364748,17,0
21508,33970,JO-EV1,L,unknown,17,215,0.07906976744186046,17,0
21808,34307,GNG659,unknown,L,17,395,0.043037974683544304,17,0
24707,37590,SAD011,unknown,R,17,342,0.049707602339181284,0,17
36391,50939,CB1908,unknown,L,17,774,0.021963824289405683,17,0
41903,57414,CB2585,unknown,R,17,527,0.03225806451612903,0,17
46325,62697,WED143_d,unknown,R,17,647,0.02627511591962906,0,17
51484,68976,CB1023,unknown,L,17,418,0.04066985645933014,11,6
52152,69797,JO-CM,L,unknown,17,102,0.16666666666666666,17,0
61454,81376,JO-EV1,L,unknown,17,184,0.09239130434782608,17,0
67112,88678,WED103,unknown,R,17,326,0.05214723926380368,0,17
76222,100918,AMMC002,unknown,L,17,376,0.04521276595744681,0,17
76482,101279,JO-EV5,L,unknown,17,223,0.07623318385650224,17,0
104801,146374,WEDPN8B,unknown,L,17,179,0.09497206703910614,17,0
121186,217036,JO-EV5,L,unknown,17,150,0.11333333333333333,17,0
121932,224753,DNg05_b,unknown,L,17,925,0.018378378378378378,17,0
125747,511757,SAD070,unknown,L,17,2041,0.008329250367466928,17,0
128968,517410,unknown,unknown,R,17,3575,0.004755244755244755,17,0
134788,531021,JO-EV1,L,unknown,17,165,0.10303030303030303,17,0
136232,533996,JO-CM,L,unknown,17,112,0.15178571428571427,17,0
164137,923453,JO-EV3,R,unknown,17,43,0.3953488372093023,0,17
166020,908412467,JO-ED1,R,unknown,17,72,0.2361111111111111,0,17
2853,13047,DNge133,unknown,L,16,2340,0.006837606837606838,16,0
3769,14047,AMMC009,unknown,L,16,1144,0.013986013986013986,12,4
3952,14256,GNG575,unknown,R,16,2992,0.0053475935828877,0,16
5152,15602,GNG515,unknown,L,16,2302,0.0069504778453518675,16,0
8161,18948,CB4094,unknown,R,16,1061,0.015080113100848256,0,16
14422,25959,PS208,unknown,L,16,835,0.019161676646706587,16,0
15297,26942,CB2351,unknown,R,16,642,0.024922118380062305,0,16
19238,31398,CB2084,unknown,R,16,473,0.03382663847780127,0,16
21373,33820,IPS001,unknown,R,16,654,0.024464831804281346,0,16
22539,35138,GNG635,unknown,R,16,405,0.03950617283950617,0,16
23955,36736,CB1023,unknown,L,16,507,0.03155818540433925,13,3
38053,52889,LAL064,unknown,L,16,624,0.02564102564102564,16,0
39350,54381,CB3865,unknown,R,16,272,0.058823529411764705,0,16
39376,54413,CB4097,unknown,R,16,503,0.03180914512922465,16,0
55823,74384,JO-EV1,L,unknown,16,262,0.061068702290076333,16,0
58276,77370,JO-EV2,L,unknown,16,289,0.05536332179930796,16,0
59728,79237,JO-EV1,L,unknown,16,213,0.07511737089201878,16,0
60729,80492,JO-EV1,L,unknown,16,184,0.08695652173913043,16,0
68681,90773,JO-ED1,L,unknown,16,189,0.08465608465608465,16,0
70174,92768,JO-CL,L,unknown,16,111,0.14414414414414414,16,0
93969,126511,JO-EV5,L,unknown,16,236,0.06779661016949153,16,0
101413,139460,CB1213,unknown,L,16,696,0.022988505747126436,16,0
105102,147029,JO-EV2,L,unknown,16,181,0.08839779005524862,16,0
109740,159099,CB4143,unknown,L,16,108,0.14814814814814814,16,0
125246,430178,JO-EV1,R,unknown,16,113,0.1415929203539823,0,16
126115,512451,SAD005,unknown,R,16,986,0.016227180527383367,0,16
127747,515363,JO-ED1,R,unknown,16,182,0.08791208791208792,0,16
128360,516423,WED162,unknown,L,16,308,0.05194805194805195,16,0
130873,520660,JO-CM,L,unknown,16,118,0.13559322033898305,16,0
132144,524140,JO-ED1,L,unknown,16,111,0.14414414414414414,16,0
165401,341173407,JO-EV6,L,unknown,16,117,0.13675213675213677,16,0
1954,12089,DNde006,unknown,R,15,4949,0.0030309153364316025,0,15
5143,15591,WED082,unknown,L,15,964,0.015560165975103735,0,15
8577,19422,CB2789,unknown,L,15,775,0.01935483870967742,15,0
8771,19638,CB1314,unknown,L,15,1410,0.010638297872340425,15,0
10829,21944,AMMC035,unknown,L,15,355,0.04225352112676056,15,0
21081,33486,unknown,unknown,L,15,491,0.03054989816700611,15,0
22711,35332,JO-EV2,L,unknown,15,277,0.05415162454873646,15,0
25597,38597,AMMC020,unknown,R,15,493,0.030425963488843813,4,11
38370,53262,unknown,unknown,R,15,620,0.024193548387096774,6,9
39501,54556,CB3744,unknown,L,15,196,0.07653061224489796,15,0
53408,71352,JO-EV2,L,unknown,15,269,0.055762081784386616,15,0
81109,107672,JO-EV5,L,unknown,15,242,0.06198347107438017,15,0
89328,119378,JO-EV1,L,unknown,15,122,0.12295081967213115,15,0
121555,220799,JO-CL,L,unknown,15,118,0.1271186440677966,15,0
126221,512632,JO-ED2_a,R,unknown,15,141,0.10638297872340426,0,15
126689,513515,WED118,unknown,L,15,764,0.01963350785340314,15,0
134501,530462,JO-ED2_b,R,unknown,15,55,0.2727272727272727,0,15
142564,556450,DNge045,unknown,R,15,1445,0.010380622837370242,0,15
165531,467266335,JO-EV1,L,unknown,15,100,0.15,15,0
274,10296,DNge054,unknown,R,14,7528,0.0018597236981934113,0,14
294,10318,MeVC4b,unknown,R,14,3788,0.003695881731784583,14,0
1272,11368,MeVC3,unknown,L,14,2155,0.0064965197215777265,14,0
1977,12115,GNG638,unknown,L,14,2395,0.005845511482254697,14,0
3848,14135,PS117_a,unknown,R,14,2638,0.00530705079605762,9,5
5656,16166,WED082,unknown,L,14,944,0.014830508474576272,0,14
6113,16667,CB2789,unknown,R,14,688,0.020348837209302327,0,14
10336,21392,CB3400,unknown,L,14,2022,0.006923837784371909,14,0
14237,25750,PS096,unknown,R,14,1242,0.011272141706924315,0,14
15771,27475,AN17B011,unknown,L,14,1151,0.01216333622936577,14,0
16918,28758,WED056,unknown,L,14,1359,0.010301692420897719,14,0
17015,28867,GNG634,unknown,R,14,599,0.02337228714524207,0,14
17185,29058,IPS001,unknown,R,14,618,0.022653721682847898,0,14
26069,39136,CB0324,unknown,R,14,902,0.015521064301552107,0,14
28147,41474,PS347_a,unknown,R,14,879,0.015927189988623434,0,14
28153,41481,SAD200m,unknown,L,14,509,0.0275049115913556,14,0
40245,55441,CB1055,unknown,R,14,331,0.04229607250755287,0,14
48317,65100,JO-CL,L,unknown,14,122,0.11475409836065574,14,0
58725,77969,JO-EV1,L,unknown,14,192,0.07291666666666667,14,0
66388,87725,CB4094,unknown,R,14,1187,0.011794439764111205,0,14
73359,97025,JO-EV2,L,unknown,14,271,0.05166051660516605,14,0
74529,98638,JO-EV1,L,unknown,14,160,0.0875,14,0
92293,123879,JO-EV1,L,unknown,14,231,0.06060606060606061,14,0
109343,157938,WED143_c,unknown,L,14,521,0.026871401151631478,14,0
121436,219501,JO-EV1,L,unknown,14,135,0.1037037037037037,14,0
128687,516930,DNg81,unknown,L,14,3021,0.004634227077126779,0,14
128700,516954,WED118,unknown,L,14,814,0.0171990171990172,14,0
131467,522311,GNG516,unknown,L,14,5385,0.0025998142989786446,9,5
134500,530461,JO-EV1,R,unknown,14,171,0.08187134502923976,0,14
142620,556767,WED106,unknown,R,14,1859,0.007530930607853685,6,8
142934,559555,JO-ED2_c,L,unknown,14,181,0.07734806629834254,14,0
165127,139925399,JO-EV2,L,unknown,14,131,0.10687022900763359,14,0
165858,769661594,JO-ED2_a,R,unknown,14,117,0.11965811965811966,0,14
317,10342,DNc02,unknown,R,13,1683,0.007724301841948901,13,0
337,10365,GNG114,unknown,R,13,4808,0.0027038269550748754,0,13
790,10852,LoVC18,unknown,L,13,8336,0.0015595009596928982,13,0
1797,11924,LAL304m,unknown,R,13,2061,0.006307617661329452,0,13
2110,12256,DNge056,unknown,R,13,4538,0.0028646981048920227,13,0
11160,22303,WED084,unknown,L,13,341,0.03812316715542522,0,13
11909,23143,SAD047,unknown,R,13,1225,0.010612244897959184,3,10
14819,26402,WED055_a,unknown,R,13,1132,0.011484098939929329,0,13
15318,26968,WED031,unknown,L,13,421,0.030878859857482184,13,0
15467,27139,JO-ED2_a,R,unknown,13,73,0.1780821917808219,0,13
23533,36255,CB2081_b,unknown,R,13,225,0.057777777777777775,0,13
24384,37221,WED057,unknown,R,13,544,0.02389705882352941,0,13
24522,37380,AMMC016,unknown,L,13,305,0.04262295081967213,6,7
27133,40337,GNG454,unknown,L,13,274,0.04744525547445255,0,13
27401,40644,CB3738,unknown,R,13,534,0.024344569288389514,0,13
28840,42259,CB0652,unknown,L,13,334,0.038922155688622756,13,0
40521,55759,JO-EV1,L,unknown,13,195,0.06666666666666667,13,0
67431,89103,JO-EV1,L,unknown,13,254,0.051181102362204724,13,0
71652,94723,JO-EV6,L,unknown,13,106,0.12264150943396226,13,0
82211,109189,JO-CM,L,unknown,13,118,0.11016949152542373,13,0
91546,122731,JO-EV3,R,unknown,13,77,0.16883116883116883,0,13
100860,138384,WED103,unknown,L,13,325,0.04,13,0
119016,200535,JO-ED2_c,R,unknown,13,130,0.1,0,13
124739,345335,JO-EV5,L,unknown,13,137,0.0948905109489051,13,0
125218,425614,JO-ED1,R,unknown,13,69,0.18840579710144928,0,13
127467,514857,AMMC015,unknown,R,13,561,0.023172905525846704,0,13
135952,533457,LoVP50,unknown,L,13,3847,0.0033792565635560176,13,0
142492,555855,PS234,unknown,R,13,3324,0.003910950661853189,0,13
164365,931570,JO-DA,L,unknown,13,91,0.14285714285714285,13,0
165141,145088940,JO-EV3,R,unknown,13,30,0.43333333333333335,0,13
165936,837585830,JO-ED2_c,R,unknown,13,65,0.2,0,13
3312,13546,SAD051_a,unknown,L,12,750,0.016,12,0
7285,17972,WED201,unknown,L,12,751,0.015978695073235686,12,0
7703,18443,AMMC023,unknown,R,12,762,0.015748031496062992,0,12
11508,22692,DNg110,unknown,R,12,1195,0.0100418410041841,0,12
11922,23157,CB1960,unknown,L,12,870,0.013793103448275862,12,0
12639,23953,DNge091,unknown,R,12,587,0.020442930153321975,0,12
19678,31902,WED26,unknown,R,12,656,0.018292682926829267,0,12
22530,35128,WED057,unknown,L,12,564,0.02127659574468085,12,0
29160,42626,CB2751,unknown,L,12,561,0.0213903743315508,12,0
55499,73987,CB3103,unknown,L,12,161,0.07453416149068323,12,0
57770,76746,CB1948,unknown,L,12,2082,0.005763688760806916,12,0
75066,99367,JO-CA2,L,unknown,12,131,0.0916030534351145,12,0
78389,103919,CB4104,unknown,R,12,261,0.04597701149425287,0,12
87566,116824,WED103,unknown,L,12,226,0.05309734513274336,12,0
90549,121251,JO-CA2,L,unknown,12,187,0.06417112299465241,12,0
100872,138403,JO-EV2,L,unknown,12,240,0.05,12,0
103092,142818,JO-CM,L,unknown,12,85,0.1411764705882353,12,0
124304,301867,JO-EV1,L,unknown,12,79,0.1518987341772152,12,0
125391,468050,JO-CM,R,unknown,12,34,0.35294117647058826,0,12
125481,495313,JO-EV1,L,unknown,12,158,0.0759493670886076,12,0
125745,511754,AMMC001,unknown,L,12,413,0.029055690072639227,6,6
125761,511784,PS112,unknown,L,12,7976,0.0015045135406218655,12,0
131462,522304,JO-ED2_a,L,unknown,12,104,0.11538461538461539,12,0
132053,523957,PS076,unknown,R,12,653,0.018376722817764167,0,12
142879,559115,CB2380,unknown,R,12,510,0.023529411764705882,0,12
165854,767138051,JO-ED2_a,L,unknown,12,99,0.12121212121212122,12,0
165912,821484380,JO-EV2,L,unknown,12,61,0.19672131147540983,12,0
6,10010,DNp01,unknown,L,11,20682,0.0005318634561454405,11,0
1209,11301,SAD051_b,unknown,R,11,753,0.014608233731739707,0,11
1408,11508,AN02A001,unknown,L,11,7260,0.0015151515151515152,11,0
2567,12745,GNG046,unknown,L,11,2884,0.0038141470180305132,11,0
2644,12826,CB0629,unknown,L,11,3809,0.002887897085849304,11,0
2679,12865,AMMC034_a,unknown,R,11,769,0.014304291287386216,0,11
3009,13218,DNg95,unknown,L,11,2050,0.005365853658536586,11,0
3054,13263,WED108,unknown,R,11,1978,0.005561172901921132,0,11
3491,13743,DNg51,unknown,R,11,2940,0.0037414965986394557,0,11
4020,14332,DNae006,unknown,R,11,2169,0.005071461502996773,0,11
8548,19389,SAD117,unknown,R,11,585,0.018803418803418803,0,11
9617,20591,WEDPN8C,unknown,R,11,546,0.020146520146520148,0,11
9645,20622,SAD200m,unknown,L,11,858,0.01282051282051282,11,0
11386,22556,SAD117,unknown,R,11,431,0.025522041763341066,0,11
12403,23696,WEDPN1B,unknown,L,11,641,0.0171606864274571,11,0
15049,26663,GNG440,unknown,R,11,653,0.016845329249617153,0,11
15525,27202,WEDPN8C,unknown,R,11,528,0.020833333333333332,0,11
20179,32465,CB1145,unknown,R,11,568,0.01936619718309859,0,11
25554,38551,IPS001,unknown,L,11,530,0.020754716981132074,11,0
26341,39441,GNG635,unknown,R,11,380,0.02894736842105263,0,11
29067,42518,GNG657,unknown,L,11,726,0.015151515151515152,0,11
31850,45694,AMMC036,unknown,L,11,741,0.014844804318488529,11,0
34071,48252,WED162,unknown,L,11,274,0.040145985401459854,11,0
46109,62434,JO-CL,L,unknown,11,119,0.09243697478991597,11,0
51737,69294,CB3798,unknown,R,11,483,0.022774327122153208,0,11
57972,76998,GNG635,unknown,L,11,336,0.03273809523809524,11,0
81240,107847,JO-CL,L,unknown,11,122,0.09016393442622951,11,0
96475,130622,JO-EV4,L,unknown,11,92,0.11956521739130435,11,0
98228,133527,JO-CL,L,unknown,11,86,0.12790697674418605,11,0
99715,136226,CB2205,unknown,R,11,536,0.020522388059701493,0,11
106224,149667,CB1407,unknown,L,11,218,0.05045871559633028,11,0
121371,218845,DNg06,unknown,L,11,747,0.014725568942436412,11,0
123905,276829,JO-EV1,L,unknown,11,100,0.11,11,0
124604,330394,JO-ED1,L,unknown,11,59,0.1864406779661017,11,0
124621,331721,AN27X004,unknown,R,11,3342,0.003291442250149611,11,0
126218,512629,JO-CM,R,unknown,11,97,0.1134020618556701,0,11
130020,519174,JO-ED2_a,R,unknown,11,100,0.11,0,11
130603,520190,AVLP615,unknown,L,11,5532,0.0019884309472161968,11,0
131867,523581,AVLP399,unknown,L,11,3250,0.003384615384615385,11,0
131894,523641,CB3024,unknown,L,11,1639,0.006711409395973154,11,0
135046,531538,CB1314,unknown,L,11,819,0.013431013431013432,11,0
143157,562811,JO-EV3,R,unknown,11,35,0.3142857142857143,0,11
165142,146290481,JO-CA1,L,unknown,11,129,0.08527131782945736,11,0
166113,994082949,JO-ED2_a,R,unknown,11,53,0.20754716981132076,0,11
238,10259,DNp11,unknown,L,10,11640,0.000859106529209622,10,0
472,10509,CB0090,unknown,R,10,463,0.02159827213822894,1,9
821,10886,GNG302,unknown,R,10,3639,0.0027480076944215444,10,0
959,11035,LoVC6,unknown,L,10,5299,0.0018871485185884128,10,0
1038,11122,CB0228,unknown,R,10,1960,0.00510204081632653,10,0
2093,12238,DNg32,unknown,L,10,1522,0.006570302233902759,10,0
5103,15543,WEDPN5,unknown,L,10,2055,0.004866180048661801,10,0
11166,22309,CB3201,unknown,R,10,1374,0.00727802037845706,0,10
11643,22834,CB0374,unknown,L,10,399,0.02506265664160401,10,0
13441,24862,GNG659,unknown,R,10,535,0.018691588785046728,0,10
26683,39815,AMMC016,unknown,L,10,375,0.02666666666666667,6,4
28695,42102,DNge108,unknown,L,10,549,0.018214936247723135,10,0
30838,44539,SAD011,unknown,R,10,342,0.029239766081871343,0,10
36319,50858,CL054,unknown,L,10,738,0.013550135501355014,10,0
45323,61487,WED004,unknown,L,10,404,0.024752475247524754,10,0
46249,62602,CB3743,unknown,L,10,172,0.05813953488372093,10,0
53868,71915,SAD030,unknown,R,10,246,0.04065040650406504,0,10
53900,71953,DNg06,unknown,L,10,666,0.015015015015015015,10,0
56083,74703,CB1023,unknown,R,10,431,0.02320185614849188,8,2
60284,79943,DNg05_b,unknown,L,10,793,0.012610340479192938,10,0
67369,89017,JO-EV2,L,unknown,10,272,0.03676470588235294,10,0
90185,120703,BM_Vib,L,unknown,10,322,0.031055900621118012,10,0
100491,137685,WED103,unknown,L,10,358,0.027932960893854747,10,0
103741,144112,JO-B4_a,L,unknown,10,184,0.05434782608695652,10,0
114983,179013,WEDPN8B,unknown,L,10,170,0.058823529411764705,10,0
118493,197318,WED103,unknown,L,10,207,0.04830917874396135,7,3
118969,200259,JO-FD2,L,unknown,10,46,0.21739130434782608,10,0
123918,277683,JO-CA2,L,unknown,10,162,0.06172839506172839,10,0
124514,320740,JO-ED2_c,L,unknown,10,53,0.18867924528301888,10,0
126464,513114,AN01A055,unknown,R,10,5042,0.0019833399444664813,9,1
127640,515177,AVLP120,unknown,L,10,1201,0.00832639467110741,10,0
129018,517500,GNG530,unknown,R,10,3179,0.0031456432840515887,0,10
132047,523939,CB2050,unknown,L,10,494,0.020242914979757085,10,0
134690,530838,JO-ED2_b,R,unknown,10,42,0.23809523809523808,0,10
165300,257580215,JO-ED2_a,R,unknown,10,44,0.22727272727272727,0,10
2880,13077,AMMC034_b,unknown,R,9,793,0.011349306431273645,0,9
4631,15014,DNge121,unknown,L,9,2221,0.00405222872579919,9,0
5461,15942,CB1702,unknown,R,9,1032,0.00872093023255814,2,7
7305,17998,SAD021_c,unknown,L,9,2035,0.004422604422604423,9,0
14416,25953,CB1533,unknown,R,9,831,0.010830324909747292,0,9
14482,26026,unknown,unknown,R,9,578,0.015570934256055362,0,9
14969,26572,GNG358,unknown,R,9,725,0.012413793103448275,0,9
17239,29116,IB096,unknown,R,9,769,0.011703511053315995,0,9
17478,29392,CB1918,unknown,L,9,427,0.02107728337236534,9,0
24561,37426,WED201,unknown,R,9,829,0.010856453558504222,0,9
24706,37589,WED031,unknown,L,9,578,0.015570934256055362,9,0
26060,39124,PS076,unknown,R,9,619,0.014539579967689823,0,9
28661,42066,SAD019,unknown,R,9,345,0.02608695652173913,0,9
28760,42172,GNG454,unknown,R,9,333,0.02702702702702703,9,0
29418,42920,GNG440,unknown,R,9,473,0.019027484143763214,0,9
39366,54399,CB2380,unknown,R,9,515,0.017475728155339806,0,9
65598,86666,CB4143,unknown,L,9,622,0.014469453376205787,9,0
72057,95256,CB2558,unknown,R,9,197,0.04568527918781726,0,9
87624,116906,JO-CA2,L,unknown,9,235,0.03829787234042553,9,0
100704,138086,WED004,unknown,L,9,394,0.02284263959390863,9,0
105789,148631,SAD007,unknown,R,9,345,0.02608695652173913,0,9
109438,158227,CB4104,unknown,R,9,326,0.027607361963190184,0,9
125036,391272,JO-CA2,L,unknown,9,174,0.05172413793103448,9,0
126838,513785,WED055_b,unknown,L,9,1086,0.008287292817679558,9,0
127621,515145,CB1948,unknown,L,9,1422,0.006329113924050633,9,0
128668,516907,JO-EV2,R,unknown,9,248,0.036290322580645164,0,9
130860,520630,JO-EV6,R,unknown,9,62,0.14516129032258066,0,9
134982,531393,CB2792,unknown,R,9,472,0.019067796610169493,0,9
135002,531425,GNG506,unknown,L,9,4426,0.002033438770899232,9,0
137170,536217,JO-EV2,R,unknown,9,223,0.04035874439461883,0,9
140161,545973,JO-EV3,R,unknown,9,20,0.45,0,9
160529,900949,JO-EV6,L,unknown,9,27,0.3333333333333333,9,0
164344,930758,JO-CL,R,unknown,9,57,0.15789473684210525,0,9
165024,104465393,JO-EV2,L,unknown,9,138,0.06521739130434782,9,0
165532,467856331,JO-CM,R,unknown,9,11,0.8181818181818182,0,9
924,10999,GNG700m,unknown,L,8,3906,0.002048131080389145,5,3
1229,11321,WED006,unknown,L,8,3522,0.002271436683702442,8,0
2354,12516,DNge047,unknown,L,8,2695,0.002968460111317254,8,0
2451,12621,DNg56,unknown,L,8,4015,0.00199252801992528,8,0
2985,13188,DNg81,unknown,R,8,2946,0.0027155465037338763,8,0
3306,13539,unknown,unknown,L,8,1950,0.0041025641025641026,8,0
4738,15132,PS356,unknown,R,8,2337,0.0034231921266581087,0,8
6419,17009,SAD006,unknown,R,8,526,0.015209125475285171,0,8
6463,17060,CB0630,unknown,L,8,1038,0.007707129094412331,8,0
6959,17612,PS347_a,unknown,L,8,961,0.008324661810613945,8,0
7577,18301,IB026,unknown,R,8,1560,0.005128205128205128,0,8
15347,27001,DNge094,unknown,L,8,484,0.01652892561983471,8,0
19146,31292,CB1012,unknown,R,8,444,0.018018018018018018,8,0
20973,33365,WEDPN14,unknown,R,8,580,0.013793103448275862,0,8
22967,35619,SAD001,unknown,R,8,436,0.01834862385321101,0,8
23864,36631,DNg05_b,unknown,R,8,748,0.0106951871657754,0,8
24307,37134,WED057,unknown,R,8,472,0.01694915254237288,0,8
26808,39963,AMMC015,unknown,R,8,392,0.02040816326530612,0,8
31857,45701,CB4228,unknown,L,8,793,0.01008827238335435,8,0
37637,52417,SAD006,unknown,L,8,404,0.019801980198019802,8,0
69306,91617,JO-B4_a,L,unknown,8,152,0.05263157894736842,8,0
69624,92045,JO-unclear,L,unknown,8,145,0.05517241379310345,8,0
70654,93383,JO-EV2,L,unknown,8,247,0.032388663967611336,8,0
83119,110463,JO-unclear,L,unknown,8,107,0.07476635514018691,8,0
83153,110502,CB1493,unknown,R,8,454,0.01762114537444934,0,8
92152,123650,JO-B3,L,unknown,8,205,0.03902439024390244,8,0
95426,128896,unknown,unknown,L,8,327,0.024464831804281346,8,0
96023,129886,WEDPN8B,unknown,R,8,158,0.05063291139240506,0,8
99151,135172,CB2081_a,unknown,L,8,176,0.045454545454545456,8,0
101880,140357,JO-CL,L,unknown,8,137,0.058394160583941604,8,0
110881,162684,JO-EV1,L,unknown,8,152,0.05263157894736842,8,0
112765,169407,JO-EV1,L,unknown,8,105,0.0761904761904762,8,0
123011,244217,JO-ED2_c,R,unknown,8,92,0.08695652173913043,0,8
124529,322016,JO-CA1,L,unknown,8,91,0.08791208791208792,8,0
126463,513113,JO-CA2,L,unknown,8,191,0.041884816753926704,8,0
126870,513842,CB4118,unknown,L,8,2267,0.0035288928098809,8,0
128003,515805,CB2348,unknown,R,8,763,0.010484927916120577,0,8
128383,516461,CB2859,unknown,L,8,438,0.0182648401826484,8,0
129106,517675,CB4118,unknown,L,8,1996,0.004008016032064128,8,0
130930,520792,WED104,unknown,L,8,7114,0.001124543154343548,8,0
132020,523876,WED204,unknown,R,8,569,0.014059753954305799,0,8
134926,531291,CL056,unknown,L,8,956,0.008368200836820083,8,0
136268,534090,WED056,unknown,L,8,1179,0.006785411365564037,8,0
141414,550384,SAD014,unknown,R,8,1755,0.004558404558404558,0,8
143156,562806,JO-EV3,R,unknown,8,58,0.13793103448275862,0,8
164825,944699,JO-CA2,L,unknown,8,215,0.037209302325581395,8,0
165414,349844342,unknown,unknown,unknown,8,19,0.42105263157894735,8,0
165783,701436290,JO-EV3,R,unknown,8,20,0.4,0,8
165808,724444081,JO-ED2_a,R,unknown,8,63,0.12698412698412698,0,8
165871,785980083,JO-EV5,R,unknown,8,123,0.06504065040650407,0,8
165877,789003564,JO-EV5,R,unknown,8,48,0.16666666666666666,0,8
86,10100,LoVCLo3,unknown,R,7,12799,0.0005469177279474959,7,0
143,10159,GNG702m,unknown,L,7,2172,0.0032228360957642726,7,0
333,10361,DNg40,unknown,L,7,8673,0.0008071025020177562,7,0
853,10923,DNg40,unknown,R,7,10225,0.000684596577017115,0,7
1965,12102,DNp38,unknown,R,7,1954,0.0035823950870010235,5,2
2046,12188,DNg84,unknown,R,7,6863,0.0010199621156928456,0,7
4012,14323,WED092,unknown,L,7,2531,0.002765705254839984,7,0
5112,15553,SAD117,unknown,L,7,639,0.010954616588419406,7,0
6626,17240,CB3207,unknown,R,7,435,0.016091954022988506,0,7
6632,17247,PS356,unknown,L,7,2313,0.0030263726761781237,7,0
9022,19918,IPS001,unknown,R,7,531,0.013182674199623353,0,7
12373,23662,CB3343,unknown,L,7,1190,0.0058823529411764705,7,0
12515,23817,unknown,unknown,R,7,623,0.011235955056179775,0,7
14999,26604,CB1222,unknown,R,7,1045,0.0066985645933014355,0,7
16182,27930,CB1918,unknown,L,7,572,0.012237762237762238,7,0
17111,28976,PS208,unknown,R,7,908,0.007709251101321586,0,7
17703,29639,DNg05_b,unknown,R,7,905,0.0077348066298342545,0,7
20746,33116,DNge089,unknown,L,7,402,0.017412935323383085,7,0
23432,36147,CB2497,unknown,L,7,600,0.011666666666666667,7,0
23511,36232,GNG376,unknown,L,7,239,0.029288702928870293,7,0
26867,40028,GNG338,unknown,L,7,388,0.01804123711340206,7,0
27888,41179,unknown,unknown,L,7,869,0.00805523590333717,7,0
34150,48342,CB2050,unknown,R,7,569,0.012302284710017574,0,7
36310,50845,CB2501,unknown,L,7,891,0.007856341189674524,7,0
36984,51639,SAD001,unknown,L,7,301,0.023255813953488372,7,0
41316,56716,CB2792,unknown,L,7,465,0.015053763440860216,7,0
54497,72698,SAD005,unknown,R,7,629,0.011128775834658187,0,7
73615,97354,JO-CA2,L,unknown,7,235,0.029787234042553193,7,0
106348,149920,DNg106,unknown,R,7,76,0.09210526315789473,0,7
120288,209655,DNg06,unknown,L,7,539,0.012987012987012988,7,0
120888,214463,JO-unclear,L,unknown,7,92,0.07608695652173914,7,0
122966,242879,BM,L,unknown,7,65,0.1076923076923077,7,0
123732,268351,JO-FD2,R,unknown,7,72,0.09722222222222222,0,7
124026,283806,JO-B4_b,L,unknown,7,82,0.08536585365853659,7,0
125262,433407,JO-ED2_a,R,unknown,7,87,0.08045977011494253,0,7
125999,512238,JO-CL,R,unknown,7,97,0.07216494845360824,0,7
127735,515337,CB1557,unknown,L,7,2996,0.002336448598130841,7,0
127752,515380,JO-mz,L,unknown,7,144,0.04861111111111111,7,0
127773,515420,WED092,unknown,L,7,2342,0.0029888983774551663,7,0
130062,519238,WED025,unknown,R,7,674,0.010385756676557863,0,7
130103,519307,JO-EV2,R,unknown,7,148,0.0472972972972973,0,7
142434,555502,WED194,unknown,R,7,1728,0.004050925925925926,0,7
143063,561160,JO-EV1,R,unknown,7,144,0.04861111111111111,0,7
143515,569998,unknown,unknown,R,7,423,0.016548463356973995,0,7
164320,929909,JO-EV2,L,unknown,7,37,0.1891891891891892,7,0
164469,934617,JO-ED2_a,R,unknown,7,76,0.09210526315789473,0,7
165072,118359732,JO-CM,L,unknown,7,21,0.3333333333333333,7,0
165208,189216879,JO-EV6,R,unknown,7,30,0.23333333333333334,0,7
166140,1004833528,JO-EV5,L,unknown,7,26,0.2692307692307692,7,0
51,10063,DNp27,unknown,R,6,7764,0.0007727975270479134,4,2
197,10216,DNge037,unknown,R,6,20104,0.0002984480700358138,0,6
349,10377,DNge054,unknown,L,6,8676,0.0006915629322268327,6,0
446,10482,DNg35,unknown,L,6,15164,0.0003956739646531258,6,0
613,10661,WED210,unknown,R,6,4498,0.0013339261894175188,0,6
740,10799,OA-VUMa4,unknown,M,6,6372,0.0009416195856873823,6,0
873,10944,SAD098,unknown,M,6,5526,0.0010857763300760044,6,0
897,10970,GNG301,unknown,R,6,3224,0.0018610421836228288,0,6
1331,11427,DNge101,unknown,R,6,4277,0.0014028524666822538,6,0
2097,12242,SAD055,unknown,R,6,1504,0.003989361702127659,0,6
2335,12497,GNG102,unknown,L,6,6362,0.0009430996541967935,6,0
2735,12923,IB097,unknown,L,6,3608,0.0016629711751662971,0,6
2782,12972,GNG301,unknown,L,6,3616,0.00165929203539823,6,0
2979,13181,ANXXX027,unknown,R,6,17338,0.0003460606759718537,6,0
3616,13878,AN17B008,unknown,L,6,2399,0.0025010421008753647,6,0
3742,14017,CL022_c,unknown,R,6,2908,0.0020632737276478678,0,6
4539,14911,WED092,unknown,R,6,2856,0.0021008403361344537,6,0
4819,15221,CB4179,unknown,L,6,1134,0.005291005291005291,6,0
6041,16584,WED016,unknown,L,6,1561,0.003843689942344651,6,0
7007,17665,PS092,unknown,L,6,1310,0.004580152671755725,6,0
7463,18175,CB3207,unknown,R,6,530,0.011320754716981131,0,6
11151,22293,WED032,unknown,L,6,372,0.016129032258064516,6,0
16530,28321,unknown,unknown,R,6,543,0.011049723756906077,0,6
18254,30261,WED118,unknown,R,6,825,0.007272727272727273,0,6
21401,33851,DNg05_c,unknown,R,6,386,0.015544041450777202,0,6
21787,34284,GNG662,unknown,L,6,384,0.015625,0,6
23456,36172,DNg06,unknown,R,6,690,0.008695652173913044,3,3
28620,42019,CB1012,unknown,R,6,601,0.009983361064891847,6,0
43479,59252,GNG454,unknown,R,6,273,0.02197802197802198,6,0
46287,62650,WED098,unknown,L,6,848,0.007075471698113208,6,0
53303,71216,GNG454,unknown,L,6,261,0.022988505747126436,0,6
56635,75378,CB1023,unknown,L,6,352,0.017045454545454544,6,0
63331,83741,JO-CL,L,unknown,6,126,0.047619047619047616,6,0
63503,83968,CB2228,unknown,R,6,1165,0.005150214592274678,0,6
84300,112105,JO-B3,L,unknown,6,231,0.025974025974025976,6,0
105738,148507,AMMC002,unknown,L,6,152,0.039473684210526314,0,6
108652,155912,JO-EV2,L,unknown,6,166,0.03614457831325301,6,0
113161,171008,JO-CA1,L,unknown,6,162,0.037037037037037035,6,0
119593,204491,CB2081_b,unknown,R,6,238,0.025210084033613446,0,6
125327,448449,JO-EV2,R,unknown,6,78,0.07692307692307693,0,6
126219,512630,JO-ED2_b,R,unknown,6,81,0.07407407407407407,0,6
130871,520657,JO-B4_b,L,unknown,6,94,0.06382978723404255,6,0
130904,520709,AN10B017,unknown,L,6,1943,0.003088008234688626,0,6
131775,523349,PS126,unknown,L,6,3313,0.0018110473890733474,0,6
131830,523482,GNG633,unknown,R,6,3457,0.0017356089094590686,0,6
131898,523645,CB1065,unknown,L,6,569,0.01054481546572935,6,0
133712,527699,SAD064,unknown,R,6,1743,0.0034423407917383822,0,6
137328,536550,AVLP299_d,unknown,R,6,2921,0.0020540910647038686,0,6
164017,918248,JO-EV1,L,unknown,6,136,0.04411764705882353,6,0
165122,137801097,JO-B3,L,unknown,6,56,0.10714285714285714,6,0
165184,171730006,JO-CM,R,unknown,6,53,0.11320754716981132,0,6
165219,195470070,JO-EV2,L,unknown,6,62,0.0967741935483871,6,0
165544,480555286,JO-EV1,R,unknown,6,77,0.07792207792207792,0,6
165617,545702226,JO-EV1,R,unknown,6,88,0.06818181818181818,0,6
165654,580085781,unknown,unknown,unknown,6,48,0.125,6,0
165976,875638914,JO-EV2,R,unknown,6,70,0.08571428571428572,0,6
166030,912272687,JO-EV2,L,unknown,6,65,0.09230769230769231,6,0
641,10689,AN12B001,unknown,L,5,4086,0.0012236906510034262,3,2
1082,11172,DNg32,unknown,R,5,1710,0.0029239766081871343,0,5
1147,11238,GNG636,unknown,R,5,2705,0.0018484288354898336,0,5
1301,11397,SAD013,unknown,R,5,8915,0.0005608524957936063,0,5
1380,11477,LHPV6q1,unknown,R,5,7606,0.0006573757559821193,5,0
1502,11610,DNae007,unknown,R,5,9860,0.0005070993914807302,0,5
2003,12143,AN01A055,unknown,L,5,5217,0.0009584052137243627,5,0
2176,12329,CB1078,unknown,R,5,440,0.011363636363636364,0,5
2225,12381,SAD057,unknown,R,5,339,0.014749262536873156,0,5
2392,12557,PLP093,unknown,L,5,5504,0.0009084302325581395,5,0
4925,15336,CB1538,unknown,R,5,1511,0.0033090668431502318,0,5
5726,16243,AMMC035,unknown,R,5,326,0.015337423312883436,0,5
5815,16338,AN12B006,unknown,R,5,5748,0.0008698677800974252,5,0
6197,16759,AMMC035,unknown,R,5,256,0.01953125,0,5
6737,17366,CB2789,unknown,R,5,799,0.006257822277847309,0,5
7053,17715,PS139,unknown,R,5,1627,0.003073140749846343,0,5
9620,20594,PS042,unknown,L,5,2530,0.001976284584980237,5,0
12661,23979,CB1065,unknown,L,5,540,0.009259259259259259,5,0
13417,24834,CB2963,unknown,R,5,1121,0.0044603033006244425,0,5
14086,25576,PS092,unknown,R,5,1212,0.004125412541254125,0,5
16512,28296,SAD001,unknown,L,5,520,0.009615384615384616,5,0
16515,28299,CB1918,unknown,L,5,547,0.009140767824497258,5,0
16998,28846,GNG440,unknown,R,5,630,0.007936507936507936,0,5
21544,34010,CB0266,unknown,L,5,582,0.00859106529209622,5,0
24764,37654,CB2859,unknown,R,5,451,0.011086474501108648,2,3
32390,46303,GNG547,unknown,R,5,2946,0.0016972165648336728,0,5
32559,46503,CB2792,unknown,R,5,516,0.009689922480620155,0,5
38770,53727,CB4228,unknown,L,5,656,0.007621951219512195,5,0
39733,54837,PS118,unknown,L,5,1179,0.004240882103477523,5,0
46787,63259,CB1030,unknown,R,5,469,0.010660980810234541,0,5
64262,84917,CL116,unknown,R,5,987,0.005065856129685917,0,5
66427,87778,JO-CL,L,unknown,5,112,0.044642857142857144,5,0
72726,96150,CB1213,unknown,L,5,525,0.009523809523809525,5,0
86812,115707,WED143_a,unknown,L,5,499,0.01002004008016032,5,0
92812,124680,PLP122_b,unknown,L,5,787,0.0063532401524777635,5,0
94083,126689,JO-EV1,R,unknown,5,175,0.02857142857142857,0,5
95667,129290,JO-B4_a,L,unknown,5,96,0.052083333333333336,5,0
98207,133491,WEDPN8B,unknown,R,5,151,0.033112582781456956,0,5
106974,151525,JO-mz,L,unknown,5,155,0.03225806451612903,5,0
107348,152462,AMMC017,unknown,L,5,230,0.021739130434782608,0,5
125070,396599,GNG494,unknown,L,5,399,0.012531328320802004,5,0
126964,514024,JO-ED2_a,R,unknown,5,71,0.07042253521126761,0,5
127037,514139,SAD021_a,unknown,L,5,2022,0.002472799208704253,5,0
128637,516849,WED204,unknown,R,5,500,0.01,0,5
129636,518563,DNg85,unknown,L,5,5769,0.0008667013347200555,5,0
130153,519411,CB3024,unknown,L,5,1245,0.004016064257028112,5,0
130359,519792,CB1533,unknown,L,5,781,0.006402048655569782,5,0
130667,520340,WED031,unknown,L,5,1300,0.0038461538461538464,5,0
131758,523037,PS359,unknown,L,5,2277,0.0021958717610891525,5,0
133792,529078,WEDPN8B,unknown,R,5,162,0.030864197530864196,0,5
140162,545974,JO-EV3,R,unknown,5,24,0.20833333333333334,0,5
140984,549047,WED004,unknown,L,5,384,0.013020833333333334,5,0
164327,930160,JO-CL,L,unknown,5,43,0.11627906976744186,5,0
165388,327126875,JO-EV5,R,unknown,5,89,0.056179775280898875,0,5
165469,399935690,JO-EV6,R,unknown,5,29,0.1724137931034483,0,5
165487,419654997,JO-EV5,R,unknown,5,28,0.17857142857142858,0,5
165498,432633950,JO-EV3,R,unknown,5,20,0.25,0,5
165563,495608985,JO-CM,R,unknown,5,12,0.4166666666666667,0,5
165594,523980024,JO-EV5,R,unknown,5,41,0.12195121951219512,0,5
165943,842715518,JO-unclear,R,unknown,5,44,0.11363636363636363,0,5
166110,992060213,JO-CA1,L,unknown,5,36,0.1388888888888889,5,0
166152,1015296890,JO-ED2_c,R,unknown,5,30,0.16666666666666666,0,5
166172,1031549774,JO-unclear,L,unknown,5,28,0.17857142857142858,5,0
12,10017,AMMC-A1,unknown,L,4,8679,0.0004608825901601567,4,0
463,10499,DNge039,unknown,R,4,2883,0.001387443635102324,0,4
771,10832,GNG302,unknown,L,4,3537,0.0011309018942606728,1,3
886,10959,DNg98,unknown,R,4,7723,0.0005179334455522465,4,0
947,11022,CL053,unknown,R,4,7532,0.0005310674455655868,4,0
1210,11302,DNg104,unknown,R,4,4460,0.0008968609865470852,4,0
1465,11572,SAD091,unknown,M,4,3294,0.0012143290831815423,4,0
1642,11759,SAD057,unknown,L,4,424,0.009433962264150943,4,0
1662,11782,SAD106,unknown,L,4,4490,0.0008908685968819599,4,0
1764,11889,DNge065,unknown,L,4,4957,0.0008069396812588259,4,0
2197,12351,M_spPN4t9,unknown,L,4,3368,0.0011876484560570072,4,0
2416,12583,DNg87,unknown,R,4,6154,0.0006499837504062399,0,4
2428,12595,GNG557,unknown,R,4,2163,0.0018492834026814608,0,4
2512,12687,DNge113,unknown,R,4,1118,0.0035778175313059034,0,4
3824,14110,GNG342,unknown,M,4,2003,0.00199700449326011,4,0
3852,14140,GNG286,unknown,R,4,1586,0.0025220680958385876,0,4
3960,14265,DNge133,unknown,R,4,2604,0.0015360983102918587,0,4
4534,14906,GNG523,unknown,R,4,1937,0.002065049044914817,0,4
5142,15590,AN10B017,unknown,R,4,1473,0.0027155465037338763,4,0
5808,16329,AMMC035,unknown,R,4,359,0.011142061281337047,0,4
6079,16626,SAD001,unknown,R,4,666,0.006006006006006006,0,4
6374,16958,CB4248,unknown,R,4,1038,0.0038535645472061657,0,4
7383,18082,CB1538,unknown,R,4,1439,0.002779708130646282,0,4
9100,20006,CB4118,unknown,L,4,2200,0.0018181818181818182,4,0
10296,21349,WED055_b,unknown,L,4,1355,0.002952029520295203,4,0
10900,22020,WED051,unknown,L,4,1101,0.0036330608537693005,4,0
12813,24150,CL056,unknown,R,4,999,0.004004004004004004,0,4
14222,25735,PS096,unknown,R,4,1295,0.003088803088803089,0,4
15812,27519,unknown,unknown,R,4,472,0.00847457627118644,0,4
16853,28678,DNg110,unknown,R,4,726,0.005509641873278237,0,4
17037,28892,PS042,unknown,R,4,2176,0.001838235294117647,0,4
22699,35320,GNG634,unknown,R,4,508,0.007874015748031496,0,4
23854,36621,WED032,unknown,L,4,350,0.011428571428571429,4,0
27045,40234,WED161,unknown,R,4,326,0.012269938650306749,0,4
29722,43273,WED143_c,unknown,L,4,609,0.006568144499178982,4,0
30096,43695,WED167,unknown,R,4,813,0.004920049200492005,0,4
31051,44779,GNG646,unknown,L,4,455,0.008791208791208791,3,1
32448,46376,AN17B002,unknown,L,4,2340,0.0017094017094017094,4,0
34594,48849,SAD011,unknown,R,4,406,0.009852216748768473,0,4
37693,52478,AMMC036,unknown,R,4,954,0.0041928721174004195,0,4
39540,54602,CB2050,unknown,R,4,547,0.007312614259597806,0,4
43455,59224,CB1023,unknown,R,4,379,0.010554089709762533,4,0
50712,68029,WED004,unknown,R,4,344,0.011627906976744186,0,4
52530,70264,WEDPN8B,unknown,R,4,160,0.025,0,4
53472,71426,CB0652,unknown,R,4,409,0.009779951100244499,0,4
59935,79498,JO-B1_c,L,unknown,4,214,0.018691588785046728,4,0
62273,82411,DNg06,unknown,R,4,411,0.009732360097323601,0,4
74942,99206,CB1012,unknown,L,4,527,0.007590132827324478,0,4
75597,100084,WED004,unknown,R,4,447,0.008948545861297539,0,4
79715,105699,CB1849,unknown,R,4,377,0.010610079575596816,0,4
84359,112191,CB1055,unknown,L,4,269,0.01486988847583643,4,0
93759,126165,WEDPN8B,unknown,L,4,153,0.026143790849673203,4,0
100358,137431,JO-mz,L,unknown,4,145,0.027586206896551724,4,0
101000,138626,CB1023,unknown,L,4,222,0.018018018018018018,3,1
103080,142797,CB1493,unknown,R,4,289,0.01384083044982699,0,4
106927,151404,WED103,unknown,R,4,252,0.015873015873015872,0,4
116906,188780,JO-FD2,L,unknown,4,55,0.07272727272727272,4,0
120696,212826,CB2558,unknown,R,4,86,0.046511627906976744,0,4
122005,225878,JO-CA2,L,unknown,4,211,0.018957345971563982,4,0
123127,247028,JO-FV,L,unknown,4,60,0.06666666666666667,4,0
123630,263492,JO-CM,L,unknown,4,33,0.12121212121212122,4,0
123848,274047,JO-mz,L,unknown,4,85,0.047058823529411764,4,0
124898,366857,JO-EV2,L,unknown,4,116,0.034482758620689655,4,0
124947,376040,JO-EV2,R,unknown,4,55,0.07272727272727272,0,4
125431,480695,JO-unclear,L,unknown,4,15,0.26666666666666666,4,0
125767,511799,SAD057,unknown,R,4,310,0.012903225806451613,0,4
126000,512239,JO-CL,R,unknown,4,14,0.2857142857142857,0,4
126116,512452,CB1012,unknown,L,4,571,0.0070052539404553416,0,4
126170,512531,SAD117,unknown,R,4,647,0.0061823802163833074,0,4
126314,512821,CB4248,unknown,L,4,1332,0.003003003003003003,4,0
127265,514510,AVLP299_d,unknown,R,4,2646,0.0015117157974300832,0,4
127469,514859,IPS001,unknown,R,4,537,0.0074487895716946,0,4
128307,516332,JO-DA,L,unknown,4,86,0.046511627906976744,4,0
128601,516796,PS080,unknown,R,4,4364,0.0009165902841429881,0,4
129608,518513,PS261,unknown,L,4,1470,0.0027210884353741495,4,0
129725,518695,CB0224,unknown,L,4,1017,0.003933136676499509,4,0
130241,519539,CB0956,unknown,L,4,1264,0.0031645569620253164,4,0
130256,519570,DNg82,unknown,R,4,1760,0.0022727272727272726,1,3
130700,520391,PS139,unknown,L,4,1644,0.0024330900243309003,4,0
131321,521596,AVLP287,unknown,L,4,2052,0.001949317738791423,4,0
132531,524846,PS350,unknown,R,4,520,0.007692307692307693,0,4
133791,529077,WED057,unknown,R,4,497,0.008048289738430584,0,4
138028,539565,CB4104,unknown,R,4,320,0.0125,0,4
142422,555458,GNG561,unknown,L,4,4987,0.0008020854220974534,4,0
142843,558778,AN08B012,unknown,R,4,16323,0.00024505299270967347,4,0
165233,206174566,JO-EV1,R,unknown,4,40,0.1,0,4
165289,251085475,JO-ED1,R,unknown,4,65,0.06153846153846154,0,4
165357,308077970,JO-EV2,R,unknown,4,35,0.11428571428571428,0,4
165397,339608709,JO-ED2_a,R,unknown,4,93,0.043010752688172046,0,4
165503,435223099,JO-CM,L,unknown,4,10,0.4,4,0
165561,493774068,JO-EV1,R,unknown,4,112,0.03571428571428571,0,4
165649,573860058,JO-EV5,R,unknown,4,17,0.23529411764705882,0,4
165729,656864259,unknown,R,unknown,4,38,0.10526315789473684,0,4
166095,975394666,JO-EV6,R,unknown,4,31,0.12903225806451613,0,4
166155,1017704104,JO-EV3,R,unknown,4,32,0.125,0,4
122,10136,PS304,unknown,L,3,7649,0.0003922081317819323,3,0
199,10218,DNg35,unknown,R,3,14831,0.00020227901018137685,0,3
201,10220,LoVC16,unknown,L,3,22470,0.0001335113484646195,3,0
242,10263,GNG300,unknown,R,3,6764,0.0004435245416913069,3,0
254,10276,aMe17c,unknown,L,3,3075,0.000975609756097561,3,0
255,10277,AMMC-A1,unknown,R,3,6493,0.00046203603881102723,0,3
291,10314,MeVC4b,unknown,L,3,3833,0.0007826767545003914,3,0
454,10490,GNG671,unknown,M,3,5766,0.0005202913631633715,3,0
470,10507,GNG701m,unknown,L,3,2154,0.001392757660167131,3,0
548,10587,DNge011,unknown,L,3,2831,0.0010596962204168139,3,0
738,10797,AN12B001,unknown,R,3,4358,0.0006883891693437356,3,0
1075,11164,GNG124,unknown,R,3,4306,0.0006967022758941013,3,0
1175,11266,PS359,unknown,R,3,2293,0.0013083296990841692,1,2
1437,11540,DNge152,unknown,M,3,3938,0.0007618080243778568,0,3
1500,11608,OA-VUMa2,unknown,M,3,4743,0.0006325110689437065,3,0
1506,11614,DNpe032,unknown,L,3,2427,0.0012360939431396785,3,0
1759,11884,CB4118,unknown,L,3,1979,0.0015159171298635675,3,0
1919,12053,SAD106,unknown,R,3,4431,0.0006770480704129993,3,0
2565,12743,DNge101,unknown,L,3,3644,0.000823271130625686,3,0
2683,12869,DNge098,unknown,L,3,1541,0.001946787800129786,0,3
2690,12876,PS090,unknown,R,3,3693,0.0008123476848090983,0,3
2701,12887,CL007,unknown,L,3,3545,0.000846262341325811,3,0
2761,12950,SAD057,unknown,R,3,307,0.009771986970684038,0,3
2829,13021,PLP260,unknown,L,3,2920,0.0010273972602739725,3,0
2976,13178,DNge039,unknown,L,3,2896,0.0010359116022099447,3,0
3403,13649,DNg79,unknown,R,3,2084,0.0014395393474088292,0,3
3878,14168,CB1932,unknown,L,3,2345,0.001279317697228145,3,0
3902,14200,PS018_a,unknown,R,3,4951,0.000605938194304181,2,1
4395,14752,CB0630,unknown,R,3,1052,0.0028517110266159697,0,3
5021,15448,DNge097,unknown,L,3,1431,0.0020964360587002098,3,0
5797,16318,GNG358,unknown,L,3,928,0.003232758620689655,3,0
6243,16811,CB0312,unknown,L,3,1905,0.0015748031496062992,3,0
8397,19215,PS261,unknown,R,3,1554,0.0019305019305019305,0,3
8949,19837,WED016,unknown,R,3,1878,0.001597444089456869,3,0
10373,21430,CB0390,unknown,L,3,554,0.005415162454873646,0,3
10602,21697,WED205,unknown,R,3,588,0.00510204081632653,0,3
14818,26401,PS350,unknown,R,3,585,0.005128205128205128,0,3
15838,27547,CB1222,unknown,L,3,938,0.0031982942430703624,3,0
17302,29188,DNge108,unknown,R,3,641,0.0046801872074883,0,3
17524,29445,CB0609,unknown,L,3,2837,0.0010574550581600281,3,0
18008,29976,GNG611,unknown,L,3,932,0.003218884120171674,3,0
19693,31919,WED004,unknown,R,3,550,0.005454545454545455,0,3
20263,32554,WED26,unknown,R,3,659,0.004552352048558422,0,3
22525,35123,WED020_b,unknown,R,3,798,0.0037593984962406013,0,3
23821,36582,WED004,unknown,L,3,373,0.00804289544235925,3,0
26067,39134,WED057,unknown,L,3,540,0.005555555555555556,3,0
31923,45781,GNG646,unknown,R,3,477,0.006289308176100629,2,1
33115,47144,CB1601,unknown,L,3,339,0.008849557522123894,3,0
33463,47544,GNG413,unknown,L,3,243,0.012345679012345678,3,0
34330,48544,WED164,unknown,R,3,519,0.005780346820809248,0,3
35976,50464,CB4097,unknown,R,3,687,0.004366812227074236,3,0
37001,51658,PS018_a,unknown,L,3,3731,0.0008040739748056821,3,0
37214,51911,CB4097,unknown,L,3,473,0.006342494714587738,0,3
38901,53874,CB3316,unknown,R,3,550,0.005454545454545455,0,3
39639,54726,PS095,unknown,L,3,455,0.006593406593406593,3,0
40549,55794,WED101,unknown,R,3,436,0.006880733944954129,0,3
46138,62470,GNG330,unknown,R,3,435,0.006896551724137931,3,0
51828,69409,DNg06,unknown,R,3,801,0.003745318352059925,0,3
52097,69729,WED161,unknown,L,3,481,0.006237006237006237,3,0
58629,77839,JO-mz,L,unknown,3,205,0.014634146341463415,3,0
61868,81913,SAD007,unknown,L,3,221,0.013574660633484163,3,0
67055,88600,WED103,unknown,R,3,211,0.014218009478672985,0,3
85218,113406,WED143_d,unknown,R,3,596,0.0050335570469798654,0,3
86062,114598,JO-B4_b,L,unknown,3,124,0.024193548387096774,3,0
100783,138243,CB2859,unknown,R,3,596,0.0050335570469798654,2,1
102895,142423,JO-mz,L,unknown,3,96,0.03125,3,0
113679,173186,CB2309,unknown,R,3,180,0.016666666666666666,0,3
115121,179637,JO-FV,L,unknown,3,63,0.047619047619047616,3,0
115196,180021,CB3865,unknown,R,3,193,0.015544041450777202,0,3
117979,194470,CB2309,unknown,R,3,296,0.010135135135135136,0,3
118207,195591,WEDPN17_c,unknown,L,3,382,0.007853403141361256,3,0
119964,207192,SAD008,unknown,R,3,341,0.008797653958944282,0,3
122487,233170,JO-B3,L,unknown,3,143,0.02097902097902098,3,0
123499,258819,unknown,R,unknown,3,3,1.0,0,3
123520,259400,JO-EV1,R,unknown,3,26,0.11538461538461539,0,3
123663,265416,JO-EV1,L,unknown,3,164,0.018292682926829267,3,0
125072,397089,JO-unclear,R,unknown,3,11,0.2727272727272727,0,3
125129,407821,JO-EV5,R,unknown,3,25,0.12,0,3
126169,512530,AN17B002,unknown,R,3,2060,0.0014563106796116505,2,1
126774,513681,SAD104,unknown,L,3,481,0.006237006237006237,3,0
127158,514324,WEDPN11,unknown,L,3,1780,0.0016853932584269663,3,0
128344,516400,PLP073,unknown,L,3,826,0.0036319612590799033,3,0
128616,516821,DNge094,unknown,R,3,492,0.006097560975609756,0,3
128855,517202,WED165,unknown,L,3,2285,0.001312910284463895,3,0
129165,517778,WED103,unknown,R,3,224,0.013392857142857142,3,0
129863,518902,PLP097,unknown,L,3,1286,0.0023328149300155523,3,0
130085,519277,SAD200m,unknown,R,3,505,0.005940594059405941,0,3
130870,520656,WED201,unknown,L,3,588,0.00510204081632653,3,0
131114,521190,DNae007,unknown,L,3,9602,0.0003124349093938763,3,0
132755,525289,CB0956,unknown,L,3,1388,0.002161383285302594,3,0
133069,526065,JO-mz,L,unknown,3,174,0.017241379310344827,3,0
133185,526298,PS197,unknown,L,3,1949,0.0015392508978963571,3,0
134386,530266,CB1023,unknown,R,3,400,0.0075,2,1
135003,531427,CB1918,unknown,L,3,554,0.005415162454873646,3,0
135203,531898,DNp04,unknown,L,3,12107,0.0002477905344015859,3,0
136212,533959,JO-CL,R,unknown,3,80,0.0375,0,3
137122,536048,DNp27,unknown,L,3,8738,0.0003433279926756695,2,1
138825,542560,PLP073,unknown,L,3,752,0.003989361702127659,3,0
142426,555472,DNae009,unknown,L,3,6854,0.0004377006127808579,3,0
144396,800099,DNge079,unknown,L,3,12477,0.00024044241404183698,3,0
165132,142847993,JO-EV1,R,unknown,3,51,0.058823529411764705,0,3
165134,143099582,JO-CM,R,unknown,3,14,0.21428571428571427,0,3
165231,203988386,JO-unclear,R,unknown,3,3,1.0,0,3
165267,235503501,JO-ED2_a,R,unknown,3,10,0.3,0,3
165545,480601747,JO-EV2,R,unknown,3,89,0.033707865168539325,0,3
165665,593749891,JO-EV3,R,unknown,3,18,0.16666666666666666,0,3
165801,719581118,JO-unclear,R,unknown,3,8,0.375,0,3
165922,827993838,JO-unclear,R,unknown,3,5,0.6,0,3
15,10020,AMMC-A1,unknown,L,2,7985,0.0002504696305572949,2,0
25,10033,DNg56,unknown,R,2,4507,0.00044375416019525185,0,2
32,10041,OA-VUMa1,unknown,M,2,10673,0.00018738873793685,2,0
46,10056,DNg100,unknown,R,2,20215,9.893643334157804e-05,2,0
61,10074,PVLP010,unknown,L,2,18772,0.00010654165778819518,2,0
95,10109,VES041,unknown,L,2,19970,0.00010015022533800701,2,0
96,10110,OA-VUMa1,unknown,M,2,10523,0.0001900598688586905,2,0
109,10123,DNg30,unknown,L,2,3166,0.0006317119393556538,2,0
202,10221,DNge037,unknown,L,2,16902,0.00011832919181161993,2,0
223,10244,DNp55,unknown,L,2,8346,0.00023963575365444525,2,0
232,10253,AN07B004,unknown,L,2,4935,0.0004052684903748733,2,0
320,10347,LHPV6q1,unknown,L,2,7458,0.0002681684097613301,2,0
657,10706,DNx01,L,unknown,2,1750,0.001142857142857143,2,0
675,10727,DNpe002,unknown,L,2,6714,0.0002978850163836759,2,0
676,10728,WED116,unknown,L,2,8138,0.0002457606291472106,2,0
762,10822,DNge047,unknown,R,2,5623,0.00035568202027387515,2,0
1545,11657,DNpe005,unknown,L,2,3218,0.0006215040397762585,2,0
1586,11699,PS197,unknown,L,2,1923,0.0010400416016640667,2,0
2201,12355,PS047_a,unknown,L,2,4741,0.0004218519299725796,2,0
2391,12556,PLP093,unknown,R,2,4896,0.0004084967320261438,0,2
2411,12577,PLP260,unknown,R,2,3209,0.0006232471174820816,2,0
2504,12679,PS089,unknown,R,2,2904,0.0006887052341597796,0,2
2569,12747,CB0466,unknown,R,2,7100,0.00028169014084507044,0,2
2670,12854,CB0609,unknown,R,2,2932,0.0006821282401091405,0,2
2717,12905,SAD084,unknown,L,2,1937,0.0010325245224574084,2,0
2922,13121,SMP457,unknown,R,2,2443,0.0008186655751125665,2,0
3338,13575,SAD100,unknown,M,2,1331,0.0015026296018031556,0,2
3364,13604,SAD057,unknown,L,2,445,0.0044943820224719105,2,0
3398,13643,GNG652,unknown,L,2,3092,0.000646830530401035,2,0
3891,14188,LAL304m,unknown,R,2,2407,0.0008309098462816784,0,2
4072,14391,M_ilPNm90,unknown,L,2,2395,0.0008350730688935282,2,0
4109,14432,DNge113,unknown,R,2,1175,0.001702127659574468,0,2
4210,14549,PS115,unknown,L,2,2142,0.0009337068160597573,2,0
4484,14852,AVLP299_c,unknown,L,2,1798,0.0011123470522803114,2,0
4545,14918,CL058,unknown,L,2,1885,0.0010610079575596816,2,0
4897,15304,LAL156_b,unknown,L,2,3915,0.0005108556832694764,2,0
5229,15685,PS221,unknown,L,2,1988,0.001006036217303823,2,0
5989,16530,SAD044,unknown,L,2,1378,0.001451378809869376,2,0
6042,16585,CB3207,unknown,R,2,617,0.0032414910858995136,0,2
6498,17099,GNG219,unknown,L,2,1530,0.00130718954248366,0,2
6810,17449,WED206,unknown,R,2,876,0.00228310502283105,0,2
6872,17517,AVLP722m,unknown,L,2,1479,0.001352265043948614,2,0
6885,17531,SAD021_c,unknown,L,2,2264,0.0008833922261484099,2,0
7247,17929,WED206,unknown,R,2,942,0.0021231422505307855,0,2
7481,18195,PVLP214m,unknown,R,2,1588,0.0012594458438287153,0,2
7707,18447,CB2294,unknown,R,2,642,0.003115264797507788,0,2
7958,18729,GNG358,unknown,L,2,820,0.0024390243902439024,2,0
8065,18846,PS347_b,unknown,R,2,652,0.003067484662576687,2,0
8518,19356,SAD021,unknown,R,2,1777,0.0011254924029262803,0,2
8744,19607,AN19B024,unknown,R,2,1061,0.001885014137606032,2,0
8817,19691,DNge110,unknown,R,2,632,0.0031645569620253164,0,2
9059,19960,DNa07,unknown,L,2,1454,0.001375515818431912,2,0
11083,22217,CB1065,unknown,R,2,512,0.00390625,0,2
13556,24987,DNpe012_b,unknown,L,2,570,0.0035087719298245615,2,0
13585,25021,GNG009,unknown,M,2,1025,0.001951219512195122,0,2
14500,26049,DNg02_a,unknown,R,2,1078,0.0018552875695732839,0,2
15494,27170,DNge017,unknown,L,2,887,0.002254791431792559,2,0
15583,27270,SAD200m,unknown,R,2,528,0.003787878787878788,0,2
15817,27525,DNge094,unknown,L,2,632,0.0031645569620253164,2,0
16628,28425,CL121_a,unknown,L,2,470,0.00425531914893617,2,0
17558,29485,unknown,unknown,R,2,1286,0.0015552099533437014,0,2
18955,31061,CB1012,unknown,R,2,664,0.0030120481927710845,2,0
21576,34046,WED056,unknown,L,2,861,0.0023228803716608595,2,0
21671,34155,CL116,unknown,L,2,1180,0.001694915254237288,2,0
21889,34402,CB0122,unknown,L,2,3534,0.0005659309564233164,2,0
22098,34641,WED031,unknown,R,2,392,0.00510204081632653,0,2
22564,35168,WED095,unknown,L,2,859,0.002328288707799767,2,0
23057,35719,PLP073,unknown,R,2,886,0.002257336343115124,0,2
24325,37152,WED025,unknown,L,2,706,0.0028328611898017,2,0
25646,38653,GNG662,unknown,L,2,388,0.005154639175257732,0,2
25864,38900,CB1849,unknown,R,2,426,0.004694835680751174,0,2
27165,40371,CB1960,unknown,R,2,914,0.002188183807439825,0,2
28838,42257,CB3953,unknown,R,2,512,0.00390625,0,2
29581,43113,CB2050,unknown,R,2,690,0.002898550724637681,0,2
30134,43741,CB2912,unknown,L,2,441,0.0045351473922902496,2,0
30539,44202,CB2859,unknown,L,2,440,0.004545454545454545,2,0
31587,45404,WEDPN14,unknown,R,2,632,0.0031645569620253164,0,2
31651,45471,GNG454,unknown,R,2,318,0.006289308176100629,2,0
38982,53967,SAD200m,unknown,R,2,1248,0.0016025641025641025,0,2
44311,60266,VES023,unknown,L,2,897,0.002229654403567447,0,2
45522,61729,BM,L,unknown,2,149,0.013422818791946308,2,0
48455,65269,WED143_a,unknown,R,2,708,0.002824858757062147,0,2
52657,70421,GNG330,unknown,R,2,405,0.0049382716049382715,2,0
53996,72076,PS118,unknown,R,2,1076,0.0018587360594795538,0,2
59211,78585,CB3743,unknown,R,2,155,0.012903225806451613,0,2
60822,80620,GNG635,unknown,R,2,301,0.006644518272425249,0,2
62525,82720,WED117,unknown,L,2,1663,0.0012026458208057728,2,0
68037,89902,WED164,unknown,L,2,338,0.005917159763313609,2,0
75440,99866,unknown,unknown,L,2,706,0.0028328611898017,2,0
83697,111277,JO-B3,L,unknown,2,197,0.01015228426395939,2,0
91005,121940,CB2389,unknown,L,2,213,0.009389671361502348,2,0
93002,124973,WED143_a,unknown,R,2,701,0.0028530670470756064,0,2
95572,129140,CB1407,unknown,R,2,220,0.00909090909090909,0,2
96139,130070,CB4097,unknown,R,2,365,0.005479452054794521,2,0
97284,131926,WED143_b,unknown,L,2,424,0.0047169811320754715,2,0
102320,141266,JO-CA1,L,unknown,2,85,0.023529411764705882,2,0
104553,145832,WED143_c,unknown,L,2,297,0.006734006734006734,2,0
105293,147464,CB2972,unknown,R,2,599,0.00333889816360601,2,0
108958,156792,GNG309,unknown,R,2,256,0.0078125,0,2
109709,159008,WED143_b,unknown,L,2,475,0.004210526315789474,2,0
113156,170990,SAD006,unknown,R,2,361,0.00554016620498615,0,2
122347,230852,JO-DP,L,unknown,2,72,0.027777777777777776,2,0
123566,261211,JO-CA1,L,unknown,2,157,0.012738853503184714,2,0
124411,310422,JO-unclear,R,unknown,2,15,0.13333333333333333,0,2
124577,327202,JO-EV2,R,unknown,2,9,0.2222222222222222,0,2
124608,330724,JO-CM,R,unknown,2,4,0.5,0,2
124721,343346,JO-FV,L,unknown,2,19,0.10526315789473684,2,0
124810,354677,JO-CM,R,unknown,2,3,0.6666666666666666,0,2
125210,423565,JO-CM,R,unknown,2,12,0.16666666666666666,0,2
125264,433834,JO-EV2,L,unknown,2,128,0.015625,2,0
125477,494022,JO-EV2,R,unknown,2,69,0.028985507246376812,0,2
128308,516334,SAD051_b,unknown,L,2,270,0.007407407407407408,2,0
129845,518876,CB1233,unknown,R,2,233,0.008583690987124463,0,2
130157,519415,SAD014,unknown,L,2,2157,0.0009272137227630969,2,0
130564,520115,LAL208,unknown,L,2,1127,0.001774622892635315,2,0
131714,522971,CB0228,unknown,L,2,2089,0.0009573958831977022,0,2
131774,523347,AVLP299_d,unknown,L,2,2189,0.0009136592051164915,2,0
131818,523446,PS115,unknown,R,2,1833,0.0010911074740861974,0,2
132110,524082,GNG559,unknown,R,2,2717,0.000736105999263894,0,2
134081,529634,CB1464,unknown,L,2,448,0.004464285714285714,2,0
134984,531395,CB0982,unknown,L,2,665,0.0030075187969924814,2,0
135551,532619,CB2501,unknown,L,2,783,0.002554278416347382,2,0
135988,533531,SAD005,unknown,L,2,655,0.0030534351145038168,2,0
136276,534101,CB4097,unknown,L,2,439,0.004555808656036446,0,2
136305,534149,WED118,unknown,L,2,677,0.0029542097488921715,2,0
136909,535523,WED031,unknown,R,2,1103,0.001813236627379873,0,2
137171,536218,JO-EV1,R,unknown,2,116,0.017241379310344827,0,2
140701,547920,JO-B1_a,L,unknown,2,121,0.01652892561983471,2,0
143108,562165,JO-mz,L,unknown,2,169,0.011834319526627219,2,0
144964,800868,DNpe002,unknown,R,2,6773,0.0002952901225454009,0,2
160569,901811,JO-EV6,R,unknown,2,23,0.08695652173913043,0,2
165260,226996233,JO-EV2,R,unknown,2,48,0.041666666666666664,0,2
165332,285504310,JO-unclear,R,unknown,2,3,0.6666666666666666,0,2
165689,617505194,JO-EV5,R,unknown,2,58,0.034482758620689655,0,2
165782,699735026,unknown,unknown,unknown,2,79,0.02531645569620253,2,0
166015,906350022,JO-FV,L,unknown,2,15,0.13333333333333333,2,0
56,10069,AN07B004,unknown,R,1,4426,0.00022593764121102577,1,0
91,10105,MeVC25,unknown,L,1,12242,8.168599901976801e-05,1,0
147,10163,DNge036,unknown,L,1,9503,0.0001052299273913501,1,0
172,10191,GNG661,unknown,R,1,3806,0.0002627430373095113,1,0
178,10197,DNp02,unknown,L,1,8130,0.0001230012300123001,1,0
237,10258,PLP124,unknown,R,1,1665,0.0006006006006006006,1,0
355,10384,DNp63,unknown,R,1,6332,0.00015792798483891344,0,1
356,10385,GNG572,unknown,R,1,3068,0.0003259452411994785,0,1
375,10407,AVLP609,unknown,L,1,1914,0.0005224660397074191,1,0
475,10512,ANXXX109,unknown,R,1,1425,0.0007017543859649122,1,0
545,10584,DNp06,unknown,R,1,19404,5.1535765821480104e-05,0,1
598,10644,PLP163,unknown,L,1,13848,7.221259387637204e-05,1,0
620,10668,DNge006,unknown,R,1,3184,0.000314070351758794,0,1
624,10672,DNae009,unknown,R,1,7311,0.0001367801942278758,0,1
656,10705,DNc02,unknown,L,1,1505,0.000664451827242525,0,1
660,10709,WED193,unknown,R,1,5564,0.00017972681524083394,0,1
770,10831,WED195,unknown,R,1,4061,0.0002462447672986949,1,0
922,10997,AN06B009,unknown,L,1,3545,0.00028208744710860365,1,0
1099,11189,PS116,unknown,R,1,5591,0.00017885888034340904,0,1
1184,11275,CB1078,unknown,L,1,446,0.002242152466367713,1,0
1214,11306,PS013,unknown,L,1,7974,0.00012540757461750688,1,0
1273,11369,DNc01,unknown,L,1,1872,0.0005341880341880342,0,1
1282,11378,CB1280,unknown,L,1,1561,0.0006406149903907751,1,0
1414,11515,PS112,unknown,R,1,8605,0.00011621150493898897,0,1
1481,11589,GNG311,unknown,L,1,1955,0.0005115089514066496,1,0
1997,12136,DNg102,unknown,L,1,4371,0.00022878059940517045,1,0
2027,12169,DNg87,unknown,L,1,6201,0.00016126431220770844,1,0
2056,12199,SAD057,unknown,R,1,303,0.0033003300330033004,0,1
2087,12232,GNG515,unknown,R,1,2688,0.0003720238095238095,0,1
2600,12781,DNge104,unknown,R,1,10502,9.521995810321844e-05,1,0
2668,12852,WED187,unknown,M,1,2388,0.0004187604690117253,1,0
2706,12894,DNge011,unknown,R,1,2493,0.00040112314480545525,0,1
2788,12978,PS089,unknown,L,1,3075,0.0003252032520325203,1,0
2814,13006,DNge076,unknown,L,1,2817,0.0003549875754348598,0,1
2837,13030,DNge006,unknown,L,1,2763,0.0003619254433586681,1,0
2841,13034,DNg95,unknown,R,1,1636,0.0006112469437652812,0,1
2861,13056,GNG162,unknown,R,1,2634,0.00037965072133637056,0,1
3163,13381,ANXXX027,unknown,L,1,14796,6.758583400919168e-05,0,1
3186,13405,CB4179,unknown,L,1,1066,0.0009380863039399625,1,0
3328,13563,WEDPN12,unknown,R,1,3186,0.00031387319522912746,0,1
3347,13584,GNG517,unknown,R,1,2055,0.00048661800486618007,1,0
3699,13969,WED070,unknown,R,1,2193,0.00045599635202918376,0,1
3707,13978,DNg79,unknown,R,1,1660,0.0006024096385542169,0,1
3792,14075,GNG529,unknown,R,1,4922,0.0002031694433157253,0,1
3941,14241,AVLP547,unknown,L,1,2077,0.00048146364949446316,1,0
3967,14272,AVLP120,unknown,R,1,1927,0.0005189413596263622,0,1
4793,15192,AN05B097,unknown,R,1,4278,0.0002337540906965872,1,0
4823,15225,WED072,unknown,L,1,3011,0.00033211557622052476,1,0
4896,15303,DNx02,R,unknown,1,109,0.009174311926605505,0,1
4914,15323,PVLP123,unknown,R,1,2956,0.00033829499323410016,0,1
5777,16296,GNG464,unknown,L,1,847,0.0011806375442739079,1,0
5946,16485,CB4179,unknown,R,1,1290,0.0007751937984496124,0,1
6119,16673,GNG637,unknown,R,1,2580,0.0003875968992248062,0,1
6204,16766,PS333,unknown,R,1,1056,0.000946969696969697,1,0
6467,17064,CB3364,unknown,L,1,1810,0.0005524861878453039,1,0
6588,17197,SAD040,unknown,L,1,1018,0.0009823182711198428,1,0
6869,17513,AN05B009,unknown,R,1,13277,7.531821947729155e-05,1,0
6894,17542,SAD021_a,unknown,L,1,2021,0.0004948045522018803,1,0
7062,17724,AN19B049,unknown,L,1,685,0.00145985401459854,0,1
7751,18499,WED146_a,unknown,L,1,1691,0.0005913660555884093,1,0
7839,18601,PS261,unknown,R,1,1423,0.0007027406886858749,0,1
8592,19440,AN09B016,unknown,L,1,2090,0.0004784688995215311,1,0
8965,19856,unknown,unknown,L,1,1606,0.0006226650062266501,1,0
9702,20683,CB2093,unknown,L,1,1271,0.0007867820613690008,1,0
9719,20702,GNG658,unknown,L,1,939,0.0010649627263045794,1,0
10190,21231,PPM1204,unknown,R,1,1326,0.0007541478129713424,0,1
10274,21324,CB4118,unknown,R,1,1715,0.0005830903790087463,0,1
10951,22077,CB3649,unknown,L,1,982,0.0010183299389002036,1,0
11090,22225,GNG658,unknown,R,1,956,0.0010460251046025104,0,1
11253,22404,DNg02_a,unknown,L,1,1207,0.0008285004142502071,1,0
11404,22575,CB1074,unknown,R,1,1976,0.0005060728744939271,0,1
11904,23138,GNG657,unknown,L,1,1221,0.000819000819000819,0,1
12158,23416,CB2855,unknown,R,1,1233,0.0008110300081103001,0,1
12329,23617,GNG358,unknown,R,1,776,0.001288659793814433,0,1
12646,23962,CB2408,unknown,L,1,1153,0.0008673026886383347,1,0
12663,23981,WED159,unknown,L,1,545,0.001834862385321101,1,0
12749,24079,WED045,unknown,L,1,1321,0.000757002271006813,1,0
13203,24596,CB1948,unknown,R,1,1258,0.000794912559618442,0,1
13204,24597,CL053,unknown,L,1,7636,0.00013095861707700367,1,0
13433,24852,WED025,unknown,L,1,708,0.0014124293785310734,1,0
13582,25016,GNG267,unknown,L,1,597,0.0016750418760469012,0,1
15189,26817,GNG430_a,unknown,L,1,492,0.0020325203252032522,0,1
15365,27020,CB1213,unknown,R,1,927,0.0010787486515641855,0,1
15447,27113,DNge180,unknown,R,1,590,0.001694915254237288,1,0
15576,27262,CB2093,unknown,R,1,1078,0.0009276437847866419,0,1
16006,27735,DNge110,unknown,L,1,539,0.0018552875695732839,1,0
16104,27841,WED056,unknown,R,1,1194,0.0008375209380234506,0,1
16682,28487,CB0374,unknown,R,1,354,0.002824858757062147,0,1
17038,28893,WED031,unknown,R,1,662,0.0015105740181268882,0,1
17113,28979,AVLP145,unknown,L,1,764,0.0013089005235602095,1,0
18302,30318,LAL132_a,unknown,L,1,1043,0.0009587727708533077,1,0
18549,30597,WED166_d,unknown,R,1,1005,0.0009950248756218905,0,1
19095,31231,AVLP611,unknown,L,1,802,0.0012468827930174563,1,0
19617,31829,WED056,unknown,L,1,893,0.0011198208286674132,1,0
19636,31851,CB1601,unknown,R,1,371,0.0026954177897574125,0,1
20311,32609,WED030_a,unknown,L,1,773,0.00129366106080207,1,0
20654,33008,AMMC020,unknown,R,1,478,0.0020920502092050207,0,1
20793,33168,WED057,unknown,L,1,662,0.0015105740181268882,1,0
21213,33636,WEDPN2A,unknown,L,1,548,0.0018248175182481751,1,0
21288,33724,CB1786_a,unknown,R,1,448,0.002232142857142857,0,1
21528,33991,WED004,unknown,L,1,287,0.003484320557491289,1,0
21529,33992,AOTU043,unknown,L,1,846,0.001182033096926714,1,0
21618,34098,CB2501,unknown,R,1,881,0.0011350737797956867,0,1
22051,34587,WED166_a,unknown,L,1,1409,0.0007097232079489,1,0
23958,36739,WED031,unknown,R,1,388,0.002577319587628866,0,1
24228,37047,unknown,unknown,L,1,493,0.002028397565922921,1,0
24668,37546,PS042,unknown,L,1,779,0.0012836970474967907,1,0
24907,37821,GNG330,unknown,L,1,490,0.0020408163265306124,1,0
27231,40447,DNg79,unknown,L,1,1172,0.0008532423208191126,1,0
28031,41346,DNge094,unknown,R,1,587,0.0017035775127768314,0,1
28198,41533,GNG330,unknown,L,1,383,0.0026109660574412533,0,1
29017,42465,DNg06,unknown,R,1,392,0.002551020408163265,0,1
29109,42565,GNG635,unknown,R,1,284,0.0035211267605633804,0,1
29739,43290,WED030_a,unknown,R,1,564,0.0017730496453900709,0,1
29750,43302,CB3343,unknown,R,1,910,0.001098901098901099,0,1
30017,43603,CB2751,unknown,R,1,507,0.0019723865877712033,0,1
30536,44199,WED143_b,unknown,R,1,490,0.0020408163265306124,0,1
30689,44368,GNG454,unknown,L,1,244,0.004098360655737705,0,1
30702,44383,CB3744,unknown,R,1,229,0.004366812227074236,0,1
30744,44432,WED004,unknown,R,1,335,0.0029850746268656717,0,1
31433,45227,GNG454,unknown,L,1,270,0.003703703703703704,0,1
34467,48696,SApp10,L,unknown,1,105,0.009523809523809525,1,0
36525,51094,WED032,unknown,L,1,372,0.002688172043010753,1,0
41053,56391,CB3784,unknown,L,1,274,0.0036496350364963502,1,0
41134,56494,LAL132_a,unknown,R,1,1055,0.0009478672985781991,0,1
42695,58326,CB2972,unknown,L,1,476,0.0021008403361344537,1,0
42762,58405,CB1047,unknown,L,1,571,0.0017513134851138354,1,0
44362,60335,JO-FD1,L,unknown,1,97,0.010309278350515464,1,0
50353,67577,CB3953,unknown,R,1,438,0.00228310502283105,0,1
51730,69286,GNG309,unknown,L,1,309,0.003236245954692557,1,0
53418,71362,CB1464,unknown,R,1,556,0.0017985611510791368,0,1
55305,73745,GNG428,unknown,R,1,447,0.0022371364653243847,0,1
57220,76080,CB4097,unknown,L,1,608,0.001644736842105263,0,1
59636,79118,CB1849,unknown,L,1,207,0.004830917874396135,1,0
67313,88944,CB1012,unknown,L,1,479,0.0020876826722338203,0,1
70349,93000,BM,L,unknown,1,280,0.0035714285714285713,1,0
78063,103456,GNG338,unknown,R,1,398,0.002512562814070352,0,1
80817,107264,CB3103,unknown,L,1,152,0.006578947368421052,1,0
83237,110619,CB3748,unknown,L,1,449,0.0022271714922048997,1,0
83312,110725,CB4201,unknown,R,1,467,0.0021413276231263384,1,0
87016,115992,CB2408,unknown,R,1,1272,0.0007861635220125787,0,1
88221,117756,JO-B1_c,L,unknown,1,170,0.0058823529411764705,1,0
90684,121454,SAD008,unknown,L,1,411,0.0024330900243309003,1,0
90796,121617,JO-B1_c,L,unknown,1,189,0.005291005291005291,1,0
95170,128512,unknown,unknown,L,1,562,0.0017793594306049821,0,1
97464,132232,SAD008,unknown,R,1,448,0.002232142857142857,0,1
97521,132324,unknown,unknown,L,1,426,0.002347417840375587,1,0
98907,134722,unknown,unknown,R,1,356,0.0028089887640449437,0,1
99167,135194,GNG339,unknown,L,1,285,0.0035087719298245615,1,0
99235,135333,PS118,unknown,L,1,737,0.0013568521031207597,1,0
100080,136904,CB3740,unknown,L,1,668,0.0014970059880239522,1,0
101635,139886,CB1914,unknown,L,1,344,0.0029069767441860465,1,0
106344,149913,JO-B4_b,L,unknown,1,94,0.010638297872340425,1,0
108020,154214,CB0320,unknown,L,1,462,0.0021645021645021645,1,0
108769,156256,BM,L,unknown,1,104,0.009615384615384616,1,0
112558,168652,JO-B2,L,unknown,1,125,0.008,1,0
116303,185469,WEDPN8B,unknown,R,1,158,0.006329113924050633,0,1
118820,199352,DNge130,unknown,L,1,787,0.0012706480304955528,1,0
120391,210416,JO-B1_c,L,unknown,1,144,0.006944444444444444,1,0
121399,219123,unknown,unknown,R,1,439,0.002277904328018223,0,1
121869,224061,JO-FD2,R,unknown,1,43,0.023255813953488372,0,1
122626,235763,JO-ED1,R,unknown,1,63,0.015873015873015872,0,1
122934,242202,JO-EV6,R,unknown,1,18,0.05555555555555555,0,1
124397,308970,JO-FV,L,unknown,1,60,0.016666666666666666,1,0
124521,321272,JO-EV1,R,unknown,1,17,0.058823529411764705,0,1
124628,332877,JO-CL,R,unknown,1,53,0.018867924528301886,0,1
124647,335272,JO-CM,R,unknown,1,11,0.09090909090909091,0,1
125060,394318,JO-unclear,R,unknown,1,1,1.0,0,1
125177,417419,JO-EV1,R,unknown,1,6,0.16666666666666666,0,1
125444,483594,JO-EV1,R,unknown,1,10,0.1,0,1
125935,512119,ANXXX055,unknown,R,1,5849,0.00017096939647803043,1,0
125936,512121,CB1280,unknown,R,1,1130,0.0008849557522123894,0,1
125993,512228,SAD117,unknown,R,1,648,0.0015432098765432098,0,1
125998,512237,JO-EV2,R,unknown,1,15,0.06666666666666667,0,1
126002,512245,DNc01,unknown,R,1,1604,0.0006234413965087282,1,0
126080,512381,PS333,unknown,R,1,1002,0.000998003992015968,1,0
126175,512541,CB3552,unknown,L,1,813,0.0012300123001230013,1,0
126661,513460,GNG637,unknown,L,1,2013,0.0004967709885742673,1,0
126673,513484,WED025,unknown,L,1,794,0.0012594458438287153,1,0
126683,513499,GNG114,unknown,L,1,4162,0.0002402691013935608,1,0
126927,513938,CB3953,unknown,L,1,504,0.001984126984126984,1,0
127921,515676,WED002,unknown,R,1,395,0.002531645569620253,0,1
128005,515809,PLP010,unknown,L,1,1997,0.000500751126690035,1,0
128202,516122,GNG464,unknown,L,1,860,0.0011627906976744186,1,0
128412,516499,JO-B4_b,L,unknown,1,70,0.014285714285714285,1,0
130019,519173,CB1918,unknown,R,1,573,0.0017452006980802793,0,1
131087,521149,SAD200m,unknown,L,1,893,0.0011198208286674132,1,0
131244,521466,PS116,unknown,L,1,5287,0.00018914318138831096,1,0
131466,522310,ANXXX027,unknown,R,1,16038,6.235191420376606e-05,1,0
131746,523020,WED101,unknown,L,1,412,0.0024271844660194173,1,0
132300,524415,CB0122,unknown,R,1,3986,0.0002508780732563974,0,1
132349,524524,AVLP347,unknown,L,1,2144,0.0004664179104477612,1,0
132896,525595,DNg52,unknown,R,1,4192,0.00023854961832061068,0,1
133681,527620,GNG333,unknown,L,1,488,0.0020491803278688526,1,0
134305,530084,CB1464,unknown,L,1,461,0.0021691973969631237,1,0
135205,531900,CB4179,unknown,L,1,1362,0.0007342143906020558,1,0
135497,532502,PS238,unknown,L,1,1332,0.0007507507507507507,0,1
136090,533749,CB1044,unknown,L,1,1417,0.0007057163020465773,1,0
137529,537387,WED162,unknown,L,1,315,0.0031746031746031746,1,0
139559,544278,WED143_a,unknown,L,1,611,0.0016366612111292963,1,0
141346,550221,DNg69,unknown,L,1,4696,0.00021294718909710392,1,0
142286,554017,JO-CA1,L,unknown,1,52,0.019230769230769232,1,0
142484,555824,GNG013,unknown,L,1,10552,9.476876421531463e-05,1,0
142532,556076,GNG203,unknown,L,1,1339,0.0007468259895444362,1,0
142550,556359,GNG511,unknown,L,1,4203,0.00023792529145848205,1,0
142911,559386,JO-B1_c,L,unknown,1,300,0.0033333333333333335,1,0
143502,569803,JO-CM,R,unknown,1,20,0.05,0,1
143706,575669,DNg71,unknown,L,1,3086,0.0003240440699935191,1,0
144086,580972,SAD008,unknown,L,1,447,0.0022371364653243847,1,0
152575,810313,AN07B101_a,unknown,R,1,180,0.005555555555555556,1,0
164014,918039,JO-EV2,R,unknown,1,6,0.16666666666666666,0,1
164084,920914,JO-B4_b,L,unknown,1,84,0.011904761904761904,1,0
164108,922113,JO-EV5,R,unknown,1,6,0.16666666666666666,0,1
164132,923203,DNpe005,unknown,R,1,3149,0.00031756113051762465,1,0
164147,924040,JO-unclear,R,unknown,1,14,0.07142857142857142,0,1
164776,941989,JO-unclear,R,unknown,1,6,0.16666666666666666,0,1
164932,954303,JO-CL,R,unknown,1,44,0.022727272727272728,0,1
165040,107629970,unknown,R,unknown,1,10,0.1,0,1
165161,155319080,JO-CA1,L,unknown,1,29,0.034482758620689655,1,0
165258,222873418,JO-EV1,R,unknown,1,3,0.3333333333333333,0,1
165317,273974394,JO-EV2,R,unknown,1,10,0.1,0,1
165372,318054614,JO-CM,R,unknown,1,5,0.2,0,1
165383,324769133,JO-unclear,R,unknown,1,2,0.5,0,1
165464,396012065,JO-unclear,R,unknown,1,1,1.0,0,1
165497,431600445,AN07B091,unknown,R,1,279,0.0035842293906810036,1,0
165812,727839014,JO-ED2_c,R,unknown,1,8,0.125,0,1
165846,762295104,JO-FV,R,unknown,1,20,0.05,0,1
165901,812830130,JO-FV,L,unknown,1,16,0.0625,1,0
165905,818095421,JO-DA,L,unknown,1,74,0.013513513513513514,1,0
165913,821578166,JO-unclear,R,unknown,1,5,0.2,0,1
165953,849226085,JO-EV1,R,unknown,1,32,0.03125,0,1
165955,850213452,JO-EV1,R,unknown,1,19,0.05263157894736842,0,1
166009,899884652,JO-mz,L,unknown,1,40,0.025,1,0
166106,987117568,JO-FV,L,unknown,1,16,0.0625,1,0
166112,993248402,JO-EV2,R,unknown,1,13,0.07692307692307693,0,1
