pre_row,post_row,count,pre_bodyId,post_bodyId,pre_type,post_type,pre_rootSide,post_rootSide,pre_somaSide,post_somaSide
1832,2026,1,11960,12168,AMMC012,WEDPN9,unknown,unknown,L,R
1832,4583,75,11960,14961,AMMC012,WEDPN11,unknown,unknown,L,R
1832,6372,1,11960,16956,AMMC012,WEDPN5,unknown,unknown,L,R
1832,8015,11,11960,18790,AMMC012,WEDPN16_d,unknown,unknown,L,R
1832,9617,12,11960,20591,AMMC012,WEDPN8C,unknown,unknown,L,R
1832,12514,6,11960,23814,AMMC012,WEDPN3,unknown,unknown,L,R
1832,13694,11,11960,25142,AMMC012,WEDPN3,unknown,unknown,L,R
1832,15525,7,11960,27202,AMMC012,WEDPN8C,unknown,unknown,L,R
1832,17691,1,11960,29626,AMMC012,WEDPN8C,unknown,unknown,L,R
1832,18135,3,11960,30120,AMMC012,WEDPN6A,unknown,unknown,L,R
1832,19463,3,11960,31652,AMMC012,WEDPN8D,unknown,unknown,L,R
1832,24990,1,11960,37912,AMMC012,WEDPN18,unknown,unknown,L,R
1832,25625,1,11960,38630,AMMC012,WEDPN6A,unknown,unknown,L,R
1832,26382,4,11960,39488,AMMC012,WEDPN6A,unknown,unknown,L,R
1832,27228,1,11960,40444,AMMC012,WEDPN6A,unknown,unknown,L,R
1832,28041,1,11960,41357,AMMC012,WEDPN7B,unknown,unknown,L,R
1832,28725,1,11960,42135,AMMC012,WEDPN7B,unknown,unknown,L,R
1832,35867,18,11960,50338,AMMC012,WEDPN8C,unknown,unknown,L,R
1832,52530,5,11960,70264,AMMC012,WEDPN8B,unknown,unknown,L,R
1832,53865,1,11960,71912,AMMC012,WEDPN8C,unknown,unknown,L,R
1832,84304,5,11960,112110,AMMC012,WEDPN8D,unknown,unknown,L,R
1832,96023,1,11960,129886,AMMC012,WEDPN8B,unknown,unknown,L,R
1832,98207,14,11960,133491,AMMC012,WEDPN8B,unknown,unknown,L,R
1832,116303,2,11960,185469,AMMC012,WEDPN8B,unknown,unknown,L,R
1832,128755,2,11960,517049,AMMC012,WEDPN7B,unknown,unknown,L,R
1832,133792,6,11960,529078,AMMC012,WEDPN8B,unknown,unknown,L,R
1832,139548,1,11960,544259,AMMC012,WEDPN18,unknown,unknown,L,R
131893,60385,1,523640,80066,AMMC013,WEDPN8C,unknown,unknown,L,L
343,19139,2,10371,31285,WED203,WEDPN6B,unknown,unknown,L,L
343,21953,1,10371,34475,WED203,WEDPN6A,unknown,unknown,L,L
343,23810,1,10371,36569,WED203,WEDPN8C,unknown,unknown,L,L
343,26548,1,10371,39668,WED203,WEDPN6A,unknown,unknown,L,L
343,32291,1,10371,46194,WED203,WEDPN8C,unknown,unknown,L,L
343,60385,2,10371,80066,WED203,WEDPN8C,unknown,unknown,L,L
343,126674,1,10371,513485,WED203,WEDPN14,unknown,unknown,L,L
343,127158,2,10371,514324,WED203,WEDPN11,unknown,unknown,L,L
343,142521,10,10371,556037,WED203,WEDPN9,unknown,unknown,L,L
3095,12403,7,13306,23696,AMMC038,WEDPN1B,unknown,unknown,L,L
3095,124943,2,13306,375366,AMMC038,WEDPN14,unknown,unknown,L,L
3095,126674,3,13306,513485,AMMC038,WEDPN14,unknown,unknown,L,L
3095,142521,18,13306,556037,AMMC038,WEDPN9,unknown,unknown,L,L
1589,1001,1,11702,11082,AMMC012,WEDPN4,unknown,unknown,R,L
1589,2026,2,11702,12168,AMMC012,WEDPN9,unknown,unknown,R,R
1589,5044,2,11702,15478,AMMC012,WEDPN6B,unknown,unknown,R,L
1589,5101,14,11702,15541,AMMC012,WEDPN3,unknown,unknown,R,L
1589,9170,10,11702,20084,AMMC012,WEDPN2A,unknown,unknown,R,L
1589,10426,14,11702,21496,AMMC012,WEDPN16_d,unknown,unknown,R,L
1589,19139,1,11702,31285,AMMC012,WEDPN6B,unknown,unknown,R,L
1589,21230,7,11702,33657,AMMC012,WEDPN8D,unknown,unknown,R,L
1589,22879,4,11702,35520,AMMC012,WEDPN8B,unknown,unknown,R,L
1589,23810,1,11702,36569,AMMC012,WEDPN8C,unknown,unknown,R,L
1589,32291,5,11702,46194,AMMC012,WEDPN8C,unknown,unknown,R,L
1589,37683,7,11702,52468,AMMC012,WEDPN8D,unknown,unknown,R,L
1589,43091,1,11702,58796,AMMC012,WEDPN7B,unknown,unknown,R,L
1589,59202,5,11702,78573,AMMC012,WEDPN16_d,unknown,unknown,R,L
1589,60385,13,11702,80066,AMMC012,WEDPN8C,unknown,unknown,R,L
1589,87009,8,11702,115983,AMMC012,WEDPN8C,unknown,unknown,R,L
1589,89052,4,11702,118965,AMMC012,WEDPN8D,unknown,unknown,R,L
1589,93759,5,11702,126165,AMMC012,WEDPN8B,unknown,unknown,R,L
1589,104801,9,11702,146374,AMMC012,WEDPN8B,unknown,unknown,R,L
1589,114983,10,11702,179013,AMMC012,WEDPN8B,unknown,unknown,R,L
1589,126873,2,11702,513846,AMMC012,WEDPN3,unknown,unknown,R,L
1589,127158,58,11702,514324,AMMC012,WEDPN11,unknown,unknown,R,L
1589,137204,1,11702,536298,AMMC012,WEDPN8B,unknown,unknown,R,L
1589,142521,1,11702,556037,AMMC012,WEDPN9,unknown,unknown,R,L
17261,6372,5,29142,16956,AMMC008,WEDPN5,unknown,unknown,L,R
17261,9617,3,29142,20591,AMMC008,WEDPN8C,unknown,unknown,L,R
17261,10283,3,29142,21335,AMMC008,WEDPN2B_a,unknown,unknown,L,R
17261,14652,4,29142,26220,AMMC008,WEDPN1A,unknown,unknown,L,R
17261,15089,2,29142,26705,AMMC008,WEDPN1A,unknown,unknown,L,R
17261,15095,1,29142,26711,AMMC008,WEDPN2B_b,unknown,unknown,L,R
17261,15343,19,29142,26997,AMMC008,WEDPN8C,unknown,unknown,L,R
17261,15525,3,29142,27202,AMMC008,WEDPN8C,unknown,unknown,L,R
17261,16199,5,29142,27947,AMMC008,WEDPN1A,unknown,unknown,L,R
17261,17075,3,29142,28938,AMMC008,WEDPN1A,unknown,unknown,L,R
17261,17691,11,29142,29626,AMMC008,WEDPN8C,unknown,unknown,L,R
17261,18377,1,29142,30404,AMMC008,WEDPN1A,unknown,unknown,L,R
17261,24990,1,29142,37912,AMMC008,WEDPN18,unknown,unknown,L,R
17261,35867,4,29142,50338,AMMC008,WEDPN8C,unknown,unknown,L,R
17261,53865,7,29142,71912,AMMC008,WEDPN8C,unknown,unknown,L,R
17261,66544,8,29142,87929,AMMC008,WEDPN8C,unknown,unknown,L,R
17261,128755,1,29142,517049,AMMC008,WEDPN7B,unknown,unknown,L,R
17261,139548,2,29142,544259,AMMC008,WEDPN18,unknown,unknown,L,R
2083,23810,1,12228,36569,AMMC028,WEDPN8C,unknown,unknown,L,L
13389,7434,1,24803,18141,AMMC026,WEDPN1A,unknown,unknown,L,L
13389,111624,1,24803,165202,AMMC026,WEDPN8B,unknown,unknown,L,L
13389,131567,1,24803,522729,AMMC026,WEDPN1A,unknown,unknown,L,L
9127,32291,1,20039,46194,AMMC026,WEDPN8C,unknown,unknown,L,L
8947,23810,1,19835,36569,AMMC030,WEDPN8C,unknown,unknown,L,L
8947,32291,3,19835,46194,AMMC030,WEDPN8C,unknown,unknown,L,L
8947,54799,3,19835,73090,AMMC030,WEDPN8C,unknown,unknown,L,L
8947,82775,1,19835,109982,AMMC030,WEDPN8C,unknown,unknown,L,L
8947,111624,2,19835,165202,AMMC030,WEDPN8B,unknown,unknown,L,L
8947,114983,1,19835,179013,AMMC030,WEDPN8B,unknown,unknown,L,L
8947,126674,2,19835,513485,AMMC030,WEDPN14,unknown,unknown,L,L
8947,137204,2,19835,536298,AMMC030,WEDPN8B,unknown,unknown,L,L
13182,111624,1,24572,165202,AMMC026,WEDPN8B,unknown,unknown,L,L
13182,137204,1,24572,536298,AMMC026,WEDPN8B,unknown,unknown,L,L
137308,5103,1,536501,15543,AMMC008,WEDPN5,unknown,unknown,R,L
137308,5552,4,536501,16042,AMMC008,WEDPN2B_b,unknown,unknown,R,L
137308,7434,4,536501,18141,AMMC008,WEDPN1A,unknown,unknown,R,L
137308,14118,9,536501,25614,AMMC008,WEDPN1A,unknown,unknown,R,L
137308,15075,1,536501,26689,AMMC008,WEDPN1A,unknown,unknown,R,L
137308,15113,5,536501,26731,AMMC008,WEDPN1A,unknown,unknown,R,L
137308,19139,1,536501,31285,AMMC008,WEDPN6B,unknown,unknown,R,L
137308,21213,3,536501,33636,AMMC008,WEDPN2A,unknown,unknown,R,L
137308,21953,1,536501,34475,AMMC008,WEDPN6A,unknown,unknown,R,L
137308,23810,15,536501,36569,AMMC008,WEDPN8C,unknown,unknown,R,L
137308,32291,2,536501,46194,AMMC008,WEDPN8C,unknown,unknown,R,L
137308,60385,5,536501,80066,AMMC008,WEDPN8C,unknown,unknown,R,L
137308,87009,2,536501,115983,AMMC008,WEDPN8C,unknown,unknown,R,L
137308,129864,2,536501,518903,AMMC008,WEDPN2B_a,unknown,unknown,R,L
137308,137204,1,536501,536298,AMMC008,WEDPN8B,unknown,unknown,R,L
3441,2813,1,13689,13005,AMMC026,WEDPN12,unknown,unknown,L,L
3441,126674,1,13689,513485,AMMC026,WEDPN14,unknown,unknown,L,L
8727,12403,5,19590,23696,AMMC029,WEDPN1B,unknown,unknown,L,L
2564,2026,8,12742,12168,AMMC038,WEDPN9,unknown,unknown,R,R
2564,16353,1,12742,28121,AMMC038,WEDPN1B,unknown,unknown,R,R
2564,20973,3,12742,33365,AMMC038,WEDPN14,unknown,unknown,R,R
90421,7434,2,121055,18141,WED100,WEDPN1A,unknown,unknown,L,L
90421,15113,1,121055,26731,WED100,WEDPN1A,unknown,unknown,L,L
90421,41619,1,121055,57076,WED100,WEDPN7C,unknown,unknown,L,L
90421,93759,1,121055,126165,WED100,WEDPN8B,unknown,unknown,L,L
90421,111624,4,121055,165202,WED100,WEDPN8B,unknown,unknown,L,L
90421,124943,2,121055,375366,WED100,WEDPN14,unknown,unknown,L,L
90421,126674,2,121055,513485,WED100,WEDPN14,unknown,unknown,L,L
90421,134429,7,121055,530346,WED100,WEDPN14,unknown,unknown,L,L
90421,137204,1,121055,536298,WED100,WEDPN8B,unknown,unknown,L,L
17490,23810,6,29408,36569,AMMC030,WEDPN8C,unknown,unknown,L,L
17490,32291,7,29408,46194,AMMC030,WEDPN8C,unknown,unknown,L,L
17490,54799,2,29408,73090,AMMC030,WEDPN8C,unknown,unknown,L,L
17490,60385,4,29408,80066,AMMC030,WEDPN8C,unknown,unknown,L,L
17490,82775,4,29408,109982,AMMC030,WEDPN8C,unknown,unknown,L,L
17490,87009,2,29408,115983,AMMC030,WEDPN8C,unknown,unknown,L,L
17490,104801,1,29408,146374,AMMC030,WEDPN8B,unknown,unknown,L,L
17490,111624,1,29408,165202,AMMC030,WEDPN8B,unknown,unknown,L,L
17490,114983,2,29408,179013,AMMC030,WEDPN8B,unknown,unknown,L,L
17490,126674,5,29408,513485,AMMC030,WEDPN14,unknown,unknown,L,L
17490,134429,1,29408,530346,AMMC030,WEDPN14,unknown,unknown,L,L
17490,137204,5,29408,536298,AMMC030,WEDPN8B,unknown,unknown,L,L
2875,23810,1,13072,36569,WED080,WEDPN8C,unknown,unknown,R,L
2875,27953,1,13072,41258,WED080,WEDPN17_c,unknown,unknown,R,R
2875,32291,2,13072,46194,WED080,WEDPN8C,unknown,unknown,R,L
2875,54799,3,13072,73090,WED080,WEDPN8C,unknown,unknown,R,L
2875,60385,7,13072,80066,WED080,WEDPN8C,unknown,unknown,R,L
2875,75957,1,13072,100561,WED080,WEDPN17_b,unknown,unknown,R,R
2875,82775,3,13072,109982,WED080,WEDPN8C,unknown,unknown,R,L
13323,23810,1,24728,36569,AMMC026,WEDPN8C,unknown,unknown,L,L
125877,17691,1,512000,29626,AMMC022,WEDPN8C,unknown,unknown,R,R
643,2026,14,10691,12168,WED203,WEDPN9,unknown,unknown,R,R
643,9617,1,10691,20591,WED203,WEDPN8C,unknown,unknown,R,R
643,15525,1,10691,27202,WED203,WEDPN8C,unknown,unknown,R,R
643,24990,1,10691,37912,WED203,WEDPN18,unknown,unknown,R,R
643,36881,1,10691,51514,WED203,WEDPN6B,unknown,unknown,R,R
643,139548,7,10691,544259,WED203,WEDPN18,unknown,unknown,R,R
126355,2026,4,512902,12168,AMMC029,WEDPN9,unknown,unknown,R,R
126355,15343,7,512902,26997,AMMC029,WEDPN8C,unknown,unknown,R,R
126355,52530,1,512902,70264,AMMC029,WEDPN8B,unknown,unknown,R,R
126355,66544,1,512902,87929,AMMC029,WEDPN8C,unknown,unknown,R,R
126355,96023,1,512902,129886,AMMC029,WEDPN8B,unknown,unknown,R,R
26056,7434,1,39119,18141,AMMC004,WEDPN1A,unknown,unknown,L,L
6319,12403,9,16899,23696,AMMC024,WEDPN1B,unknown,unknown,L,L
17640,32291,1,29570,46194,AMMC033,WEDPN8C,unknown,unknown,L,L
17640,126674,4,29570,513485,AMMC033,WEDPN14,unknown,unknown,L,L
17640,134429,2,29570,530346,AMMC033,WEDPN14,unknown,unknown,L,L
138997,21230,1,542935,33657,AMMC031,WEDPN8D,unknown,unknown,L,L
138997,22879,2,542935,35520,AMMC031,WEDPN8B,unknown,unknown,L,L
138997,23810,8,542935,36569,AMMC031,WEDPN8C,unknown,unknown,L,L
138997,32291,2,542935,46194,AMMC031,WEDPN8C,unknown,unknown,L,L
138997,60385,2,542935,80066,AMMC031,WEDPN8C,unknown,unknown,L,L
138997,82775,4,542935,109982,AMMC031,WEDPN8C,unknown,unknown,L,L
138997,87009,4,542935,115983,AMMC031,WEDPN8C,unknown,unknown,L,L
138997,93759,5,542935,126165,AMMC031,WEDPN8B,unknown,unknown,L,L
138997,114983,2,542935,179013,AMMC031,WEDPN8B,unknown,unknown,L,L
138997,126674,4,542935,513485,AMMC031,WEDPN14,unknown,unknown,L,L
138997,134429,2,542935,530346,AMMC031,WEDPN14,unknown,unknown,L,L
138997,137204,6,542935,536298,AMMC031,WEDPN8B,unknown,unknown,L,L
138997,142521,1,542935,556037,AMMC031,WEDPN9,unknown,unknown,L,L
130981,111624,1,520899,165202,AMMC015,WEDPN8B,unknown,unknown,L,L
130981,114983,1,520899,179013,AMMC015,WEDPN8B,unknown,unknown,L,L
130981,126674,1,520899,513485,AMMC015,WEDPN14,unknown,unknown,L,L
130981,137204,1,520899,536298,AMMC015,WEDPN8B,unknown,unknown,L,L
130981,142521,3,520899,556037,AMMC015,WEDPN9,unknown,unknown,L,L
143371,2026,11,567110,12168,AMMC011,WEDPN9,unknown,unknown,L,R
143371,2831,3,567110,13024,AMMC011,WEDPN4,unknown,unknown,L,R
143371,4583,84,567110,14961,AMMC011,WEDPN11,unknown,unknown,L,R
143371,8023,1,567110,18798,AMMC011,WEDPN10B,unknown,unknown,L,L
143371,14652,68,567110,26220,AMMC011,WEDPN1A,unknown,unknown,L,R
143371,15089,56,567110,26705,AMMC011,WEDPN1A,unknown,unknown,L,R
143371,15133,1,567110,26752,AMMC011,WEDPN17_a1,unknown,unknown,L,R
143371,15343,5,567110,26997,AMMC011,WEDPN8C,unknown,unknown,L,R
143371,15525,1,567110,27202,AMMC011,WEDPN8C,unknown,unknown,L,R
143371,16199,48,567110,27947,AMMC011,WEDPN1A,unknown,unknown,L,R
143371,16353,40,567110,28121,AMMC011,WEDPN1B,unknown,unknown,L,R
143371,17075,75,567110,28938,AMMC011,WEDPN1A,unknown,unknown,L,R
143371,18377,44,567110,30404,AMMC011,WEDPN1A,unknown,unknown,L,R
143371,19463,1,567110,31652,AMMC011,WEDPN8D,unknown,unknown,L,R
143371,20423,1,567110,32742,AMMC011,WEDPN17_c,unknown,unknown,L,R
143371,30792,4,567110,44484,AMMC011,WEDPN17_a1,unknown,unknown,L,R
143371,34619,2,567110,48879,AMMC011,WEDPN17_b,unknown,unknown,L,R
143371,52207,1,567110,69862,AMMC011,WEDPN17_a1,unknown,unknown,L,R
143371,52530,8,567110,70264,AMMC011,WEDPN8B,unknown,unknown,L,R
143371,66544,4,567110,87929,AMMC011,WEDPN8C,unknown,unknown,L,R
143371,84304,24,567110,112110,AMMC011,WEDPN8D,unknown,unknown,L,R
143371,96023,11,567110,129886,AMMC011,WEDPN8B,unknown,unknown,L,R
143371,98207,29,567110,133491,AMMC011,WEDPN8B,unknown,unknown,L,R
143371,116303,28,567110,185469,AMMC011,WEDPN8B,unknown,unknown,L,R
143371,133792,23,567110,529078,AMMC011,WEDPN8B,unknown,unknown,L,R
143371,139548,1,567110,544259,AMMC011,WEDPN18,unknown,unknown,L,R
9875,134429,1,20877,530346,AMMC021,WEDPN14,unknown,unknown,L,L
14567,23810,2,26126,36569,AMMC027,WEDPN8C,unknown,unknown,L,L
14567,32291,3,26126,46194,AMMC027,WEDPN8C,unknown,unknown,L,L
14567,54799,5,26126,73090,AMMC027,WEDPN8C,unknown,unknown,L,L
14567,60385,12,26126,80066,AMMC027,WEDPN8C,unknown,unknown,L,L
14567,87009,3,26126,115983,AMMC027,WEDPN8C,unknown,unknown,L,L
14567,126674,5,26126,513485,AMMC027,WEDPN14,unknown,unknown,L,L
12763,54799,1,24096,73090,AMMC022,WEDPN8C,unknown,unknown,L,L
4208,2026,2,14547,12168,AMMC030,WEDPN9,unknown,unknown,R,R
4208,15343,1,14547,26997,AMMC030,WEDPN8C,unknown,unknown,R,R
4208,15525,1,14547,27202,AMMC030,WEDPN8C,unknown,unknown,R,R
4208,17691,6,14547,29626,AMMC030,WEDPN8C,unknown,unknown,R,R
4208,35867,5,14547,50338,AMMC030,WEDPN8C,unknown,unknown,R,R
4208,52530,4,14547,70264,AMMC030,WEDPN8B,unknown,unknown,R,R
4208,53865,7,14547,71912,AMMC030,WEDPN8C,unknown,unknown,R,R
4208,62519,1,14547,82712,AMMC030,WEDPN14,unknown,unknown,R,R
4208,66544,6,14547,87929,AMMC030,WEDPN8C,unknown,unknown,R,R
4208,96023,1,14547,129886,AMMC030,WEDPN8B,unknown,unknown,R,R
4208,116303,1,14547,185469,AMMC030,WEDPN8B,unknown,unknown,R,R
4208,133792,2,14547,529078,AMMC030,WEDPN8B,unknown,unknown,R,R
14849,134429,1,26434,530346,AMMC032,WEDPN14,unknown,unknown,L,L
129946,23810,2,519043,36569,AMMC031,WEDPN8C,unknown,unknown,L,L
129946,32291,1,519043,46194,AMMC031,WEDPN8C,unknown,unknown,L,L
129946,60385,1,519043,80066,AMMC031,WEDPN8C,unknown,unknown,L,L
129946,82775,1,519043,109982,AMMC031,WEDPN8C,unknown,unknown,L,L
129946,93759,3,519043,126165,AMMC031,WEDPN8B,unknown,unknown,L,L
129946,124943,1,519043,375366,AMMC031,WEDPN14,unknown,unknown,L,L
129946,126674,3,519043,513485,AMMC031,WEDPN14,unknown,unknown,L,L
129946,134429,1,519043,530346,AMMC031,WEDPN14,unknown,unknown,L,L
129946,137204,1,519043,536298,AMMC031,WEDPN8B,unknown,unknown,L,L
129946,142521,1,519043,556037,AMMC031,WEDPN9,unknown,unknown,L,L
135521,66544,1,532560,87929,AMMC026,WEDPN8C,unknown,unknown,R,R
125997,35867,1,512236,50338,AMMC028,WEDPN8C,unknown,unknown,R,R
11068,17691,1,22201,29626,AMMC026,WEDPN8C,unknown,unknown,R,R
31124,2026,1,44865,12168,WED099,WEDPN9,unknown,unknown,L,R
31124,7434,1,44865,18141,WED099,WEDPN1A,unknown,unknown,L,L
31124,12403,1,44865,23696,WED099,WEDPN1B,unknown,unknown,L,L
31124,15075,1,44865,26689,WED099,WEDPN1A,unknown,unknown,L,L
31124,102979,1,44865,142605,WED099,WEDPN17_b,unknown,unknown,L,L
31124,142521,38,44865,556037,WED099,WEDPN9,unknown,unknown,L,L
127558,9617,2,515026,20591,AMMC028,WEDPN8C,unknown,unknown,R,R
130593,126674,1,520178,513485,AMMC010,WEDPN14,unknown,unknown,R,L
130593,142521,1,520178,556037,AMMC010,WEDPN9,unknown,unknown,R,L
2400,5103,1,12566,15543,WED080,WEDPN5,unknown,unknown,L,L
2400,15343,3,12566,26997,WED080,WEDPN8C,unknown,unknown,L,R
2400,17691,9,12566,29626,WED080,WEDPN8C,unknown,unknown,L,R
2400,35867,1,12566,50338,WED080,WEDPN8C,unknown,unknown,L,R
2400,53865,6,12566,71912,WED080,WEDPN8C,unknown,unknown,L,R
2400,66544,2,12566,87929,WED080,WEDPN8C,unknown,unknown,L,R
2400,124943,1,12566,375366,WED080,WEDPN14,unknown,unknown,L,L
14432,9617,1,25971,20591,AMMC031,WEDPN8C,unknown,unknown,R,R
14432,15525,4,25971,27202,AMMC031,WEDPN8C,unknown,unknown,R,R
14432,17691,2,25971,29626,AMMC031,WEDPN8C,unknown,unknown,R,R
14432,20973,4,25971,33365,AMMC031,WEDPN14,unknown,unknown,R,R
14432,31587,3,25971,45404,AMMC031,WEDPN14,unknown,unknown,R,R
14432,35867,1,25971,50338,AMMC031,WEDPN8C,unknown,unknown,R,R
14432,52530,2,25971,70264,AMMC031,WEDPN8B,unknown,unknown,R,R
14432,53865,4,25971,71912,AMMC031,WEDPN8C,unknown,unknown,R,R
14432,66544,2,25971,87929,AMMC031,WEDPN8C,unknown,unknown,R,R
14432,98207,1,25971,133491,AMMC031,WEDPN8B,unknown,unknown,R,R
14432,133792,1,25971,529078,AMMC031,WEDPN8B,unknown,unknown,R,R
133402,2026,1,526915,12168,AMMC032,WEDPN9,unknown,unknown,R,R
7900,26382,1,18665,39488,AMMC004,WEDPN6A,unknown,unknown,R,R
142586,62519,1,556587,82712,AMMC033,WEDPN14,unknown,unknown,R,R
26451,87009,2,39562,115983,AMMC025,WEDPN8C,unknown,unknown,L,L
66810,2026,1,88275,12168,AMMC031,WEDPN9,unknown,unknown,R,R
66810,15343,1,88275,26997,AMMC031,WEDPN8C,unknown,unknown,R,R
66810,15525,3,88275,27202,AMMC031,WEDPN8C,unknown,unknown,R,R
66810,17691,4,88275,29626,AMMC031,WEDPN8C,unknown,unknown,R,R
66810,20973,6,88275,33365,AMMC031,WEDPN14,unknown,unknown,R,R
66810,31587,1,88275,45404,AMMC031,WEDPN14,unknown,unknown,R,R
66810,35867,3,88275,50338,AMMC031,WEDPN8C,unknown,unknown,R,R
66810,52530,3,88275,70264,AMMC031,WEDPN8B,unknown,unknown,R,R
66810,53865,3,88275,71912,AMMC031,WEDPN8C,unknown,unknown,R,R
66810,62519,1,88275,82712,AMMC031,WEDPN14,unknown,unknown,R,R
66810,96023,6,88275,129886,AMMC031,WEDPN8B,unknown,unknown,R,R
66810,98207,1,88275,133491,AMMC031,WEDPN8B,unknown,unknown,R,R
66810,133792,3,88275,529078,AMMC031,WEDPN8B,unknown,unknown,R,R
128661,17691,2,516898,29626,AMMC022,WEDPN8C,unknown,unknown,R,R
128477,9617,2,516602,20591,AMMC031,WEDPN8C,unknown,unknown,R,R
128477,15525,3,516602,27202,AMMC031,WEDPN8C,unknown,unknown,R,R
128477,20973,11,516602,33365,AMMC031,WEDPN14,unknown,unknown,R,R
128477,31587,5,516602,45404,AMMC031,WEDPN14,unknown,unknown,R,R
128477,52530,1,516602,70264,AMMC031,WEDPN8B,unknown,unknown,R,R
128477,53865,3,516602,71912,AMMC031,WEDPN8C,unknown,unknown,R,R
128477,62519,5,516602,82712,AMMC031,WEDPN14,unknown,unknown,R,R
128477,66544,1,516602,87929,AMMC031,WEDPN8C,unknown,unknown,R,R
128477,116303,1,516602,185469,AMMC031,WEDPN8B,unknown,unknown,R,R
10881,2026,2,22000,12168,AMMC021,WEDPN9,unknown,unknown,R,R
86144,2026,2,114708,12168,AMMC007,WEDPN9,unknown,unknown,L,R
18300,16199,2,30316,27947,WED100,WEDPN1A,unknown,unknown,R,R
18300,20973,4,30316,33365,WED100,WEDPN14,unknown,unknown,R,R
18300,31587,4,30316,45404,WED100,WEDPN14,unknown,unknown,R,R
18300,52530,1,30316,70264,WED100,WEDPN8B,unknown,unknown,R,R
18300,96023,2,30316,129886,WED100,WEDPN8B,unknown,unknown,R,R
18300,116303,1,30316,185469,WED100,WEDPN8B,unknown,unknown,R,R
135343,2063,2,532198,12207,WED196,WEDPN7A,unknown,unknown,M,L
966,142521,2,11044,556037,AMMC034_a,WEDPN9,unknown,unknown,L,L
126001,2026,22,512241,12168,WED099,WEDPN9,unknown,unknown,R,R
126001,16199,8,512241,27947,WED099,WEDPN1A,unknown,unknown,R,R
126001,16353,6,512241,28121,WED099,WEDPN1B,unknown,unknown,R,R
126001,142521,1,512241,556037,WED099,WEDPN9,unknown,unknown,R,L
14992,16353,1,26597,28121,WED100,WEDPN1B,unknown,unknown,R,R
14992,20973,4,26597,33365,WED100,WEDPN14,unknown,unknown,R,R
14992,31587,3,26597,45404,WED100,WEDPN14,unknown,unknown,R,R
14992,62519,2,26597,82712,WED100,WEDPN14,unknown,unknown,R,R
14992,96023,1,26597,129886,WED100,WEDPN8B,unknown,unknown,R,R
14992,116303,2,26597,185469,WED100,WEDPN8B,unknown,unknown,R,R
14992,133792,1,26597,529078,WED100,WEDPN8B,unknown,unknown,R,R
92072,23810,1,123532,36569,AMMC006,WEDPN8C,unknown,unknown,L,L
29114,20973,1,42570,33365,AMMC005,WEDPN14,unknown,unknown,R,R
131895,7434,4,523642,18141,WED100,WEDPN1A,unknown,unknown,L,L
131895,41619,1,523642,57076,WED100,WEDPN7C,unknown,unknown,L,L
131895,93759,2,523642,126165,WED100,WEDPN8B,unknown,unknown,L,L
131895,111624,2,523642,165202,WED100,WEDPN8B,unknown,unknown,L,L
131895,124943,2,523642,375366,WED100,WEDPN14,unknown,unknown,L,L
131895,126674,3,523642,513485,WED100,WEDPN14,unknown,unknown,L,L
131895,134429,3,523642,530346,WED100,WEDPN14,unknown,unknown,L,L
131895,137204,2,523642,536298,WED100,WEDPN8B,unknown,unknown,L,L
33441,17691,1,47517,29626,AMMC006,WEDPN8C,unknown,unknown,R,R
33441,66544,1,47517,87929,AMMC006,WEDPN8C,unknown,unknown,R,R
104,5044,1,10118,15478,DNb05,WEDPN6B,unknown,unknown,L,L
104,5101,7,10118,15541,DNb05,WEDPN3,unknown,unknown,L,L
104,5103,1,10118,15543,DNb05,WEDPN5,unknown,unknown,L,L
104,9170,15,10118,20084,DNb05,WEDPN2A,unknown,unknown,L,L
104,11163,20,10118,22306,DNb05,WEDPN2A,unknown,unknown,L,L
104,21213,7,10118,33636,DNb05,WEDPN2A,unknown,unknown,L,L
104,34426,1,10118,48649,DNb05,WEDPN7C,unknown,unknown,L,L
104,127158,13,10118,514324,DNb05,WEDPN11,unknown,unknown,L,L
104,142521,1,10118,556037,DNb05,WEDPN9,unknown,unknown,L,L
142521,1001,4,556037,11082,WEDPN9,WEDPN4,unknown,unknown,L,L
142521,2063,1,556037,12207,WEDPN9,WEDPN7A,unknown,unknown,L,L
142521,2813,36,556037,13005,WEDPN9,WEDPN12,unknown,unknown,L,L
142521,5044,8,556037,15478,WEDPN9,WEDPN6B,unknown,unknown,L,L
142521,5101,3,556037,15541,WEDPN9,WEDPN3,unknown,unknown,L,L
142521,5552,13,556037,16042,WEDPN9,WEDPN2B_b,unknown,unknown,L,L
142521,7434,1,556037,18141,WEDPN9,WEDPN1A,unknown,unknown,L,L
142521,9170,1,556037,20084,WEDPN9,WEDPN2A,unknown,unknown,L,L
142521,10392,4,556037,21452,WEDPN9,WEDPN3,unknown,unknown,L,L
142521,11163,3,556037,22306,WEDPN9,WEDPN2A,unknown,unknown,L,L
142521,12403,11,556037,23696,WEDPN9,WEDPN1B,unknown,unknown,L,L
142521,14907,1,556037,26504,WEDPN9,WEDPN17_a1,unknown,unknown,L,L
142521,15075,3,556037,26689,WEDPN9,WEDPN1A,unknown,unknown,L,L
142521,19139,1,556037,31285,WEDPN9,WEDPN6B,unknown,unknown,L,L
142521,21213,2,556037,33636,WEDPN9,WEDPN2A,unknown,unknown,L,L
142521,21230,1,556037,33657,WEDPN9,WEDPN8D,unknown,unknown,L,L
142521,28261,6,556037,41608,WEDPN9,WEDPN6B,unknown,unknown,L,L
142521,37683,1,556037,52468,WEDPN9,WEDPN8D,unknown,unknown,L,L
142521,41619,6,556037,57076,WEDPN9,WEDPN7C,unknown,unknown,L,L
142521,41841,2,556037,57342,WEDPN9,WEDPN17_a1,unknown,unknown,L,L
142521,43465,1,556037,59235,WEDPN9,WEDPN6A,unknown,unknown,L,L
142521,45185,1,556037,61322,WEDPN9,WEDPN7B,unknown,unknown,L,L
142521,89052,1,556037,118965,WEDPN9,WEDPN8D,unknown,unknown,L,L
142521,93759,1,556037,126165,WEDPN9,WEDPN8B,unknown,unknown,L,L
142521,95982,1,556037,129812,WEDPN9,WEDPN7B,unknown,unknown,L,L
142521,102979,2,556037,142605,WEDPN9,WEDPN17_b,unknown,unknown,L,L
142521,111624,4,556037,165202,WEDPN9,WEDPN8B,unknown,unknown,L,L
142521,124943,4,556037,375366,WEDPN9,WEDPN14,unknown,unknown,L,L
142521,126674,1,556037,513485,WEDPN9,WEDPN14,unknown,unknown,L,L
142521,126873,2,556037,513846,WEDPN9,WEDPN3,unknown,unknown,L,L
142521,127158,4,556037,514324,WEDPN9,WEDPN11,unknown,unknown,L,L
142521,131567,1,556037,522729,WEDPN9,WEDPN1A,unknown,unknown,L,L
142521,131745,5,556037,523019,WEDPN9,WEDPN10B,unknown,unknown,L,R
142521,137204,1,556037,536298,WEDPN9,WEDPN8B,unknown,unknown,L,L
8824,2026,1,19698,12168,AMMC010,WEDPN9,unknown,unknown,L,R
104438,12403,5,145575,23696,AMMC005,WEDPN1B,unknown,unknown,L,L
104438,126674,4,145575,513485,AMMC005,WEDPN14,unknown,unknown,L,L
129828,93759,3,518847,126165,AMMC015,WEDPN8B,unknown,unknown,L,L
129828,126674,3,518847,513485,AMMC015,WEDPN14,unknown,unknown,L,L
129828,137204,2,518847,536298,AMMC015,WEDPN8B,unknown,unknown,L,L
129828,142521,2,518847,556037,AMMC015,WEDPN9,unknown,unknown,L,L
17246,5044,1,29124,15478,AMMC019,WEDPN6B,unknown,unknown,L,L
17246,12403,1,29124,23696,AMMC019,WEDPN1B,unknown,unknown,L,L
17246,54799,1,29124,73090,AMMC019,WEDPN8C,unknown,unknown,L,L
17246,82775,2,29124,109982,AMMC019,WEDPN8C,unknown,unknown,L,L
17246,104801,1,29124,146374,AMMC019,WEDPN8B,unknown,unknown,L,L
17246,118207,1,29124,195591,AMMC019,WEDPN17_c,unknown,unknown,L,L
17246,142521,1,29124,556037,AMMC019,WEDPN9,unknown,unknown,L,L
92004,142521,1,123422,556037,WED167,WEDPN9,unknown,unknown,L,L
16181,2026,27,27929,12168,WED099,WEDPN9,unknown,unknown,R,R
16181,16199,4,27929,27947,WED099,WEDPN1A,unknown,unknown,R,R
16181,16353,2,27929,28121,WED099,WEDPN1B,unknown,unknown,R,R
16181,17075,2,27929,28938,WED099,WEDPN1A,unknown,unknown,R,R
7197,2026,1,17872,12168,WED202,WEDPN9,unknown,unknown,R,R
5875,2026,4,16408,12168,AMMC015,WEDPN9,unknown,unknown,R,R
5875,15343,1,16408,26997,AMMC015,WEDPN8C,unknown,unknown,R,R
5875,17075,2,16408,28938,AMMC015,WEDPN1A,unknown,unknown,R,R
5875,35867,1,16408,50338,AMMC015,WEDPN8C,unknown,unknown,R,R
5875,52530,3,16408,70264,AMMC015,WEDPN8B,unknown,unknown,R,R
5875,53865,1,16408,71912,AMMC015,WEDPN8C,unknown,unknown,R,R
5875,96023,1,16408,129886,AMMC015,WEDPN8B,unknown,unknown,R,R
5875,133792,1,16408,529078,AMMC015,WEDPN8B,unknown,unknown,R,R
126674,1001,5,513485,11082,WEDPN14,WEDPN4,unknown,unknown,L,L
126674,5552,4,513485,16042,WEDPN14,WEDPN2B_b,unknown,unknown,L,L
126674,17130,1,513485,28997,WEDPN14,WEDPN17_b,unknown,unknown,L,L
126674,21230,10,513485,33657,WEDPN14,WEDPN8D,unknown,unknown,L,L
126674,37683,8,513485,52468,WEDPN14,WEDPN8D,unknown,unknown,L,L
126674,61951,1,513485,82020,WEDPN14,WEDPN18,unknown,unknown,L,L
126674,89052,16,513485,118965,WEDPN14,WEDPN8D,unknown,unknown,L,L
126674,124943,5,513485,375366,WEDPN14,WEDPN14,unknown,unknown,L,L
126674,131745,9,513485,523019,WEDPN14,WEDPN10B,unknown,unknown,L,R
126674,134429,2,513485,530346,WEDPN14,WEDPN14,unknown,unknown,L,L
14050,126674,1,25537,513485,WED204,WEDPN14,unknown,unknown,L,L
144948,18135,1,800845,30120,DNp12,WEDPN6A,unknown,unknown,R,R
144948,24990,2,800845,37912,DNp12,WEDPN18,unknown,unknown,R,R
1190,1001,4,11282,11082,AMMC011,WEDPN4,unknown,unknown,R,L
1190,2063,4,11282,12207,AMMC011,WEDPN7A,unknown,unknown,R,L
1190,7434,83,11282,18141,AMMC011,WEDPN1A,unknown,unknown,R,L
1190,10426,5,11282,21496,AMMC011,WEDPN16_d,unknown,unknown,R,L
1190,12403,53,11282,23696,AMMC011,WEDPN1B,unknown,unknown,R,L
1190,14118,62,11282,25614,AMMC011,WEDPN1A,unknown,unknown,R,L
1190,15075,79,11282,26689,AMMC011,WEDPN1A,unknown,unknown,R,L
1190,15113,64,11282,26731,AMMC011,WEDPN1A,unknown,unknown,R,L
1190,22879,42,11282,35520,AMMC011,WEDPN8B,unknown,unknown,R,L
1190,37683,27,11282,52468,AMMC011,WEDPN8D,unknown,unknown,R,L
1190,40219,1,11282,55410,AMMC011,WEDPN17_c,unknown,unknown,R,L
1190,54799,4,11282,73090,AMMC011,WEDPN8C,unknown,unknown,R,L
1190,89052,13,11282,118965,AMMC011,WEDPN8D,unknown,unknown,R,L
1190,93759,23,11282,126165,AMMC011,WEDPN8B,unknown,unknown,R,L
1190,102979,1,11282,142605,AMMC011,WEDPN17_b,unknown,unknown,R,L
1190,104801,43,11282,146374,AMMC011,WEDPN8B,unknown,unknown,R,L
1190,114983,12,11282,179013,AMMC011,WEDPN8B,unknown,unknown,R,L
1190,127158,121,11282,514324,AMMC011,WEDPN11,unknown,unknown,R,L
1190,131567,76,11282,522729,AMMC011,WEDPN1A,unknown,unknown,R,L
1190,137204,5,11282,536298,AMMC011,WEDPN8B,unknown,unknown,R,L
1190,142521,40,11282,556037,AMMC011,WEDPN9,unknown,unknown,R,L
130869,2026,2,520655,12168,WED208,WEDPN9,unknown,unknown,L,R
130869,2831,58,520655,13024,WED208,WEDPN4,unknown,unknown,L,R
130869,3328,5,520655,13563,WED208,WEDPN12,unknown,unknown,L,R
130869,5103,2,520655,15543,WED208,WEDPN5,unknown,unknown,L,L
130869,6372,116,520655,16956,WED208,WEDPN5,unknown,unknown,L,R
130869,9617,12,520655,20591,WED208,WEDPN8C,unknown,unknown,L,R
130869,10283,1,520655,21335,WED208,WEDPN2B_a,unknown,unknown,L,R
130869,12403,1,520655,23696,WED208,WEDPN1B,unknown,unknown,L,L
130869,12514,2,520655,23814,WED208,WEDPN3,unknown,unknown,L,R
130869,14652,3,520655,26220,WED208,WEDPN1A,unknown,unknown,L,R
130869,15089,5,520655,26705,WED208,WEDPN1A,unknown,unknown,L,R
130869,15525,14,520655,27202,WED208,WEDPN8C,unknown,unknown,L,R
130869,16199,31,520655,27947,WED208,WEDPN1A,unknown,unknown,L,R
130869,16353,1,520655,28121,WED208,WEDPN1B,unknown,unknown,L,R
130869,17691,3,520655,29626,WED208,WEDPN8C,unknown,unknown,L,R
130869,18377,1,520655,30404,WED208,WEDPN1A,unknown,unknown,L,R
130869,19463,5,520655,31652,WED208,WEDPN8D,unknown,unknown,L,R
130869,24990,1,520655,37912,WED208,WEDPN18,unknown,unknown,L,R
130869,35867,11,520655,50338,WED208,WEDPN8C,unknown,unknown,L,R
130869,53865,2,520655,71912,WED208,WEDPN8C,unknown,unknown,L,R
130869,60385,1,520655,80066,WED208,WEDPN8C,unknown,unknown,L,L
130869,84304,2,520655,112110,WED208,WEDPN8D,unknown,unknown,L,R
130869,114983,1,520655,179013,WED208,WEDPN8B,unknown,unknown,L,L
130869,139548,1,520655,544259,WED208,WEDPN18,unknown,unknown,L,R
135225,66544,2,531945,87929,AMMC026,WEDPN8C,unknown,unknown,R,R
7966,2026,2,18738,12168,AMMC023,WEDPN9,unknown,unknown,R,R
14313,6372,1,25831,16956,WED083,WEDPN5,unknown,unknown,R,R
20003,142521,2,32267,556037,AMMC036,WEDPN9,unknown,unknown,L,L
131139,142521,1,521235,556037,AMMC014,WEDPN9,unknown,unknown,L,L
24140,124943,2,36947,375366,WED102,WEDPN14,unknown,unknown,L,L
24140,129864,4,36947,518903,WED102,WEDPN2B_a,unknown,unknown,L,L
1549,1001,45,11661,11082,WED208,WEDPN4,unknown,unknown,R,L
1549,2813,3,11661,13005,WED208,WEDPN12,unknown,unknown,R,L
1549,5103,98,11661,15543,WED208,WEDPN5,unknown,unknown,R,L
1549,12403,1,11661,23696,WED208,WEDPN1B,unknown,unknown,R,L
1549,14118,4,11661,25614,WED208,WEDPN1A,unknown,unknown,R,L
1549,15075,3,11661,26689,WED208,WEDPN1A,unknown,unknown,R,L
1549,21230,8,11661,33657,WED208,WEDPN8D,unknown,unknown,R,L
1549,22879,3,11661,35520,WED208,WEDPN8B,unknown,unknown,R,L
1549,23810,3,11661,36569,WED208,WEDPN8C,unknown,unknown,R,L
1549,28261,1,11661,41608,WED208,WEDPN6B,unknown,unknown,R,L
1549,32291,1,11661,46194,WED208,WEDPN8C,unknown,unknown,R,L
1549,37683,2,11661,52468,WED208,WEDPN8D,unknown,unknown,R,L
1549,60385,1,11661,80066,WED208,WEDPN8C,unknown,unknown,R,L
1549,87009,12,11661,115983,WED208,WEDPN8C,unknown,unknown,R,L
1549,89052,1,11661,118965,WED208,WEDPN8D,unknown,unknown,R,L
1549,95153,1,11661,128482,WED208,WEDPN7A,unknown,unknown,R,L
137868,17691,1,539215,29626,AMMC019,WEDPN8C,unknown,unknown,R,R
137868,142521,9,539215,556037,AMMC019,WEDPN9,unknown,unknown,R,L
557,95153,1,10598,128482,WED191,WEDPN7A,unknown,unknown,M,L
2427,142521,1,12594,556037,WED069,WEDPN9,unknown,unknown,L,L
32291,1001,14,46194,11082,WEDPN8C,WEDPN4,unknown,unknown,L,L
32291,2813,20,46194,13005,WEDPN8C,WEDPN12,unknown,unknown,L,L
32291,3328,3,46194,13563,WEDPN8C,WEDPN12,unknown,unknown,L,R
32291,5101,7,46194,15541,WEDPN8C,WEDPN3,unknown,unknown,L,L
32291,5103,22,46194,15543,WEDPN8C,WEDPN5,unknown,unknown,L,L
32291,5552,3,46194,16042,WEDPN8C,WEDPN2B_b,unknown,unknown,L,L
32291,6211,2,46194,16774,WEDPN8C,WEDPN10A,unknown,unknown,L,R
32291,7434,13,46194,18141,WEDPN8C,WEDPN1A,unknown,unknown,L,L
32291,9170,11,46194,20084,WEDPN8C,WEDPN2A,unknown,unknown,L,L
32291,10392,1,46194,21452,WEDPN8C,WEDPN3,unknown,unknown,L,L
32291,11163,5,46194,22306,WEDPN8C,WEDPN2A,unknown,unknown,L,L
32291,12403,5,46194,23696,WEDPN8C,WEDPN1B,unknown,unknown,L,L
32291,14118,2,46194,25614,WEDPN8C,WEDPN1A,unknown,unknown,L,L
32291,15075,3,46194,26689,WEDPN8C,WEDPN1A,unknown,unknown,L,L
32291,15113,4,46194,26731,WEDPN8C,WEDPN1A,unknown,unknown,L,L
32291,21213,6,46194,33636,WEDPN8C,WEDPN2A,unknown,unknown,L,L
32291,22879,2,46194,35520,WEDPN8C,WEDPN8B,unknown,unknown,L,L
32291,23810,4,46194,36569,WEDPN8C,WEDPN8C,unknown,unknown,L,L
32291,43091,1,46194,58796,WEDPN8C,WEDPN7B,unknown,unknown,L,L
32291,43465,1,46194,59235,WEDPN8C,WEDPN6A,unknown,unknown,L,L
32291,50597,1,46194,67886,WEDPN8C,WEDPN7B,unknown,unknown,L,L
32291,54799,9,46194,73090,WEDPN8C,WEDPN8C,unknown,unknown,L,L
32291,60385,4,46194,80066,WEDPN8C,WEDPN8C,unknown,unknown,L,L
32291,82775,10,46194,109982,WEDPN8C,WEDPN8C,unknown,unknown,L,L
32291,87009,2,46194,115983,WEDPN8C,WEDPN8C,unknown,unknown,L,L
32291,89052,1,46194,118965,WEDPN8C,WEDPN8D,unknown,unknown,L,L
32291,95982,1,46194,129812,WEDPN8C,WEDPN7B,unknown,unknown,L,L
32291,126674,2,46194,513485,WEDPN8C,WEDPN14,unknown,unknown,L,L
32291,126873,1,46194,513846,WEDPN8C,WEDPN3,unknown,unknown,L,L
32291,127158,5,46194,514324,WEDPN8C,WEDPN11,unknown,unknown,L,L
32291,129864,15,46194,518903,WEDPN8C,WEDPN2B_a,unknown,unknown,L,L
32291,131567,6,46194,522729,WEDPN8C,WEDPN1A,unknown,unknown,L,L
36206,2026,1,50726,12168,AMMC005,WEDPN9,unknown,unknown,R,R
142601,7434,5,556681,18141,AMMC015,WEDPN1A,unknown,unknown,L,L
142601,93759,2,556681,126165,AMMC015,WEDPN8B,unknown,unknown,L,L
142601,124943,2,556681,375366,AMMC015,WEDPN14,unknown,unknown,L,L
142601,134429,1,556681,530346,AMMC015,WEDPN14,unknown,unknown,L,L
23810,1001,13,36569,11082,WEDPN8C,WEDPN4,unknown,unknown,L,L
23810,2813,23,36569,13005,WEDPN8C,WEDPN12,unknown,unknown,L,L
23810,5101,4,36569,15541,WEDPN8C,WEDPN3,unknown,unknown,L,L
23810,5103,21,36569,15543,WEDPN8C,WEDPN5,unknown,unknown,L,L
23810,6211,15,36569,16774,WEDPN8C,WEDPN10A,unknown,unknown,L,R
23810,7434,22,36569,18141,WEDPN8C,WEDPN1A,unknown,unknown,L,L
23810,9170,14,36569,20084,WEDPN8C,WEDPN2A,unknown,unknown,L,L
23810,11163,9,36569,22306,WEDPN8C,WEDPN2A,unknown,unknown,L,L
23810,12403,3,36569,23696,WEDPN8C,WEDPN1B,unknown,unknown,L,L
23810,14118,19,36569,25614,WEDPN8C,WEDPN1A,unknown,unknown,L,L
23810,15075,11,36569,26689,WEDPN8C,WEDPN1A,unknown,unknown,L,L
23810,15113,22,36569,26731,WEDPN8C,WEDPN1A,unknown,unknown,L,L
23810,21213,12,36569,33636,WEDPN8C,WEDPN2A,unknown,unknown,L,L
23810,21230,1,36569,33657,WEDPN8C,WEDPN8D,unknown,unknown,L,L
23810,32291,6,36569,46194,WEDPN8C,WEDPN8C,unknown,unknown,L,L
23810,43015,2,36569,58708,WEDPN8C,WEDPN6B,unknown,unknown,L,L
23810,54799,12,36569,73090,WEDPN8C,WEDPN8C,unknown,unknown,L,L
23810,60385,2,36569,80066,WEDPN8C,WEDPN8C,unknown,unknown,L,L
23810,82775,12,36569,109982,WEDPN8C,WEDPN8C,unknown,unknown,L,L
23810,87009,2,36569,115983,WEDPN8C,WEDPN8C,unknown,unknown,L,L
23810,104801,2,36569,146374,WEDPN8C,WEDPN8B,unknown,unknown,L,L
23810,124943,4,36569,375366,WEDPN8C,WEDPN14,unknown,unknown,L,L
23810,126674,5,36569,513485,WEDPN8C,WEDPN14,unknown,unknown,L,L
23810,126873,1,36569,513846,WEDPN8C,WEDPN3,unknown,unknown,L,L
23810,127158,1,36569,514324,WEDPN8C,WEDPN11,unknown,unknown,L,L
23810,129864,7,36569,518903,WEDPN8C,WEDPN2B_a,unknown,unknown,L,L
23810,131567,22,36569,522729,WEDPN8C,WEDPN1A,unknown,unknown,L,L
23810,131745,14,36569,523019,WEDPN8C,WEDPN10B,unknown,unknown,L,R
23810,137204,3,36569,536298,WEDPN8C,WEDPN8B,unknown,unknown,L,L
14737,2026,53,26311,12168,AMMC001,WEDPN9,unknown,unknown,R,R
14737,16353,2,26311,28121,AMMC001,WEDPN1B,unknown,unknown,R,R
14737,24990,1,26311,37912,AMMC001,WEDPN18,unknown,unknown,R,R
14737,31587,1,26311,45404,AMMC001,WEDPN14,unknown,unknown,R,R
14737,34619,5,26311,48879,AMMC001,WEDPN17_b,unknown,unknown,R,R
54913,15343,1,73239,26997,AMMC005,WEDPN8C,unknown,unknown,L,R
7293,1001,2,17981,11082,WED194,WEDPN4,unknown,unknown,L,L
7293,5103,3,17981,15543,WED194,WEDPN5,unknown,unknown,L,L
7293,6211,53,17981,16774,WED194,WEDPN10A,unknown,unknown,L,R
7293,17130,2,17981,28997,WED194,WEDPN17_b,unknown,unknown,L,L
7293,19139,7,17981,31285,WED194,WEDPN6B,unknown,unknown,L,L
7293,21230,5,17981,33657,WED194,WEDPN8D,unknown,unknown,L,L
7293,21953,31,17981,34475,WED194,WEDPN6A,unknown,unknown,L,L
7293,23810,1,17981,36569,WED194,WEDPN8C,unknown,unknown,L,L
7293,26548,21,17981,39668,WED194,WEDPN6A,unknown,unknown,L,L
7293,43091,1,17981,58796,WED194,WEDPN7B,unknown,unknown,L,L
7293,43465,9,17981,59235,WED194,WEDPN6A,unknown,unknown,L,L
7293,46446,1,17981,62841,WED194,WEDPN17_c,unknown,unknown,L,L
7293,49617,1,17981,66670,WED194,WEDPN17_c,unknown,unknown,L,L
7293,50597,2,17981,67886,WED194,WEDPN7B,unknown,unknown,L,L
7293,54799,1,17981,73090,WED194,WEDPN8C,unknown,unknown,L,L
7293,60385,2,17981,80066,WED194,WEDPN8C,unknown,unknown,L,L
7293,87009,5,17981,115983,WED194,WEDPN8C,unknown,unknown,L,L
7293,87011,2,17981,115985,WED194,WEDPN6C,unknown,unknown,L,L
7293,95982,2,17981,129812,WED194,WEDPN7B,unknown,unknown,L,L
7293,127158,13,17981,514324,WED194,WEDPN11,unknown,unknown,L,L
7293,131745,25,17981,523019,WED194,WEDPN10B,unknown,unknown,L,R
128875,2813,1,517233,13005,WED143_c,WEDPN12,unknown,unknown,L,L
128875,3328,1,517233,13563,WED143_c,WEDPN12,unknown,unknown,L,R
128875,5763,5,517233,16281,WED143_c,WEDPN10A,unknown,unknown,L,L
128875,6211,1,517233,16774,WED143_c,WEDPN10A,unknown,unknown,L,R
128875,8023,5,517233,18798,WED143_c,WEDPN10B,unknown,unknown,L,L
128875,133792,1,517233,529078,WED143_c,WEDPN8B,unknown,unknown,L,R
10617,15343,1,21713,26997,AMMC014,WEDPN8C,unknown,unknown,R,R
15937,142521,1,27660,556037,WED204,WEDPN9,unknown,unknown,L,L
134434,3328,1,530356,13563,WED143_c,WEDPN12,unknown,unknown,L,R
134434,5763,6,530356,16281,WED143_c,WEDPN10A,unknown,unknown,L,L
134434,6211,1,530356,16774,WED143_c,WEDPN10A,unknown,unknown,L,R
134434,8023,2,530356,18798,WED143_c,WEDPN10B,unknown,unknown,L,L
134434,31587,1,530356,45404,WED143_c,WEDPN14,unknown,unknown,L,R
87009,1001,6,115983,11082,WEDPN8C,WEDPN4,unknown,unknown,L,L
87009,2813,9,115983,13005,WEDPN8C,WEDPN12,unknown,unknown,L,L
87009,5101,8,115983,15541,WEDPN8C,WEDPN3,unknown,unknown,L,L
87009,5103,37,115983,15543,WEDPN8C,WEDPN5,unknown,unknown,L,L
87009,5552,15,115983,16042,WEDPN8C,WEDPN2B_b,unknown,unknown,L,L
87009,7434,3,115983,18141,WEDPN8C,WEDPN1A,unknown,unknown,L,L
87009,9170,3,115983,20084,WEDPN8C,WEDPN2A,unknown,unknown,L,L
87009,10392,14,115983,21452,WEDPN8C,WEDPN3,unknown,unknown,L,L
87009,10426,3,115983,21496,WEDPN8C,WEDPN16_d,unknown,unknown,L,L
87009,11163,1,115983,22306,WEDPN8C,WEDPN2A,unknown,unknown,L,L
87009,15113,2,115983,26731,WEDPN8C,WEDPN1A,unknown,unknown,L,L
87009,22879,2,115983,35520,WEDPN8C,WEDPN8B,unknown,unknown,L,L
87009,23810,7,115983,36569,WEDPN8C,WEDPN8C,unknown,unknown,L,L
87009,28261,1,115983,41608,WEDPN8C,WEDPN6B,unknown,unknown,L,L
87009,32291,7,115983,46194,WEDPN8C,WEDPN8C,unknown,unknown,L,L
87009,45185,1,115983,61322,WEDPN8C,WEDPN7B,unknown,unknown,L,L
87009,54799,2,115983,73090,WEDPN8C,WEDPN8C,unknown,unknown,L,L
87009,60385,3,115983,80066,WEDPN8C,WEDPN8C,unknown,unknown,L,L
87009,82775,3,115983,109982,WEDPN8C,WEDPN8C,unknown,unknown,L,L
87009,89052,1,115983,118965,WEDPN8C,WEDPN8D,unknown,unknown,L,L
87009,95982,1,115983,129812,WEDPN8C,WEDPN7B,unknown,unknown,L,L
87009,104801,1,115983,146374,WEDPN8C,WEDPN8B,unknown,unknown,L,L
87009,118207,3,115983,195591,WEDPN8C,WEDPN17_c,unknown,unknown,L,L
87009,126674,1,115983,513485,WEDPN8C,WEDPN14,unknown,unknown,L,L
87009,126873,9,115983,513846,WEDPN8C,WEDPN3,unknown,unknown,L,L
87009,127158,20,115983,514324,WEDPN8C,WEDPN11,unknown,unknown,L,L
87009,129864,12,115983,518903,WEDPN8C,WEDPN2B_a,unknown,unknown,L,L
87009,131567,1,115983,522729,WEDPN8C,WEDPN1A,unknown,unknown,L,L
87009,142521,1,115983,556037,WEDPN8C,WEDPN9,unknown,unknown,L,L
60385,1001,13,80066,11082,WEDPN8C,WEDPN4,unknown,unknown,L,L
60385,2063,1,80066,12207,WEDPN8C,WEDPN7A,unknown,unknown,L,L
60385,2813,22,80066,13005,WEDPN8C,WEDPN12,unknown,unknown,L,L
60385,5103,32,80066,15543,WEDPN8C,WEDPN5,unknown,unknown,L,L
60385,5552,4,80066,16042,WEDPN8C,WEDPN2B_b,unknown,unknown,L,L
60385,7434,13,80066,18141,WEDPN8C,WEDPN1A,unknown,unknown,L,L
60385,9170,4,80066,20084,WEDPN8C,WEDPN2A,unknown,unknown,L,L
60385,10426,9,80066,21496,WEDPN8C,WEDPN16_d,unknown,unknown,L,L
60385,11163,3,80066,22306,WEDPN8C,WEDPN2A,unknown,unknown,L,L
60385,14118,1,80066,25614,WEDPN8C,WEDPN1A,unknown,unknown,L,L
60385,15113,1,80066,26731,WEDPN8C,WEDPN1A,unknown,unknown,L,L
60385,21213,1,80066,33636,WEDPN8C,WEDPN2A,unknown,unknown,L,L
60385,21230,1,80066,33657,WEDPN8C,WEDPN8D,unknown,unknown,L,L
60385,22879,4,80066,35520,WEDPN8C,WEDPN8B,unknown,unknown,L,L
60385,23810,12,80066,36569,WEDPN8C,WEDPN8C,unknown,unknown,L,L
60385,32291,4,80066,46194,WEDPN8C,WEDPN8C,unknown,unknown,L,L
60385,34426,4,80066,48649,WEDPN8C,WEDPN7C,unknown,unknown,L,L
60385,45357,3,80066,61536,WEDPN8C,WEDPN17_c,unknown,unknown,L,L
60385,46446,3,80066,62841,WEDPN8C,WEDPN17_c,unknown,unknown,L,L
60385,54799,5,80066,73090,WEDPN8C,WEDPN8C,unknown,unknown,L,L
60385,82775,9,80066,109982,WEDPN8C,WEDPN8C,unknown,unknown,L,L
60385,87009,2,80066,115983,WEDPN8C,WEDPN8C,unknown,unknown,L,L
60385,89052,1,80066,118965,WEDPN8C,WEDPN8D,unknown,unknown,L,L
60385,93759,2,80066,126165,WEDPN8C,WEDPN8B,unknown,unknown,L,L
60385,95982,1,80066,129812,WEDPN8C,WEDPN7B,unknown,unknown,L,L
60385,104801,8,80066,146374,WEDPN8C,WEDPN8B,unknown,unknown,L,L
60385,109280,1,80066,157770,WEDPN8C,WEDPN17_b,unknown,unknown,L,L
60385,127158,16,80066,514324,WEDPN8C,WEDPN11,unknown,unknown,L,L
60385,129864,23,80066,518903,WEDPN8C,WEDPN2B_a,unknown,unknown,L,L
60385,134429,1,80066,530346,WEDPN8C,WEDPN14,unknown,unknown,L,L
60385,137204,1,80066,536298,WEDPN8C,WEDPN8B,unknown,unknown,L,L
82775,1001,4,109982,11082,WEDPN8C,WEDPN4,unknown,unknown,L,L
82775,2813,49,109982,13005,WEDPN8C,WEDPN12,unknown,unknown,L,L
82775,3328,1,109982,13563,WEDPN8C,WEDPN12,unknown,unknown,L,R
82775,5101,5,109982,15541,WEDPN8C,WEDPN3,unknown,unknown,L,L
82775,5103,16,109982,15543,WEDPN8C,WEDPN5,unknown,unknown,L,L
82775,5552,4,109982,16042,WEDPN8C,WEDPN2B_b,unknown,unknown,L,L
82775,6211,4,109982,16774,WEDPN8C,WEDPN10A,unknown,unknown,L,R
82775,7434,20,109982,18141,WEDPN8C,WEDPN1A,unknown,unknown,L,L
82775,9170,2,109982,20084,WEDPN8C,WEDPN2A,unknown,unknown,L,L
82775,11163,17,109982,22306,WEDPN8C,WEDPN2A,unknown,unknown,L,L
82775,12403,1,109982,23696,WEDPN8C,WEDPN1B,unknown,unknown,L,L
82775,14118,19,109982,25614,WEDPN8C,WEDPN1A,unknown,unknown,L,L
82775,15075,7,109982,26689,WEDPN8C,WEDPN1A,unknown,unknown,L,L
82775,15113,23,109982,26731,WEDPN8C,WEDPN1A,unknown,unknown,L,L
82775,21213,2,109982,33636,WEDPN8C,WEDPN2A,unknown,unknown,L,L
82775,23810,21,109982,36569,WEDPN8C,WEDPN8C,unknown,unknown,L,L
82775,32291,8,109982,46194,WEDPN8C,WEDPN8C,unknown,unknown,L,L
82775,54799,12,109982,73090,WEDPN8C,WEDPN8C,unknown,unknown,L,L
82775,60385,3,109982,80066,WEDPN8C,WEDPN8C,unknown,unknown,L,L
82775,89052,1,109982,118965,WEDPN8C,WEDPN8D,unknown,unknown,L,L
82775,104801,3,109982,146374,WEDPN8C,WEDPN8B,unknown,unknown,L,L
82775,114983,1,109982,179013,WEDPN8C,WEDPN8B,unknown,unknown,L,L
82775,124943,1,109982,375366,WEDPN8C,WEDPN14,unknown,unknown,L,L
82775,126674,4,109982,513485,WEDPN8C,WEDPN14,unknown,unknown,L,L
82775,129864,3,109982,518903,WEDPN8C,WEDPN2B_a,unknown,unknown,L,L
82775,131567,33,109982,522729,WEDPN8C,WEDPN1A,unknown,unknown,L,L
82775,131745,18,109982,523019,WEDPN8C,WEDPN10B,unknown,unknown,L,R
47120,10283,5,63655,21335,WED102,WEDPN2B_a,unknown,unknown,R,R
47120,27162,1,63655,40368,WED102,WEDPN6B,unknown,unknown,R,R
47120,35867,1,63655,50338,WED102,WEDPN8C,unknown,unknown,R,R
47120,42230,1,63655,57792,WED102,WEDPN2A,unknown,unknown,R,R
72856,124943,1,96320,375366,WED102,WEDPN14,unknown,unknown,L,L
72856,129864,17,96320,518903,WED102,WEDPN2B_a,unknown,unknown,L,L
42290,2813,1,57861,13005,WED143_d,WEDPN12,unknown,unknown,L,L
42290,3328,1,57861,13563,WED143_d,WEDPN12,unknown,unknown,L,R
42290,8023,2,57861,18798,WED143_d,WEDPN10B,unknown,unknown,L,L
34059,20973,1,48236,33365,AMMC005,WEDPN14,unknown,unknown,L,R
22451,5103,4,35040,15543,WED057,WEDPN5,unknown,unknown,L,L
22451,40219,3,35040,55410,WED057,WEDPN17_c,unknown,unknown,L,L
22451,45357,2,35040,61536,WED057,WEDPN17_c,unknown,unknown,L,L
22451,49617,12,35040,66670,WED057,WEDPN17_c,unknown,unknown,L,L
22451,50597,2,35040,67886,WED057,WEDPN7B,unknown,unknown,L,L
22451,111624,1,35040,165202,WED057,WEDPN8B,unknown,unknown,L,L
35216,3328,1,49576,13563,WED143_d,WEDPN12,unknown,unknown,L,R
84299,129864,11,112103,518903,WED103,WEDPN2B_a,unknown,unknown,L,L
84299,134429,1,112103,530346,WED103,WEDPN14,unknown,unknown,L,L
111624,2813,1,165202,13005,WEDPN8B,WEDPN12,unknown,unknown,L,L
111624,43091,8,165202,58796,WEDPN8B,WEDPN7B,unknown,unknown,L,L
111624,95982,1,165202,129812,WEDPN8B,WEDPN7B,unknown,unknown,L,L
9742,17075,1,20729,28938,WED084,WEDPN1A,unknown,unknown,R,R
9742,60385,1,20729,80066,WED084,WEDPN8C,unknown,unknown,R,L
5077,1001,1,15513,11082,WED106,WEDPN4,unknown,unknown,L,L
5077,2063,1,15513,12207,WED106,WEDPN7A,unknown,unknown,L,L
5077,6372,1,15513,16956,WED106,WEDPN5,unknown,unknown,L,R
5077,7434,2,15513,18141,WED106,WEDPN1A,unknown,unknown,L,L
5077,70803,1,15513,93584,WED106,WEDPN7A,unknown,unknown,L,L
5077,95153,3,15513,128482,WED106,WEDPN7A,unknown,unknown,L,L
28507,5103,1,41887,15543,WED167,WEDPN5,unknown,unknown,R,L
28507,6372,2,41887,16956,WED167,WEDPN5,unknown,unknown,R,R
28507,31587,1,41887,45404,WED167,WEDPN14,unknown,unknown,R,R
20080,5103,4,32352,15543,WED057,WEDPN5,unknown,unknown,L,L
20080,17130,1,32352,28997,WED057,WEDPN17_b,unknown,unknown,L,L
20080,45357,2,32352,61536,WED057,WEDPN17_c,unknown,unknown,L,L
20080,46446,2,32352,62841,WED057,WEDPN17_c,unknown,unknown,L,L
20080,49617,4,32352,66670,WED057,WEDPN17_c,unknown,unknown,L,L
128027,23810,2,515842,36569,WED082,WEDPN8C,unknown,unknown,R,L
128027,32291,2,515842,46194,WED082,WEDPN8C,unknown,unknown,R,L
128027,35935,1,515842,50417,WED082,WEDPN7A,unknown,unknown,R,R
128027,60385,4,515842,80066,WED082,WEDPN8C,unknown,unknown,R,L
128027,82775,2,515842,109982,WED082,WEDPN8C,unknown,unknown,R,L
128027,87009,2,515842,115983,WED082,WEDPN8C,unknown,unknown,R,L
128027,126674,4,515842,513485,WED082,WEDPN14,unknown,unknown,R,L
66544,2831,11,87929,13024,WEDPN8C,WEDPN4,unknown,unknown,R,R
66544,3328,76,87929,13563,WEDPN8C,WEDPN12,unknown,unknown,R,R
66544,5696,1,87929,16210,WEDPN8C,WEDPN16_d,unknown,unknown,R,R
66544,5763,15,87929,16281,WEDPN8C,WEDPN10A,unknown,unknown,R,L
66544,6372,26,87929,16956,WEDPN8C,WEDPN5,unknown,unknown,R,R
66544,8023,18,87929,18798,WEDPN8C,WEDPN10B,unknown,unknown,R,L
66544,10283,2,87929,21335,WEDPN8C,WEDPN2B_a,unknown,unknown,R,R
66544,12955,2,87929,24306,WEDPN8C,WEDPN3,unknown,unknown,R,R
66544,13648,14,87929,25091,WEDPN8C,WEDPN2A,unknown,unknown,R,R
66544,13694,1,87929,25142,WEDPN8C,WEDPN3,unknown,unknown,R,R
66544,13704,23,87929,25154,WEDPN8C,WEDPN2A,unknown,unknown,R,R
66544,14652,28,87929,26220,WEDPN8C,WEDPN1A,unknown,unknown,R,R
66544,15089,21,87929,26705,WEDPN8C,WEDPN1A,unknown,unknown,R,R
66544,15095,1,87929,26711,WEDPN8C,WEDPN2B_b,unknown,unknown,R,R
66544,15343,21,87929,26997,WEDPN8C,WEDPN8C,unknown,unknown,R,R
66544,15525,2,87929,27202,WEDPN8C,WEDPN8C,unknown,unknown,R,R
66544,16199,30,87929,27947,WEDPN8C,WEDPN1A,unknown,unknown,R,R
66544,16353,1,87929,28121,WEDPN8C,WEDPN1B,unknown,unknown,R,R
66544,17075,24,87929,28938,WEDPN8C,WEDPN1A,unknown,unknown,R,R
66544,17691,11,87929,29626,WEDPN8C,WEDPN8C,unknown,unknown,R,R
66544,18135,1,87929,30120,WEDPN8C,WEDPN6A,unknown,unknown,R,R
66544,18377,24,87929,30404,WEDPN8C,WEDPN1A,unknown,unknown,R,R
66544,20973,8,87929,33365,WEDPN8C,WEDPN14,unknown,unknown,R,R
66544,25026,3,87929,37949,WEDPN8C,WEDPN7C,unknown,unknown,R,R
66544,30792,1,87929,44484,WEDPN8C,WEDPN17_a1,unknown,unknown,R,R
66544,31587,2,87929,45404,WEDPN8C,WEDPN14,unknown,unknown,R,R
66544,32295,1,87929,46199,WEDPN8C,WEDPN17_b,unknown,unknown,R,R
66544,34619,1,87929,48879,WEDPN8C,WEDPN17_b,unknown,unknown,R,R
66544,35867,3,87929,50338,WEDPN8C,WEDPN8C,unknown,unknown,R,R
66544,42230,2,87929,57792,WEDPN8C,WEDPN2A,unknown,unknown,R,R
66544,53865,11,87929,71912,WEDPN8C,WEDPN8C,unknown,unknown,R,R
66544,62519,2,87929,82712,WEDPN8C,WEDPN14,unknown,unknown,R,R
17691,2831,8,29626,13024,WEDPN8C,WEDPN4,unknown,unknown,R,R
17691,3328,81,29626,13563,WEDPN8C,WEDPN12,unknown,unknown,R,R
17691,5763,9,29626,16281,WEDPN8C,WEDPN10A,unknown,unknown,R,L
17691,6372,12,29626,16956,WEDPN8C,WEDPN5,unknown,unknown,R,R
17691,8023,8,29626,18798,WEDPN8C,WEDPN10B,unknown,unknown,R,L
17691,10283,1,29626,21335,WEDPN8C,WEDPN2B_a,unknown,unknown,R,R
17691,13648,10,29626,25091,WEDPN8C,WEDPN2A,unknown,unknown,R,R
17691,13704,10,29626,25154,WEDPN8C,WEDPN2A,unknown,unknown,R,R
17691,14652,14,29626,26220,WEDPN8C,WEDPN1A,unknown,unknown,R,R
17691,15089,13,29626,26705,WEDPN8C,WEDPN1A,unknown,unknown,R,R
17691,15343,21,29626,26997,WEDPN8C,WEDPN8C,unknown,unknown,R,R
17691,15525,2,29626,27202,WEDPN8C,WEDPN8C,unknown,unknown,R,R
17691,16199,16,29626,27947,WEDPN8C,WEDPN1A,unknown,unknown,R,R
17691,16353,4,29626,28121,WEDPN8C,WEDPN1B,unknown,unknown,R,R
17691,17075,29,29626,28938,WEDPN8C,WEDPN1A,unknown,unknown,R,R
17691,18377,19,29626,30404,WEDPN8C,WEDPN1A,unknown,unknown,R,R
17691,20973,4,29626,33365,WEDPN8C,WEDPN14,unknown,unknown,R,R
17691,25625,1,29626,38630,WEDPN8C,WEDPN6A,unknown,unknown,R,R
17691,27162,1,29626,40368,WEDPN8C,WEDPN6B,unknown,unknown,R,R
17691,35867,4,29626,50338,WEDPN8C,WEDPN8C,unknown,unknown,R,R
17691,42230,6,29626,57792,WEDPN8C,WEDPN2A,unknown,unknown,R,R
17691,53865,10,29626,71912,WEDPN8C,WEDPN8C,unknown,unknown,R,R
17691,62519,5,29626,82712,WEDPN8C,WEDPN14,unknown,unknown,R,R
17691,66544,22,29626,87929,WEDPN8C,WEDPN8C,unknown,unknown,R,R
17691,98207,1,29626,133491,WEDPN8C,WEDPN8B,unknown,unknown,R,R
17691,116303,2,29626,185469,WEDPN8C,WEDPN8B,unknown,unknown,R,R
63043,111624,2,83377,165202,WED098,WEDPN8B,unknown,unknown,L,L
63043,124943,3,83377,375366,WED098,WEDPN14,unknown,unknown,L,L
63043,142521,1,83377,556037,WED098,WEDPN9,unknown,unknown,L,L
126864,6372,20,513832,16956,unknown,WEDPN5,unknown,unknown,L,R
126864,8270,3,513832,19067,unknown,WEDPN7B,unknown,unknown,L,R
126864,24284,1,513832,37110,unknown,WEDPN17_c,unknown,unknown,L,R
126864,28725,1,513832,42135,unknown,WEDPN7B,unknown,unknown,L,R
126864,128755,3,513832,517049,unknown,WEDPN7B,unknown,unknown,L,R
2026,2813,2,12168,13005,WEDPN9,WEDPN12,unknown,unknown,R,L
2026,2831,4,12168,13024,WEDPN9,WEDPN4,unknown,unknown,R,R
2026,3328,45,12168,13563,WEDPN9,WEDPN12,unknown,unknown,R,R
2026,4583,2,12168,14961,WEDPN9,WEDPN11,unknown,unknown,R,R
2026,8023,11,12168,18798,WEDPN9,WEDPN10B,unknown,unknown,R,L
2026,9617,3,12168,20591,WEDPN9,WEDPN8C,unknown,unknown,R,R
2026,10283,2,12168,21335,WEDPN9,WEDPN2B_a,unknown,unknown,R,R
2026,12514,1,12168,23814,WEDPN9,WEDPN3,unknown,unknown,R,R
2026,12955,4,12168,24306,WEDPN9,WEDPN3,unknown,unknown,R,R
2026,13694,1,12168,25142,WEDPN9,WEDPN3,unknown,unknown,R,R
2026,14652,3,12168,26220,WEDPN9,WEDPN1A,unknown,unknown,R,R
2026,15089,1,12168,26705,WEDPN9,WEDPN1A,unknown,unknown,R,R
2026,15095,27,12168,26711,WEDPN9,WEDPN2B_b,unknown,unknown,R,R
2026,15133,1,12168,26752,WEDPN9,WEDPN17_a1,unknown,unknown,R,R
2026,15525,2,12168,27202,WEDPN9,WEDPN8C,unknown,unknown,R,R
2026,16353,5,12168,28121,WEDPN9,WEDPN1B,unknown,unknown,R,R
2026,17075,2,12168,28938,WEDPN9,WEDPN1A,unknown,unknown,R,R
2026,18135,1,12168,30120,WEDPN9,WEDPN6A,unknown,unknown,R,R
2026,18377,1,12168,30404,WEDPN9,WEDPN1A,unknown,unknown,R,R
2026,19463,1,12168,31652,WEDPN9,WEDPN8D,unknown,unknown,R,R
2026,24724,1,12168,37608,WEDPN9,WEDPN6A,unknown,unknown,R,R
2026,24961,6,12168,37880,WEDPN9,WEDPN6B,unknown,unknown,R,R
2026,24990,2,12168,37912,WEDPN9,WEDPN18,unknown,unknown,R,R
2026,27162,7,12168,40368,WEDPN9,WEDPN6B,unknown,unknown,R,R
2026,27228,1,12168,40444,WEDPN9,WEDPN6A,unknown,unknown,R,R
2026,28041,8,12168,41357,WEDPN9,WEDPN7B,unknown,unknown,R,R
2026,29087,1,12168,42540,WEDPN9,WEDPN17_c,unknown,unknown,R,R
2026,30792,2,12168,44484,WEDPN9,WEDPN17_a1,unknown,unknown,R,R
2026,31587,6,12168,45404,WEDPN9,WEDPN14,unknown,unknown,R,R
2026,36881,6,12168,51514,WEDPN9,WEDPN6B,unknown,unknown,R,R
2026,42230,2,12168,57792,WEDPN9,WEDPN2A,unknown,unknown,R,R
2026,62519,4,12168,82712,WEDPN9,WEDPN14,unknown,unknown,R,R
2026,133792,1,12168,529078,WEDPN9,WEDPN8B,unknown,unknown,R,R
15343,2813,3,26997,13005,WEDPN8C,WEDPN12,unknown,unknown,R,L
15343,2831,6,26997,13024,WEDPN8C,WEDPN4,unknown,unknown,R,R
15343,3328,76,26997,13563,WEDPN8C,WEDPN12,unknown,unknown,R,R
15343,5763,2,26997,16281,WEDPN8C,WEDPN10A,unknown,unknown,R,L
15343,6372,6,26997,16956,WEDPN8C,WEDPN5,unknown,unknown,R,R
15343,8023,10,26997,18798,WEDPN8C,WEDPN10B,unknown,unknown,R,L
15343,10283,1,26997,21335,WEDPN8C,WEDPN2B_a,unknown,unknown,R,R
15343,13704,6,26997,25154,WEDPN8C,WEDPN2A,unknown,unknown,R,R
15343,14652,20,26997,26220,WEDPN8C,WEDPN1A,unknown,unknown,R,R
15343,15089,23,26997,26705,WEDPN8C,WEDPN1A,unknown,unknown,R,R
15343,15525,2,26997,27202,WEDPN8C,WEDPN8C,unknown,unknown,R,R
15343,16199,13,26997,27947,WEDPN8C,WEDPN1A,unknown,unknown,R,R
15343,16353,1,26997,28121,WEDPN8C,WEDPN1B,unknown,unknown,R,R
15343,17075,44,26997,28938,WEDPN8C,WEDPN1A,unknown,unknown,R,R
15343,17691,8,26997,29626,WEDPN8C,WEDPN8C,unknown,unknown,R,R
15343,18135,1,26997,30120,WEDPN8C,WEDPN6A,unknown,unknown,R,R
15343,18377,20,26997,30404,WEDPN8C,WEDPN1A,unknown,unknown,R,R
15343,20973,2,26997,33365,WEDPN8C,WEDPN14,unknown,unknown,R,R
15343,31587,2,26997,45404,WEDPN8C,WEDPN14,unknown,unknown,R,R
15343,35867,5,26997,50338,WEDPN8C,WEDPN8C,unknown,unknown,R,R
15343,36442,1,26997,50996,WEDPN8C,WEDPN7A,unknown,unknown,R,R
15343,53865,6,26997,71912,WEDPN8C,WEDPN8C,unknown,unknown,R,R
15343,62519,4,26997,82712,WEDPN8C,WEDPN14,unknown,unknown,R,R
15343,66544,3,26997,87929,WEDPN8C,WEDPN8C,unknown,unknown,R,R
29791,111624,1,43350,165202,WED26,WEDPN8B,unknown,unknown,L,L
29791,131745,2,43350,523019,WED26,WEDPN10B,unknown,unknown,L,R
125937,2026,2,512124,12168,AMMC015,WEDPN9,unknown,unknown,R,R
125937,3328,2,512124,13563,AMMC015,WEDPN12,unknown,unknown,R,R
125937,133792,2,512124,529078,AMMC015,WEDPN8B,unknown,unknown,R,R
2638,12403,1,12820,23696,SAD051_b,WEDPN1B,unknown,unknown,L,L
12467,23810,2,23764,36569,WED082,WEDPN8C,unknown,unknown,R,L
12467,32291,3,23764,46194,WED082,WEDPN8C,unknown,unknown,R,L
12467,60385,2,23764,80066,WED082,WEDPN8C,unknown,unknown,R,L
12467,87009,6,23764,115983,WED082,WEDPN8C,unknown,unknown,R,L
12467,126674,2,23764,513485,WED082,WEDPN14,unknown,unknown,R,L
54799,1001,5,73090,11082,WEDPN8C,WEDPN4,unknown,unknown,L,L
54799,2813,56,73090,13005,WEDPN8C,WEDPN12,unknown,unknown,L,L
54799,3328,7,73090,13563,WEDPN8C,WEDPN12,unknown,unknown,L,R
54799,5103,23,73090,15543,WEDPN8C,WEDPN5,unknown,unknown,L,L
54799,6211,13,73090,16774,WEDPN8C,WEDPN10A,unknown,unknown,L,R
54799,7434,19,73090,18141,WEDPN8C,WEDPN1A,unknown,unknown,L,L
54799,9170,5,73090,20084,WEDPN8C,WEDPN2A,unknown,unknown,L,L
54799,11163,10,73090,22306,WEDPN8C,WEDPN2A,unknown,unknown,L,L
54799,14118,25,73090,25614,WEDPN8C,WEDPN1A,unknown,unknown,L,L
54799,15075,37,73090,26689,WEDPN8C,WEDPN1A,unknown,unknown,L,L
54799,15113,45,73090,26731,WEDPN8C,WEDPN1A,unknown,unknown,L,L
54799,17130,1,73090,28997,WEDPN8C,WEDPN17_b,unknown,unknown,L,L
54799,21213,2,73090,33636,WEDPN8C,WEDPN2A,unknown,unknown,L,L
54799,23810,11,73090,36569,WEDPN8C,WEDPN8C,unknown,unknown,L,L
54799,32291,2,73090,46194,WEDPN8C,WEDPN8C,unknown,unknown,L,L
54799,32925,1,73090,46929,WEDPN8C,WEDPN17_a2,unknown,unknown,L,L
54799,34426,1,73090,48649,WEDPN8C,WEDPN7C,unknown,unknown,L,L
54799,45200,1,73090,61341,WEDPN8C,WEDPN7C,unknown,unknown,L,L
54799,60385,4,73090,80066,WEDPN8C,WEDPN8C,unknown,unknown,L,L
54799,70803,2,73090,93584,WEDPN8C,WEDPN7A,unknown,unknown,L,L
54799,82775,8,73090,109982,WEDPN8C,WEDPN8C,unknown,unknown,L,L
54799,99692,1,73090,136182,WEDPN8C,WEDPN17_a1,unknown,unknown,L,L
54799,111624,1,73090,165202,WEDPN8C,WEDPN8B,unknown,unknown,L,L
54799,114983,1,73090,179013,WEDPN8C,WEDPN8B,unknown,unknown,L,L
54799,126873,2,73090,513846,WEDPN8C,WEDPN3,unknown,unknown,L,L
54799,131567,21,73090,522729,WEDPN8C,WEDPN1A,unknown,unknown,L,L
54799,131745,13,73090,523019,WEDPN8C,WEDPN10B,unknown,unknown,L,R
144045,21953,1,580846,34475,WED056,WEDPN6A,unknown,unknown,L,L
144045,95153,1,580846,128482,WED056,WEDPN7A,unknown,unknown,L,L
144045,142521,1,580846,556037,WED056,WEDPN9,unknown,unknown,L,L
54927,3328,1,73254,13563,WED102,WEDPN12,unknown,unknown,R,R
54927,10283,6,73254,21335,WED102,WEDPN2B_a,unknown,unknown,R,R
54927,13704,3,73254,25154,WED102,WEDPN2A,unknown,unknown,R,R
54927,27162,2,73254,40368,WED102,WEDPN6B,unknown,unknown,R,R
54927,31587,2,73254,45404,WED102,WEDPN14,unknown,unknown,R,R
61706,5696,2,81710,16210,WED167,WEDPN16_d,unknown,unknown,L,R
61706,8270,1,81710,19067,WED167,WEDPN7B,unknown,unknown,L,R
61706,27228,2,81710,40444,WED167,WEDPN6A,unknown,unknown,L,R
61706,28725,1,81710,42135,WED167,WEDPN7B,unknown,unknown,L,R
61706,41619,8,81710,57076,WED167,WEDPN7C,unknown,unknown,L,L
61706,93759,2,81710,126165,WED167,WEDPN8B,unknown,unknown,L,L
61706,114983,1,81710,179013,WED167,WEDPN8B,unknown,unknown,L,L
61706,134429,1,81710,530346,WED167,WEDPN14,unknown,unknown,L,L
61879,12403,1,81928,23696,AMMC018,WEDPN1B,unknown,unknown,L,L
61879,131567,1,81928,522729,AMMC018,WEDPN1A,unknown,unknown,L,L
137204,1001,1,536298,11082,WEDPN8B,WEDPN4,unknown,unknown,L,L
137204,7434,6,536298,18141,WEDPN8B,WEDPN1A,unknown,unknown,L,L
137204,10392,1,536298,21452,WEDPN8B,WEDPN3,unknown,unknown,L,L
137204,14907,1,536298,26504,WEDPN8B,WEDPN17_a1,unknown,unknown,L,L
137204,15075,2,536298,26689,WEDPN8B,WEDPN1A,unknown,unknown,L,L
137204,19139,1,536298,31285,WEDPN8B,WEDPN6B,unknown,unknown,L,L
137204,23810,1,536298,36569,WEDPN8B,WEDPN8C,unknown,unknown,L,L
137204,34426,3,536298,48649,WEDPN8B,WEDPN7C,unknown,unknown,L,L
137204,43091,6,536298,58796,WEDPN8B,WEDPN7B,unknown,unknown,L,L
137204,95982,4,536298,129812,WEDPN8B,WEDPN7B,unknown,unknown,L,L
137204,100446,1,536298,137600,WEDPN8B,WEDPN7A,unknown,unknown,L,L
137204,111624,1,536298,165202,WEDPN8B,WEDPN8B,unknown,unknown,L,L
137204,114983,1,536298,179013,WEDPN8B,WEDPN8B,unknown,unknown,L,L
137204,126873,1,536298,513846,WEDPN8B,WEDPN3,unknown,unknown,L,L
137204,127158,2,536298,514324,WEDPN8B,WEDPN11,unknown,unknown,L,L
137204,129864,1,536298,518903,WEDPN8B,WEDPN2B_a,unknown,unknown,L,L
137204,142521,1,536298,556037,WEDPN8B,WEDPN9,unknown,unknown,L,L
68954,142521,2,91150,556037,AMMC017,WEDPN9,unknown,unknown,R,L
52,2026,1,10065,12168,DNb05,WEDPN9,unknown,unknown,R,R
52,4583,7,10065,14961,DNb05,WEDPN11,unknown,unknown,R,R
52,12514,7,10065,23814,DNb05,WEDPN3,unknown,unknown,R,R
52,13648,15,10065,25091,DNb05,WEDPN2A,unknown,unknown,R,R
52,13704,12,10065,25154,DNb05,WEDPN2A,unknown,unknown,R,R
52,17075,1,10065,28938,DNb05,WEDPN1A,unknown,unknown,R,R
52,17691,1,10065,29626,DNb05,WEDPN8C,unknown,unknown,R,R
52,27228,3,10065,40444,DNb05,WEDPN6A,unknown,unknown,R,R
52,42230,5,10065,57792,DNb05,WEDPN2A,unknown,unknown,R,R
52,139548,1,10065,544259,DNb05,WEDPN18,unknown,unknown,R,R
4549,1001,1,14925,11082,WED182,WEDPN4,unknown,unknown,L,L
4549,2813,1,14925,13005,WED182,WEDPN12,unknown,unknown,L,L
4549,5101,3,14925,15541,WED182,WEDPN3,unknown,unknown,L,L
4549,5552,3,14925,16042,WED182,WEDPN2B_b,unknown,unknown,L,L
4549,6211,1,14925,16774,WED182,WEDPN10A,unknown,unknown,L,R
4549,9170,1,14925,20084,WED182,WEDPN2A,unknown,unknown,L,L
4549,11163,1,14925,22306,WED182,WEDPN2A,unknown,unknown,L,L
4549,19139,1,14925,31285,WED182,WEDPN6B,unknown,unknown,L,L
4549,21953,3,14925,34475,WED182,WEDPN6A,unknown,unknown,L,L
4549,26548,2,14925,39668,WED182,WEDPN6A,unknown,unknown,L,L
4549,28261,2,14925,41608,WED182,WEDPN6B,unknown,unknown,L,L
4549,34426,4,14925,48649,WED182,WEDPN7C,unknown,unknown,L,L
4549,41841,1,14925,57342,WED182,WEDPN17_a1,unknown,unknown,L,L
4549,43465,1,14925,59235,WED182,WEDPN6A,unknown,unknown,L,L
4549,45185,3,14925,61322,WED182,WEDPN7B,unknown,unknown,L,L
4549,45200,1,14925,61341,WED182,WEDPN7C,unknown,unknown,L,L
4549,45357,2,14925,61536,WED182,WEDPN17_c,unknown,unknown,L,L
4549,59202,1,14925,78573,WED182,WEDPN16_d,unknown,unknown,L,L
4549,61951,22,14925,82020,WED182,WEDPN18,unknown,unknown,L,L
4549,87009,2,14925,115983,WED182,WEDPN8C,unknown,unknown,L,L
4549,95982,9,14925,129812,WED182,WEDPN7B,unknown,unknown,L,L
4549,111624,1,14925,165202,WED182,WEDPN8B,unknown,unknown,L,L
4549,114983,1,14925,179013,WED182,WEDPN8B,unknown,unknown,L,L
4549,126873,1,14925,513846,WED182,WEDPN3,unknown,unknown,L,L
4549,127158,113,14925,514324,WED182,WEDPN11,unknown,unknown,L,L
4549,129864,3,14925,518903,WED182,WEDPN2B_a,unknown,unknown,L,L
4549,131745,3,14925,523019,WED182,WEDPN10B,unknown,unknown,L,R
29352,7434,11,42848,18141,AMMC015,WEDPN1A,unknown,unknown,L,L
29352,114983,2,42848,179013,AMMC015,WEDPN8B,unknown,unknown,L,L
29352,142521,2,42848,556037,AMMC015,WEDPN9,unknown,unknown,L,L
47688,43465,1,64345,59235,AMMC018,WEDPN6A,unknown,unknown,L,L
47688,142521,1,64345,556037,AMMC018,WEDPN9,unknown,unknown,L,L
5483,4583,1,15966,14961,WED106,WEDPN11,unknown,unknown,R,R
5483,10283,1,15966,21335,WED106,WEDPN2B_a,unknown,unknown,R,R
5483,13648,1,15966,25091,WED106,WEDPN2A,unknown,unknown,R,R
5483,20973,1,15966,33365,WED106,WEDPN14,unknown,unknown,R,R
5483,29451,1,15966,42965,WED106,WEDPN7A,unknown,unknown,R,R
5483,35935,2,15966,50417,WED106,WEDPN7A,unknown,unknown,R,R
5483,36442,1,15966,50996,WED106,WEDPN7A,unknown,unknown,R,R
35867,2026,1,50338,12168,WEDPN8C,WEDPN9,unknown,unknown,R,R
35867,2813,4,50338,13005,WEDPN8C,WEDPN12,unknown,unknown,R,L
35867,2831,18,50338,13024,WEDPN8C,WEDPN4,unknown,unknown,R,R
35867,3328,34,50338,13563,WEDPN8C,WEDPN12,unknown,unknown,R,R
35867,4583,19,50338,14961,WEDPN8C,WEDPN11,unknown,unknown,R,R
35867,6372,51,50338,16956,WEDPN8C,WEDPN5,unknown,unknown,R,R
35867,8015,1,50338,18790,WEDPN8C,WEDPN16_d,unknown,unknown,R,R
35867,8023,2,50338,18798,WEDPN8C,WEDPN10B,unknown,unknown,R,L
35867,9617,2,50338,20591,WEDPN8C,WEDPN8C,unknown,unknown,R,R
35867,10283,3,50338,21335,WEDPN8C,WEDPN2B_a,unknown,unknown,R,R
35867,12514,2,50338,23814,WEDPN8C,WEDPN3,unknown,unknown,R,R
35867,12955,1,50338,24306,WEDPN8C,WEDPN3,unknown,unknown,R,R
35867,13648,1,50338,25091,WEDPN8C,WEDPN2A,unknown,unknown,R,R
35867,13694,2,50338,25142,WEDPN8C,WEDPN3,unknown,unknown,R,R
35867,13704,2,50338,25154,WEDPN8C,WEDPN2A,unknown,unknown,R,R
35867,14652,3,50338,26220,WEDPN8C,WEDPN1A,unknown,unknown,R,R
35867,15089,1,50338,26705,WEDPN8C,WEDPN1A,unknown,unknown,R,R
35867,15095,6,50338,26711,WEDPN8C,WEDPN2B_b,unknown,unknown,R,R
35867,15343,4,50338,26997,WEDPN8C,WEDPN8C,unknown,unknown,R,R
35867,15525,5,50338,27202,WEDPN8C,WEDPN8C,unknown,unknown,R,R
35867,16199,5,50338,27947,WEDPN8C,WEDPN1A,unknown,unknown,R,R
35867,16353,2,50338,28121,WEDPN8C,WEDPN1B,unknown,unknown,R,R
35867,17075,1,50338,28938,WEDPN8C,WEDPN1A,unknown,unknown,R,R
35867,17691,11,50338,29626,WEDPN8C,WEDPN8C,unknown,unknown,R,R
35867,18377,1,50338,30404,WEDPN8C,WEDPN1A,unknown,unknown,R,R
35867,20973,3,50338,33365,WEDPN8C,WEDPN14,unknown,unknown,R,R
35867,26382,1,50338,39488,WEDPN8C,WEDPN6A,unknown,unknown,R,R
35867,27953,2,50338,41258,WEDPN8C,WEDPN17_c,unknown,unknown,R,R
35867,28041,1,50338,41357,WEDPN8C,WEDPN7B,unknown,unknown,R,R
35867,29087,3,50338,42540,WEDPN8C,WEDPN17_c,unknown,unknown,R,R
35867,29451,1,50338,42965,WEDPN8C,WEDPN7A,unknown,unknown,R,R
35867,31587,3,50338,45404,WEDPN8C,WEDPN14,unknown,unknown,R,R
35867,53865,2,50338,71912,WEDPN8C,WEDPN8C,unknown,unknown,R,R
35867,62519,1,50338,82712,WEDPN8C,WEDPN14,unknown,unknown,R,R
35867,66544,9,50338,87929,WEDPN8C,WEDPN8C,unknown,unknown,R,R
35867,116303,3,50338,185469,WEDPN8C,WEDPN8B,unknown,unknown,R,R
44300,2063,3,60254,12207,WED106,WEDPN7A,unknown,unknown,L,L
44300,31587,1,60254,45404,WED106,WEDPN14,unknown,unknown,L,R
44300,45200,1,60254,61341,WED106,WEDPN7C,unknown,unknown,L,L
44300,95153,1,60254,128482,WED106,WEDPN7A,unknown,unknown,L,L
1555,2063,12,11667,12207,WED119,WEDPN7A,unknown,unknown,L,L
1555,12403,1,11667,23696,WED119,WEDPN1B,unknown,unknown,L,L
1555,14118,4,11667,25614,WED119,WEDPN1A,unknown,unknown,L,L
1555,15075,4,11667,26689,WED119,WEDPN1A,unknown,unknown,L,L
1555,15113,16,11667,26731,WED119,WEDPN1A,unknown,unknown,L,L
1555,21230,2,11667,33657,WED119,WEDPN8D,unknown,unknown,L,L
1555,34426,19,11667,48649,WED119,WEDPN7C,unknown,unknown,L,L
1555,43465,1,11667,59235,WED119,WEDPN6A,unknown,unknown,L,L
1555,50597,3,11667,67886,WED119,WEDPN7B,unknown,unknown,L,L
1555,61951,6,11667,82020,WED119,WEDPN18,unknown,unknown,L,L
1555,70803,4,11667,93584,WED119,WEDPN7A,unknown,unknown,L,L
1555,95153,9,11667,128482,WED119,WEDPN7A,unknown,unknown,L,L
1555,100446,1,11667,137600,WED119,WEDPN7A,unknown,unknown,L,L
1555,127158,3,11667,514324,WED119,WEDPN11,unknown,unknown,L,L
1555,129864,1,11667,518903,WED119,WEDPN2B_a,unknown,unknown,L,L
1555,131567,16,11667,522729,WED119,WEDPN1A,unknown,unknown,L,L
1555,131745,1,11667,523019,WED119,WEDPN10B,unknown,unknown,L,R
1555,142521,4,11667,556037,WED119,WEDPN9,unknown,unknown,L,L
77071,2813,1,102104,13005,WED143_d,WEDPN12,unknown,unknown,R,L
77071,3328,1,102104,13563,WED143_d,WEDPN12,unknown,unknown,R,R
77071,5763,1,102104,16281,WED143_d,WEDPN10A,unknown,unknown,R,L
77071,6211,2,102104,16774,WED143_d,WEDPN10A,unknown,unknown,R,R
77071,131745,7,102104,523019,WED143_d,WEDPN10B,unknown,unknown,R,R
2429,2026,12,12596,12168,AMMC009,WEDPN9,unknown,unknown,R,R
2429,5763,1,12596,16281,AMMC009,WEDPN10A,unknown,unknown,R,L
2429,8023,1,12596,18798,AMMC009,WEDPN10B,unknown,unknown,R,L
2429,11163,2,12596,22306,AMMC009,WEDPN2A,unknown,unknown,R,L
2429,15525,1,12596,27202,AMMC009,WEDPN8C,unknown,unknown,R,R
2429,19139,9,12596,31285,AMMC009,WEDPN6B,unknown,unknown,R,L
2429,25026,1,12596,37949,AMMC009,WEDPN7C,unknown,unknown,R,R
2429,25625,2,12596,38630,AMMC009,WEDPN6A,unknown,unknown,R,R
2429,26382,9,12596,39488,AMMC009,WEDPN6A,unknown,unknown,R,R
2429,26548,1,12596,39668,AMMC009,WEDPN6A,unknown,unknown,R,L
2429,27228,1,12596,40444,AMMC009,WEDPN6A,unknown,unknown,R,R
2429,31587,3,12596,45404,AMMC009,WEDPN14,unknown,unknown,R,R
2429,35867,1,12596,50338,AMMC009,WEDPN8C,unknown,unknown,R,R
2429,43465,2,12596,59235,AMMC009,WEDPN6A,unknown,unknown,R,L
2429,53865,1,12596,71912,AMMC009,WEDPN8C,unknown,unknown,R,R
2429,60385,2,12596,80066,AMMC009,WEDPN8C,unknown,unknown,R,L
2429,62519,5,12596,82712,AMMC009,WEDPN14,unknown,unknown,R,R
2429,124943,2,12596,375366,AMMC009,WEDPN14,unknown,unknown,R,L
2429,142521,2,12596,556037,AMMC009,WEDPN9,unknown,unknown,R,L
25595,13648,1,38593,25091,AMMC019,WEDPN2A,unknown,unknown,R,R
25595,15525,1,38593,27202,AMMC019,WEDPN8C,unknown,unknown,R,R
25595,32032,1,38593,45905,AMMC019,WEDPN17_a1,unknown,unknown,R,R
25595,32295,2,38593,46199,AMMC019,WEDPN17_b,unknown,unknown,R,R
25595,53865,1,38593,71912,AMMC019,WEDPN8C,unknown,unknown,R,R
53865,2831,15,71912,13024,WEDPN8C,WEDPN4,unknown,unknown,R,R
53865,3328,61,71912,13563,WEDPN8C,WEDPN12,unknown,unknown,R,R
53865,4583,4,71912,14961,WEDPN8C,WEDPN11,unknown,unknown,R,R
53865,5763,3,71912,16281,WEDPN8C,WEDPN10A,unknown,unknown,R,L
53865,6372,20,71912,16956,WEDPN8C,WEDPN5,unknown,unknown,R,R
53865,8023,2,71912,18798,WEDPN8C,WEDPN10B,unknown,unknown,R,L
53865,10283,3,71912,21335,WEDPN8C,WEDPN2B_a,unknown,unknown,R,R
53865,12514,3,71912,23814,WEDPN8C,WEDPN3,unknown,unknown,R,R
53865,12955,1,71912,24306,WEDPN8C,WEDPN3,unknown,unknown,R,R
53865,13648,5,71912,25091,WEDPN8C,WEDPN2A,unknown,unknown,R,R
53865,13694,1,71912,25142,WEDPN8C,WEDPN3,unknown,unknown,R,R
53865,13704,10,71912,25154,WEDPN8C,WEDPN2A,unknown,unknown,R,R
53865,14652,1,71912,26220,WEDPN8C,WEDPN1A,unknown,unknown,R,R
53865,15089,13,71912,26705,WEDPN8C,WEDPN1A,unknown,unknown,R,R
53865,15095,3,71912,26711,WEDPN8C,WEDPN2B_b,unknown,unknown,R,R
53865,15343,6,71912,26997,WEDPN8C,WEDPN8C,unknown,unknown,R,R
53865,15525,7,71912,27202,WEDPN8C,WEDPN8C,unknown,unknown,R,R
53865,16199,10,71912,27947,WEDPN8C,WEDPN1A,unknown,unknown,R,R
53865,16353,7,71912,28121,WEDPN8C,WEDPN1B,unknown,unknown,R,R
53865,17075,12,71912,28938,WEDPN8C,WEDPN1A,unknown,unknown,R,R
53865,17691,11,71912,29626,WEDPN8C,WEDPN8C,unknown,unknown,R,R
53865,18377,6,71912,30404,WEDPN8C,WEDPN1A,unknown,unknown,R,R
53865,20973,4,71912,33365,WEDPN8C,WEDPN14,unknown,unknown,R,R
53865,24284,2,71912,37110,WEDPN8C,WEDPN17_c,unknown,unknown,R,R
53865,27162,1,71912,40368,WEDPN8C,WEDPN6B,unknown,unknown,R,R
53865,31587,2,71912,45404,WEDPN8C,WEDPN14,unknown,unknown,R,R
53865,35867,3,71912,50338,WEDPN8C,WEDPN8C,unknown,unknown,R,R
53865,42230,3,71912,57792,WEDPN8C,WEDPN2A,unknown,unknown,R,R
53865,62519,1,71912,82712,WEDPN8C,WEDPN14,unknown,unknown,R,R
53865,66544,10,71912,87929,WEDPN8C,WEDPN8C,unknown,unknown,R,R
53865,98207,7,71912,133491,WEDPN8C,WEDPN8B,unknown,unknown,R,R
53865,128755,2,71912,517049,WEDPN8C,WEDPN7B,unknown,unknown,R,R
2370,2813,3,12532,13005,WED070,WEDPN12,unknown,unknown,L,L
2370,10426,1,12532,21496,WED070,WEDPN16_d,unknown,unknown,L,L
2370,12403,1,12532,23696,WED070,WEDPN1B,unknown,unknown,L,L
2370,34426,4,12532,48649,WED070,WEDPN7C,unknown,unknown,L,L
2370,37683,1,12532,52468,WED070,WEDPN8D,unknown,unknown,L,L
2370,50597,10,12532,67886,WED070,WEDPN7B,unknown,unknown,L,L
2370,59202,1,12532,78573,WED070,WEDPN16_d,unknown,unknown,L,L
2370,142521,2,12532,556037,WED070,WEDPN9,unknown,unknown,L,L
7390,12403,4,18089,23696,AMMC035,WEDPN1B,unknown,unknown,L,L
34415,5103,3,48638,15543,WED167,WEDPN5,unknown,unknown,R,L
34415,13400,1,48638,24816,WED167,WEDPN6C,unknown,unknown,R,L
34415,45185,1,48638,61322,WED167,WEDPN7B,unknown,unknown,R,L
78390,142521,2,103920,556037,AMMC002,WEDPN9,unknown,unknown,R,L
79876,129864,20,105922,518903,WED103,WEDPN2B_a,unknown,unknown,L,L
128359,5101,2,516422,15541,WED031,WEDPN3,unknown,unknown,L,L
128359,10426,1,516422,21496,WED031,WEDPN16_d,unknown,unknown,L,L
128359,17606,2,516422,29535,WED031,WEDPN16_d,unknown,unknown,L,L
128359,19139,3,516422,31285,WED031,WEDPN6B,unknown,unknown,L,L
128359,21953,1,516422,34475,WED031,WEDPN6A,unknown,unknown,L,L
128359,34426,1,516422,48649,WED031,WEDPN7C,unknown,unknown,L,L
128359,43015,5,516422,58708,WED031,WEDPN6B,unknown,unknown,L,L
128359,43091,14,516422,58796,WED031,WEDPN7B,unknown,unknown,L,L
128359,43465,3,516422,59235,WED031,WEDPN6A,unknown,unknown,L,L
128359,45185,12,516422,61322,WED031,WEDPN7B,unknown,unknown,L,L
128359,45200,2,516422,61341,WED031,WEDPN7C,unknown,unknown,L,L
128359,54799,1,516422,73090,WED031,WEDPN8C,unknown,unknown,L,L
128359,95982,32,516422,129812,WED031,WEDPN7B,unknown,unknown,L,L
128359,131567,1,516422,522729,WED031,WEDPN1A,unknown,unknown,L,L
129995,12403,1,519124,23696,AMMC035,WEDPN1B,unknown,unknown,L,L
130181,2026,54,519454,12168,WED210,WEDPN9,unknown,unknown,L,R
130181,4583,16,519454,14961,WED210,WEDPN11,unknown,unknown,L,R
130181,9617,1,519454,20591,WED210,WEDPN8C,unknown,unknown,L,R
130181,15343,2,519454,26997,WED210,WEDPN8C,unknown,unknown,L,R
130181,15525,1,519454,27202,WED210,WEDPN8C,unknown,unknown,L,R
130181,16353,16,519454,28121,WED210,WEDPN1B,unknown,unknown,L,R
130181,17691,4,519454,29626,WED210,WEDPN8C,unknown,unknown,L,R
130181,35867,4,519454,50338,WED210,WEDPN8C,unknown,unknown,L,R
130181,66544,9,519454,87929,WED210,WEDPN8C,unknown,unknown,L,R
130181,142521,22,519454,556037,WED210,WEDPN9,unknown,unknown,L,L
130172,2026,1,519436,12168,AMMC014,WEDPN9,unknown,unknown,R,R
9901,16199,2,20907,27947,WED098,WEDPN1A,unknown,unknown,R,R
9901,31587,4,20907,45404,WED098,WEDPN14,unknown,unknown,R,R
9901,53865,1,20907,71912,WED098,WEDPN8C,unknown,unknown,R,R
9901,62519,1,20907,82712,WED098,WEDPN14,unknown,unknown,R,R
9901,98207,1,20907,133491,WED098,WEDPN8B,unknown,unknown,R,R
45183,10283,2,61320,21335,WED103,WEDPN2B_a,unknown,unknown,R,R
68542,12403,4,90589,23696,AMMC035,WEDPN1B,unknown,unknown,L,L
131354,5103,1,521666,15543,WED092,WEDPN5,unknown,unknown,L,L
131354,6211,2,521666,16774,WED092,WEDPN10A,unknown,unknown,L,R
131354,7434,7,521666,18141,WED092,WEDPN1A,unknown,unknown,L,L
131354,14118,4,521666,25614,WED092,WEDPN1A,unknown,unknown,L,L
131354,15089,2,521666,26705,WED092,WEDPN1A,unknown,unknown,L,R
131354,15113,9,521666,26731,WED092,WEDPN1A,unknown,unknown,L,L
131354,18377,3,521666,30404,WED092,WEDPN1A,unknown,unknown,L,R
131354,20973,1,521666,33365,WED092,WEDPN14,unknown,unknown,L,R
131354,35935,8,521666,50417,WED092,WEDPN7A,unknown,unknown,L,R
131354,62519,1,521666,82712,WED092,WEDPN14,unknown,unknown,L,R
131354,100446,2,521666,137600,WED092,WEDPN7A,unknown,unknown,L,L
131354,131567,4,521666,522729,WED092,WEDPN1A,unknown,unknown,L,L
55686,2026,2,74209,12168,WED143_c,WEDPN9,unknown,unknown,R,R
55686,5763,2,74209,16281,WED143_c,WEDPN10A,unknown,unknown,R,L
55686,8023,3,74209,18798,WED143_c,WEDPN10B,unknown,unknown,R,L
55686,13704,2,74209,25154,WED143_c,WEDPN2A,unknown,unknown,R,R
124943,1001,27,375366,11082,WEDPN14,WEDPN4,unknown,unknown,L,L
124943,2813,5,375366,13005,WEDPN14,WEDPN12,unknown,unknown,L,L
124943,5044,3,375366,15478,WEDPN14,WEDPN6B,unknown,unknown,L,L
124943,5103,1,375366,15543,WEDPN14,WEDPN5,unknown,unknown,L,L
124943,5552,13,375366,16042,WEDPN14,WEDPN2B_b,unknown,unknown,L,L
124943,10392,11,375366,21452,WEDPN14,WEDPN3,unknown,unknown,L,L
124943,15113,2,375366,26731,WEDPN14,WEDPN1A,unknown,unknown,L,L
124943,19139,2,375366,31285,WEDPN14,WEDPN6B,unknown,unknown,L,L
124943,21230,29,375366,33657,WEDPN14,WEDPN8D,unknown,unknown,L,L
124943,22879,2,375366,35520,WEDPN14,WEDPN8B,unknown,unknown,L,L
124943,23810,1,375366,36569,WEDPN14,WEDPN8C,unknown,unknown,L,L
124943,28261,3,375366,41608,WEDPN14,WEDPN6B,unknown,unknown,L,L
124943,37683,12,375366,52468,WEDPN14,WEDPN8D,unknown,unknown,L,L
124943,41841,1,375366,57342,WEDPN14,WEDPN17_a1,unknown,unknown,L,L
124943,43015,4,375366,58708,WEDPN14,WEDPN6B,unknown,unknown,L,L
124943,43091,1,375366,58796,WEDPN14,WEDPN7B,unknown,unknown,L,L
124943,45200,1,375366,61341,WEDPN14,WEDPN7C,unknown,unknown,L,L
124943,61951,1,375366,82020,WEDPN14,WEDPN18,unknown,unknown,L,L
124943,87011,3,375366,115985,WEDPN14,WEDPN6C,unknown,unknown,L,L
124943,89052,25,375366,118965,WEDPN14,WEDPN8D,unknown,unknown,L,L
124943,104801,1,375366,146374,WEDPN14,WEDPN8B,unknown,unknown,L,L
124943,114983,1,375366,179013,WEDPN14,WEDPN8B,unknown,unknown,L,L
124943,126674,3,375366,513485,WEDPN14,WEDPN14,unknown,unknown,L,L
124943,126873,2,375366,513846,WEDPN14,WEDPN3,unknown,unknown,L,L
124943,127158,1,375366,514324,WEDPN14,WEDPN11,unknown,unknown,L,L
124943,129864,1,375366,518903,WEDPN14,WEDPN2B_a,unknown,unknown,L,L
124943,131386,1,375366,521728,WEDPN14,WEDPN17_a2,unknown,unknown,L,L
124943,134429,2,375366,530346,WEDPN14,WEDPN14,unknown,unknown,L,L
124943,137204,1,375366,536298,WEDPN14,WEDPN8B,unknown,unknown,L,L
124943,142521,1,375366,556037,WEDPN14,WEDPN9,unknown,unknown,L,L
134429,1001,13,530346,11082,WEDPN14,WEDPN4,unknown,unknown,L,L
134429,2813,2,530346,13005,WEDPN14,WEDPN12,unknown,unknown,L,L
134429,5552,13,530346,16042,WEDPN14,WEDPN2B_b,unknown,unknown,L,L
134429,10392,14,530346,21452,WEDPN14,WEDPN3,unknown,unknown,L,L
134429,21230,9,530346,33657,WEDPN14,WEDPN8D,unknown,unknown,L,L
134429,37683,13,530346,52468,WEDPN14,WEDPN8D,unknown,unknown,L,L
134429,54799,1,530346,73090,WEDPN14,WEDPN8C,unknown,unknown,L,L
134429,89052,9,530346,118965,WEDPN14,WEDPN8D,unknown,unknown,L,L
134429,124943,2,530346,375366,WEDPN14,WEDPN14,unknown,unknown,L,L
134429,126674,1,530346,513485,WEDPN14,WEDPN14,unknown,unknown,L,L
134429,129864,4,530346,518903,WEDPN14,WEDPN2B_a,unknown,unknown,L,L
4116,5763,1,14441,16281,WED092,WEDPN10A,unknown,unknown,L,L
4116,7434,3,14441,18141,WED092,WEDPN1A,unknown,unknown,L,L
4116,15089,2,14441,26705,WED092,WEDPN1A,unknown,unknown,L,R
4116,26548,1,14441,39668,WED092,WEDPN6A,unknown,unknown,L,L
4116,131567,2,14441,522729,WED092,WEDPN1A,unknown,unknown,L,L
46325,2813,1,62697,13005,WED143_d,WEDPN12,unknown,unknown,R,L
46325,3328,1,62697,13563,WED143_d,WEDPN12,unknown,unknown,R,R
46325,6211,5,62697,16774,WED143_d,WEDPN10A,unknown,unknown,R,R
46325,13648,1,62697,25091,WED143_d,WEDPN2A,unknown,unknown,R,R
46325,131745,10,62697,523019,WED143_d,WEDPN10B,unknown,unknown,R,R
104801,1001,3,146374,11082,WEDPN8B,WEDPN4,unknown,unknown,L,L
104801,2063,1,146374,12207,WEDPN8B,WEDPN7A,unknown,unknown,L,L
104801,5044,2,146374,15478,WEDPN8B,WEDPN6B,unknown,unknown,L,L
104801,5103,2,146374,15543,WEDPN8B,WEDPN5,unknown,unknown,L,L
104801,7434,1,146374,18141,WEDPN8B,WEDPN1A,unknown,unknown,L,L
104801,9170,2,146374,20084,WEDPN8B,WEDPN2A,unknown,unknown,L,L
104801,11163,4,146374,22306,WEDPN8B,WEDPN2A,unknown,unknown,L,L
104801,17130,1,146374,28997,WEDPN8B,WEDPN17_b,unknown,unknown,L,L
104801,21213,6,146374,33636,WEDPN8B,WEDPN2A,unknown,unknown,L,L
104801,22879,1,146374,35520,WEDPN8B,WEDPN8B,unknown,unknown,L,L
104801,37683,1,146374,52468,WEDPN8B,WEDPN8D,unknown,unknown,L,L
104801,60385,1,146374,80066,WEDPN8B,WEDPN8C,unknown,unknown,L,L
104801,70803,1,146374,93584,WEDPN8B,WEDPN7A,unknown,unknown,L,L
104801,87009,1,146374,115983,WEDPN8B,WEDPN8C,unknown,unknown,L,L
104801,100446,2,146374,137600,WEDPN8B,WEDPN7A,unknown,unknown,L,L
104801,102979,2,146374,142605,WEDPN8B,WEDPN17_b,unknown,unknown,L,L
104801,111624,1,146374,165202,WEDPN8B,WEDPN8B,unknown,unknown,L,L
104801,114983,2,146374,179013,WEDPN8B,WEDPN8B,unknown,unknown,L,L
104801,124943,2,146374,375366,WEDPN8B,WEDPN14,unknown,unknown,L,L
104801,126674,2,146374,513485,WEDPN8B,WEDPN14,unknown,unknown,L,L
104801,126873,1,146374,513846,WEDPN8B,WEDPN3,unknown,unknown,L,L
104801,127158,4,146374,514324,WEDPN8B,WEDPN11,unknown,unknown,L,L
104801,129864,3,146374,518903,WEDPN8B,WEDPN2B_a,unknown,unknown,L,L
104801,137204,1,146374,536298,WEDPN8B,WEDPN8B,unknown,unknown,L,L
3769,2026,5,14047,12168,AMMC009,WEDPN9,unknown,unknown,L,R
3769,5044,2,14047,15478,AMMC009,WEDPN6B,unknown,unknown,L,L
3769,5101,2,14047,15541,AMMC009,WEDPN3,unknown,unknown,L,L
3769,12514,1,14047,23814,AMMC009,WEDPN3,unknown,unknown,L,R
3769,18135,9,14047,30120,AMMC009,WEDPN6A,unknown,unknown,L,R
3769,19139,10,14047,31285,AMMC009,WEDPN6B,unknown,unknown,L,L
3769,26382,5,14047,39488,AMMC009,WEDPN6A,unknown,unknown,L,R
3769,27228,1,14047,40444,AMMC009,WEDPN6A,unknown,unknown,L,R
3769,28261,1,14047,41608,AMMC009,WEDPN6B,unknown,unknown,L,L
3769,31587,3,14047,45404,AMMC009,WEDPN14,unknown,unknown,L,R
3769,32291,2,14047,46194,AMMC009,WEDPN8C,unknown,unknown,L,L
3769,35867,2,14047,50338,AMMC009,WEDPN8C,unknown,unknown,L,R
3769,43465,6,14047,59235,AMMC009,WEDPN6A,unknown,unknown,L,L
3769,142521,4,14047,556037,AMMC009,WEDPN9,unknown,unknown,L,L
5143,15525,2,15591,27202,WED082,WEDPN8C,unknown,unknown,L,R
5143,35867,4,15591,50338,WED082,WEDPN8C,unknown,unknown,L,R
5143,53865,1,15591,71912,WED082,WEDPN8C,unknown,unknown,L,R
5143,66544,3,15591,87929,WED082,WEDPN8C,unknown,unknown,L,R
10829,12403,1,21944,23696,AMMC035,WEDPN1B,unknown,unknown,L,L
5656,15525,4,16166,27202,WED082,WEDPN8C,unknown,unknown,L,R
5656,20973,6,16166,33365,WED082,WEDPN14,unknown,unknown,L,R
5656,35867,9,16166,50338,WED082,WEDPN8C,unknown,unknown,L,R
5656,53865,5,16166,71912,WED082,WEDPN8C,unknown,unknown,L,R
5656,66544,4,16166,87929,WED082,WEDPN8C,unknown,unknown,L,R
16918,2063,1,28758,12207,WED056,WEDPN7A,unknown,unknown,L,L
16918,5103,1,28758,15543,WED056,WEDPN5,unknown,unknown,L,L
16918,15113,1,28758,26731,WED056,WEDPN1A,unknown,unknown,L,L
16918,26548,1,28758,39668,WED056,WEDPN6A,unknown,unknown,L,L
16918,45200,3,28758,61341,WED056,WEDPN7C,unknown,unknown,L,L
16918,61951,1,28758,82020,WED056,WEDPN18,unknown,unknown,L,L
16918,70803,2,28758,93584,WED056,WEDPN7A,unknown,unknown,L,L
16918,87009,1,28758,115983,WED056,WEDPN8C,unknown,unknown,L,L
16918,129864,1,28758,518903,WED056,WEDPN2B_a,unknown,unknown,L,L
16918,142521,1,28758,556037,WED056,WEDPN9,unknown,unknown,L,L
109343,8023,6,157938,18798,WED143_c,WEDPN10B,unknown,unknown,L,L
109343,16353,3,157938,28121,WED143_c,WEDPN1B,unknown,unknown,L,R
142620,87009,1,556767,115983,WED106,WEDPN8C,unknown,unknown,R,L
11160,35867,1,22303,50338,WED084,WEDPN8C,unknown,unknown,L,R
14819,20973,1,26402,33365,WED055_a,WEDPN14,unknown,unknown,R,R
14819,53865,2,26402,71912,WED055_a,WEDPN8C,unknown,unknown,R,R
14819,66544,2,26402,87929,WED055_a,WEDPN8C,unknown,unknown,R,R
14819,139548,2,26402,544259,WED055_a,WEDPN18,unknown,unknown,R,R
15318,17606,1,26968,29535,WED031,WEDPN16_d,unknown,unknown,L,L
15318,43091,6,26968,58796,WED031,WEDPN7B,unknown,unknown,L,L
15318,45185,31,26968,61322,WED031,WEDPN7B,unknown,unknown,L,L
15318,50597,18,26968,67886,WED031,WEDPN7B,unknown,unknown,L,L
15318,95982,8,26968,129812,WED031,WEDPN7B,unknown,unknown,L,L
24384,6372,9,37221,16956,WED057,WEDPN5,unknown,unknown,R,R
24384,8015,1,37221,18790,WED057,WEDPN16_d,unknown,unknown,R,R
24384,24284,5,37221,37110,WED057,WEDPN17_c,unknown,unknown,R,R
24384,32295,2,37221,46199,WED057,WEDPN17_b,unknown,unknown,R,R
24522,2026,1,37380,12168,AMMC016,WEDPN9,unknown,unknown,L,R
100860,129864,1,138384,518903,WED103,WEDPN2B_a,unknown,unknown,L,L
127467,20973,1,514857,33365,AMMC015,WEDPN14,unknown,unknown,R,R
127467,52530,1,514857,70264,AMMC015,WEDPN8B,unknown,unknown,R,R
127467,133792,1,514857,529078,AMMC015,WEDPN8B,unknown,unknown,R,R
7285,2813,3,17972,13005,WED201,WEDPN12,unknown,unknown,L,L
7285,7434,1,17972,18141,WED201,WEDPN1A,unknown,unknown,L,L
7285,12403,2,17972,23696,WED201,WEDPN1B,unknown,unknown,L,L
7285,14118,3,17972,25614,WED201,WEDPN1A,unknown,unknown,L,L
7285,15075,2,17972,26689,WED201,WEDPN1A,unknown,unknown,L,L
7285,15113,4,17972,26731,WED201,WEDPN1A,unknown,unknown,L,L
7285,22879,2,17972,35520,WED201,WEDPN8B,unknown,unknown,L,L
7285,23810,7,17972,36569,WED201,WEDPN8C,unknown,unknown,L,L
7285,34426,2,17972,48649,WED201,WEDPN7C,unknown,unknown,L,L
7285,40219,5,17972,55410,WED201,WEDPN17_c,unknown,unknown,L,L
7285,41619,1,17972,57076,WED201,WEDPN7C,unknown,unknown,L,L
7285,43015,1,17972,58708,WED201,WEDPN6B,unknown,unknown,L,L
7285,45357,3,17972,61536,WED201,WEDPN17_c,unknown,unknown,L,L
7285,46446,1,17972,62841,WED201,WEDPN17_c,unknown,unknown,L,L
7285,54799,11,17972,73090,WED201,WEDPN8C,unknown,unknown,L,L
7285,82775,3,17972,109982,WED201,WEDPN8C,unknown,unknown,L,L
7285,87009,1,17972,115983,WED201,WEDPN8C,unknown,unknown,L,L
7285,102979,1,17972,142605,WED201,WEDPN17_b,unknown,unknown,L,L
7285,104801,2,17972,146374,WED201,WEDPN8B,unknown,unknown,L,L
7285,124943,1,17972,375366,WED201,WEDPN14,unknown,unknown,L,L
7285,127158,2,17972,514324,WED201,WEDPN11,unknown,unknown,L,L
7285,127407,1,17972,514744,WED201,WEDPN6C,unknown,unknown,L,L
7285,131567,2,17972,522729,WED201,WEDPN1A,unknown,unknown,L,L
7285,142521,7,17972,556037,WED201,WEDPN9,unknown,unknown,L,L
22530,14907,1,35128,26504,WED057,WEDPN17_a1,unknown,unknown,L,L
22530,32925,1,35128,46929,WED057,WEDPN17_a2,unknown,unknown,L,L
22530,49617,2,35128,66670,WED057,WEDPN17_c,unknown,unknown,L,L
87566,89052,1,116824,118965,WED103,WEDPN8D,unknown,unknown,L,L
87566,129864,2,116824,518903,WED103,WEDPN2B_a,unknown,unknown,L,L
125745,142521,29,511754,556037,AMMC001,WEDPN9,unknown,unknown,L,L
9617,2813,1,20591,13005,WEDPN8C,WEDPN12,unknown,unknown,R,L
9617,2831,14,20591,13024,WEDPN8C,WEDPN4,unknown,unknown,R,R
9617,3328,8,20591,13563,WEDPN8C,WEDPN12,unknown,unknown,R,R
9617,4583,33,20591,14961,WEDPN8C,WEDPN11,unknown,unknown,R,R
9617,6372,15,20591,16956,WEDPN8C,WEDPN5,unknown,unknown,R,R
9617,8015,2,20591,18790,WEDPN8C,WEDPN16_d,unknown,unknown,R,R
9617,8023,1,20591,18798,WEDPN8C,WEDPN10B,unknown,unknown,R,L
9617,8270,1,20591,19067,WEDPN8C,WEDPN7B,unknown,unknown,R,R
9617,10283,10,20591,21335,WEDPN8C,WEDPN2B_a,unknown,unknown,R,R
9617,12514,9,20591,23814,WEDPN8C,WEDPN3,unknown,unknown,R,R
9617,12955,6,20591,24306,WEDPN8C,WEDPN3,unknown,unknown,R,R
9617,13648,2,20591,25091,WEDPN8C,WEDPN2A,unknown,unknown,R,R
9617,13694,6,20591,25142,WEDPN8C,WEDPN3,unknown,unknown,R,R
9617,13704,1,20591,25154,WEDPN8C,WEDPN2A,unknown,unknown,R,R
9617,15095,11,20591,26711,WEDPN8C,WEDPN2B_b,unknown,unknown,R,R
9617,17075,1,20591,28938,WEDPN8C,WEDPN1A,unknown,unknown,R,R
9617,17691,1,20591,29626,WEDPN8C,WEDPN8C,unknown,unknown,R,R
9617,19463,2,20591,31652,WEDPN8C,WEDPN8D,unknown,unknown,R,R
9617,27953,3,20591,41258,WEDPN8C,WEDPN17_c,unknown,unknown,R,R
9617,29087,2,20591,42540,WEDPN8C,WEDPN17_c,unknown,unknown,R,R
9617,35867,2,20591,50338,WEDPN8C,WEDPN8C,unknown,unknown,R,R
9617,42230,4,20591,57792,WEDPN8C,WEDPN2A,unknown,unknown,R,R
9617,53865,2,20591,71912,WEDPN8C,WEDPN8C,unknown,unknown,R,R
9617,84304,5,20591,112110,WEDPN8C,WEDPN8D,unknown,unknown,R,R
9617,98207,1,20591,133491,WEDPN8C,WEDPN8B,unknown,unknown,R,R
9617,128755,1,20591,517049,WEDPN8C,WEDPN7B,unknown,unknown,R,R
12403,1001,14,23696,11082,WEDPN1B,WEDPN4,unknown,unknown,L,L
12403,2063,3,23696,12207,WEDPN1B,WEDPN7A,unknown,unknown,L,L
12403,5044,2,23696,15478,WEDPN1B,WEDPN6B,unknown,unknown,L,L
12403,5101,3,23696,15541,WEDPN1B,WEDPN3,unknown,unknown,L,L
12403,9170,7,23696,20084,WEDPN1B,WEDPN2A,unknown,unknown,L,L
12403,10392,1,23696,21452,WEDPN1B,WEDPN3,unknown,unknown,L,L
12403,14118,1,23696,25614,WEDPN1B,WEDPN1A,unknown,unknown,L,L
12403,15075,1,23696,26689,WEDPN1B,WEDPN1A,unknown,unknown,L,L
12403,15113,1,23696,26731,WEDPN1B,WEDPN1A,unknown,unknown,L,L
12403,21213,1,23696,33636,WEDPN1B,WEDPN2A,unknown,unknown,L,L
12403,21953,1,23696,34475,WEDPN1B,WEDPN6A,unknown,unknown,L,L
12403,45185,1,23696,61322,WEDPN1B,WEDPN7B,unknown,unknown,L,L
12403,45200,3,23696,61341,WEDPN1B,WEDPN7C,unknown,unknown,L,L
12403,95153,5,23696,128482,WEDPN1B,WEDPN7A,unknown,unknown,L,L
12403,100446,1,23696,137600,WEDPN1B,WEDPN7A,unknown,unknown,L,L
12403,124943,1,23696,375366,WEDPN1B,WEDPN14,unknown,unknown,L,L
12403,127158,3,23696,514324,WEDPN1B,WEDPN11,unknown,unknown,L,L
15525,2813,2,27202,13005,WEDPN8C,WEDPN12,unknown,unknown,R,L
15525,2831,5,27202,13024,WEDPN8C,WEDPN4,unknown,unknown,R,R
15525,3328,27,27202,13563,WEDPN8C,WEDPN12,unknown,unknown,R,R
15525,4583,15,27202,14961,WEDPN8C,WEDPN11,unknown,unknown,R,R
15525,6372,30,27202,16956,WEDPN8C,WEDPN5,unknown,unknown,R,R
15525,8015,7,27202,18790,WEDPN8C,WEDPN16_d,unknown,unknown,R,R
15525,8023,1,27202,18798,WEDPN8C,WEDPN10B,unknown,unknown,R,L
15525,9617,2,27202,20591,WEDPN8C,WEDPN8C,unknown,unknown,R,R
15525,10283,14,27202,21335,WEDPN8C,WEDPN2B_a,unknown,unknown,R,R
15525,12514,8,27202,23814,WEDPN8C,WEDPN3,unknown,unknown,R,R
15525,12955,8,27202,24306,WEDPN8C,WEDPN3,unknown,unknown,R,R
15525,13694,4,27202,25142,WEDPN8C,WEDPN3,unknown,unknown,R,R
15525,13704,5,27202,25154,WEDPN8C,WEDPN2A,unknown,unknown,R,R
15525,15095,11,27202,26711,WEDPN8C,WEDPN2B_b,unknown,unknown,R,R
15525,16353,1,27202,28121,WEDPN8C,WEDPN1B,unknown,unknown,R,R
15525,17691,5,27202,29626,WEDPN8C,WEDPN8C,unknown,unknown,R,R
15525,20973,1,27202,33365,WEDPN8C,WEDPN14,unknown,unknown,R,R
15525,24961,1,27202,37880,WEDPN8C,WEDPN6B,unknown,unknown,R,R
15525,29087,2,27202,42540,WEDPN8C,WEDPN17_c,unknown,unknown,R,R
15525,35867,1,27202,50338,WEDPN8C,WEDPN8C,unknown,unknown,R,R
15525,42230,1,27202,57792,WEDPN8C,WEDPN2A,unknown,unknown,R,R
15525,53865,7,27202,71912,WEDPN8C,WEDPN8C,unknown,unknown,R,R
15525,62519,1,27202,82712,WEDPN8C,WEDPN14,unknown,unknown,R,R
15525,66544,1,27202,87929,WEDPN8C,WEDPN8C,unknown,unknown,R,R
15525,84304,1,27202,112110,WEDPN8C,WEDPN8D,unknown,unknown,R,R
15525,128755,1,27202,517049,WEDPN8C,WEDPN7B,unknown,unknown,R,R
5103,1001,1,15543,11082,WEDPN5,WEDPN4,unknown,unknown,L,L
5103,2063,8,15543,12207,WEDPN5,WEDPN7A,unknown,unknown,L,L
5103,2813,5,15543,13005,WEDPN5,WEDPN12,unknown,unknown,L,L
5103,5101,4,15543,15541,WEDPN5,WEDPN3,unknown,unknown,L,L
5103,5552,16,15543,16042,WEDPN5,WEDPN2B_b,unknown,unknown,L,L
5103,9170,5,15543,20084,WEDPN5,WEDPN2A,unknown,unknown,L,L
5103,10392,27,15543,21452,WEDPN5,WEDPN3,unknown,unknown,L,L
5103,11163,14,15543,22306,WEDPN5,WEDPN2A,unknown,unknown,L,L
5103,14907,13,15543,26504,WEDPN5,WEDPN17_a1,unknown,unknown,L,L
5103,17130,33,15543,28997,WEDPN5,WEDPN17_b,unknown,unknown,L,L
5103,21213,60,15543,33636,WEDPN5,WEDPN2A,unknown,unknown,L,L
5103,26548,1,15543,39668,WEDPN5,WEDPN6A,unknown,unknown,L,L
5103,32925,3,15543,46929,WEDPN5,WEDPN17_a2,unknown,unknown,L,L
5103,34426,23,15543,48649,WEDPN5,WEDPN7C,unknown,unknown,L,L
5103,40219,12,15543,55410,WEDPN5,WEDPN17_c,unknown,unknown,L,L
5103,41841,3,15543,57342,WEDPN5,WEDPN17_a1,unknown,unknown,L,L
5103,43015,1,15543,58708,WEDPN5,WEDPN6B,unknown,unknown,L,L
5103,45200,12,15543,61341,WEDPN5,WEDPN7C,unknown,unknown,L,L
5103,45357,1,15543,61536,WEDPN5,WEDPN17_c,unknown,unknown,L,L
5103,61951,1,15543,82020,WEDPN5,WEDPN18,unknown,unknown,L,L
5103,70803,17,15543,93584,WEDPN5,WEDPN7A,unknown,unknown,L,L
5103,82775,1,15543,109982,WEDPN5,WEDPN8C,unknown,unknown,L,L
5103,87009,3,15543,115983,WEDPN5,WEDPN8C,unknown,unknown,L,L
5103,93759,1,15543,126165,WEDPN5,WEDPN8B,unknown,unknown,L,L
5103,95153,19,15543,128482,WEDPN5,WEDPN7A,unknown,unknown,L,L
5103,95982,6,15543,129812,WEDPN5,WEDPN7B,unknown,unknown,L,L
5103,99692,2,15543,136182,WEDPN5,WEDPN17_a1,unknown,unknown,L,L
5103,100446,7,15543,137600,WEDPN5,WEDPN7A,unknown,unknown,L,L
5103,102979,23,15543,142605,WEDPN5,WEDPN17_b,unknown,unknown,L,L
5103,104801,1,15543,146374,WEDPN5,WEDPN8B,unknown,unknown,L,L
5103,109280,27,15543,157770,WEDPN5,WEDPN17_b,unknown,unknown,L,L
5103,114983,1,15543,179013,WEDPN5,WEDPN8B,unknown,unknown,L,L
5103,118207,19,15543,195591,WEDPN5,WEDPN17_c,unknown,unknown,L,L
5103,126873,8,15543,513846,WEDPN5,WEDPN3,unknown,unknown,L,L
5103,127158,5,15543,514324,WEDPN5,WEDPN11,unknown,unknown,L,L
5103,129864,4,15543,518903,WEDPN5,WEDPN2B_a,unknown,unknown,L,L
5103,131386,18,15543,521728,WEDPN5,WEDPN17_a2,unknown,unknown,L,L
5103,142521,3,15543,556037,WEDPN5,WEDPN9,unknown,unknown,L,L
45323,1001,1,61487,11082,WED004,WEDPN4,unknown,unknown,L,L
45323,15113,2,61487,26731,WED004,WEDPN1A,unknown,unknown,L,L
45323,21213,1,61487,33636,WED004,WEDPN2A,unknown,unknown,L,L
45323,40219,1,61487,55410,WED004,WEDPN17_c,unknown,unknown,L,L
45323,54799,1,61487,73090,WED004,WEDPN8C,unknown,unknown,L,L
45323,60385,3,61487,80066,WED004,WEDPN8C,unknown,unknown,L,L
45323,82775,1,61487,109982,WED004,WEDPN8C,unknown,unknown,L,L
45323,87009,5,61487,115983,WED004,WEDPN8C,unknown,unknown,L,L
45323,124943,1,61487,375366,WED004,WEDPN14,unknown,unknown,L,L
45323,126674,1,61487,513485,WED004,WEDPN14,unknown,unknown,L,L
45323,134429,1,61487,530346,WED004,WEDPN14,unknown,unknown,L,L
45323,142521,1,61487,556037,WED004,WEDPN9,unknown,unknown,L,L
100491,5552,1,137685,16042,WED103,WEDPN2B_b,unknown,unknown,L,L
100491,6211,1,137685,16774,WED103,WEDPN10A,unknown,unknown,L,R
100491,129864,14,137685,518903,WED103,WEDPN2B_a,unknown,unknown,L,L
114983,1001,3,179013,11082,WEDPN8B,WEDPN4,unknown,unknown,L,L
114983,2813,2,179013,13005,WEDPN8B,WEDPN12,unknown,unknown,L,L
114983,5552,4,179013,16042,WEDPN8B,WEDPN2B_b,unknown,unknown,L,L
114983,7434,3,179013,18141,WEDPN8B,WEDPN1A,unknown,unknown,L,L
114983,9170,1,179013,20084,WEDPN8B,WEDPN2A,unknown,unknown,L,L
114983,11163,7,179013,22306,WEDPN8B,WEDPN2A,unknown,unknown,L,L
114983,12403,2,179013,23696,WEDPN8B,WEDPN1B,unknown,unknown,L,L
114983,14907,2,179013,26504,WEDPN8B,WEDPN17_a1,unknown,unknown,L,L
114983,19139,1,179013,31285,WEDPN8B,WEDPN6B,unknown,unknown,L,L
114983,22879,1,179013,35520,WEDPN8B,WEDPN8B,unknown,unknown,L,L
114983,34426,2,179013,48649,WEDPN8B,WEDPN7C,unknown,unknown,L,L
114983,41841,2,179013,57342,WEDPN8B,WEDPN17_a1,unknown,unknown,L,L
114983,54799,1,179013,73090,WEDPN8B,WEDPN8C,unknown,unknown,L,L
114983,82775,1,179013,109982,WEDPN8B,WEDPN8C,unknown,unknown,L,L
114983,93759,1,179013,126165,WEDPN8B,WEDPN8B,unknown,unknown,L,L
114983,95153,3,179013,128482,WEDPN8B,WEDPN7A,unknown,unknown,L,L
114983,100446,1,179013,137600,WEDPN8B,WEDPN7A,unknown,unknown,L,L
114983,104801,6,179013,146374,WEDPN8B,WEDPN8B,unknown,unknown,L,L
114983,109280,1,179013,157770,WEDPN8B,WEDPN17_b,unknown,unknown,L,L
114983,124943,1,179013,375366,WEDPN8B,WEDPN14,unknown,unknown,L,L
114983,126873,1,179013,513846,WEDPN8B,WEDPN3,unknown,unknown,L,L
114983,127158,6,179013,514324,WEDPN8B,WEDPN11,unknown,unknown,L,L
114983,129864,2,179013,518903,WEDPN8B,WEDPN2B_a,unknown,unknown,L,L
114983,137204,1,179013,536298,WEDPN8B,WEDPN8B,unknown,unknown,L,L
118493,129864,3,197318,518903,WED103,WEDPN2B_a,unknown,unknown,L,L
24561,2026,6,37426,12168,WED201,WEDPN9,unknown,unknown,R,R
24561,3328,2,37426,13563,WED201,WEDPN12,unknown,unknown,R,R
24561,12955,1,37426,24306,WED201,WEDPN3,unknown,unknown,R,R
24561,14652,9,37426,26220,WED201,WEDPN1A,unknown,unknown,R,R
24561,15089,4,37426,26705,WED201,WEDPN1A,unknown,unknown,R,R
24561,15343,8,37426,26997,WED201,WEDPN8C,unknown,unknown,R,R
24561,16199,5,37426,27947,WED201,WEDPN1A,unknown,unknown,R,R
24561,16353,2,37426,28121,WED201,WEDPN1B,unknown,unknown,R,R
24561,17075,4,37426,28938,WED201,WEDPN1A,unknown,unknown,R,R
24561,17691,4,37426,29626,WED201,WEDPN8C,unknown,unknown,R,R
24561,18377,1,37426,30404,WED201,WEDPN1A,unknown,unknown,R,R
24561,20423,3,37426,32742,WED201,WEDPN17_c,unknown,unknown,R,R
24561,24990,1,37426,37912,WED201,WEDPN18,unknown,unknown,R,R
24561,25026,5,37426,37949,WED201,WEDPN7C,unknown,unknown,R,R
24561,27953,4,37426,41258,WED201,WEDPN17_c,unknown,unknown,R,R
24561,28041,1,37426,41357,WED201,WEDPN7B,unknown,unknown,R,R
24561,29087,1,37426,42540,WED201,WEDPN17_c,unknown,unknown,R,R
24561,34619,1,37426,48879,WED201,WEDPN17_b,unknown,unknown,R,R
24561,52530,1,37426,70264,WED201,WEDPN8B,unknown,unknown,R,R
24561,62519,1,37426,82712,WED201,WEDPN14,unknown,unknown,R,R
24561,66544,14,37426,87929,WED201,WEDPN8C,unknown,unknown,R,R
24561,96023,2,37426,129886,WED201,WEDPN8B,unknown,unknown,R,R
24561,98207,2,37426,133491,WED201,WEDPN8B,unknown,unknown,R,R
24561,122748,1,37426,238224,WED201,WEDPN6C,unknown,unknown,R,R
24706,41619,1,37589,57076,WED031,WEDPN7C,unknown,unknown,L,L
24706,43091,15,37589,58796,WED031,WEDPN7B,unknown,unknown,L,L
24706,45185,24,37589,61322,WED031,WEDPN7B,unknown,unknown,L,L
24706,45200,7,37589,61341,WED031,WEDPN7C,unknown,unknown,L,L
24706,50597,12,37589,67886,WED031,WEDPN7B,unknown,unknown,L,L
24706,95982,16,37589,129812,WED031,WEDPN7B,unknown,unknown,L,L
100704,12403,1,138086,23696,WED004,WEDPN1B,unknown,unknown,L,L
100704,15075,1,138086,26689,WED004,WEDPN1A,unknown,unknown,L,L
100704,23810,1,138086,36569,WED004,WEDPN8C,unknown,unknown,L,L
100704,32291,1,138086,46194,WED004,WEDPN8C,unknown,unknown,L,L
100704,82775,1,138086,109982,WED004,WEDPN8C,unknown,unknown,L,L
100704,124943,1,138086,375366,WED004,WEDPN14,unknown,unknown,L,L
100704,142521,1,138086,556037,WED004,WEDPN9,unknown,unknown,L,L
1229,5552,4,11321,16042,WED006,WEDPN2B_b,unknown,unknown,L,L
1229,129864,4,11321,518903,WED006,WEDPN2B_a,unknown,unknown,L,L
20973,2831,14,33365,13024,WEDPN14,WEDPN4,unknown,unknown,R,R
20973,3328,3,33365,13563,WEDPN14,WEDPN12,unknown,unknown,R,R
20973,5763,3,33365,16281,WEDPN14,WEDPN10A,unknown,unknown,R,L
20973,6372,1,33365,16956,WEDPN14,WEDPN5,unknown,unknown,R,R
20973,8023,7,33365,18798,WEDPN14,WEDPN10B,unknown,unknown,R,L
20973,10283,1,33365,21335,WEDPN14,WEDPN2B_a,unknown,unknown,R,R
20973,12955,4,33365,24306,WEDPN14,WEDPN3,unknown,unknown,R,R
20973,13694,1,33365,25142,WEDPN14,WEDPN3,unknown,unknown,R,R
20973,15095,5,33365,26711,WEDPN14,WEDPN2B_b,unknown,unknown,R,R
20973,15525,1,33365,27202,WEDPN14,WEDPN8C,unknown,unknown,R,R
20973,19463,10,33365,31652,WEDPN14,WEDPN8D,unknown,unknown,R,R
20973,24961,1,33365,37880,WEDPN14,WEDPN6B,unknown,unknown,R,R
20973,35867,1,33365,50338,WEDPN14,WEDPN8C,unknown,unknown,R,R
20973,36881,1,33365,51514,WEDPN14,WEDPN6B,unknown,unknown,R,R
20973,59058,3,33365,78392,WEDPN14,WEDPN6B,unknown,unknown,R,R
20973,84304,12,33365,112110,WEDPN14,WEDPN8D,unknown,unknown,R,R
24307,6372,7,37134,16956,WED057,WEDPN5,unknown,unknown,R,R
24307,20423,1,37134,32742,WED057,WEDPN17_c,unknown,unknown,R,R
24307,24284,15,37134,37110,WED057,WEDPN17_c,unknown,unknown,R,R
24307,29087,5,37134,42540,WED057,WEDPN17_c,unknown,unknown,R,R
24307,32295,2,37134,46199,WED057,WEDPN17_b,unknown,unknown,R,R
26808,2026,5,39963,12168,AMMC015,WEDPN9,unknown,unknown,R,R
26808,15089,2,39963,26705,AMMC015,WEDPN1A,unknown,unknown,R,R
26808,20973,1,39963,33365,AMMC015,WEDPN14,unknown,unknown,R,R
26808,31587,2,39963,45404,AMMC015,WEDPN14,unknown,unknown,R,R
26808,96023,2,39963,129886,AMMC015,WEDPN8B,unknown,unknown,R,R
26808,116303,1,39963,185469,AMMC015,WEDPN8B,unknown,unknown,R,R
26808,133792,1,39963,529078,AMMC015,WEDPN8B,unknown,unknown,R,R
96023,2026,1,129886,12168,WEDPN8B,WEDPN9,unknown,unknown,R,R
96023,3328,2,129886,13563,WEDPN8B,WEDPN12,unknown,unknown,R,R
96023,5763,1,129886,16281,WEDPN8B,WEDPN10A,unknown,unknown,R,L
96023,6372,1,129886,16956,WEDPN8B,WEDPN5,unknown,unknown,R,R
96023,12514,3,129886,23814,WEDPN8B,WEDPN3,unknown,unknown,R,R
96023,13694,2,129886,25142,WEDPN8B,WEDPN3,unknown,unknown,R,R
96023,15095,2,129886,26711,WEDPN8B,WEDPN2B_b,unknown,unknown,R,R
96023,17075,1,129886,28938,WEDPN8B,WEDPN1A,unknown,unknown,R,R
96023,17691,1,129886,29626,WEDPN8B,WEDPN8C,unknown,unknown,R,R
96023,18788,1,129886,30872,WEDPN8B,WEDPN17_a2,unknown,unknown,R,R
96023,19463,1,129886,31652,WEDPN8B,WEDPN8D,unknown,unknown,R,R
96023,25026,2,129886,37949,WEDPN8B,WEDPN7C,unknown,unknown,R,R
96023,27953,1,129886,41258,WEDPN8B,WEDPN17_c,unknown,unknown,R,R
96023,28041,17,129886,41357,WEDPN8B,WEDPN7B,unknown,unknown,R,R
96023,28725,1,129886,42135,WEDPN8B,WEDPN7B,unknown,unknown,R,R
96023,36442,2,129886,50996,WEDPN8B,WEDPN7A,unknown,unknown,R,R
96023,53865,1,129886,71912,WEDPN8B,WEDPN8C,unknown,unknown,R,R
96023,62519,1,129886,82712,WEDPN8B,WEDPN14,unknown,unknown,R,R
96023,75957,1,129886,100561,WEDPN8B,WEDPN17_b,unknown,unknown,R,R
96023,98207,1,129886,133491,WEDPN8B,WEDPN8B,unknown,unknown,R,R
96023,116303,2,129886,185469,WEDPN8B,WEDPN8B,unknown,unknown,R,R
96023,128755,4,129886,517049,WEDPN8B,WEDPN7B,unknown,unknown,R,R
130930,14118,1,520792,25614,WED104,WEDPN1A,unknown,unknown,L,L
130930,21230,3,520792,33657,WED104,WEDPN8D,unknown,unknown,L,L
130930,26548,1,520792,39668,WED104,WEDPN6A,unknown,unknown,L,L
130930,37683,2,520792,52468,WED104,WEDPN8D,unknown,unknown,L,L
130930,60385,1,520792,80066,WED104,WEDPN8C,unknown,unknown,L,L
130930,87009,4,520792,115983,WED104,WEDPN8C,unknown,unknown,L,L
130930,127158,1,520792,514324,WED104,WEDPN11,unknown,unknown,L,L
136268,2063,2,534090,12207,WED056,WEDPN7A,unknown,unknown,L,L
136268,2813,1,534090,13005,WED056,WEDPN12,unknown,unknown,L,L
136268,7434,1,534090,18141,WED056,WEDPN1A,unknown,unknown,L,L
136268,17130,2,534090,28997,WED056,WEDPN17_b,unknown,unknown,L,L
136268,32925,1,534090,46929,WED056,WEDPN17_a2,unknown,unknown,L,L
136268,45200,2,534090,61341,WED056,WEDPN7C,unknown,unknown,L,L
136268,61951,1,534090,82020,WED056,WEDPN18,unknown,unknown,L,L
136268,70803,1,534090,93584,WED056,WEDPN7A,unknown,unknown,L,L
136268,100446,2,534090,137600,WED056,WEDPN7A,unknown,unknown,L,L
4012,5763,7,14323,16281,WED092,WEDPN10A,unknown,unknown,L,L
4012,6211,5,14323,16774,WED092,WEDPN10A,unknown,unknown,L,R
4012,7434,3,14323,18141,WED092,WEDPN1A,unknown,unknown,L,L
4012,19463,1,14323,31652,WED092,WEDPN8D,unknown,unknown,L,R
4012,26548,3,14323,39668,WED092,WEDPN6A,unknown,unknown,L,L
27888,3328,2,41179,13563,unknown,WEDPN12,unknown,unknown,L,R
27888,6372,33,41179,16956,unknown,WEDPN5,unknown,unknown,L,R
27888,8015,1,41179,18790,unknown,WEDPN16_d,unknown,unknown,L,R
27888,8270,22,41179,19067,unknown,WEDPN7B,unknown,unknown,L,R
27888,13648,1,41179,25091,unknown,WEDPN2A,unknown,unknown,L,R
27888,24284,1,41179,37110,unknown,WEDPN17_c,unknown,unknown,L,R
27888,24724,2,41179,37608,unknown,WEDPN6A,unknown,unknown,L,R
27888,28725,3,41179,42135,unknown,WEDPN7B,unknown,unknown,L,R
27888,128755,4,41179,517049,unknown,WEDPN7B,unknown,unknown,L,R
127773,2831,1,515420,13024,WED092,WEDPN4,unknown,unknown,L,R
127773,3328,3,515420,13563,WED092,WEDPN12,unknown,unknown,L,R
127773,5763,2,515420,16281,WED092,WEDPN10A,unknown,unknown,L,L
127773,6211,2,515420,16774,WED092,WEDPN10A,unknown,unknown,L,R
127773,8023,1,515420,18798,WED092,WEDPN10B,unknown,unknown,L,L
127773,25026,2,515420,37949,WED092,WEDPN7C,unknown,unknown,L,R
127773,26548,2,515420,39668,WED092,WEDPN6A,unknown,unknown,L,L
127773,31587,2,515420,45404,WED092,WEDPN14,unknown,unknown,L,R
127773,61951,2,515420,82020,WED092,WEDPN18,unknown,unknown,L,L
130062,2026,1,519238,12168,WED025,WEDPN9,unknown,unknown,R,R
130062,13704,1,519238,25154,WED025,WEDPN2A,unknown,unknown,R,R
130062,16353,1,519238,28121,WED025,WEDPN1B,unknown,unknown,R,R
130062,24990,1,519238,37912,WED025,WEDPN18,unknown,unknown,R,R
142434,2026,1,555502,12168,WED194,WEDPN9,unknown,unknown,R,R
142434,3328,1,555502,13563,WED194,WEDPN12,unknown,unknown,R,R
142434,4583,4,555502,14961,WED194,WEDPN11,unknown,unknown,R,R
142434,5763,63,555502,16281,WED194,WEDPN10A,unknown,unknown,R,L
142434,8023,53,555502,18798,WED194,WEDPN10B,unknown,unknown,R,L
142434,8270,3,555502,19067,WED194,WEDPN7B,unknown,unknown,R,R
142434,9617,4,555502,20591,WED194,WEDPN8C,unknown,unknown,R,R
142434,15343,1,555502,26997,WED194,WEDPN8C,unknown,unknown,R,R
142434,17691,3,555502,29626,WED194,WEDPN8C,unknown,unknown,R,R
142434,18135,31,555502,30120,WED194,WEDPN6A,unknown,unknown,R,R
142434,19463,1,555502,31652,WED194,WEDPN8D,unknown,unknown,R,R
142434,19629,3,555502,31844,WED194,WEDPN17_a2,unknown,unknown,R,R
142434,24724,64,555502,37608,WED194,WEDPN6A,unknown,unknown,R,R
142434,24990,1,555502,37912,WED194,WEDPN18,unknown,unknown,R,R
142434,25625,32,555502,38630,WED194,WEDPN6A,unknown,unknown,R,R
142434,26382,21,555502,39488,WED194,WEDPN6A,unknown,unknown,R,R
142434,27228,14,555502,40444,WED194,WEDPN6A,unknown,unknown,R,R
142434,28041,1,555502,41357,WED194,WEDPN7B,unknown,unknown,R,R
142434,53865,4,555502,71912,WED194,WEDPN8C,unknown,unknown,R,R
142434,75957,1,555502,100561,WED194,WEDPN17_b,unknown,unknown,R,R
142434,98207,2,555502,133491,WED194,WEDPN8B,unknown,unknown,R,R
613,2026,23,10661,12168,WED210,WEDPN9,unknown,unknown,R,R
613,3328,1,10661,13563,WED210,WEDPN12,unknown,unknown,R,R
613,6211,2,10661,16774,WED210,WEDPN10A,unknown,unknown,R,R
613,9617,2,10661,20591,WED210,WEDPN8C,unknown,unknown,R,R
613,12403,22,10661,23696,WED210,WEDPN1B,unknown,unknown,R,L
613,15525,2,10661,27202,WED210,WEDPN8C,unknown,unknown,R,R
613,23810,6,10661,36569,WED210,WEDPN8C,unknown,unknown,R,L
613,54799,1,10661,73090,WED210,WEDPN8C,unknown,unknown,R,L
613,89052,1,10661,118965,WED210,WEDPN8D,unknown,unknown,R,L
613,114983,1,10661,179013,WED210,WEDPN8B,unknown,unknown,R,L
613,127158,13,10661,514324,WED210,WEDPN11,unknown,unknown,R,L
613,142521,65,10661,556037,WED210,WEDPN9,unknown,unknown,R,L
4539,2813,2,14911,13005,WED092,WEDPN12,unknown,unknown,R,L
4539,3328,1,14911,13563,WED092,WEDPN12,unknown,unknown,R,R
4539,5763,22,14911,16281,WED092,WEDPN10A,unknown,unknown,R,L
4539,6211,4,14911,16774,WED092,WEDPN10A,unknown,unknown,R,R
4539,139548,1,14911,544259,WED092,WEDPN18,unknown,unknown,R,R
6041,2063,3,16584,12207,WED016,WEDPN7A,unknown,unknown,L,L
6041,5044,1,16584,15478,WED016,WEDPN6B,unknown,unknown,L,L
6041,5103,10,16584,15543,WED016,WEDPN5,unknown,unknown,L,L
6041,6211,1,16584,16774,WED016,WEDPN10A,unknown,unknown,L,R
6041,9170,2,16584,20084,WED016,WEDPN2A,unknown,unknown,L,L
6041,10426,2,16584,21496,WED016,WEDPN16_d,unknown,unknown,L,L
6041,32925,1,16584,46929,WED016,WEDPN17_a2,unknown,unknown,L,L
6041,40219,1,16584,55410,WED016,WEDPN17_c,unknown,unknown,L,L
6041,45200,1,16584,61341,WED016,WEDPN7C,unknown,unknown,L,L
6041,45357,1,16584,61536,WED016,WEDPN17_c,unknown,unknown,L,L
6041,46446,1,16584,62841,WED016,WEDPN17_c,unknown,unknown,L,L
6041,59202,3,16584,78573,WED016,WEDPN16_d,unknown,unknown,L,L
6041,61951,3,16584,82020,WED016,WEDPN18,unknown,unknown,L,L
6041,100446,7,16584,137600,WED016,WEDPN7A,unknown,unknown,L,L
6041,131386,1,16584,521728,WED016,WEDPN17_a2,unknown,unknown,L,L
6041,142521,1,16584,556037,WED016,WEDPN9,unknown,unknown,L,L
11151,43091,2,22293,58796,WED032,WEDPN7B,unknown,unknown,L,L
11151,45185,7,22293,61322,WED032,WEDPN7B,unknown,unknown,L,L
11151,45200,3,22293,61341,WED032,WEDPN7C,unknown,unknown,L,L
11151,50597,17,22293,67886,WED032,WEDPN7B,unknown,unknown,L,L
11151,131386,2,22293,521728,WED032,WEDPN17_a2,unknown,unknown,L,L
46287,41619,1,62650,57076,WED098,WEDPN7C,unknown,unknown,L,L
46287,111624,1,62650,165202,WED098,WEDPN8B,unknown,unknown,L,L
46287,124943,1,62650,375366,WED098,WEDPN14,unknown,unknown,L,L
46287,126674,3,62650,513485,WED098,WEDPN14,unknown,unknown,L,L
1380,2813,11,11477,13005,LHPV6q1,WEDPN12,unknown,unknown,R,L
1380,3328,16,11477,13563,LHPV6q1,WEDPN12,unknown,unknown,R,R
1380,4583,10,11477,14961,LHPV6q1,WEDPN11,unknown,unknown,R,R
1380,5552,27,11477,16042,LHPV6q1,WEDPN2B_b,unknown,unknown,R,L
1380,6211,1,11477,16774,LHPV6q1,WEDPN10A,unknown,unknown,R,R
1380,6372,1,11477,16956,LHPV6q1,WEDPN5,unknown,unknown,R,R
1380,7434,99,11477,18141,LHPV6q1,WEDPN1A,unknown,unknown,R,L
1380,8023,2,11477,18798,LHPV6q1,WEDPN10B,unknown,unknown,R,L
1380,9617,1,11477,20591,LHPV6q1,WEDPN8C,unknown,unknown,R,R
1380,10283,9,11477,21335,LHPV6q1,WEDPN2B_a,unknown,unknown,R,R
1380,10392,14,11477,21452,LHPV6q1,WEDPN3,unknown,unknown,R,L
1380,12403,23,11477,23696,LHPV6q1,WEDPN1B,unknown,unknown,R,L
1380,12955,3,11477,24306,LHPV6q1,WEDPN3,unknown,unknown,R,R
1380,13648,3,11477,25091,LHPV6q1,WEDPN2A,unknown,unknown,R,R
1380,14118,68,11477,25614,LHPV6q1,WEDPN1A,unknown,unknown,R,L
1380,14652,62,11477,26220,LHPV6q1,WEDPN1A,unknown,unknown,R,R
1380,14907,1,11477,26504,LHPV6q1,WEDPN17_a1,unknown,unknown,R,L
1380,15075,101,11477,26689,LHPV6q1,WEDPN1A,unknown,unknown,R,L
1380,15089,56,11477,26705,LHPV6q1,WEDPN1A,unknown,unknown,R,R
1380,15095,18,11477,26711,LHPV6q1,WEDPN2B_b,unknown,unknown,R,R
1380,15113,61,11477,26731,LHPV6q1,WEDPN1A,unknown,unknown,R,L
1380,15343,2,11477,26997,LHPV6q1,WEDPN8C,unknown,unknown,R,R
1380,15525,1,11477,27202,LHPV6q1,WEDPN8C,unknown,unknown,R,R
1380,16199,43,11477,27947,LHPV6q1,WEDPN1A,unknown,unknown,R,R
1380,16353,13,11477,28121,LHPV6q1,WEDPN1B,unknown,unknown,R,R
1380,17075,55,11477,28938,LHPV6q1,WEDPN1A,unknown,unknown,R,R
1380,18135,27,11477,30120,LHPV6q1,WEDPN6A,unknown,unknown,R,R
1380,18377,48,11477,30404,LHPV6q1,WEDPN1A,unknown,unknown,R,R
1380,19629,2,11477,31844,LHPV6q1,WEDPN17_a2,unknown,unknown,R,R
1380,20423,8,11477,32742,LHPV6q1,WEDPN17_c,unknown,unknown,R,R
1380,20973,2,11477,33365,LHPV6q1,WEDPN14,unknown,unknown,R,R
1380,21953,46,11477,34475,LHPV6q1,WEDPN6A,unknown,unknown,R,L
1380,24284,4,11477,37110,LHPV6q1,WEDPN17_c,unknown,unknown,R,R
1380,24724,19,11477,37608,LHPV6q1,WEDPN6A,unknown,unknown,R,R
1380,24990,1,11477,37912,LHPV6q1,WEDPN18,unknown,unknown,R,R
1380,25026,16,11477,37949,LHPV6q1,WEDPN7C,unknown,unknown,R,R
1380,25625,11,11477,38630,LHPV6q1,WEDPN6A,unknown,unknown,R,R
1380,26382,20,11477,39488,LHPV6q1,WEDPN6A,unknown,unknown,R,R
1380,26548,16,11477,39668,LHPV6q1,WEDPN6A,unknown,unknown,R,L
1380,27228,21,11477,40444,LHPV6q1,WEDPN6A,unknown,unknown,R,R
1380,27953,12,11477,41258,LHPV6q1,WEDPN17_c,unknown,unknown,R,R
1380,28261,1,11477,41608,LHPV6q1,WEDPN6B,unknown,unknown,R,L
1380,29087,8,11477,42540,LHPV6q1,WEDPN17_c,unknown,unknown,R,R
1380,31587,13,11477,45404,LHPV6q1,WEDPN14,unknown,unknown,R,R
1380,32032,3,11477,45905,LHPV6q1,WEDPN17_a1,unknown,unknown,R,R
1380,32291,1,11477,46194,LHPV6q1,WEDPN8C,unknown,unknown,R,L
1380,32925,1,11477,46929,LHPV6q1,WEDPN17_a2,unknown,unknown,R,L
1380,34426,5,11477,48649,LHPV6q1,WEDPN7C,unknown,unknown,R,L
1380,35867,3,11477,50338,LHPV6q1,WEDPN8C,unknown,unknown,R,R
1380,36621,1,11477,51209,LHPV6q1,WEDPN6C,unknown,unknown,R,R
1380,40219,11,11477,55410,LHPV6q1,WEDPN17_c,unknown,unknown,R,L
1380,41619,22,11477,57076,LHPV6q1,WEDPN7C,unknown,unknown,R,L
1380,43465,28,11477,59235,LHPV6q1,WEDPN6A,unknown,unknown,R,L
1380,45357,16,11477,61536,LHPV6q1,WEDPN17_c,unknown,unknown,R,L
1380,46446,20,11477,62841,LHPV6q1,WEDPN17_c,unknown,unknown,R,L
1380,49617,5,11477,66670,LHPV6q1,WEDPN17_c,unknown,unknown,R,L
1380,53865,3,11477,71912,LHPV6q1,WEDPN8C,unknown,unknown,R,R
1380,59058,1,11477,78392,LHPV6q1,WEDPN6B,unknown,unknown,R,R
1380,60385,2,11477,80066,LHPV6q1,WEDPN8C,unknown,unknown,R,L
1380,62519,3,11477,82712,LHPV6q1,WEDPN14,unknown,unknown,R,R
1380,82775,4,11477,109982,LHPV6q1,WEDPN8C,unknown,unknown,R,L
1380,84304,1,11477,112110,LHPV6q1,WEDPN8D,unknown,unknown,R,R
1380,87009,2,11477,115983,LHPV6q1,WEDPN8C,unknown,unknown,R,L
1380,104801,3,11477,146374,LHPV6q1,WEDPN8B,unknown,unknown,R,L
1380,109280,3,11477,157770,LHPV6q1,WEDPN17_b,unknown,unknown,R,L
1380,118207,5,11477,195591,LHPV6q1,WEDPN17_c,unknown,unknown,R,L
1380,124943,10,11477,375366,LHPV6q1,WEDPN14,unknown,unknown,R,L
1380,126873,4,11477,513846,LHPV6q1,WEDPN3,unknown,unknown,R,L
1380,127158,55,11477,514324,LHPV6q1,WEDPN11,unknown,unknown,R,L
1380,129864,15,11477,518903,LHPV6q1,WEDPN2B_a,unknown,unknown,R,L
1380,131567,93,11477,522729,LHPV6q1,WEDPN1A,unknown,unknown,R,L
1380,133792,2,11477,529078,LHPV6q1,WEDPN8B,unknown,unknown,R,R
2176,2026,1,12329,12168,CB1078,WEDPN9,unknown,unknown,R,R
86812,2026,29,115707,12168,WED143_a,WEDPN9,unknown,unknown,L,R
86812,5763,2,115707,16281,WED143_a,WEDPN10A,unknown,unknown,L,L
86812,8023,9,115707,18798,WED143_a,WEDPN10B,unknown,unknown,L,L
86812,14907,2,115707,26504,WED143_a,WEDPN17_a1,unknown,unknown,L,L
86812,15133,2,115707,26752,WED143_a,WEDPN17_a1,unknown,unknown,L,R
86812,19463,9,115707,31652,WED143_a,WEDPN8D,unknown,unknown,L,R
86812,20973,1,115707,33365,WED143_a,WEDPN14,unknown,unknown,L,R
86812,32032,2,115707,45905,WED143_a,WEDPN17_a1,unknown,unknown,L,R
86812,37683,3,115707,52468,WED143_a,WEDPN8D,unknown,unknown,L,L
86812,41619,1,115707,57076,WED143_a,WEDPN7C,unknown,unknown,L,L
86812,41841,5,115707,57342,WED143_a,WEDPN17_a1,unknown,unknown,L,L
86812,52207,2,115707,69862,WED143_a,WEDPN17_a1,unknown,unknown,L,R
86812,84304,37,115707,112110,WED143_a,WEDPN8D,unknown,unknown,L,R
86812,118207,2,115707,195591,WED143_a,WEDPN17_c,unknown,unknown,L,L
98207,3328,3,133491,13563,WEDPN8B,WEDPN12,unknown,unknown,R,R
98207,4583,5,133491,14961,WEDPN8B,WEDPN11,unknown,unknown,R,R
98207,5696,2,133491,16210,WEDPN8B,WEDPN16_d,unknown,unknown,R,R
98207,5763,3,133491,16281,WEDPN8B,WEDPN10A,unknown,unknown,R,L
98207,9617,1,133491,20591,WEDPN8B,WEDPN8C,unknown,unknown,R,R
98207,12514,2,133491,23814,WEDPN8B,WEDPN3,unknown,unknown,R,R
98207,13648,4,133491,25091,WEDPN8B,WEDPN2A,unknown,unknown,R,R
98207,13704,7,133491,25154,WEDPN8B,WEDPN2A,unknown,unknown,R,R
98207,16199,1,133491,27947,WEDPN8B,WEDPN1A,unknown,unknown,R,R
98207,17691,2,133491,29626,WEDPN8B,WEDPN8C,unknown,unknown,R,R
98207,20423,1,133491,32742,WEDPN8B,WEDPN17_c,unknown,unknown,R,R
98207,20973,3,133491,33365,WEDPN8B,WEDPN14,unknown,unknown,R,R
98207,24724,1,133491,37608,WEDPN8B,WEDPN6A,unknown,unknown,R,R
98207,25026,5,133491,37949,WEDPN8B,WEDPN7C,unknown,unknown,R,R
98207,26382,1,133491,39488,WEDPN8B,WEDPN6A,unknown,unknown,R,R
98207,27953,1,133491,41258,WEDPN8B,WEDPN17_c,unknown,unknown,R,R
98207,30792,2,133491,44484,WEDPN8B,WEDPN17_a1,unknown,unknown,R,R
98207,31587,7,133491,45404,WEDPN8B,WEDPN14,unknown,unknown,R,R
98207,35935,1,133491,50417,WEDPN8B,WEDPN7A,unknown,unknown,R,R
98207,36442,6,133491,50996,WEDPN8B,WEDPN7A,unknown,unknown,R,R
98207,42230,10,133491,57792,WEDPN8B,WEDPN2A,unknown,unknown,R,R
98207,52207,1,133491,69862,WEDPN8B,WEDPN17_a1,unknown,unknown,R,R
98207,52530,1,133491,70264,WEDPN8B,WEDPN8B,unknown,unknown,R,R
98207,53865,1,133491,71912,WEDPN8B,WEDPN8C,unknown,unknown,R,R
98207,62519,3,133491,82712,WEDPN8B,WEDPN14,unknown,unknown,R,R
98207,75957,3,133491,100561,WEDPN8B,WEDPN17_b,unknown,unknown,R,R
98207,84304,1,133491,112110,WEDPN8B,WEDPN8D,unknown,unknown,R,R
98207,96023,1,133491,129886,WEDPN8B,WEDPN8B,unknown,unknown,R,R
98207,116303,1,133491,185469,WEDPN8B,WEDPN8B,unknown,unknown,R,R
98207,122748,2,133491,238224,WEDPN8B,WEDPN6C,unknown,unknown,R,R
98207,133792,6,133491,529078,WEDPN8B,WEDPN8B,unknown,unknown,R,R
107348,2026,1,152462,12168,AMMC017,WEDPN9,unknown,unknown,L,R
130667,17606,2,520340,29535,WED031,WEDPN16_d,unknown,unknown,L,L
130667,19139,2,520340,31285,WED031,WEDPN6B,unknown,unknown,L,L
130667,21953,3,520340,34475,WED031,WEDPN6A,unknown,unknown,L,L
130667,32291,1,520340,46194,WED031,WEDPN8C,unknown,unknown,L,L
130667,34426,3,520340,48649,WED031,WEDPN7C,unknown,unknown,L,L
130667,43091,5,520340,58796,WED031,WEDPN7B,unknown,unknown,L,L
130667,45185,1,520340,61322,WED031,WEDPN7B,unknown,unknown,L,L
130667,45200,9,520340,61341,WED031,WEDPN7C,unknown,unknown,L,L
130667,50597,1,520340,67886,WED031,WEDPN7B,unknown,unknown,L,L
130667,61951,2,520340,82020,WED031,WEDPN18,unknown,unknown,L,L
130667,95982,9,520340,129812,WED031,WEDPN7B,unknown,unknown,L,L
130667,124943,3,520340,375366,WED031,WEDPN14,unknown,unknown,L,L
133792,2026,1,529078,12168,WEDPN8B,WEDPN9,unknown,unknown,R,R
133792,8015,1,529078,18790,WEDPN8B,WEDPN16_d,unknown,unknown,R,R
133792,8023,2,529078,18798,WEDPN8B,WEDPN10B,unknown,unknown,R,L
133792,8270,1,529078,19067,WEDPN8B,WEDPN7B,unknown,unknown,R,R
133792,12514,1,529078,23814,WEDPN8B,WEDPN3,unknown,unknown,R,R
133792,13648,7,529078,25091,WEDPN8B,WEDPN2A,unknown,unknown,R,R
133792,13694,1,529078,25142,WEDPN8B,WEDPN3,unknown,unknown,R,R
133792,13704,24,529078,25154,WEDPN8B,WEDPN2A,unknown,unknown,R,R
133792,14652,1,529078,26220,WEDPN8B,WEDPN1A,unknown,unknown,R,R
133792,15095,3,529078,26711,WEDPN8B,WEDPN2B_b,unknown,unknown,R,R
133792,15133,2,529078,26752,WEDPN8B,WEDPN17_a1,unknown,unknown,R,R
133792,15525,1,529078,27202,WEDPN8B,WEDPN8C,unknown,unknown,R,R
133792,17691,2,529078,29626,WEDPN8B,WEDPN8C,unknown,unknown,R,R
133792,25026,2,529078,37949,WEDPN8B,WEDPN7C,unknown,unknown,R,R
133792,25625,2,529078,38630,WEDPN8B,WEDPN6A,unknown,unknown,R,R
133792,26382,1,529078,39488,WEDPN8B,WEDPN6A,unknown,unknown,R,R
133792,28041,3,529078,41357,WEDPN8B,WEDPN7B,unknown,unknown,R,R
133792,29451,4,529078,42965,WEDPN8B,WEDPN7A,unknown,unknown,R,R
133792,30792,1,529078,44484,WEDPN8B,WEDPN17_a1,unknown,unknown,R,R
133792,31587,5,529078,45404,WEDPN8B,WEDPN14,unknown,unknown,R,R
133792,34619,1,529078,48879,WEDPN8B,WEDPN17_b,unknown,unknown,R,R
133792,36442,8,529078,50996,WEDPN8B,WEDPN7A,unknown,unknown,R,R
133792,42230,11,529078,57792,WEDPN8B,WEDPN2A,unknown,unknown,R,R
133792,84304,1,529078,112110,WEDPN8B,WEDPN8D,unknown,unknown,R,R
133792,98207,4,529078,133491,WEDPN8B,WEDPN8B,unknown,unknown,R,R
133792,128755,6,529078,517049,WEDPN8B,WEDPN7B,unknown,unknown,R,R
140984,22879,1,549047,35520,WED004,WEDPN8B,unknown,unknown,L,L
140984,41619,1,549047,57076,WED004,WEDPN7C,unknown,unknown,L,L
10900,95153,1,22020,128482,WED051,WEDPN7A,unknown,unknown,L,L
23854,2063,8,36621,12207,WED032,WEDPN7A,unknown,unknown,L,L
23854,17130,2,36621,28997,WED032,WEDPN17_b,unknown,unknown,L,L
23854,43091,1,36621,58796,WED032,WEDPN7B,unknown,unknown,L,L
23854,45185,3,36621,61322,WED032,WEDPN7B,unknown,unknown,L,L
23854,45200,5,36621,61341,WED032,WEDPN7C,unknown,unknown,L,L
23854,45357,2,36621,61536,WED032,WEDPN17_c,unknown,unknown,L,L
23854,50597,3,36621,67886,WED032,WEDPN7B,unknown,unknown,L,L
23854,70803,11,36621,93584,WED032,WEDPN7A,unknown,unknown,L,L
23854,109280,1,36621,157770,WED032,WEDPN17_b,unknown,unknown,L,L
23854,131386,1,36621,521728,WED032,WEDPN17_a2,unknown,unknown,L,L
23854,134429,1,36621,530346,WED032,WEDPN14,unknown,unknown,L,L
29722,2026,1,43273,12168,WED143_c,WEDPN9,unknown,unknown,L,R
29722,3328,2,43273,13563,WED143_c,WEDPN12,unknown,unknown,L,R
29722,5763,1,43273,16281,WED143_c,WEDPN10A,unknown,unknown,L,L
29722,16353,1,43273,28121,WED143_c,WEDPN1B,unknown,unknown,L,R
30096,15113,2,43695,26731,WED167,WEDPN1A,unknown,unknown,R,L
30096,20973,1,43695,33365,WED167,WEDPN14,unknown,unknown,R,R
30096,25026,2,43695,37949,WED167,WEDPN7C,unknown,unknown,R,R
30096,31587,1,43695,45404,WED167,WEDPN14,unknown,unknown,R,R
30096,59202,1,43695,78573,WED167,WEDPN16_d,unknown,unknown,R,L
30096,104801,1,43695,146374,WED167,WEDPN8B,unknown,unknown,R,L
30096,131386,2,43695,521728,WED167,WEDPN17_a2,unknown,unknown,R,L
30096,134429,1,43695,530346,WED167,WEDPN14,unknown,unknown,R,L
37693,16353,1,52478,28121,AMMC036,WEDPN1B,unknown,unknown,R,R
50712,13648,1,68029,25091,WED004,WEDPN2A,unknown,unknown,R,R
50712,28041,1,68029,41357,WED004,WEDPN7B,unknown,unknown,R,R
50712,31587,1,68029,45404,WED004,WEDPN14,unknown,unknown,R,R
50712,84304,3,68029,112110,WED004,WEDPN8D,unknown,unknown,R,R
52530,2831,2,70264,13024,WEDPN8B,WEDPN4,unknown,unknown,R,R
52530,4583,1,70264,14961,WEDPN8B,WEDPN11,unknown,unknown,R,R
52530,6372,2,70264,16956,WEDPN8B,WEDPN5,unknown,unknown,R,R
52530,8023,1,70264,18798,WEDPN8B,WEDPN10B,unknown,unknown,R,L
52530,12514,2,70264,23814,WEDPN8B,WEDPN3,unknown,unknown,R,R
52530,13704,1,70264,25154,WEDPN8B,WEDPN2A,unknown,unknown,R,R
52530,15095,1,70264,26711,WEDPN8B,WEDPN2B_b,unknown,unknown,R,R
52530,25026,2,70264,37949,WEDPN8B,WEDPN7C,unknown,unknown,R,R
52530,28041,13,70264,41357,WEDPN8B,WEDPN7B,unknown,unknown,R,R
52530,28725,6,70264,42135,WEDPN8B,WEDPN7B,unknown,unknown,R,R
52530,29451,1,70264,42965,WEDPN8B,WEDPN7A,unknown,unknown,R,R
52530,128755,22,70264,517049,WEDPN8B,WEDPN7B,unknown,unknown,R,R
75597,3328,1,100084,13563,WED004,WEDPN12,unknown,unknown,R,R
75597,9617,3,100084,20591,WED004,WEDPN8C,unknown,unknown,R,R
75597,15089,1,100084,26705,WED004,WEDPN1A,unknown,unknown,R,R
75597,19463,2,100084,31652,WED004,WEDPN8D,unknown,unknown,R,R
75597,31587,1,100084,45404,WED004,WEDPN14,unknown,unknown,R,R
93759,2063,1,126165,12207,WEDPN8B,WEDPN7A,unknown,unknown,L,L
93759,2813,2,126165,13005,WEDPN8B,WEDPN12,unknown,unknown,L,L
93759,5044,1,126165,15478,WEDPN8B,WEDPN6B,unknown,unknown,L,L
93759,5101,2,126165,15541,WEDPN8B,WEDPN3,unknown,unknown,L,L
93759,5103,1,126165,15543,WEDPN8B,WEDPN5,unknown,unknown,L,L
93759,7434,4,126165,18141,WEDPN8B,WEDPN1A,unknown,unknown,L,L
93759,9170,6,126165,20084,WEDPN8B,WEDPN2A,unknown,unknown,L,L
93759,10392,1,126165,21452,WEDPN8B,WEDPN3,unknown,unknown,L,L
93759,10426,1,126165,21496,WEDPN8B,WEDPN16_d,unknown,unknown,L,L
93759,11163,13,126165,22306,WEDPN8B,WEDPN2A,unknown,unknown,L,L
93759,12403,1,126165,23696,WEDPN8B,WEDPN1B,unknown,unknown,L,L
93759,14118,1,126165,25614,WEDPN8B,WEDPN1A,unknown,unknown,L,L
93759,21213,5,126165,33636,WEDPN8B,WEDPN2A,unknown,unknown,L,L
93759,21230,1,126165,33657,WEDPN8B,WEDPN8D,unknown,unknown,L,L
93759,22879,2,126165,35520,WEDPN8B,WEDPN8B,unknown,unknown,L,L
93759,34426,4,126165,48649,WEDPN8B,WEDPN7C,unknown,unknown,L,L
93759,45185,1,126165,61322,WEDPN8B,WEDPN7B,unknown,unknown,L,L
93759,46446,1,126165,62841,WEDPN8B,WEDPN17_c,unknown,unknown,L,L
93759,70803,1,126165,93584,WEDPN8B,WEDPN7A,unknown,unknown,L,L
93759,102979,2,126165,142605,WEDPN8B,WEDPN17_b,unknown,unknown,L,L
93759,109280,1,126165,157770,WEDPN8B,WEDPN17_b,unknown,unknown,L,L
93759,114983,2,126165,179013,WEDPN8B,WEDPN8B,unknown,unknown,L,L
93759,126674,2,126165,513485,WEDPN8B,WEDPN14,unknown,unknown,L,L
93759,126873,3,126165,513846,WEDPN8B,WEDPN3,unknown,unknown,L,L
93759,127158,4,126165,514324,WEDPN8B,WEDPN11,unknown,unknown,L,L
93759,131567,2,126165,522729,WEDPN8B,WEDPN1A,unknown,unknown,L,L
93759,137204,1,126165,536298,WEDPN8B,WEDPN8B,unknown,unknown,L,L
133791,6372,5,529077,16956,WED057,WEDPN5,unknown,unknown,R,R
133791,8015,1,529077,18790,WED057,WEDPN16_d,unknown,unknown,R,R
133791,24284,4,529077,37110,WED057,WEDPN17_c,unknown,unknown,R,R
133791,29087,1,529077,42540,WED057,WEDPN17_c,unknown,unknown,R,R
8949,5763,1,19837,16281,WED016,WEDPN10A,unknown,unknown,R,L
8949,6372,4,19837,16956,WED016,WEDPN5,unknown,unknown,R,R
8949,8015,2,19837,18790,WED016,WEDPN16_d,unknown,unknown,R,R
8949,17251,1,19837,29129,WED016,WEDPN16_d,unknown,unknown,R,R
8949,19629,1,19837,31844,WED016,WEDPN17_a2,unknown,unknown,R,R
8949,24284,5,19837,37110,WED016,WEDPN17_c,unknown,unknown,R,R
8949,27953,5,19837,41258,WED016,WEDPN17_c,unknown,unknown,R,R
8949,29087,3,19837,42540,WED016,WEDPN17_c,unknown,unknown,R,R
8949,29451,2,19837,42965,WED016,WEDPN7A,unknown,unknown,R,R
8949,32295,1,19837,46199,WED016,WEDPN17_b,unknown,unknown,R,R
8949,34619,1,19837,48879,WED016,WEDPN17_b,unknown,unknown,R,R
8949,35935,2,19837,50417,WED016,WEDPN7A,unknown,unknown,R,R
8949,133792,2,19837,529078,WED016,WEDPN8B,unknown,unknown,R,R
19693,2026,1,31919,12168,WED004,WEDPN9,unknown,unknown,R,R
20263,8023,2,32554,18798,WED26,WEDPN10B,unknown,unknown,R,L
20263,12514,1,32554,23814,WED26,WEDPN3,unknown,unknown,R,R
22525,24990,2,35123,37912,WED020_b,WEDPN18,unknown,unknown,R,R
22525,29451,2,35123,42965,WED020_b,WEDPN7A,unknown,unknown,R,R
22525,31587,1,35123,45404,WED020_b,WEDPN14,unknown,unknown,R,R
26067,45357,1,39134,61536,WED057,WEDPN17_c,unknown,unknown,L,L
26067,46446,4,39134,62841,WED057,WEDPN17_c,unknown,unknown,L,L
26067,49617,1,39134,66670,WED057,WEDPN17_c,unknown,unknown,L,L
34330,2026,5,48544,12168,WED164,WEDPN9,unknown,unknown,R,R
34330,52530,1,48544,70264,WED164,WEDPN8B,unknown,unknown,R,R
40549,2026,13,55794,12168,WED101,WEDPN9,unknown,unknown,R,R
40549,4583,2,55794,14961,WED101,WEDPN11,unknown,unknown,R,R
40549,8015,1,55794,18790,WED101,WEDPN16_d,unknown,unknown,R,R
40549,9617,6,55794,20591,WED101,WEDPN8C,unknown,unknown,R,R
40549,14652,2,55794,26220,WED101,WEDPN1A,unknown,unknown,R,R
40549,15343,1,55794,26997,WED101,WEDPN8C,unknown,unknown,R,R
40549,15525,6,55794,27202,WED101,WEDPN8C,unknown,unknown,R,R
40549,17691,7,55794,29626,WED101,WEDPN8C,unknown,unknown,R,R
40549,20423,6,55794,32742,WED101,WEDPN17_c,unknown,unknown,R,R
40549,20973,1,55794,33365,WED101,WEDPN14,unknown,unknown,R,R
40549,24990,5,55794,37912,WED101,WEDPN18,unknown,unknown,R,R
40549,27953,3,55794,41258,WED101,WEDPN17_c,unknown,unknown,R,R
40549,42230,2,55794,57792,WED101,WEDPN2A,unknown,unknown,R,R
40549,52530,1,55794,70264,WED101,WEDPN8B,unknown,unknown,R,R
40549,53865,8,55794,71912,WED101,WEDPN8C,unknown,unknown,R,R
40549,62519,1,55794,82712,WED101,WEDPN14,unknown,unknown,R,R
40549,139548,1,55794,544259,WED101,WEDPN18,unknown,unknown,R,R
67055,10283,2,88600,21335,WED103,WEDPN2B_a,unknown,unknown,R,R
85218,2813,2,113406,13005,WED143_d,WEDPN12,unknown,unknown,R,L
118207,1001,1,195591,11082,WEDPN17_c,WEDPN4,unknown,unknown,L,L
118207,2813,17,195591,13005,WEDPN17_c,WEDPN12,unknown,unknown,L,L
118207,3328,2,195591,13563,WEDPN17_c,WEDPN12,unknown,unknown,L,R
118207,5103,7,195591,15543,WEDPN17_c,WEDPN5,unknown,unknown,L,L
118207,14118,4,195591,25614,WEDPN17_c,WEDPN1A,unknown,unknown,L,L
118207,14907,1,195591,26504,WEDPN17_c,WEDPN17_a1,unknown,unknown,L,L
118207,15075,3,195591,26689,WEDPN17_c,WEDPN1A,unknown,unknown,L,L
118207,17130,3,195591,28997,WEDPN17_c,WEDPN17_b,unknown,unknown,L,L
118207,21213,5,195591,33636,WEDPN17_c,WEDPN2A,unknown,unknown,L,L
118207,23810,1,195591,36569,WEDPN17_c,WEDPN8C,unknown,unknown,L,L
118207,28261,1,195591,41608,WEDPN17_c,WEDPN6B,unknown,unknown,L,L
118207,34426,2,195591,48649,WEDPN17_c,WEDPN7C,unknown,unknown,L,L
118207,41619,1,195591,57076,WEDPN17_c,WEDPN7C,unknown,unknown,L,L
118207,41841,2,195591,57342,WEDPN17_c,WEDPN17_a1,unknown,unknown,L,L
118207,46446,1,195591,62841,WEDPN17_c,WEDPN17_c,unknown,unknown,L,L
118207,49617,2,195591,66670,WEDPN17_c,WEDPN17_c,unknown,unknown,L,L
118207,99692,1,195591,136182,WEDPN17_c,WEDPN17_a1,unknown,unknown,L,L
118207,109280,2,195591,157770,WEDPN17_c,WEDPN17_b,unknown,unknown,L,L
118207,142521,1,195591,556037,WEDPN17_c,WEDPN9,unknown,unknown,L,L
126169,142521,1,512530,556037,AN17B002,WEDPN9,unknown,unknown,R,L
127158,1001,7,514324,11082,WEDPN11,WEDPN4,unknown,unknown,L,L
127158,2063,2,514324,12207,WEDPN11,WEDPN7A,unknown,unknown,L,L
127158,2813,4,514324,13005,WEDPN11,WEDPN12,unknown,unknown,L,L
127158,5101,5,514324,15541,WEDPN11,WEDPN3,unknown,unknown,L,L
127158,5103,1,514324,15543,WEDPN11,WEDPN5,unknown,unknown,L,L
127158,5552,2,514324,16042,WEDPN11,WEDPN2B_b,unknown,unknown,L,L
127158,6211,138,514324,16774,WEDPN11,WEDPN10A,unknown,unknown,L,R
127158,7434,2,514324,18141,WEDPN11,WEDPN1A,unknown,unknown,L,L
127158,9170,11,514324,20084,WEDPN11,WEDPN2A,unknown,unknown,L,L
127158,10392,1,514324,21452,WEDPN11,WEDPN3,unknown,unknown,L,L
127158,10426,1,514324,21496,WEDPN11,WEDPN16_d,unknown,unknown,L,L
127158,11163,7,514324,22306,WEDPN11,WEDPN2A,unknown,unknown,L,L
127158,14118,12,514324,25614,WEDPN11,WEDPN1A,unknown,unknown,L,L
127158,15075,2,514324,26689,WEDPN11,WEDPN1A,unknown,unknown,L,L
127158,15113,15,514324,26731,WEDPN11,WEDPN1A,unknown,unknown,L,L
127158,19139,5,514324,31285,WEDPN11,WEDPN6B,unknown,unknown,L,L
127158,21213,3,514324,33636,WEDPN11,WEDPN2A,unknown,unknown,L,L
127158,21230,6,514324,33657,WEDPN11,WEDPN8D,unknown,unknown,L,L
127158,21953,60,514324,34475,WEDPN11,WEDPN6A,unknown,unknown,L,L
127158,22879,3,514324,35520,WEDPN11,WEDPN8B,unknown,unknown,L,L
127158,23810,3,514324,36569,WEDPN11,WEDPN8C,unknown,unknown,L,L
127158,26548,25,514324,39668,WEDPN11,WEDPN6A,unknown,unknown,L,L
127158,28261,2,514324,41608,WEDPN11,WEDPN6B,unknown,unknown,L,L
127158,32291,2,514324,46194,WEDPN11,WEDPN8C,unknown,unknown,L,L
127158,34426,2,514324,48649,WEDPN11,WEDPN7C,unknown,unknown,L,L
127158,41841,1,514324,57342,WEDPN11,WEDPN17_a1,unknown,unknown,L,L
127158,43091,10,514324,58796,WEDPN11,WEDPN7B,unknown,unknown,L,L
127158,43465,21,514324,59235,WEDPN11,WEDPN6A,unknown,unknown,L,L
127158,45185,5,514324,61322,WEDPN11,WEDPN7B,unknown,unknown,L,L
127158,45200,7,514324,61341,WEDPN11,WEDPN7C,unknown,unknown,L,L
127158,50597,4,514324,67886,WEDPN11,WEDPN7B,unknown,unknown,L,L
127158,54799,4,514324,73090,WEDPN11,WEDPN8C,unknown,unknown,L,L
127158,60385,5,514324,80066,WEDPN11,WEDPN8C,unknown,unknown,L,L
127158,61951,3,514324,82020,WEDPN11,WEDPN18,unknown,unknown,L,L
127158,70803,2,514324,93584,WEDPN11,WEDPN7A,unknown,unknown,L,L
127158,82775,3,514324,109982,WEDPN11,WEDPN8C,unknown,unknown,L,L
127158,87009,3,514324,115983,WEDPN11,WEDPN8C,unknown,unknown,L,L
127158,93759,1,514324,126165,WEDPN11,WEDPN8B,unknown,unknown,L,L
127158,95982,2,514324,129812,WEDPN11,WEDPN7B,unknown,unknown,L,L
127158,114983,1,514324,179013,WEDPN11,WEDPN8B,unknown,unknown,L,L
127158,124943,2,514324,375366,WEDPN11,WEDPN14,unknown,unknown,L,L
127158,126674,1,514324,513485,WEDPN11,WEDPN14,unknown,unknown,L,L
127158,126873,2,514324,513846,WEDPN11,WEDPN3,unknown,unknown,L,L
127158,129864,7,514324,518903,WEDPN11,WEDPN2B_a,unknown,unknown,L,L
127158,131386,1,514324,521728,WEDPN11,WEDPN17_a2,unknown,unknown,L,L
127158,131567,9,514324,522729,WEDPN11,WEDPN1A,unknown,unknown,L,L
127158,131745,48,514324,523019,WEDPN11,WEDPN10B,unknown,unknown,L,R
127158,134429,1,514324,530346,WEDPN11,WEDPN14,unknown,unknown,L,L
127158,142521,54,514324,556037,WEDPN11,WEDPN9,unknown,unknown,L,L
128855,5101,1,517202,15541,WED165,WEDPN3,unknown,unknown,L,L
128855,7434,2,517202,18141,WED165,WEDPN1A,unknown,unknown,L,L
128855,10426,2,517202,21496,WED165,WEDPN16_d,unknown,unknown,L,L
128855,13400,2,517202,24816,WED165,WEDPN6C,unknown,unknown,L,L
128855,34426,1,517202,48649,WED165,WEDPN7C,unknown,unknown,L,L
128855,89052,1,517202,118965,WED165,WEDPN8D,unknown,unknown,L,L
128855,124943,1,517202,375366,WED165,WEDPN14,unknown,unknown,L,L
128855,126674,1,517202,513485,WED165,WEDPN14,unknown,unknown,L,L
128855,142521,7,517202,556037,WED165,WEDPN9,unknown,unknown,L,L
130870,2813,2,520656,13005,WED201,WEDPN12,unknown,unknown,L,L
130870,7434,2,520656,18141,WED201,WEDPN1A,unknown,unknown,L,L
130870,14118,2,520656,25614,WED201,WEDPN1A,unknown,unknown,L,L
130870,15075,5,520656,26689,WED201,WEDPN1A,unknown,unknown,L,L
130870,15113,5,520656,26731,WED201,WEDPN1A,unknown,unknown,L,L
130870,22879,1,520656,35520,WED201,WEDPN8B,unknown,unknown,L,L
130870,23810,5,520656,36569,WED201,WEDPN8C,unknown,unknown,L,L
130870,32291,1,520656,46194,WED201,WEDPN8C,unknown,unknown,L,L
130870,34426,3,520656,48649,WED201,WEDPN7C,unknown,unknown,L,L
130870,43465,1,520656,59235,WED201,WEDPN6A,unknown,unknown,L,L
130870,54799,7,520656,73090,WED201,WEDPN8C,unknown,unknown,L,L
130870,60385,3,520656,80066,WED201,WEDPN8C,unknown,unknown,L,L
130870,82775,18,520656,109982,WED201,WEDPN8C,unknown,unknown,L,L
130870,93759,1,520656,126165,WED201,WEDPN8B,unknown,unknown,L,L
130870,124943,2,520656,375366,WED201,WEDPN14,unknown,unknown,L,L
130870,131567,3,520656,522729,WED201,WEDPN1A,unknown,unknown,L,L
130870,142521,9,520656,556037,WED201,WEDPN9,unknown,unknown,L,L
320,2026,1,10347,12168,LHPV6q1,WEDPN9,unknown,unknown,L,R
320,2813,7,10347,13005,LHPV6q1,WEDPN12,unknown,unknown,L,L
320,3328,25,10347,13563,LHPV6q1,WEDPN12,unknown,unknown,L,R
320,4583,30,10347,14961,LHPV6q1,WEDPN11,unknown,unknown,L,R
320,5552,3,10347,16042,LHPV6q1,WEDPN2B_b,unknown,unknown,L,L
320,6211,1,10347,16774,LHPV6q1,WEDPN10A,unknown,unknown,L,R
320,7434,65,10347,18141,LHPV6q1,WEDPN1A,unknown,unknown,L,L
320,10283,17,10347,21335,LHPV6q1,WEDPN2B_a,unknown,unknown,L,R
320,10392,2,10347,21452,LHPV6q1,WEDPN3,unknown,unknown,L,L
320,12403,12,10347,23696,LHPV6q1,WEDPN1B,unknown,unknown,L,L
320,12955,1,10347,24306,LHPV6q1,WEDPN3,unknown,unknown,L,R
320,14118,17,10347,25614,LHPV6q1,WEDPN1A,unknown,unknown,L,L
320,14652,69,10347,26220,LHPV6q1,WEDPN1A,unknown,unknown,L,R
320,15075,34,10347,26689,LHPV6q1,WEDPN1A,unknown,unknown,L,L
320,15089,87,10347,26705,LHPV6q1,WEDPN1A,unknown,unknown,L,R
320,15095,24,10347,26711,LHPV6q1,WEDPN2B_b,unknown,unknown,L,R
320,15113,76,10347,26731,LHPV6q1,WEDPN1A,unknown,unknown,L,L
320,15133,3,10347,26752,LHPV6q1,WEDPN17_a1,unknown,unknown,L,R
320,15343,8,10347,26997,LHPV6q1,WEDPN8C,unknown,unknown,L,R
320,15525,3,10347,27202,LHPV6q1,WEDPN8C,unknown,unknown,L,R
320,16199,43,10347,27947,LHPV6q1,WEDPN1A,unknown,unknown,L,R
320,16353,15,10347,28121,LHPV6q1,WEDPN1B,unknown,unknown,L,R
320,17075,95,10347,28938,LHPV6q1,WEDPN1A,unknown,unknown,L,R
320,17691,2,10347,29626,LHPV6q1,WEDPN8C,unknown,unknown,L,R
320,18135,32,10347,30120,LHPV6q1,WEDPN6A,unknown,unknown,L,R
320,18377,82,10347,30404,LHPV6q1,WEDPN1A,unknown,unknown,L,R
320,19463,1,10347,31652,LHPV6q1,WEDPN8D,unknown,unknown,L,R
320,19629,1,10347,31844,LHPV6q1,WEDPN17_a2,unknown,unknown,L,R
320,20423,3,10347,32742,LHPV6q1,WEDPN17_c,unknown,unknown,L,R
320,21213,1,10347,33636,LHPV6q1,WEDPN2A,unknown,unknown,L,L
320,21953,7,10347,34475,LHPV6q1,WEDPN6A,unknown,unknown,L,L
320,23810,4,10347,36569,LHPV6q1,WEDPN8C,unknown,unknown,L,L
320,24284,7,10347,37110,LHPV6q1,WEDPN17_c,unknown,unknown,L,R
320,24724,21,10347,37608,LHPV6q1,WEDPN6A,unknown,unknown,L,R
320,25026,4,10347,37949,LHPV6q1,WEDPN7C,unknown,unknown,L,R
320,25625,42,10347,38630,LHPV6q1,WEDPN6A,unknown,unknown,L,R
320,26382,26,10347,39488,LHPV6q1,WEDPN6A,unknown,unknown,L,R
320,26548,24,10347,39668,LHPV6q1,WEDPN6A,unknown,unknown,L,L
320,27228,28,10347,40444,LHPV6q1,WEDPN6A,unknown,unknown,L,R
320,27953,13,10347,41258,LHPV6q1,WEDPN17_c,unknown,unknown,L,R
320,28508,1,10347,41888,LHPV6q1,WEDPN7C,unknown,unknown,L,R
320,29087,19,10347,42540,LHPV6q1,WEDPN17_c,unknown,unknown,L,R
320,31587,13,10347,45404,LHPV6q1,WEDPN14,unknown,unknown,L,R
320,32925,1,10347,46929,LHPV6q1,WEDPN17_a2,unknown,unknown,L,L
320,34426,14,10347,48649,LHPV6q1,WEDPN7C,unknown,unknown,L,L
320,35867,4,10347,50338,LHPV6q1,WEDPN8C,unknown,unknown,L,R
320,40219,4,10347,55410,LHPV6q1,WEDPN17_c,unknown,unknown,L,L
320,41619,9,10347,57076,LHPV6q1,WEDPN7C,unknown,unknown,L,L
320,43465,11,10347,59235,LHPV6q1,WEDPN6A,unknown,unknown,L,L
320,45200,1,10347,61341,LHPV6q1,WEDPN7C,unknown,unknown,L,L
320,45357,4,10347,61536,LHPV6q1,WEDPN17_c,unknown,unknown,L,L
320,46446,5,10347,62841,LHPV6q1,WEDPN17_c,unknown,unknown,L,L
320,49617,6,10347,66670,LHPV6q1,WEDPN17_c,unknown,unknown,L,L
320,52530,1,10347,70264,LHPV6q1,WEDPN8B,unknown,unknown,L,R
320,53865,3,10347,71912,LHPV6q1,WEDPN8C,unknown,unknown,L,R
320,60385,1,10347,80066,LHPV6q1,WEDPN8C,unknown,unknown,L,L
320,62519,3,10347,82712,LHPV6q1,WEDPN14,unknown,unknown,L,R
320,66544,1,10347,87929,LHPV6q1,WEDPN8C,unknown,unknown,L,R
320,82775,2,10347,109982,LHPV6q1,WEDPN8C,unknown,unknown,L,L
320,87011,1,10347,115985,LHPV6q1,WEDPN6C,unknown,unknown,L,L
320,104801,1,10347,146374,LHPV6q1,WEDPN8B,unknown,unknown,L,L
320,111624,1,10347,165202,LHPV6q1,WEDPN8B,unknown,unknown,L,L
320,118207,14,10347,195591,LHPV6q1,WEDPN17_c,unknown,unknown,L,L
320,124943,7,10347,375366,LHPV6q1,WEDPN14,unknown,unknown,L,L
320,127158,16,10347,514324,LHPV6q1,WEDPN11,unknown,unknown,L,L
320,127407,1,10347,514744,LHPV6q1,WEDPN6C,unknown,unknown,L,L
320,129864,9,10347,518903,LHPV6q1,WEDPN2B_a,unknown,unknown,L,L
320,131567,59,10347,522729,LHPV6q1,WEDPN1A,unknown,unknown,L,L
320,134429,2,10347,530346,LHPV6q1,WEDPN14,unknown,unknown,L,L
320,139548,2,10347,544259,LHPV6q1,WEDPN18,unknown,unknown,L,R
320,142521,1,10347,556037,LHPV6q1,WEDPN9,unknown,unknown,L,L
21576,2813,1,34046,13005,WED056,WEDPN12,unknown,unknown,L,L
21576,17130,1,34046,28997,WED056,WEDPN17_b,unknown,unknown,L,L
21576,46446,1,34046,62841,WED056,WEDPN17_c,unknown,unknown,L,L
21576,99692,1,34046,136182,WED056,WEDPN17_a1,unknown,unknown,L,L
21576,124943,1,34046,375366,WED056,WEDPN14,unknown,unknown,L,L
22098,8015,1,34641,18790,WED031,WEDPN16_d,unknown,unknown,R,R
22098,8270,36,34641,19067,WED031,WEDPN7B,unknown,unknown,R,R
22098,24284,2,34641,37110,WED031,WEDPN17_c,unknown,unknown,R,R
22098,28041,6,34641,41357,WED031,WEDPN7B,unknown,unknown,R,R
22098,28508,3,34641,41888,WED031,WEDPN7C,unknown,unknown,R,R
22098,28725,21,34641,42135,WED031,WEDPN7B,unknown,unknown,R,R
22098,29451,2,34641,42965,WED031,WEDPN7A,unknown,unknown,R,R
22098,36442,2,34641,50996,WED031,WEDPN7A,unknown,unknown,R,R
22098,128755,20,34641,517049,WED031,WEDPN7B,unknown,unknown,R,R
22564,2813,5,35168,13005,WED095,WEDPN12,unknown,unknown,L,L
22564,17606,1,35168,29535,WED095,WEDPN16_d,unknown,unknown,L,L
22564,22879,1,35168,35520,WED095,WEDPN8B,unknown,unknown,L,L
22564,32925,1,35168,46929,WED095,WEDPN17_a2,unknown,unknown,L,L
22564,34426,2,35168,48649,WED095,WEDPN7C,unknown,unknown,L,L
22564,45185,2,35168,61322,WED095,WEDPN7B,unknown,unknown,L,L
22564,87009,1,35168,115983,WED095,WEDPN8C,unknown,unknown,L,L
22564,95982,1,35168,129812,WED095,WEDPN7B,unknown,unknown,L,L
22564,124943,5,35168,375366,WED095,WEDPN14,unknown,unknown,L,L
22564,126674,4,35168,513485,WED095,WEDPN14,unknown,unknown,L,L
22564,127407,2,35168,514744,WED095,WEDPN6C,unknown,unknown,L,L
22564,134429,12,35168,530346,WED095,WEDPN14,unknown,unknown,L,L
24325,5044,3,37152,15478,WED025,WEDPN6B,unknown,unknown,L,L
24325,131745,2,37152,523019,WED025,WEDPN10B,unknown,unknown,L,R
31587,2026,4,45404,12168,WEDPN14,WEDPN9,unknown,unknown,R,R
31587,2831,15,45404,13024,WEDPN14,WEDPN4,unknown,unknown,R,R
31587,3328,6,45404,13563,WEDPN14,WEDPN12,unknown,unknown,R,R
31587,5763,1,45404,16281,WEDPN14,WEDPN10A,unknown,unknown,R,L
31587,6372,2,45404,16956,WEDPN14,WEDPN5,unknown,unknown,R,R
31587,8023,1,45404,18798,WEDPN14,WEDPN10B,unknown,unknown,R,L
31587,8270,1,45404,19067,WEDPN14,WEDPN7B,unknown,unknown,R,R
31587,9617,6,45404,20591,WEDPN14,WEDPN8C,unknown,unknown,R,R
31587,10283,6,45404,21335,WEDPN14,WEDPN2B_a,unknown,unknown,R,R
31587,12955,7,45404,24306,WEDPN14,WEDPN3,unknown,unknown,R,R
31587,14652,1,45404,26220,WEDPN14,WEDPN1A,unknown,unknown,R,R
31587,15095,9,45404,26711,WEDPN14,WEDPN2B_b,unknown,unknown,R,R
31587,15525,3,45404,27202,WEDPN14,WEDPN8C,unknown,unknown,R,R
31587,16353,1,45404,28121,WEDPN14,WEDPN1B,unknown,unknown,R,R
31587,19463,16,45404,31652,WEDPN14,WEDPN8D,unknown,unknown,R,R
31587,20423,1,45404,32742,WEDPN14,WEDPN17_c,unknown,unknown,R,R
31587,20973,3,45404,33365,WEDPN14,WEDPN14,unknown,unknown,R,R
31587,24724,2,45404,37608,WEDPN14,WEDPN6A,unknown,unknown,R,R
31587,24961,8,45404,37880,WEDPN14,WEDPN6B,unknown,unknown,R,R
31587,26382,1,45404,39488,WEDPN14,WEDPN6A,unknown,unknown,R,R
31587,27162,11,45404,40368,WEDPN14,WEDPN6B,unknown,unknown,R,R
31587,30792,1,45404,44484,WEDPN14,WEDPN17_a1,unknown,unknown,R,R
31587,36881,1,45404,51514,WEDPN14,WEDPN6B,unknown,unknown,R,R
31587,53865,1,45404,71912,WEDPN14,WEDPN8C,unknown,unknown,R,R
31587,59058,2,45404,78392,WEDPN14,WEDPN6B,unknown,unknown,R,R
31587,62519,2,45404,82712,WEDPN14,WEDPN14,unknown,unknown,R,R
31587,66544,1,45404,87929,WEDPN14,WEDPN8C,unknown,unknown,R,R
31587,84304,16,45404,112110,WEDPN14,WEDPN8D,unknown,unknown,R,R
48455,6211,8,65269,16774,WED143_a,WEDPN10A,unknown,unknown,R,R
48455,15133,2,65269,26752,WED143_a,WEDPN17_a1,unknown,unknown,R,R
48455,32032,3,65269,45905,WED143_a,WEDPN17_a1,unknown,unknown,R,R
48455,32291,4,65269,46194,WED143_a,WEDPN8C,unknown,unknown,R,L
48455,37683,22,65269,52468,WED143_a,WEDPN8D,unknown,unknown,R,L
48455,52207,4,65269,69862,WED143_a,WEDPN17_a1,unknown,unknown,R,R
48455,89052,17,65269,118965,WED143_a,WEDPN8D,unknown,unknown,R,L
48455,99692,3,65269,136182,WED143_a,WEDPN17_a1,unknown,unknown,R,L
48455,124943,2,65269,375366,WED143_a,WEDPN14,unknown,unknown,R,L
48455,126674,10,65269,513485,WED143_a,WEDPN14,unknown,unknown,R,L
48455,131745,3,65269,523019,WED143_a,WEDPN10B,unknown,unknown,R,R
48455,142521,12,65269,556037,WED143_a,WEDPN9,unknown,unknown,R,L
68037,21230,1,89902,33657,WED164,WEDPN8D,unknown,unknown,L,L
68037,111624,1,89902,165202,WED164,WEDPN8B,unknown,unknown,L,L
68037,134429,1,89902,530346,WED164,WEDPN14,unknown,unknown,L,L
68037,142521,3,89902,556037,WED164,WEDPN9,unknown,unknown,L,L
93002,14907,2,124973,26504,WED143_a,WEDPN17_a1,unknown,unknown,R,L
93002,15133,2,124973,26752,WED143_a,WEDPN17_a1,unknown,unknown,R,R
93002,19463,2,124973,31652,WED143_a,WEDPN8D,unknown,unknown,R,R
93002,21230,2,124973,33657,WED143_a,WEDPN8D,unknown,unknown,R,L
93002,32032,9,124973,45905,WED143_a,WEDPN17_a1,unknown,unknown,R,R
93002,32291,7,124973,46194,WED143_a,WEDPN8C,unknown,unknown,R,L
93002,37683,20,124973,52468,WED143_a,WEDPN8D,unknown,unknown,R,L
93002,41841,1,124973,57342,WED143_a,WEDPN17_a1,unknown,unknown,R,L
93002,52207,5,124973,69862,WED143_a,WEDPN17_a1,unknown,unknown,R,R
93002,60385,5,124973,80066,WED143_a,WEDPN8C,unknown,unknown,R,L
93002,84304,6,124973,112110,WED143_a,WEDPN8D,unknown,unknown,R,R
93002,89052,11,124973,118965,WED143_a,WEDPN8D,unknown,unknown,R,L
93002,118207,2,124973,195591,WED143_a,WEDPN17_c,unknown,unknown,R,L
93002,142521,4,124973,556037,WED143_a,WEDPN9,unknown,unknown,R,L
97284,2026,1,131926,12168,WED143_b,WEDPN9,unknown,unknown,L,R
97284,8023,4,131926,18798,WED143_b,WEDPN10B,unknown,unknown,L,L
97284,12403,2,131926,23696,WED143_b,WEDPN1B,unknown,unknown,L,L
97284,15525,1,131926,27202,WED143_b,WEDPN8C,unknown,unknown,L,R
97284,16353,5,131926,28121,WED143_b,WEDPN1B,unknown,unknown,L,R
97284,41841,1,131926,57342,WED143_b,WEDPN17_a1,unknown,unknown,L,L
97284,52207,3,131926,69862,WED143_b,WEDPN17_a1,unknown,unknown,L,R
104553,3328,3,145832,13563,WED143_c,WEDPN12,unknown,unknown,L,R
104553,5763,2,145832,16281,WED143_c,WEDPN10A,unknown,unknown,L,L
104553,16353,8,145832,28121,WED143_c,WEDPN1B,unknown,unknown,L,R
109709,3328,6,159008,13563,WED143_b,WEDPN12,unknown,unknown,L,R
109709,8023,14,159008,18798,WED143_b,WEDPN10B,unknown,unknown,L,L
109709,12403,5,159008,23696,WED143_b,WEDPN1B,unknown,unknown,L,L
109709,16353,3,159008,28121,WED143_b,WEDPN1B,unknown,unknown,L,R
109709,19139,1,159008,31285,WED143_b,WEDPN6B,unknown,unknown,L,L
109709,19629,5,159008,31844,WED143_b,WEDPN17_a2,unknown,unknown,L,R
109709,37683,1,159008,52468,WED143_b,WEDPN8D,unknown,unknown,L,L
109709,52207,2,159008,69862,WED143_b,WEDPN17_a1,unknown,unknown,L,R
109709,99692,4,159008,136182,WED143_b,WEDPN17_a1,unknown,unknown,L,L
134081,2831,25,529634,13024,CB1464,WEDPN4,unknown,unknown,L,R
134081,3328,2,529634,13563,CB1464,WEDPN12,unknown,unknown,L,R
134081,6372,7,529634,16956,CB1464,WEDPN5,unknown,unknown,L,R
134081,14652,10,529634,26220,CB1464,WEDPN1A,unknown,unknown,L,R
134081,15089,3,529634,26705,CB1464,WEDPN1A,unknown,unknown,L,R
134081,15343,2,529634,26997,CB1464,WEDPN8C,unknown,unknown,L,R
134081,16199,9,529634,27947,CB1464,WEDPN1A,unknown,unknown,L,R
134081,17075,7,529634,28938,CB1464,WEDPN1A,unknown,unknown,L,R
134081,18377,10,529634,30404,CB1464,WEDPN1A,unknown,unknown,L,R
134081,62519,2,529634,82712,CB1464,WEDPN14,unknown,unknown,L,R
136909,2026,1,535523,12168,WED031,WEDPN9,unknown,unknown,R,R
136909,2831,1,535523,13024,WED031,WEDPN4,unknown,unknown,R,R
136909,12514,5,535523,23814,WED031,WEDPN3,unknown,unknown,R,R
136909,13704,3,535523,25154,WED031,WEDPN2A,unknown,unknown,R,R
136909,15089,2,535523,26705,WED031,WEDPN1A,unknown,unknown,R,R
136909,15525,1,535523,27202,WED031,WEDPN8C,unknown,unknown,R,R
136909,17251,8,535523,29129,WED031,WEDPN16_d,unknown,unknown,R,R
136909,18377,2,535523,30404,WED031,WEDPN1A,unknown,unknown,R,R
136909,24284,1,535523,37110,WED031,WEDPN17_c,unknown,unknown,R,R
136909,24990,1,535523,37912,WED031,WEDPN18,unknown,unknown,R,R
136909,25625,5,535523,38630,WED031,WEDPN6A,unknown,unknown,R,R
136909,26382,1,535523,39488,WED031,WEDPN6A,unknown,unknown,R,R
136909,27228,4,535523,40444,WED031,WEDPN6A,unknown,unknown,R,R
136909,28041,3,535523,41357,WED031,WEDPN7B,unknown,unknown,R,R
136909,28508,7,535523,41888,WED031,WEDPN7C,unknown,unknown,R,R
136909,28725,1,535523,42135,WED031,WEDPN7B,unknown,unknown,R,R
136909,29451,5,535523,42965,WED031,WEDPN7A,unknown,unknown,R,R
136909,31587,1,535523,45404,WED031,WEDPN14,unknown,unknown,R,R
136909,35935,2,535523,50417,WED031,WEDPN7A,unknown,unknown,R,R
136909,36442,1,535523,50996,WED031,WEDPN7A,unknown,unknown,R,R
136909,128755,1,535523,517049,WED031,WEDPN7B,unknown,unknown,R,R
2668,2063,1,12852,12207,WED187,WEDPN7A,unknown,unknown,M,L
2668,3328,2,12852,13563,WED187,WEDPN12,unknown,unknown,M,R
2668,9617,1,12852,20591,WED187,WEDPN8C,unknown,unknown,M,R
2668,27228,1,12852,40444,WED187,WEDPN6A,unknown,unknown,M,R
2668,95153,1,12852,128482,WED187,WEDPN7A,unknown,unknown,M,L
3328,2813,6,13563,13005,WEDPN12,WEDPN12,unknown,unknown,R,L
3328,2831,1,13563,13024,WEDPN12,WEDPN4,unknown,unknown,R,R
3328,5763,22,13563,16281,WEDPN12,WEDPN10A,unknown,unknown,R,L
3328,6211,15,13563,16774,WEDPN12,WEDPN10A,unknown,unknown,R,R
3328,6372,1,13563,16956,WEDPN12,WEDPN5,unknown,unknown,R,R
3328,8015,1,13563,18790,WEDPN12,WEDPN16_d,unknown,unknown,R,R
3328,8023,6,13563,18798,WEDPN12,WEDPN10B,unknown,unknown,R,L
3328,10283,1,13563,21335,WEDPN12,WEDPN2B_a,unknown,unknown,R,R
3328,12955,1,13563,24306,WEDPN12,WEDPN3,unknown,unknown,R,R
3328,13648,1,13563,25091,WEDPN12,WEDPN2A,unknown,unknown,R,R
3328,15089,1,13563,26705,WEDPN12,WEDPN1A,unknown,unknown,R,R
3328,15095,1,13563,26711,WEDPN12,WEDPN2B_b,unknown,unknown,R,R
3328,15343,2,13563,26997,WEDPN12,WEDPN8C,unknown,unknown,R,R
3328,15525,1,13563,27202,WEDPN12,WEDPN8C,unknown,unknown,R,R
3328,16199,2,13563,27947,WEDPN12,WEDPN1A,unknown,unknown,R,R
3328,17075,1,13563,28938,WEDPN12,WEDPN1A,unknown,unknown,R,R
3328,18788,1,13563,30872,WEDPN12,WEDPN17_a2,unknown,unknown,R,R
3328,19629,2,13563,31844,WEDPN12,WEDPN17_a2,unknown,unknown,R,R
3328,32032,1,13563,45905,WEDPN12,WEDPN17_a1,unknown,unknown,R,R
3328,37683,2,13563,52468,WEDPN12,WEDPN8D,unknown,unknown,R,L
3328,45357,1,13563,61536,WEDPN12,WEDPN17_c,unknown,unknown,R,L
3328,89052,3,13563,118965,WEDPN12,WEDPN8D,unknown,unknown,R,L
3328,96023,1,13563,129886,WEDPN12,WEDPN8B,unknown,unknown,R,R
3328,122748,1,13563,238224,WEDPN12,WEDPN6C,unknown,unknown,R,R
3328,131745,5,13563,523019,WEDPN12,WEDPN10B,unknown,unknown,R,R
3699,2026,4,13969,12168,WED070,WEDPN9,unknown,unknown,R,R
3699,5696,2,13969,16210,WED070,WEDPN16_d,unknown,unknown,R,R
3699,8015,2,13969,18790,WED070,WEDPN16_d,unknown,unknown,R,R
3699,15089,1,13969,26705,WED070,WEDPN1A,unknown,unknown,R,R
3699,15343,1,13969,26997,WED070,WEDPN8C,unknown,unknown,R,R
3699,18788,1,13969,30872,WED070,WEDPN17_a2,unknown,unknown,R,R
3699,20973,3,13969,33365,WED070,WEDPN14,unknown,unknown,R,R
3699,25026,1,13969,37949,WED070,WEDPN7C,unknown,unknown,R,R
12749,1001,15,24079,11082,WED045,WEDPN4,unknown,unknown,L,L
12749,2063,9,24079,12207,WED045,WEDPN7A,unknown,unknown,L,L
12749,2813,4,24079,13005,WED045,WEDPN12,unknown,unknown,L,L
12749,5103,5,24079,15543,WED045,WEDPN5,unknown,unknown,L,L
12749,5552,4,24079,16042,WED045,WEDPN2B_b,unknown,unknown,L,L
12749,6211,1,24079,16774,WED045,WEDPN10A,unknown,unknown,L,R
12749,10392,18,24079,21452,WED045,WEDPN3,unknown,unknown,L,L
12749,11163,17,24079,22306,WED045,WEDPN2A,unknown,unknown,L,L
12749,21213,6,24079,33636,WED045,WEDPN2A,unknown,unknown,L,L
12749,26548,1,24079,39668,WED045,WEDPN6A,unknown,unknown,L,L
12749,34426,9,24079,48649,WED045,WEDPN7C,unknown,unknown,L,L
12749,45200,5,24079,61341,WED045,WEDPN7C,unknown,unknown,L,L
12749,70803,10,24079,93584,WED045,WEDPN7A,unknown,unknown,L,L
12749,87009,1,24079,115983,WED045,WEDPN8C,unknown,unknown,L,L
12749,95153,3,24079,128482,WED045,WEDPN7A,unknown,unknown,L,L
12749,104801,1,24079,146374,WED045,WEDPN8B,unknown,unknown,L,L
12749,114983,1,24079,179013,WED045,WEDPN8B,unknown,unknown,L,L
12749,126873,3,24079,513846,WED045,WEDPN3,unknown,unknown,L,L
12749,127158,2,24079,514324,WED045,WEDPN11,unknown,unknown,L,L
12749,129864,5,24079,518903,WED045,WEDPN2B_a,unknown,unknown,L,L
13433,1001,2,24852,11082,WED025,WEDPN4,unknown,unknown,L,L
13433,2063,1,24852,12207,WED025,WEDPN7A,unknown,unknown,L,L
13433,5044,1,24852,15478,WED025,WEDPN6B,unknown,unknown,L,L
13433,7434,1,24852,18141,WED025,WEDPN1A,unknown,unknown,L,L
13433,12403,1,24852,23696,WED025,WEDPN1B,unknown,unknown,L,L
13433,14118,2,24852,25614,WED025,WEDPN1A,unknown,unknown,L,L
13433,15075,2,24852,26689,WED025,WEDPN1A,unknown,unknown,L,L
13433,45200,1,24852,61341,WED025,WEDPN7C,unknown,unknown,L,L
13433,124943,5,24852,375366,WED025,WEDPN14,unknown,unknown,L,L
13433,142521,1,24852,556037,WED025,WEDPN9,unknown,unknown,L,L
16104,25026,1,27841,37949,WED056,WEDPN7C,unknown,unknown,R,R
16104,27228,1,27841,40444,WED056,WEDPN6A,unknown,unknown,R,R
16104,31587,1,27841,45404,WED056,WEDPN14,unknown,unknown,R,R
16104,62519,1,27841,82712,WED056,WEDPN14,unknown,unknown,R,R
16104,139548,1,27841,544259,WED056,WEDPN18,unknown,unknown,R,R
17038,8270,16,28893,19067,WED031,WEDPN7B,unknown,unknown,R,R
17038,13648,1,28893,25091,WED031,WEDPN2A,unknown,unknown,R,R
17038,17251,2,28893,29129,WED031,WEDPN16_d,unknown,unknown,R,R
17038,24961,1,28893,37880,WED031,WEDPN6B,unknown,unknown,R,R
17038,25026,1,28893,37949,WED031,WEDPN7C,unknown,unknown,R,R
17038,25625,1,28893,38630,WED031,WEDPN6A,unknown,unknown,R,R
17038,27162,2,28893,40368,WED031,WEDPN6B,unknown,unknown,R,R
17038,27228,3,28893,40444,WED031,WEDPN6A,unknown,unknown,R,R
17038,28041,12,28893,41357,WED031,WEDPN7B,unknown,unknown,R,R
17038,28508,1,28893,41888,WED031,WEDPN7C,unknown,unknown,R,R
17038,28725,26,28893,42135,WED031,WEDPN7B,unknown,unknown,R,R
17038,36881,1,28893,51514,WED031,WEDPN6B,unknown,unknown,R,R
17038,128755,17,28893,517049,WED031,WEDPN7B,unknown,unknown,R,R
18549,7434,2,30597,18141,WED166_d,WEDPN1A,unknown,unknown,R,L
18549,14118,2,30597,25614,WED166_d,WEDPN1A,unknown,unknown,R,L
18549,15075,5,30597,26689,WED166_d,WEDPN1A,unknown,unknown,R,L
18549,15089,1,30597,26705,WED166_d,WEDPN1A,unknown,unknown,R,R
18549,15113,4,30597,26731,WED166_d,WEDPN1A,unknown,unknown,R,L
18549,15343,1,30597,26997,WED166_d,WEDPN8C,unknown,unknown,R,R
18549,23810,1,30597,36569,WED166_d,WEDPN8C,unknown,unknown,R,L
18549,82775,1,30597,109982,WED166_d,WEDPN8C,unknown,unknown,R,L
18549,127158,1,30597,514324,WED166_d,WEDPN11,unknown,unknown,R,L
18549,131567,3,30597,522729,WED166_d,WEDPN1A,unknown,unknown,R,L
19617,13400,1,31829,24816,WED056,WEDPN6C,unknown,unknown,L,L
19617,102979,2,31829,142605,WED056,WEDPN17_b,unknown,unknown,L,L
19617,126674,1,31829,513485,WED056,WEDPN14,unknown,unknown,L,L
20311,14118,1,32609,25614,WED030_a,WEDPN1A,unknown,unknown,L,L
20311,15075,1,32609,26689,WED030_a,WEDPN1A,unknown,unknown,L,L
20311,21953,1,32609,34475,WED030_a,WEDPN6A,unknown,unknown,L,L
20311,87009,1,32609,115983,WED030_a,WEDPN8C,unknown,unknown,L,L
20793,45357,2,33168,61536,WED057,WEDPN17_c,unknown,unknown,L,L
20793,46446,3,33168,62841,WED057,WEDPN17_c,unknown,unknown,L,L
20793,49617,2,33168,66670,WED057,WEDPN17_c,unknown,unknown,L,L
21213,11163,1,33636,22306,WEDPN2A,WEDPN2A,unknown,unknown,L,L
21213,12403,1,33636,23696,WEDPN2A,WEDPN1B,unknown,unknown,L,L
21213,23810,4,33636,36569,WEDPN2A,WEDPN8C,unknown,unknown,L,L
21213,60385,2,33636,80066,WEDPN2A,WEDPN8C,unknown,unknown,L,L
21213,82775,1,33636,109982,WEDPN2A,WEDPN8C,unknown,unknown,L,L
21213,87009,2,33636,115983,WEDPN2A,WEDPN8C,unknown,unknown,L,L
21213,104801,2,33636,146374,WEDPN2A,WEDPN8B,unknown,unknown,L,L
21213,126674,1,33636,513485,WEDPN2A,WEDPN14,unknown,unknown,L,L
21213,127158,1,33636,514324,WEDPN2A,WEDPN11,unknown,unknown,L,L
21213,134429,2,33636,530346,WEDPN2A,WEDPN14,unknown,unknown,L,L
21213,137204,1,33636,536298,WEDPN2A,WEDPN8B,unknown,unknown,L,L
21528,5044,1,33991,15478,WED004,WEDPN6B,unknown,unknown,L,L
21528,5101,1,33991,15541,WED004,WEDPN3,unknown,unknown,L,L
21528,19139,1,33991,31285,WED004,WEDPN6B,unknown,unknown,L,L
21528,41841,3,33991,57342,WED004,WEDPN17_a1,unknown,unknown,L,L
21528,82775,1,33991,109982,WED004,WEDPN8C,unknown,unknown,L,L
21528,93759,1,33991,126165,WED004,WEDPN8B,unknown,unknown,L,L
21528,127158,1,33991,514324,WED004,WEDPN11,unknown,unknown,L,L
21528,142521,1,33991,556037,WED004,WEDPN9,unknown,unknown,L,L
22051,4583,10,34587,14961,WED166_a,WEDPN11,unknown,unknown,L,R
22051,5103,1,34587,15543,WED166_a,WEDPN5,unknown,unknown,L,L
22051,6372,1,34587,16956,WED166_a,WEDPN5,unknown,unknown,L,R
22051,7434,2,34587,18141,WED166_a,WEDPN1A,unknown,unknown,L,L
22051,8015,1,34587,18790,WED166_a,WEDPN16_d,unknown,unknown,L,R
22051,8270,2,34587,19067,WED166_a,WEDPN7B,unknown,unknown,L,R
22051,14118,2,34587,25614,WED166_a,WEDPN1A,unknown,unknown,L,L
22051,14652,2,34587,26220,WED166_a,WEDPN1A,unknown,unknown,L,R
22051,15089,2,34587,26705,WED166_a,WEDPN1A,unknown,unknown,L,R
22051,15113,1,34587,26731,WED166_a,WEDPN1A,unknown,unknown,L,L
22051,15343,15,34587,26997,WED166_a,WEDPN8C,unknown,unknown,L,R
22051,15525,1,34587,27202,WED166_a,WEDPN8C,unknown,unknown,L,R
22051,17075,1,34587,28938,WED166_a,WEDPN1A,unknown,unknown,L,R
22051,17691,15,34587,29626,WED166_a,WEDPN8C,unknown,unknown,L,R
22051,18377,1,34587,30404,WED166_a,WEDPN1A,unknown,unknown,L,R
22051,21213,2,34587,33636,WED166_a,WEDPN2A,unknown,unknown,L,L
22051,23810,4,34587,36569,WED166_a,WEDPN8C,unknown,unknown,L,L
22051,25026,10,34587,37949,WED166_a,WEDPN7C,unknown,unknown,L,R
22051,28041,2,34587,41357,WED166_a,WEDPN7B,unknown,unknown,L,R
22051,31587,2,34587,45404,WED166_a,WEDPN14,unknown,unknown,L,R
22051,34426,1,34587,48649,WED166_a,WEDPN7C,unknown,unknown,L,L
22051,53865,1,34587,71912,WED166_a,WEDPN8C,unknown,unknown,L,R
22051,54799,1,34587,73090,WED166_a,WEDPN8C,unknown,unknown,L,L
22051,66544,24,34587,87929,WED166_a,WEDPN8C,unknown,unknown,L,R
22051,93759,2,34587,126165,WED166_a,WEDPN8B,unknown,unknown,L,L
22051,116303,2,34587,185469,WED166_a,WEDPN8B,unknown,unknown,L,R
22051,127158,8,34587,514324,WED166_a,WEDPN11,unknown,unknown,L,L
22051,128755,3,34587,517049,WED166_a,WEDPN7B,unknown,unknown,L,R
23958,8270,23,36739,19067,WED031,WEDPN7B,unknown,unknown,R,R
23958,18788,1,36739,30872,WED031,WEDPN17_a2,unknown,unknown,R,R
23958,24284,4,36739,37110,WED031,WEDPN17_c,unknown,unknown,R,R
23958,24961,3,36739,37880,WED031,WEDPN6B,unknown,unknown,R,R
23958,27228,3,36739,40444,WED031,WEDPN6A,unknown,unknown,R,R
23958,28041,11,36739,41357,WED031,WEDPN7B,unknown,unknown,R,R
23958,28725,37,36739,42135,WED031,WEDPN7B,unknown,unknown,R,R
23958,128755,30,36739,517049,WED031,WEDPN7B,unknown,unknown,R,R
29739,9617,1,43290,20591,WED030_a,WEDPN8C,unknown,unknown,R,R
29739,14652,1,43290,26220,WED030_a,WEDPN1A,unknown,unknown,R,R
29739,25026,1,43290,37949,WED030_a,WEDPN7C,unknown,unknown,R,R
30536,2026,1,44199,12168,WED143_b,WEDPN9,unknown,unknown,R,R
30536,2813,3,44199,13005,WED143_b,WEDPN12,unknown,unknown,R,L
30536,3328,1,44199,13563,WED143_b,WEDPN12,unknown,unknown,R,R
30536,6211,7,44199,16774,WED143_b,WEDPN10A,unknown,unknown,R,R
30536,16353,3,44199,28121,WED143_b,WEDPN1B,unknown,unknown,R,R
30536,32925,4,44199,46929,WED143_b,WEDPN17_a2,unknown,unknown,R,L
30536,99692,7,44199,136182,WED143_b,WEDPN17_a1,unknown,unknown,R,L
30536,109280,1,44199,157770,WED143_b,WEDPN17_b,unknown,unknown,R,L
30536,131745,10,44199,523019,WED143_b,WEDPN10B,unknown,unknown,R,R
30744,36881,4,44432,51514,WED004,WEDPN6B,unknown,unknown,R,R
36525,2063,20,51094,12207,WED032,WEDPN7A,unknown,unknown,L,L
36525,17130,2,51094,28997,WED032,WEDPN17_b,unknown,unknown,L,L
36525,45200,2,51094,61341,WED032,WEDPN7C,unknown,unknown,L,L
36525,49617,2,51094,66670,WED032,WEDPN17_c,unknown,unknown,L,L
36525,50597,6,51094,67886,WED032,WEDPN7B,unknown,unknown,L,L
36525,70803,17,51094,93584,WED032,WEDPN7A,unknown,unknown,L,L
36525,95153,2,51094,128482,WED032,WEDPN7A,unknown,unknown,L,L
36525,100446,2,51094,137600,WED032,WEDPN7A,unknown,unknown,L,L
53418,1001,6,71362,11082,CB1464,WEDPN4,unknown,unknown,R,L
53418,5103,15,71362,15543,CB1464,WEDPN5,unknown,unknown,R,L
53418,7434,4,71362,18141,CB1464,WEDPN1A,unknown,unknown,R,L
53418,14118,17,71362,25614,CB1464,WEDPN1A,unknown,unknown,R,L
53418,15113,3,71362,26731,CB1464,WEDPN1A,unknown,unknown,R,L
53418,36881,4,71362,51514,CB1464,WEDPN6B,unknown,unknown,R,R
53418,54799,2,71362,73090,CB1464,WEDPN8C,unknown,unknown,R,L
53418,124943,2,71362,375366,CB1464,WEDPN14,unknown,unknown,R,L
53418,131567,1,71362,522729,CB1464,WEDPN1A,unknown,unknown,R,L
53418,142521,2,71362,556037,CB1464,WEDPN9,unknown,unknown,R,L
116303,2831,2,185469,13024,WEDPN8B,WEDPN4,unknown,unknown,R,R
116303,3328,3,185469,13563,WEDPN8B,WEDPN12,unknown,unknown,R,R
116303,4583,5,185469,14961,WEDPN8B,WEDPN11,unknown,unknown,R,R
116303,5763,2,185469,16281,WEDPN8B,WEDPN10A,unknown,unknown,R,L
116303,6372,1,185469,16956,WEDPN8B,WEDPN5,unknown,unknown,R,R
116303,8023,2,185469,18798,WEDPN8B,WEDPN10B,unknown,unknown,R,L
116303,9617,1,185469,20591,WEDPN8B,WEDPN8C,unknown,unknown,R,R
116303,12514,3,185469,23814,WEDPN8B,WEDPN3,unknown,unknown,R,R
116303,12955,1,185469,24306,WEDPN8B,WEDPN3,unknown,unknown,R,R
116303,13648,6,185469,25091,WEDPN8B,WEDPN2A,unknown,unknown,R,R
116303,13694,2,185469,25142,WEDPN8B,WEDPN3,unknown,unknown,R,R
116303,13704,11,185469,25154,WEDPN8B,WEDPN2A,unknown,unknown,R,R
116303,19463,2,185469,31652,WEDPN8B,WEDPN8D,unknown,unknown,R,R
116303,24724,1,185469,37608,WEDPN8B,WEDPN6A,unknown,unknown,R,R
116303,28508,1,185469,41888,WEDPN8B,WEDPN7C,unknown,unknown,R,R
116303,29451,1,185469,42965,WEDPN8B,WEDPN7A,unknown,unknown,R,R
116303,32032,1,185469,45905,WEDPN8B,WEDPN17_a1,unknown,unknown,R,R
116303,35867,1,185469,50338,WEDPN8B,WEDPN8C,unknown,unknown,R,R
116303,36442,4,185469,50996,WEDPN8B,WEDPN7A,unknown,unknown,R,R
116303,42230,4,185469,57792,WEDPN8B,WEDPN2A,unknown,unknown,R,R
116303,52530,1,185469,70264,WEDPN8B,WEDPN8B,unknown,unknown,R,R
116303,62519,5,185469,82712,WEDPN8B,WEDPN14,unknown,unknown,R,R
116303,75957,2,185469,100561,WEDPN8B,WEDPN17_b,unknown,unknown,R,R
116303,96023,2,185469,129886,WEDPN8B,WEDPN8B,unknown,unknown,R,R
116303,133792,1,185469,529078,WEDPN8B,WEDPN8B,unknown,unknown,R,R
126673,126674,3,513484,513485,WED025,WEDPN14,unknown,unknown,L,L
126673,127158,1,513484,514324,WED025,WEDPN11,unknown,unknown,L,L
126673,131745,3,513484,523019,WED025,WEDPN10B,unknown,unknown,L,R
126673,137204,1,513484,536298,WED025,WEDPN8B,unknown,unknown,L,L
126673,142521,2,513484,556037,WED025,WEDPN9,unknown,unknown,L,L
127921,2831,1,515676,13024,WED002,WEDPN4,unknown,unknown,R,R
127921,4583,9,515676,14961,WED002,WEDPN11,unknown,unknown,R,R
127921,28508,1,515676,41888,WED002,WEDPN7C,unknown,unknown,R,R
127921,28725,1,515676,42135,WED002,WEDPN7B,unknown,unknown,R,R
127921,36621,1,515676,51209,WED002,WEDPN6C,unknown,unknown,R,R
127921,52207,1,515676,69862,WED002,WEDPN17_a1,unknown,unknown,R,R
127921,62519,1,515676,82712,WED002,WEDPN14,unknown,unknown,R,R
127921,122748,1,515676,238224,WED002,WEDPN6C,unknown,unknown,R,R
131746,5103,1,523020,15543,WED101,WEDPN5,unknown,unknown,L,L
131746,10426,1,523020,21496,WED101,WEDPN16_d,unknown,unknown,L,L
131746,19139,1,523020,31285,WED101,WEDPN6B,unknown,unknown,L,L
131746,21230,1,523020,33657,WED101,WEDPN8D,unknown,unknown,L,L
131746,22879,4,523020,35520,WED101,WEDPN8B,unknown,unknown,L,L
131746,32291,1,523020,46194,WED101,WEDPN8C,unknown,unknown,L,L
131746,40219,6,523020,55410,WED101,WEDPN17_c,unknown,unknown,L,L
131746,45357,2,523020,61536,WED101,WEDPN17_c,unknown,unknown,L,L
131746,60385,6,523020,80066,WED101,WEDPN8C,unknown,unknown,L,L
131746,82775,3,523020,109982,WED101,WEDPN8C,unknown,unknown,L,L
131746,87009,3,523020,115983,WED101,WEDPN8C,unknown,unknown,L,L
131746,93759,6,523020,126165,WED101,WEDPN8B,unknown,unknown,L,L
131746,104801,3,523020,146374,WED101,WEDPN8B,unknown,unknown,L,L
131746,118207,7,523020,195591,WED101,WEDPN17_c,unknown,unknown,L,L
131746,124943,6,523020,375366,WED101,WEDPN14,unknown,unknown,L,L
131746,127158,3,523020,514324,WED101,WEDPN11,unknown,unknown,L,L
131746,142521,14,523020,556037,WED101,WEDPN9,unknown,unknown,L,L
134305,2831,8,530084,13024,CB1464,WEDPN4,unknown,unknown,L,R
134305,3328,1,530084,13563,CB1464,WEDPN12,unknown,unknown,L,R
134305,6372,7,530084,16956,CB1464,WEDPN5,unknown,unknown,L,R
134305,7434,1,530084,18141,CB1464,WEDPN1A,unknown,unknown,L,L
134305,14652,4,530084,26220,CB1464,WEDPN1A,unknown,unknown,L,R
134305,15089,2,530084,26705,CB1464,WEDPN1A,unknown,unknown,L,R
134305,16199,9,530084,27947,CB1464,WEDPN1A,unknown,unknown,L,R
134305,17075,2,530084,28938,CB1464,WEDPN1A,unknown,unknown,L,R
134305,18377,4,530084,30404,CB1464,WEDPN1A,unknown,unknown,L,R
134305,29087,1,530084,42540,CB1464,WEDPN17_c,unknown,unknown,L,R
134305,66544,1,530084,87929,CB1464,WEDPN8C,unknown,unknown,L,R
137529,12403,2,537387,23696,WED162,WEDPN1B,unknown,unknown,L,L
137529,19139,3,537387,31285,WED162,WEDPN6B,unknown,unknown,L,L
137529,124943,1,537387,375366,WED162,WEDPN14,unknown,unknown,L,L
137529,131745,1,537387,523019,WED162,WEDPN10B,unknown,unknown,L,R
137529,142521,2,537387,556037,WED162,WEDPN9,unknown,unknown,L,L
139559,2026,12,544278,12168,WED143_a,WEDPN9,unknown,unknown,L,R
139559,8023,2,544278,18798,WED143_a,WEDPN10B,unknown,unknown,L,L
139559,14907,1,544278,26504,WED143_a,WEDPN17_a1,unknown,unknown,L,L
139559,15075,1,544278,26689,WED143_a,WEDPN1A,unknown,unknown,L,L
139559,19463,8,544278,31652,WED143_a,WEDPN8D,unknown,unknown,L,R
139559,20973,1,544278,33365,WED143_a,WEDPN14,unknown,unknown,L,R
139559,32032,1,544278,45905,WED143_a,WEDPN17_a1,unknown,unknown,L,R
139559,35867,7,544278,50338,WED143_a,WEDPN8C,unknown,unknown,L,R
139559,37683,12,544278,52468,WED143_a,WEDPN8D,unknown,unknown,L,L
139559,41841,11,544278,57342,WED143_a,WEDPN17_a1,unknown,unknown,L,L
139559,52207,8,544278,69862,WED143_a,WEDPN17_a1,unknown,unknown,L,R
139559,84304,22,544278,112110,WED143_a,WEDPN8D,unknown,unknown,L,R
139559,89052,2,544278,118965,WED143_a,WEDPN8D,unknown,unknown,L,L
139559,99692,8,544278,136182,WED143_a,WEDPN17_a1,unknown,unknown,L,L
139559,102979,2,544278,142605,WED143_a,WEDPN17_b,unknown,unknown,L,L
139559,118207,1,544278,195591,WED143_a,WEDPN17_c,unknown,unknown,L,L
