bodyId,node_index,type,instance,rootSide,somaSide,entryNerve,superclass,class,subclass,synonyms,hemibrainType,flywireType,nt_consensus_nt
10017,12,AMMC-A1,AMMC-A1_L,unknown,L,unknown,cb_intrinsic,unknown,unknown,unknown,AMMC-A1,AMMC-A1,acetylcholine
10020,15,AMMC-A1,AMMC-A1_L,unknown,L,unknown,cb_intrinsic,unknown,unknown,unknown,AMMC-A1,AMMC-A1,acetylcholine
10026,19,DNp18,DNp18_R,unknown,R,unknown,descending_neuron,unknown,xn,Matsuo 2016: AMMC-Di3,DNp18,DNp18,acetylcholine
10048,39,DNp18,DNp18_L,unknown,L,unknown,descending_neuron,unknown,xn,Matsuo 2016: AMMC-Di3,DNp18,DNp18,acetylcholine
10065,52,DNb05,DNb05_R,unknown,R,unknown,descending_neuron,unknown,xn,Matsuo 2016: AMMC-Di7,DNb05,DNb05,acetylcholine
10106,92,DNp11,DNp11_R,unknown,R,unknown,descending_neuron,unknown,xn,Matsuo 2016: AMMC-Db3,DNp11,DNp11,acetylcholine
10118,104,DNb05,DNb05_L,unknown,L,unknown,descending_neuron,unknown,xn,Matsuo 2016: AMMC-Di7,DNb05,DNb05,acetylcholine
10141,127,DNg15,DNg15_L,unknown,L,unknown,descending_neuron,unknown,xn,Matsuo 2016: AMMC-Db5; Sterne 2021: nagini,unknown,DNg15,acetylcholine
10146,132,AMMC-A1,AMMC-A1_R,unknown,R,unknown,cb_intrinsic,unknown,unknown,unknown,AMMC-A1,AMMC-A1,acetylcholine
10153,138,SAD051_b,SAD051_b_L,unknown,L,unknown,cb_intrinsic,unknown,unknown,Cachero 2010: aDT-e; Vaughan 2014: aPN1,SAD051_b,CB1542,acetylcholine
10228,207,DNp06,DNp06_L,unknown,L,unknown,descending_neuron,unknown,lt,Matsuo 2016: AMMC-Di5,DNp06,DNp06,acetylcholine
10240,219,WED092,WED092_L,unknown,L,unknown,cb_intrinsic,unknown,unknown,unknown,WED092,WED092b,acetylcholine
10244,223,DNp55,DNp55(WED180)_L,unknown,L,unknown,descending_neuron,unknown,xn,unknown,WED180,DNp55,acetylcholine
10257,236,AMMC-A1,AMMC-A1_L,unknown,L,unknown,cb_intrinsic,unknown,unknown,unknown,AMMC-A1,AMMC-A1,acetylcholine
10259,238,DNp11,DNp11_L,unknown,L,unknown,descending_neuron,unknown,xn,Matsuo 2016: AMMC-Db3,DNp11,DNp11,acetylcholine
10277,255,AMMC-A1,AMMC-A1_R,unknown,R,unknown,cb_intrinsic,unknown,unknown,unknown,AMMC-A1,AMMC-A1,acetylcholine
10347,320,LHPV6q1,LHPV6q1_L,unknown,L,unknown,cb_intrinsic,unknown,unknown,Cachero 2010: pSP-e; Wu 2024: FMRFa-WED; fru-M-000116,LHPV6q1,LHPV6q1,unclear
10371,343,WED203,WED203_L,unknown,L,unknown,cb_intrinsic,unknown,unknown,unknown,unknown,CB0344,gaba
10512,475,ANXXX109,ANXXX109_R,unknown,R,unknown,ascending_neuron,unknown,BA,unknown,unknown,AN_AMMC_SAD_2,gaba
10529,491,WED184,WED184_L,unknown,L,unknown,cb_intrinsic,unknown,unknown,unknown,unknown,CB0690,gaba
10584,545,DNp06,DNp06_R,unknown,R,unknown,descending_neuron,unknown,lt,Matsuo 2016: AMMC-Di5,DNp06,DNp06,acetylcholine
10598,557,WED191,WED191_M,unknown,M,unknown,cb_intrinsic,unknown,unknown,Cachero 2010: pSG-d; Vaughan 2014: aLN(m); Baker 2022: WV-WV,unknown,CB3880,gaba
10655,609,WED153,WED153_R,unknown,R,unknown,cb_intrinsic,unknown,unknown,unknown,WED153,WED153,acetylcholine
10661,613,WED210,WED210_R,unknown,R,unknown,cb_intrinsic,unknown,unknown,unknown,unknown,CB0073,acetylcholine
10664,616,DNp33,DNp33(SAD095)_R,unknown,R,unknown,descending_neuron,unknown,ut,Matsuo 2016: AMMC-D1,SAD095,DNp33,acetylcholine
10684,636,WED185,WED185(hb2126870445)_M,unknown,M,unknown,cb_intrinsic,unknown,unknown,unknown,(hb2126870445),CB3881,gaba
10691,643,WED203,WED203_R,unknown,R,unknown,cb_intrinsic,unknown,unknown,unknown,unknown,CB0344,gaba
10709,660,WED193,WED193_R,unknown,R,unknown,cb_intrinsic,unknown,unknown,unknown,unknown,CB0264,acetylcholine
10728,676,WED116,WED116_L,unknown,L,unknown,cb_intrinsic,unknown,unknown,unknown,WED116,WED116,acetylcholine
10739,686,DNg24,DNg24_L,unknown,L,unknown,descending_neuron,unknown,xn,Matsuo 2016: AMMC-Db7,unknown,DNg24,gaba
10784,726,SAD051_b,SAD051_b_R,unknown,R,unknown,cb_intrinsic,unknown,unknown,Cachero 2010: aDT-e; Vaughan 2014: aPN1,SAD051_b,CB1542,acetylcholine
10831,770,WED195,WED195_R,unknown,R,unknown,cb_intrinsic,unknown,unknown,unknown,unknown,CB0495,gaba
10972,899,AMMC034_b,AMMC034_b_L,unknown,L,unknown,cb_intrinsic,unknown,unknown,unknown,unknown,CB2556,acetylcholine
10982,909,WED063_a,WED063_a_R,unknown,R,unknown,cb_intrinsic,unknown,unknown,unknown,WED063_a,"CB2108,CB2449",acetylcholine
11020,945,DNp05,DNp05_R,unknown,R,unknown,descending_neuron,unknown,xn,Matsuo 2016: AMMC-Db2,DNp05,DNp05,acetylcholine
11044,966,AMMC034_a,AMMC034_a_L,unknown,L,unknown,cb_intrinsic,unknown,unknown,unknown,unknown,CB2556,acetylcholine
11072,992,DNp12,DNp12(WED105)_L,unknown,L,unknown,descending_neuron,unknown,xn,unknown,WED105,DNp12,acetylcholine
11082,1001,WEDPN4,WEDPN4_L,unknown,L,unknown,cb_intrinsic,unknown,unknown,unknown,WEDPN4,WEDPN4,gaba
11088,1007,DNp55,DNp55(WED180)_R,unknown,R,unknown,descending_neuron,unknown,xn,unknown,WED180,DNp55,acetylcholine
11154,1065,WED189,WED189_M,unknown,M,unknown,cb_intrinsic,unknown,unknown,Cachero 2010: pSG-d; Vaughan 2014: aLN(m); Baker 2022: WV-WV,unknown,CB3913,gaba
11249,1158,WED190,WED190_M,unknown,M,unknown,cb_intrinsic,unknown,unknown,Cachero 2010: pSG-d; Vaughan 2014: aLN(m); Baker 2022: WV-WV,unknown,CB3882,gaba
11275,1184,CB1078,CB1078_L,unknown,L,unknown,cb_intrinsic,unknown,unknown,Cachero 2010: aDT-e; Vaughan 2014: aPN1,unknown,CB1078,acetylcholine
11282,1190,AMMC011,AMMC011_R,unknown,R,unknown,cb_intrinsic,unknown,unknown,unknown,unknown,CB0749,acetylcholine
11285,1193,CB1078,CB1078_R,unknown,R,unknown,cb_intrinsic,unknown,unknown,Cachero 2010: aDT-e; Vaughan 2014: aPN1,unknown,CB1078,acetylcholine
11287,1195,WED108,WED108_L,unknown,L,unknown,cb_intrinsic,unknown,unknown,unknown,WED108,WED108,acetylcholine
11301,1209,SAD051_b,SAD051_b_R,unknown,R,unknown,cb_intrinsic,unknown,unknown,Cachero 2010: aDT-e; Vaughan 2014: aPN1,SAD051_b,CB1078,acetylcholine
11321,1229,WED006,WED006_L,unknown,L,unknown,cb_intrinsic,unknown,unknown,unknown,WED006,WED006,gaba
11419,1323,WED195,WED195(hb5813023473)_L,unknown,L,unknown,cb_intrinsic,unknown,unknown,unknown,(hb5813023473),CB0495,gaba
11438,1342,DNp33,DNp33(SAD095)_L,unknown,L,unknown,descending_neuron,unknown,ut,Matsuo 2016: AMMC-D1,SAD095,DNp33,acetylcholine
11456,1359,AMMC013,AMMC013(hb1744966885)_R,unknown,R,unknown,cb_intrinsic,unknown,unknown,unknown,(hb1744966885),CB0478,acetylcholine
11477,1380,LHPV6q1,LHPV6q1_R,unknown,R,unknown,cb_intrinsic,unknown,unknown,Cachero 2010: pSP-e; Wu 2024: FMRFa-WED; fru-M-000116,LHPV6q1,LHPV6q1,unclear
11567,1460,WED046,WED046_R,unknown,R,unknown,cb_intrinsic,unknown,unknown,unknown,WED046,WED046,acetylcholine
11657,1545,DNpe005,DNpe005(WED123)_L,unknown,L,unknown,descending_neuron,unknown,xn,unknown,WED123,DNpe005,acetylcholine
11661,1549,WED208,WED208_R,unknown,R,unknown,cb_intrinsic,unknown,unknown,unknown,unknown,CB0033,gaba
11667,1555,WED119,WED119_L,unknown,L,unknown,cb_intrinsic,unknown,unknown,unknown,WED119,WED119,glutamate
11702,1589,AMMC012,AMMC012_R,unknown,R,unknown,cb_intrinsic,unknown,unknown,unknown,unknown,CB0404,acetylcholine
11811,1689,WED207,WED207_L,unknown,L,unknown,cb_intrinsic,unknown,unknown,unknown,unknown,CB3486,gaba
11868,1745,AMMC034_a,AMMC034_a_R,unknown,R,unknown,cb_intrinsic,unknown,unknown,unknown,unknown,CB2556,acetylcholine
11960,1832,AMMC012,AMMC012(hb2032849765)_L,unknown,L,unknown,cb_intrinsic,unknown,unknown,unknown,(hb2032849765),CB0404,acetylcholine
12040,1907,SAD051_a,SAD051_a_R,unknown,R,unknown,cb_intrinsic,unknown,unknown,Cachero 2010: aDT-e; Vaughan 2014: aPN1,SAD051_a,CB1078,acetylcholine
12046,1912,WED006,WED006_R,unknown,R,unknown,cb_intrinsic,unknown,unknown,unknown,WED006,WED006,gaba
12056,1922,WED046,WED046_L,unknown,L,unknown,cb_intrinsic,unknown,unknown,unknown,WED046,WED046,acetylcholine
12066,1932,SAD051_a,SAD051_a_L,unknown,L,unknown,cb_intrinsic,unknown,unknown,Cachero 2010: aDT-e; Vaughan 2014: aPN1,SAD051_a,CB1078,acetylcholine
12124,1985,WED191,WED191_M,unknown,M,unknown,cb_intrinsic,unknown,unknown,Cachero 2010: pSG-d; Vaughan 2014: aLN(m); Baker 2022: WV-WV,unknown,CB3880,gaba
12150,2008,CB1542,CB1542_R,unknown,R,unknown,cb_intrinsic,unknown,unknown,Cachero 2010: aDT-e; Vaughan 2014: aPN1,unknown,CB1542,acetylcholine
12168,2026,WEDPN9,WEDPN9_R,unknown,R,unknown,cb_intrinsic,unknown,unknown,unknown,WEDPN9,WEDPN9,acetylcholine
12198,2055,AN17B013,AN17B013_L,unknown,L,unknown,ascending_neuron,unknown,BA,unknown,unknown,AN_AMMC_SAD_1,gaba
12207,2063,WEDPN7A,WEDPN7A_L,unknown,L,unknown,cb_intrinsic,unknown,unknown,unknown,WEDPN7A,CB2925,acetylcholine
12228,2083,AMMC028,AMMC028_L,unknown,L,unknown,cb_intrinsic,unknown,unknown,unknown,unknown,CB3893,gaba
12246,2100,SAD051_b,SAD051_b_R,unknown,R,unknown,cb_intrinsic,unknown,unknown,Cachero 2010: aDT-e; Vaughan 2014: aPN1,SAD051_b,CB1542,acetylcholine
12329,2176,CB1078,CB1078_R,unknown,R,unknown,cb_intrinsic,unknown,unknown,Cachero 2010: aDT-e; Vaughan 2014: aPN1,unknown,CB1078,acetylcholine
12459,2301,WED109,WED109_L,unknown,L,unknown,cb_intrinsic,unknown,unknown,unknown,WED109,CB2305,acetylcholine
12496,2334,CB1078,CB1078_R,unknown,R,unknown,cb_intrinsic,unknown,unknown,Cachero 2010: aDT-e; Vaughan 2014: aPN1,unknown,CB1078,acetylcholine
12532,2370,WED070,WED070_L,unknown,L,unknown,cb_intrinsic,unknown,unknown,unknown,WED070,WED070,unclear
12566,2400,WED080,WED080_L,unknown,L,unknown,cb_intrinsic,unknown,unknown,unknown,WED080,WED080,gaba
12594,2427,WED069,WED069_L,unknown,L,unknown,cb_intrinsic,unknown,unknown,unknown,WED069,WED069,acetylcholine
12596,2429,AMMC009,AMMC009_R,unknown,R,unknown,cb_intrinsic,unknown,unknown,unknown,unknown,CB0333,gaba
12671,2496,WED121,WED121_L,unknown,L,unknown,cb_intrinsic,unknown,unknown,unknown,WED121,WED121,gaba
12742,2564,AMMC038,AMMC038_R,unknown,R,unknown,cb_intrinsic,unknown,unknown,unknown,unknown,CB1038b,gaba
12784,2603,WED188,WED188_M,unknown,M,unknown,cb_intrinsic,unknown,unknown,Cachero 2010: pSG-d; Vaughan 2014: aLN(m); Baker 2022: WV-WV,unknown,CB3915,gaba
12817,2635,WED076,WED076_R,unknown,R,unknown,cb_intrinsic,unknown,unknown,unknown,WED076,WED076,gaba
12820,2638,SAD051_b,SAD051_b_L,unknown,L,unknown,cb_intrinsic,unknown,unknown,Cachero 2010: aDT-e; Vaughan 2014: aPN1,SAD051_b,CB1078,acetylcholine
12852,2668,WED187,WED187_L,unknown,M,unknown,cb_intrinsic,unknown,unknown,Cachero 2010: pSG-d; Vaughan 2014: aLN(m); Baker 2022: WV-WV,unknown,CB3915,gaba
12865,2679,AMMC034_a,AMMC034_a_R,unknown,R,unknown,cb_intrinsic,unknown,unknown,unknown,unknown,CB2556,acetylcholine
13005,2813,WEDPN12,WEDPN12_L,unknown,L,unknown,cb_intrinsic,unknown,unknown,unknown,WEDPN12,WEDPN12,glutamate
13024,2831,WEDPN4,WEDPN4_R,unknown,R,unknown,cb_intrinsic,unknown,unknown,unknown,WEDPN4,WEDPN4,gaba
13037,2844,WED114,WED114_L,unknown,L,unknown,cb_intrinsic,unknown,unknown,unknown,WED114,WED114,acetylcholine
13062,2866,WED107,WED107_L,unknown,L,unknown,cb_intrinsic,unknown,unknown,unknown,WED107,WED107,acetylcholine
13069,2872,WED187,WED187_R,unknown,M,unknown,cb_intrinsic,unknown,unknown,Cachero 2010: pSG-d; Vaughan 2014: aLN(m); Baker 2022: WV-WV,unknown,CB3914,gaba
13072,2875,WED080,WED080_R,unknown,R,unknown,cb_intrinsic,unknown,unknown,unknown,WED080,WED080,gaba
13077,2880,AMMC034_b,AMMC034_b_R,unknown,R,unknown,cb_intrinsic,unknown,unknown,unknown,unknown,CB2556,acetylcholine
13261,3052,WED117,WED117_L,unknown,L,unknown,cb_intrinsic,unknown,unknown,unknown,WED117,"CB2576,CB3415",acetylcholine
13263,3054,WED108,WED108_R,unknown,R,unknown,cb_intrinsic,unknown,unknown,unknown,WED108,WED108,acetylcholine
13287,3077,WED209,WED209_L,unknown,L,unknown,cb_intrinsic,unknown,unknown,"fru-M-200149,fru-M-300017,fru-M-800001,fru-M-900067",unknown,CB0547,gaba
13306,3095,AMMC038,AMMC038_L,unknown,L,unknown,cb_intrinsic,unknown,unknown,unknown,unknown,CB1038b,gaba
13426,3205,AMMC020,AMMC020_L,unknown,L,unknown,cb_intrinsic,unknown,unknown,unknown,unknown,CB0989,gaba
13464,3238,WED069,WED069_R,unknown,R,unknown,cb_intrinsic,unknown,unknown,unknown,WED069,WED069,acetylcholine
13522,3290,SAD051_b,SAD051_b_L,unknown,L,unknown,cb_intrinsic,unknown,unknown,Cachero 2010: aDT-e; Vaughan 2014: aPN1,SAD051_b,CB1542,acetylcholine
13546,3312,SAD051_a,SAD051_a_L,unknown,L,unknown,cb_intrinsic,unknown,unknown,Cachero 2010: aDT-e; Vaughan 2014: aPN1,SAD051_a,CB1078,acetylcholine
13563,3328,WEDPN12,WEDPN12_R,unknown,R,unknown,cb_intrinsic,unknown,unknown,unknown,WEDPN12,WEDPN12,glutamate
13578,3341,ANXXX109,ANXXX109_L,unknown,L,unknown,ascending_neuron,unknown,BA,unknown,unknown,AN_AMMC_SAD_2,gaba
13640,3396,WED209,WED209_R,unknown,R,unknown,cb_intrinsic,unknown,unknown,"fru-M-200149,fru-M-300017,fru-M-800001,fru-M-900067",unknown,CB0547,gaba
13689,3441,AMMC026,AMMC026_L,unknown,L,unknown,cb_intrinsic,unknown,unknown,unknown,unknown,CB0980,gaba
13878,3616,AN17B008,AN17B008_L,unknown,L,unknown,ascending_neuron,unknown,BA,unknown,unknown,AN_GNG_AMMC_2,gaba
13969,3699,WED070,WED070_R,unknown,R,unknown,cb_intrinsic,unknown,unknown,unknown,WED070,WED070,unclear
13993,3719,WED092,WED092_R,unknown,R,unknown,cb_intrinsic,unknown,unknown,unknown,WED092,WED092b,acetylcholine
14024,3749,AN17B008,AN17B008_R,unknown,R,unknown,ascending_neuron,unknown,BA,unknown,unknown,AN_GNG_AMMC_2,gaba
14047,3769,AMMC009,AMMC009_L,unknown,L,unknown,cb_intrinsic,unknown,unknown,unknown,unknown,CB0333,gaba
14052,3774,WED071,WED071_R,unknown,R,unknown,cb_intrinsic,unknown,unknown,unknown,WED071,WED071,glutamate
14089,3805,WED121,WED121_R,unknown,R,unknown,cb_intrinsic,unknown,unknown,unknown,WED121,WED121,gaba
14111,3825,WED092,WED092_R,unknown,R,unknown,cb_intrinsic,unknown,unknown,unknown,WED092,WED092c,acetylcholine
14310,4001,WED047,WED047_L,unknown,L,unknown,cb_intrinsic,unknown,unknown,unknown,WED047,CB2545,acetylcholine
14323,4012,WED092,WED092_L,unknown,L,unknown,cb_intrinsic,unknown,unknown,unknown,WED092,WED092c,acetylcholine
14330,4019,WED181,WED181_R,unknown,R,unknown,cb_intrinsic,unknown,unknown,unknown,WED181,WED181,acetylcholine
14337,4024,WED012,WED012_R,unknown,R,unknown,cb_intrinsic,unknown,unknown,unknown,WED012,WED012,gaba
14441,4116,WED092,WED092_L,unknown,L,unknown,cb_intrinsic,unknown,unknown,unknown,WED092,WED092e,acetylcholine
14547,4208,AMMC030,AMMC030_R,unknown,R,unknown,cb_intrinsic,unknown,unknown,unknown,unknown,CB3200,gaba
14562,4222,WED063_b,WED063_b_L,unknown,L,unknown,cb_intrinsic,unknown,unknown,unknown,WED063_b,"CB2108,CB2449",acetylcholine
14565,4225,WED114,WED114_L,unknown,L,unknown,cb_intrinsic,unknown,unknown,unknown,WED114,WED114,acetylcholine
14779,4420,WED007,WED007_R,unknown,R,unknown,cb_intrinsic,unknown,unknown,unknown,WED007,WED007,acetylcholine
14841,4474,WED166_a,WED166_a_R,unknown,R,unknown,cb_intrinsic,unknown,unknown,unknown,WED166_a,CB0345,acetylcholine
14850,4483,WED061,WED061_R,unknown,R,unknown,cb_intrinsic,unknown,unknown,unknown,WED061,WED061,acetylcholine
14861,4493,WED060,WED060_R,unknown,R,unknown,cb_intrinsic,unknown,unknown,unknown,WED060,WED060,acetylcholine
14875,4506,WED207,WED207_R,unknown,R,unknown,cb_intrinsic,unknown,unknown,unknown,unknown,CB3486,gaba
14911,4539,WED092,WED092_R,unknown,R,unknown,cb_intrinsic,unknown,unknown,unknown,WED092,WED092c,acetylcholine
14925,4549,WED182,WED182_L,unknown,L,unknown,cb_intrinsic,unknown,unknown,unknown,WED182,WED182,acetylcholine
14934,4557,AMMC024,AMMC024_R,unknown,R,unknown,cb_intrinsic,unknown,unknown,unknown,unknown,CB1038a,gaba
14938,4561,AMMC035,AMMC035_R,unknown,R,unknown,cb_intrinsic,unknown,unknown,unknown,unknown,CB1427,gaba
14961,4583,WEDPN11,WEDPN11_R,unknown,R,unknown,cb_intrinsic,unknown,unknown,unknown,WEDPN11,WEDPN11,glutamate
14983,4603,AMMC037,AMMC037_L,unknown,L,unknown,cb_intrinsic,unknown,unknown,unknown,unknown,CB3912,gaba
14995,4614,WED205,WED205_L,unknown,L,unknown,cb_intrinsic,unknown,unknown,unknown,unknown,CB3480,gaba
15081,4693,WED015,WED015_L,unknown,L,unknown,cb_intrinsic,unknown,unknown,unknown,WED015,WED015c,gaba
15189,4791,WED007,WED007_L,unknown,L,unknown,cb_intrinsic,unknown,unknown,unknown,WED007,WED007,acetylcholine
15225,4823,WED072,WED072_L,unknown,L,unknown,cb_intrinsic,unknown,unknown,unknown,WED072,WED072,acetylcholine
15234,4831,WED008,WED008_R,unknown,R,unknown,cb_intrinsic,unknown,unknown,unknown,WED008,WED008,acetylcholine
15376,4958,WED092,WED092_R,unknown,R,unknown,cb_intrinsic,unknown,unknown,unknown,WED092,WED092e,acetylcholine
15436,5009,AMMC028,AMMC028_L,unknown,L,unknown,cb_intrinsic,unknown,unknown,unknown,unknown,CB3893,gaba
15470,5037,WED207,WED207_R,unknown,R,unknown,cb_intrinsic,unknown,unknown,unknown,unknown,CB3486,gaba
15478,5044,WEDPN6B,WEDPN6B_L,unknown,L,unknown,cb_intrinsic,unknown,unknown,unknown,WEDPN6B,CB3944,gaba
15482,5047,WED207,WED207_R,unknown,R,unknown,cb_intrinsic,unknown,unknown,unknown,unknown,CB3486,gaba
15513,5077,WED106,WED106_L,unknown,L,unknown,cb_intrinsic,unknown,unknown,unknown,WED106,CB3655,gaba
15541,5101,WEDPN3,WEDPN3_L,unknown,L,unknown,cb_intrinsic,unknown,unknown,unknown,WEDPN3,WEDPN3b,gaba
15543,5103,WEDPN5,WEDPN5_L,unknown,L,unknown,cb_intrinsic,unknown,unknown,unknown,WEDPN5,WEDPN5,gaba
15591,5143,WED082,WED082_L,unknown,L,unknown,cb_intrinsic,unknown,unknown,unknown,WED082,WED082,gaba
15609,5157,WED023,WED023_L,unknown,L,unknown,cb_intrinsic,unknown,unknown,unknown,WED023,WED023,gaba
15718,5260,WED072,WED072_L,unknown,L,unknown,cb_intrinsic,unknown,unknown,unknown,WED072,WED072,acetylcholine
15785,5324,WED060,WED060_R,unknown,R,unknown,cb_intrinsic,unknown,unknown,unknown,WED060,WED060,acetylcholine
15865,5395,WED008,WED008_L,unknown,L,unknown,cb_intrinsic,unknown,unknown,unknown,WED008,WED008,acetylcholine
15958,5475,WED166_d,WED166_d_R,unknown,R,unknown,cb_intrinsic,unknown,unknown,unknown,"WED166_c,WED027","WED166_c,WED027",acetylcholine
15966,5483,WED106,WED106_R,unknown,R,unknown,cb_intrinsic,unknown,unknown,unknown,WED106,CB3655,gaba
15997,5512,WED165,WED165_R,unknown,R,unknown,cb_intrinsic,unknown,unknown,unknown,WED165,WED165,acetylcholine
16042,5552,WEDPN2B_b,WEDPN2B_b_L,unknown,L,unknown,cb_intrinsic,unknown,unknown,unknown,WEDPN2B,WEDPN2B_b,gaba
16073,5574,AMMC035,AMMC035_L,unknown,L,unknown,cb_intrinsic,unknown,unknown,unknown,unknown,CB1427,gaba
16075,5576,WED122,WED122_R,unknown,R,unknown,cb_intrinsic,unknown,unknown,unknown,WED122,WED122,gaba
16166,5656,WED082,WED082_L,unknown,L,unknown,cb_intrinsic,unknown,unknown,unknown,WED082,WED082,gaba
16194,5682,LPT31,LPT31_L,unknown,L,unknown,visual_projection,unknown,unknown,unknown,WED068,LPT31,acetylcholine
16210,5696,WEDPN16_d,WEDPN16_d_R,unknown,R,unknown,cb_intrinsic,unknown,unknown,unknown,WEDPN16_d,CB3648b,acetylcholine
16231,5715,CB1078,CB1078_L,unknown,L,unknown,cb_intrinsic,unknown,unknown,Cachero 2010: aDT-e; Vaughan 2014: aPN1,unknown,CB1078,acetylcholine
16243,5726,AMMC035,AMMC035_R,unknown,R,unknown,cb_intrinsic,unknown,unknown,unknown,unknown,CB1427,gaba
16263,5746,WED116,WED116_R,unknown,R,unknown,cb_intrinsic,unknown,unknown,unknown,WED116,WED114,acetylcholine
16281,5763,WEDPN10A,WEDPN10A_L,unknown,L,unknown,cb_intrinsic,unknown,unknown,unknown,WEDPN10A,WEDPN10A,gaba
16329,5808,AMMC035,AMMC035_R,unknown,R,unknown,cb_intrinsic,unknown,unknown,unknown,unknown,CB1427,gaba
16408,5875,AMMC015,AMMC015_R,unknown,R,unknown,cb_intrinsic,unknown,unknown,unknown,unknown,CB1098,gaba
16532,5991,unknown,16532_R,unknown,R,unknown,cb_intrinsic,unknown,unknown,unknown,unknown,"WED144a,CB3195",acetylcholine
16568,6025,WED207,WED207_L,unknown,L,unknown,cb_intrinsic,unknown,unknown,unknown,unknown,CB3486,gaba
16584,6041,WED016,WED016_L,unknown,L,unknown,cb_intrinsic,unknown,unknown,unknown,WED016,WED016,acetylcholine
16713,6155,AMMC035,AMMC035_R,unknown,R,unknown,cb_intrinsic,unknown,unknown,unknown,unknown,CB1427,gaba
16759,6197,AMMC035,AMMC035_R,unknown,R,unknown,cb_intrinsic,unknown,unknown,unknown,unknown,CB1427,gaba
16774,6211,WEDPN10A,WEDPN10A_R,unknown,R,unknown,cb_intrinsic,unknown,unknown,unknown,WEDPN10A,WEDPN10A,gaba
16787,6223,WED074,WED074_L,unknown,L,unknown,cb_intrinsic,unknown,unknown,unknown,WED074,CB1944,gaba
16819,6249,LPT31,LPT31_R,unknown,R,unknown,visual_projection,unknown,unknown,unknown,WED068,LPT31,acetylcholine
16873,6295,AMMC003,AMMC003_R,unknown,R,unknown,cb_intrinsic,unknown,unknown,unknown,unknown,CB1826,gaba
16899,6319,AMMC024,AMMC024_L,unknown,L,unknown,cb_intrinsic,unknown,unknown,unknown,unknown,CB1038a,gaba
16936,6355,LPT31,LPT31_R,unknown,R,unknown,visual_projection,unknown,unknown,unknown,WED068,LPT31,acetylcholine
16956,6372,WEDPN5,WEDPN5_R,unknown,R,unknown,cb_intrinsic,unknown,unknown,unknown,WEDPN5,WEDPN5,gaba
16959,6375,LPT31,LPT31_L,unknown,L,unknown,visual_projection,unknown,unknown,unknown,WED068,LPT31,acetylcholine
16966,6382,ANXXX218,ANXXX218_L,unknown,L,unknown,ascending_neuron,unknown,CA,unknown,unknown,AN_GNG_WED_1,acetylcholine
17031,6439,LPT31,LPT31_L,unknown,L,unknown,visual_projection,unknown,unknown,unknown,WED068,LPT31,acetylcholine
17228,6615,WED081,WED081_L,unknown,L,unknown,cb_intrinsic,unknown,unknown,unknown,WED081,WED081,gaba
17344,6715,ANXXX218,ANXXX218_R,unknown,R,unknown,ascending_neuron,unknown,CA,unknown,unknown,AN_GNG_WED_1,acetylcholine
17414,6781,WED063_b,WED063_b_L,unknown,L,unknown,cb_intrinsic,unknown,unknown,unknown,WED063_b,"CB2108,CB2449",acetylcholine
17449,6810,WED206,WED206_R,unknown,R,unknown,cb_intrinsic,unknown,unknown,unknown,unknown,CB1816,gaba
17536,6889,WED202,WED202_L,unknown,L,unknown,cb_intrinsic,unknown,unknown,unknown,unknown,CB4238,gaba
17605,6953,LPT31,LPT31_R,unknown,R,unknown,visual_projection,unknown,unknown,unknown,WED068,LPT31,acetylcholine
17629,6975,AMMC020,AMMC020_R,unknown,R,unknown,cb_intrinsic,unknown,unknown,unknown,unknown,CB0989,gaba
17696,7037,WED128,WED128_R,unknown,R,unknown,cb_intrinsic,unknown,unknown,unknown,WED128,"WED128,WED129",acetylcholine
17872,7197,WED202,WED202_R,unknown,R,unknown,cb_intrinsic,unknown,unknown,unknown,unknown,CB4238,gaba
17908,7230,WED125,WED125_R,unknown,R,unknown,cb_intrinsic,unknown,unknown,unknown,WED125,WED125,acetylcholine
17929,7247,WED206,WED206_R,unknown,R,unknown,cb_intrinsic,unknown,unknown,unknown,unknown,CB1816,gaba
17972,7285,WED201,WED201_L,unknown,L,unknown,cb_intrinsic,unknown,unknown,unknown,unknown,CB1439,gaba
17981,7293,WED194,WED194_L,unknown,L,unknown,cb_intrinsic,unknown,unknown,unknown,unknown,CB0685,gaba
18089,7390,AMMC035,AMMC035_L,unknown,L,unknown,cb_intrinsic,unknown,unknown,unknown,unknown,CB1427,gaba
18141,7434,WEDPN1A,WEDPN1A_L,unknown,L,unknown,cb_intrinsic,unknown,unknown,unknown,WEDPN1A,WEDPN1A,gaba
18257,7536,WED092,WED092_R,unknown,R,unknown,cb_intrinsic,unknown,unknown,unknown,WED092,WED092d,acetylcholine
18269,7547,AMMC021,AMMC021_R,unknown,R,unknown,cb_intrinsic,unknown,unknown,unknown,unknown,CB3371,gaba
18340,7612,WED125,WED125_L,unknown,L,unknown,cb_intrinsic,unknown,unknown,unknown,WED125,WED125,acetylcholine
18443,7703,AMMC023,AMMC023_R,unknown,R,unknown,cb_intrinsic,unknown,unknown,unknown,unknown,CB1038d,gaba
18458,7718,WED063_b,WED063_b_R,unknown,R,unknown,cb_intrinsic,unknown,unknown,unknown,WED063_b,"CB2108,CB2449",acetylcholine
18499,7751,WED146_a,WED146_a_L,unknown,L,unknown,cb_intrinsic,unknown,unknown,unknown,WED146,WED146a,acetylcholine
18521,7770,AMMC023,AMMC023_L,unknown,L,unknown,cb_intrinsic,unknown,unknown,unknown,unknown,CB1038d,gaba
18606,7843,WED089,WED089_L,unknown,L,unknown,cb_intrinsic,unknown,unknown,unknown,WED089,WED089,acetylcholine
18624,7859,AMMC021,AMMC021_R,unknown,R,unknown,cb_intrinsic,unknown,unknown,unknown,unknown,CB3371,gaba
18665,7900,AMMC004,AMMC004_R,unknown,R,unknown,cb_intrinsic,unknown,unknown,unknown,unknown,CB0978,gaba
18738,7966,AMMC023,AMMC023_R,unknown,R,unknown,cb_intrinsic,unknown,unknown,unknown,unknown,CB1038d,gaba
18741,7969,WED083,WED083_L,unknown,L,unknown,cb_intrinsic,unknown,unknown,unknown,WED083,CB3954,gaba
18790,8015,WEDPN16_d,WEDPN16_d_R,unknown,R,unknown,cb_intrinsic,unknown,unknown,unknown,WEDPN16_d,CB3648a,acetylcholine
18798,8023,WEDPN10B,WEDPN10B_L,unknown,L,unknown,cb_intrinsic,unknown,unknown,unknown,WEDPN10B,WEDPN10B,gaba
18821,8045,AMMC023,AMMC023_L,unknown,L,unknown,cb_intrinsic,unknown,unknown,unknown,unknown,CB1038d,gaba
18883,8098,LPT31,LPT31_R,unknown,R,unknown,visual_projection,unknown,unknown,unknown,WED068,LPT31,acetylcholine
18952,8165,WED030_b,WED030_b_L,unknown,L,unknown,cb_intrinsic,unknown,unknown,unknown,WED030,CB2203,gaba
19067,8270,WEDPN7B,WEDPN7B_R,unknown,R,unknown,cb_intrinsic,unknown,unknown,unknown,WEDPN7B,WEDPN7Bb,acetylcholine
19165,8356,AMMC022,AMMC022_L,unknown,L,unknown,cb_intrinsic,unknown,unknown,unknown,unknown,CB2067,gaba
19187,8371,WED125,WED125_L,unknown,L,unknown,cb_intrinsic,unknown,unknown,unknown,WED125,WED125,acetylcholine
19322,8488,WED066,WED066_R,unknown,R,unknown,cb_intrinsic,unknown,unknown,unknown,WED066,"CB2108,CB2449",acetylcholine
19360,8522,WED145,WED145_L,unknown,L,unknown,cb_intrinsic,unknown,unknown,unknown,WED145,WED145a,acetylcholine
19532,8675,WED206,WED206_L,unknown,L,unknown,cb_intrinsic,unknown,unknown,unknown,unknown,CB1816,gaba
19590,8727,AMMC029,AMMC029_L,unknown,L,unknown,cb_intrinsic,unknown,unknown,unknown,unknown,CB3275b,gaba
19692,8818,WED117,WED117_L,unknown,L,unknown,cb_intrinsic,unknown,unknown,unknown,WED117,"CB1143,CB1692",acetylcholine
19698,8824,AMMC010,AMMC010_L,unknown,L,unknown,cb_intrinsic,unknown,unknown,unknown,unknown,CB0131,acetylcholine
19799,8913,WED127,WED127_R,unknown,R,unknown,cb_intrinsic,unknown,unknown,unknown,WED127,WED127,acetylcholine
19835,8947,AMMC030,AMMC030_L,unknown,L,unknown,cb_intrinsic,unknown,unknown,unknown,unknown,CB3200,gaba
19837,8949,WED016,WED016_R,unknown,R,unknown,cb_intrinsic,unknown,unknown,unknown,WED016,WED016,acetylcholine
19913,9017,WED201,WED201_R,unknown,R,unknown,cb_intrinsic,unknown,unknown,unknown,unknown,CB1439,gaba
19937,9039,AMMC006,AMMC006_L,unknown,L,unknown,cb_intrinsic,unknown,unknown,unknown,unknown,CB0958b,glutamate
20039,9127,AMMC026,AMMC026_L,unknown,L,unknown,cb_intrinsic,unknown,unknown,unknown,unknown,CB0980,gaba
20068,9155,WED055_b,WED055_b_R,unknown,R,unknown,cb_intrinsic,unknown,unknown,unknown,WED055_b,CB1383,gaba
20080,9166,WED093,WED093_R,unknown,R,unknown,cb_intrinsic,unknown,unknown,unknown,WED093,CB1675,acetylcholine
20084,9170,WEDPN2A,WEDPN2A_L,unknown,L,unknown,cb_intrinsic,unknown,unknown,unknown,WEDPN2A,WEDPN2A,gaba
20130,9208,WED117,WED117_R,unknown,R,unknown,cb_intrinsic,unknown,unknown,unknown,WED117,"CB2576,CB3415",acetylcholine
20142,9219,WED063_b,WED063_b_L,unknown,L,unknown,cb_intrinsic,unknown,unknown,unknown,WED063_b,"CB2108,CB2449",acetylcholine
20170,9242,AN17B013,AN17B013_R,unknown,R,unknown,ascending_neuron,unknown,BA,unknown,unknown,AN_AMMC_SAD_1,gaba
20237,9305,WED063_a,WED063_a_L,unknown,L,unknown,cb_intrinsic,unknown,unknown,unknown,WED063_a,"CB2108,CB2449",acetylcholine
20328,9383,AN09B060,AN09B060(20328)_L,unknown,L,unknown,ascending_neuron,unknown,CA,unknown,unknown,AN_VES_WED_1,acetylcholine
20349,9400,AMMC017,AMMC017_L,unknown,L,unknown,cb_intrinsic,unknown,unknown,unknown,unknown,CB3805,acetylcholine
20411,9454,WED023,WED023_R,unknown,R,unknown,cb_intrinsic,unknown,unknown,unknown,WED023,WED023,gaba
20435,9476,WED117,WED117_R,unknown,R,unknown,cb_intrinsic,unknown,unknown,unknown,WED117,"CB2576,CB3415",acetylcholine
20497,9530,WED018,WED018_L,unknown,L,unknown,cb_intrinsic,unknown,unknown,unknown,WED018,WED018,acetylcholine
20501,9534,WED063_b,WED063_b_R,unknown,R,unknown,cb_intrinsic,unknown,unknown,unknown,WED063_b,"CB2108,CB2449",acetylcholine
20564,9590,WED045,WED045_R,unknown,R,unknown,cb_intrinsic,unknown,unknown,unknown,WED045,WED045,acetylcholine
20591,9617,WEDPN8C,WEDPN8C_R,unknown,R,unknown,cb_intrinsic,unknown,unknown,unknown,WEDPN8C,CB3295,acetylcholine
20729,9742,WED084,WED084_R,unknown,R,unknown,cb_intrinsic,unknown,unknown,unknown,WED084,CB3955,gaba
20780,9789,WED018,WED018_R,unknown,R,unknown,cb_intrinsic,unknown,unknown,unknown,WED018,WED018,acetylcholine
20877,9875,AMMC021,AMMC021_L,unknown,L,unknown,cb_intrinsic,unknown,unknown,unknown,unknown,CB3371,gaba
20898,9892,AN09B060,AN09B060(20328)_R,unknown,R,unknown,ascending_neuron,unknown,CA,unknown,unknown,AN_VES_WED_1,acetylcholine
20907,9901,WED098,WED098_R,unknown,R,unknown,cb_intrinsic,unknown,unknown,unknown,WED098,WED100,glutamate
20930,9921,WED015,WED015_R,unknown,R,unknown,cb_intrinsic,unknown,unknown,unknown,WED015,WED015b,gaba
20996,9976,AMMC036,AMMC036_L,unknown,L,unknown,cb_intrinsic,unknown,unknown,unknown,unknown,CB0957,acetylcholine
21089,10062,AMMC032,AMMC032_R,unknown,R,unknown,cb_intrinsic,unknown,unknown,unknown,unknown,CB2322,gaba
21128,10094,AN17B008,AN17B008_R,unknown,R,unknown,ascending_neuron,unknown,BA,unknown,unknown,AN_GNG_AMMC_3,gaba
21235,10194,AMMC026,AMMC026_R,unknown,R,unknown,cb_intrinsic,unknown,unknown,unknown,unknown,CB0980,gaba
21335,10283,WEDPN2B_a,WEDPN2B_a_R,unknown,R,unknown,cb_intrinsic,unknown,unknown,unknown,WEDPN2B,WEDPN2B_a,gaba
21349,10296,WED055_b,WED055_b_L,unknown,L,unknown,cb_intrinsic,unknown,unknown,unknown,WED055_b,CB1383,gaba
21407,10350,WED061,WED061_R,unknown,R,unknown,cb_intrinsic,unknown,unknown,unknown,WED061,WED061,acetylcholine
21452,10392,WEDPN3,WEDPN3_L,unknown,L,unknown,cb_intrinsic,unknown,unknown,unknown,WEDPN3,WEDPN3a,gaba
21470,10406,WED074,WED074_R,unknown,R,unknown,cb_intrinsic,unknown,unknown,unknown,WED074,CB1944,gaba
21496,10426,WEDPN16_d,WEDPN16_d_L,unknown,L,unknown,cb_intrinsic,unknown,unknown,unknown,WEDPN16_d,CB3648a,acetylcholine
21531,10457,WED047,WED047_R,unknown,R,unknown,cb_intrinsic,unknown,unknown,unknown,WED047,CB2545,acetylcholine
21599,10514,WED117,WED117_R,unknown,R,unknown,cb_intrinsic,unknown,unknown,unknown,WED117,"CB1143,CB1692",acetylcholine
21697,10602,WED205,WED205_R,unknown,R,unknown,cb_intrinsic,unknown,unknown,unknown,unknown,CB3480,gaba
21713,10617,AMMC014,AMMC014_R,unknown,R,unknown,cb_intrinsic,unknown,unknown,unknown,unknown,CB1350,acetylcholine
21944,10829,AMMC035,AMMC035_L,unknown,L,unknown,cb_intrinsic,unknown,unknown,unknown,unknown,CB1427,gaba
21989,10870,WED166_d,WED166_d_R,unknown,R,unknown,cb_intrinsic,unknown,unknown,unknown,"WED166_c,WED027","WED166_c,WED027",acetylcholine
22000,10881,AMMC021,AMMC021_R,unknown,R,unknown,cb_intrinsic,unknown,unknown,unknown,unknown,CB3371,gaba
22020,10900,WED051,WED051_L,unknown,L,unknown,cb_intrinsic,unknown,unknown,unknown,WED051,WED051,acetylcholine
22149,11020,WED063_b,WED063_b_R,unknown,R,unknown,cb_intrinsic,unknown,unknown,unknown,WED063_b,"CB2108,CB2449",acetylcholine
22172,11040,WED014,WED014_L,unknown,L,unknown,cb_intrinsic,unknown,unknown,unknown,WED014,WED014,gaba
22192,11059,WED015,WED015_L,unknown,L,unknown,cb_intrinsic,unknown,unknown,unknown,WED015,WED015b,gaba
22201,11068,AMMC026,AMMC026_R,unknown,R,unknown,cb_intrinsic,unknown,unknown,unknown,unknown,CB0980,gaba
22202,11069,WED077,WED077_R,unknown,R,unknown,cb_intrinsic,unknown,unknown,unknown,WED077,"CB0398,CB2417",gaba
22206,11073,WED114,WED114_R,unknown,R,unknown,cb_intrinsic,unknown,unknown,unknown,WED114,WED114,acetylcholine
22270,11131,WED055_b,WED055_b_L,unknown,L,unknown,cb_intrinsic,unknown,unknown,unknown,WED055_b,CB1383,gaba
22293,11151,WED032,WED032_L,unknown,L,unknown,cb_intrinsic,unknown,unknown,unknown,WED032,WED032,gaba
22303,11160,WED084,WED084_L,unknown,L,unknown,cb_intrinsic,unknown,unknown,unknown,WED084,CB3955,gaba
22306,11163,WEDPN2A,WEDPN2A_L,unknown,L,unknown,cb_intrinsic,unknown,unknown,unknown,WEDPN2A,WEDPN2A,gaba
22469,11313,AN18B019,AN18B019_R,unknown,R,unknown,ascending_neuron,unknown,BA,unknown,unknown,AN_GNG_WED_3,acetylcholine
22480,11323,AN18B019,AN18B019_L,unknown,L,unknown,ascending_neuron,unknown,BA,unknown,unknown,AN_GNG_WED_3,acetylcholine
22519,11357,WED057,WED057_R,unknown,R,unknown,cb_intrinsic,unknown,unknown,unknown,WED057,WED057,gaba
22639,11458,WED051,WED051_R,unknown,R,unknown,cb_intrinsic,unknown,unknown,unknown,WED051,WED051,acetylcholine
22799,11610,WED020_a,WED020_a_L,unknown,L,unknown,cb_intrinsic,unknown,unknown,unknown,WED020_a,CB1202,acetylcholine
22815,11625,WED111,WED111_R,unknown,R,unknown,cb_intrinsic,unknown,unknown,unknown,WED111,CB2528,acetylcholine
23035,11820,WED166_d,WED166_d_R,unknown,R,unknown,cb_intrinsic,unknown,unknown,unknown,"WED166_c,WED027","WED166_c,WED027",acetylcholine
23046,11830,WED056,WED056_L,unknown,L,unknown,cb_intrinsic,unknown,unknown,unknown,WED056,CB3064,gaba
23307,12059,WED193,WED193_L,unknown,L,unknown,cb_intrinsic,unknown,unknown,unknown,unknown,CB0264,acetylcholine
23544,12266,WED072,WED072_R,unknown,R,unknown,cb_intrinsic,unknown,unknown,unknown,WED072,WED072,acetylcholine
23587,12303,WED124,WED124_L,unknown,L,unknown,cb_intrinsic,unknown,unknown,unknown,WED124,WED124,acetylcholine
23682,12392,WED017,WED017_L,unknown,L,unknown,cb_intrinsic,unknown,unknown,unknown,WED017,WED017,acetylcholine
23696,12403,WEDPN1B,WEDPN1B_L,unknown,L,unknown,cb_intrinsic,unknown,unknown,unknown,WEDPN1B,WEDPN1B,gaba
23747,12450,AN10B024,AN10B024_R,unknown,R,unknown,ascending_neuron,unknown,BA,Chen 2023: SS51046,unknown,AN_VES_WED_2,acetylcholine
23764,12467,WED082,WED082_R,unknown,R,unknown,cb_intrinsic,unknown,unknown,unknown,WED082,WED082,gaba
23769,12472,WED078,WED078_R,unknown,R,unknown,cb_intrinsic,unknown,unknown,unknown,WED078,"CB0398,CB2417",gaba
23814,12514,WEDPN3,WEDPN3_R,unknown,R,unknown,cb_intrinsic,unknown,unknown,unknown,WEDPN3,WEDPN3b,gaba
23981,12663,WED159,WED159_L,unknown,L,unknown,cb_intrinsic,unknown,unknown,unknown,unknown,CB2397,acetylcholine
24079,12749,WED045,WED045_L,unknown,L,unknown,cb_intrinsic,unknown,unknown,unknown,WED045,WED045,acetylcholine
24096,12763,AMMC022,AMMC022_L,unknown,L,unknown,cb_intrinsic,unknown,unknown,unknown,unknown,CB2067,gaba
24148,12812,WED114,WED114_R,unknown,R,unknown,cb_intrinsic,unknown,unknown,unknown,WED114,WED114,acetylcholine
24155,12818,AN07B036,AN07B036_R,unknown,R,unknown,ascending_neuron,unknown,BA,unknown,unknown,AN_IPS_WED_2,acetylcholine
24185,12844,WED091,WED091_R,unknown,R,unknown,cb_intrinsic,unknown,unknown,unknown,WED092,WED091,acetylcholine
24306,12955,WEDPN3,WEDPN3_R,unknown,R,unknown,cb_intrinsic,unknown,unknown,unknown,WEDPN3,WEDPN3a,gaba
24572,13182,AMMC026,AMMC026_L,unknown,L,unknown,cb_intrinsic,unknown,unknown,unknown,unknown,CB0980,gaba
24584,13193,LAL064,LAL064_R,unknown,R,unknown,cb_intrinsic,unknown,unknown,unknown,WEDPN7C,LAL064,acetylcholine
24626,13231,WED127,WED127_R,unknown,R,unknown,cb_intrinsic,unknown,unknown,unknown,WED127,WED127,acetylcholine
24635,13240,WED047,WED047_R,unknown,R,unknown,cb_intrinsic,unknown,unknown,unknown,WED047,CB3162,acetylcholine
24728,13323,AMMC026,AMMC026_L,unknown,L,unknown,cb_intrinsic,unknown,unknown,unknown,unknown,CB0980,gaba
24803,13389,AMMC026,AMMC026_L,unknown,L,unknown,cb_intrinsic,unknown,unknown,unknown,unknown,CB0980,gaba
24816,13400,WEDPN6C,WEDPN6C_L,unknown,L,unknown,cb_intrinsic,unknown,unknown,unknown,WEDPN6C,CB3942,gaba
24852,13433,WED025,WED025_L,unknown,L,unknown,cb_intrinsic,unknown,unknown,unknown,WED025,WED025,gaba
24874,13452,WED055_b,WED055_b_R,unknown,R,unknown,cb_intrinsic,unknown,unknown,unknown,WED055_b,CB1383,gaba
24991,13559,WED035,WED035_R,unknown,R,unknown,cb_intrinsic,unknown,unknown,unknown,WED035,CB3983,glutamate
25091,13648,WEDPN2A,WEDPN2A_R,unknown,R,unknown,cb_intrinsic,unknown,unknown,unknown,WEDPN2A,WEDPN2A,gaba
25107,13663,WED079,WED079_L,unknown,L,unknown,cb_intrinsic,unknown,unknown,unknown,WED079,"CB3888,WED085",gaba
25142,13694,WEDPN3,WEDPN3_R,unknown,R,unknown,cb_intrinsic,unknown,unknown,unknown,WEDPN3,WEDPN3c,gaba
25152,13702,WED065,WED065_R,unknown,R,unknown,cb_intrinsic,unknown,unknown,unknown,WED065,CB1206,acetylcholine
25154,13704,WEDPN2A,WEDPN2A_R,unknown,R,unknown,cb_intrinsic,unknown,unknown,unknown,WEDPN2A,WEDPN2A,gaba
25231,13772,WED153,WED153_L,unknown,L,unknown,cb_intrinsic,unknown,unknown,unknown,WED153,WED153,acetylcholine
25366,13893,WED132,WED132_R,unknown,R,unknown,cb_intrinsic,unknown,unknown,unknown,WED132,CB3537,acetylcholine
25537,14050,WED204,WED204_L,unknown,L,unknown,cb_intrinsic,unknown,unknown,unknown,unknown,CB2139,gaba
25614,14118,WEDPN1A,WEDPN1A_L,unknown,L,unknown,cb_intrinsic,unknown,unknown,unknown,WEDPN1A,WEDPN1A,gaba
25662,14163,AMMC026,AMMC026_R,unknown,R,unknown,cb_intrinsic,unknown,unknown,unknown,unknown,CB0980,gaba
25710,14201,AMMC025,AMMC025_R,unknown,R,unknown,cb_intrinsic,unknown,unknown,unknown,unknown,CB1978,gaba
25715,14206,AMMC022,AMMC022_L,unknown,L,unknown,cb_intrinsic,unknown,unknown,unknown,unknown,CB2067,gaba
25769,14255,WED023,WED023_R,unknown,R,unknown,cb_intrinsic,unknown,unknown,unknown,WED023,WED023,gaba
25831,14313,WED083,WED083_R,unknown,R,unknown,cb_intrinsic,unknown,unknown,unknown,WED083,CB3954,gaba
25901,14377,AMMC020,AMMC020_L,unknown,L,unknown,cb_intrinsic,unknown,unknown,unknown,unknown,CB0989,gaba
25971,14432,AMMC031,AMMC031_R,unknown,R,unknown,cb_intrinsic,unknown,unknown,unknown,unknown,CB3200,gaba
25990,14449,WED166_d,WED166_d_L,unknown,L,unknown,cb_intrinsic,unknown,unknown,unknown,WED166_d,WED166_d,acetylcholine
26023,14479,WED014,WED014_R,unknown,R,unknown,cb_intrinsic,unknown,unknown,unknown,WED014,WED014,gaba
26035,14489,WED015,WED015_R,unknown,R,unknown,cb_intrinsic,unknown,unknown,unknown,WED015,WED015c,gaba
26057,14506,WED034,WED034_R,unknown,R,unknown,cb_intrinsic,unknown,unknown,unknown,WED034,CB3982,glutamate
26126,14567,AMMC027,AMMC027_L,unknown,L,unknown,cb_intrinsic,unknown,unknown,unknown,unknown,CB4240,gaba
26146,14586,ANXXX154,ANXXX154_R,unknown,R,unknown,ascending_neuron,unknown,BA,unknown,unknown,AN_GNG_WED_2,acetylcholine
26204,14637,WED096,WED096_L,unknown,L,unknown,cb_intrinsic,unknown,unknown,unknown,WED096,WED096a,glutamate
26220,14652,WEDPN1A,WEDPN1A_R,unknown,R,unknown,cb_intrinsic,unknown,unknown,unknown,WEDPN1A,WEDPN1A,gaba
26269,14698,AN18B019,AN18B019_L,unknown,L,unknown,ascending_neuron,unknown,BA,unknown,unknown,AN_GNG_WED_3,acetylcholine
26311,14737,AMMC001,AMMC001_R,unknown,R,unknown,cb_intrinsic,unknown,unknown,unknown,unknown,CB3799,gaba
26402,14819,WED055_a,WED055_a_R,unknown,R,unknown,cb_intrinsic,unknown,unknown,unknown,WED055_a,CB2072,gaba
26407,14824,WED065,WED065_R,unknown,R,unknown,cb_intrinsic,unknown,unknown,unknown,WED065,CB1206,acetylcholine
26431,14846,WED063_a,WED063_a_R,unknown,R,unknown,cb_intrinsic,unknown,unknown,unknown,WED063_a,"CB2108,CB2449",acetylcholine
26434,14849,AMMC032,AMMC032_L,unknown,L,unknown,cb_intrinsic,unknown,unknown,unknown,unknown,CB2322,gaba
26479,14886,WED063_a,WED063_a_L,unknown,L,unknown,cb_intrinsic,unknown,unknown,unknown,WED063_a,"CB2108,CB2449",acetylcholine
26504,14907,WEDPN17_a1,WEDPN17_a1_L,unknown,L,unknown,cb_intrinsic,unknown,unknown,unknown,WEDPN17_a,CB2267_a,acetylcholine
26525,14927,WED132,WED132_R,unknown,R,unknown,cb_intrinsic,unknown,unknown,unknown,WED132,CB3537,acetylcholine
26597,14992,WED100,WED100_R,unknown,R,unknown,cb_intrinsic,unknown,unknown,unknown,WED100,WED100,glutamate
26630,15018,AMMC006,AMMC006_L,unknown,L,unknown,cb_intrinsic,unknown,unknown,unknown,unknown,CB0958b,glutamate
26689,15075,WEDPN1A,WEDPN1A_L,unknown,L,unknown,cb_intrinsic,unknown,unknown,unknown,WEDPN1A,WEDPN1A,gaba
26698,15083,AMMC025,AMMC025_R,unknown,R,unknown,cb_intrinsic,unknown,unknown,unknown,unknown,CB1978,gaba
26705,15089,WEDPN1A,WEDPN1A_R,unknown,R,unknown,cb_intrinsic,unknown,unknown,unknown,WEDPN1A,WEDPN1A,gaba
26711,15095,WEDPN2B_b,WEDPN2B_b_R,unknown,R,unknown,cb_intrinsic,unknown,unknown,unknown,WEDPN2B,WEDPN2B_b,gaba
26731,15113,WEDPN1A,WEDPN1A_L,unknown,L,unknown,cb_intrinsic,unknown,unknown,unknown,WEDPN1A,WEDPN1A,gaba
26752,15133,WEDPN17_a1,WEDPN17_a1_R,unknown,R,unknown,cb_intrinsic,unknown,unknown,unknown,WEDPN17_a,CB2267_a,acetylcholine
26763,15143,WED085,WED085_L,unknown,L,unknown,cb_intrinsic,unknown,unknown,unknown,WED085,"CB3888,WED085",gaba
26804,15177,AMMC025,AMMC025_R,unknown,R,unknown,cb_intrinsic,unknown,unknown,unknown,unknown,CB1978,gaba
26923,15281,AMMC004,AMMC004_R,unknown,R,unknown,cb_intrinsic,unknown,unknown,unknown,unknown,CB0978,gaba
26968,15318,WED031,WED031_L,unknown,L,unknown,cb_intrinsic,unknown,unknown,unknown,WED031,WED031a,gaba
26997,15343,WEDPN8C,WEDPN8C_R,unknown,R,unknown,cb_intrinsic,unknown,unknown,unknown,WEDPN8C,CB2710,acetylcholine
27021,15366,AMMC025,AMMC025_L,unknown,L,unknown,cb_intrinsic,unknown,unknown,unknown,unknown,CB1978,gaba
27091,15430,WED118,WED118_R,unknown,R,unknown,cb_intrinsic,unknown,unknown,unknown,WED118,"CB1484,CB1869",acetylcholine
27177,15501,WED031,WED031_R,unknown,R,unknown,cb_intrinsic,unknown,unknown,unknown,WED031,WED031b,gaba
27202,15525,WEDPN8C,WEDPN8C_R,unknown,R,unknown,cb_intrinsic,unknown,unknown,unknown,WEDPN8C,CB3295,acetylcholine
27307,15617,WED042,WED042_R,unknown,R,unknown,cb_intrinsic,unknown,unknown,unknown,WED042,CB4181,acetylcholine
27330,15639,WED055_b,WED055_b_R,unknown,R,unknown,cb_intrinsic,unknown,unknown,unknown,WED055_b,CB1383,gaba
27368,15676,WED118,WED118_R,unknown,R,unknown,cb_intrinsic,unknown,unknown,unknown,WED118,"CB1484,CB1869",acetylcholine
27369,15677,AMMC025,AMMC025_L,unknown,L,unknown,cb_intrinsic,unknown,unknown,unknown,unknown,CB1978,gaba
27517,15811,AMMC025,AMMC025_R,unknown,R,unknown,cb_intrinsic,unknown,unknown,unknown,unknown,CB1978,gaba
27597,15880,WED079,WED079_R,unknown,R,unknown,cb_intrinsic,unknown,unknown,unknown,WED079,"CB3888,WED085",gaba
27649,15928,WED095,WED095_L,unknown,L,unknown,cb_intrinsic,unknown,unknown,unknown,WED095,WED095,glutamate
27660,15937,WED204,WED204_L,unknown,L,unknown,cb_intrinsic,unknown,unknown,unknown,unknown,CB2139,gaba
27729,16000,WED012,WED012_R,unknown,R,unknown,cb_intrinsic,unknown,unknown,unknown,WED012,WED012,gaba
27841,16104,WED056,WED056_R,unknown,R,unknown,cb_intrinsic,unknown,unknown,unknown,WED056,CB3064,gaba
27914,16168,WED055_b,WED055_b_R,unknown,R,unknown,cb_intrinsic,unknown,unknown,unknown,unknown,CB1383,gaba
27929,16181,WED099,WED099_R,unknown,R,unknown,cb_intrinsic,unknown,unknown,unknown,WED099,WED099,glutamate
27937,16189,WED057,WED057_L,unknown,L,unknown,cb_intrinsic,unknown,unknown,unknown,WED057,WED057,gaba
27947,16199,WEDPN1A,WEDPN1A_R,unknown,R,unknown,cb_intrinsic,unknown,unknown,unknown,WEDPN1A,WEDPN1A,gaba
27950,16201,AMMC019,AMMC019_R,unknown,R,unknown,cb_intrinsic,unknown,unknown,unknown,unknown,CB0979b,gaba
28105,16337,ANXXX154,ANXXX154_L,unknown,L,unknown,ascending_neuron,unknown,BA,unknown,unknown,AN_GNG_WED_2,acetylcholine
28121,16353,WEDPN1B,WEDPN1B_R,unknown,R,unknown,cb_intrinsic,unknown,unknown,unknown,WEDPN1B,WEDPN1B,gaba
28169,16397,WED192,WED192_R,unknown,R,unknown,cb_intrinsic,unknown,unknown,unknown,unknown,CB0327,acetylcholine
28211,16435,WED022,WED022_L,unknown,L,unknown,cb_intrinsic,unknown,unknown,unknown,"LAL058,WED009",CB1827,acetylcholine
28557,16743,WED093,WED093_R,unknown,R,unknown,cb_intrinsic,unknown,unknown,unknown,WED093,CB1675,acetylcholine
28598,16779,WED111,WED111_R,unknown,R,unknown,cb_intrinsic,unknown,unknown,unknown,WED111,CB2528,acetylcholine
28758,16918,WED056,WED056_L,unknown,L,unknown,cb_intrinsic,unknown,unknown,unknown,WED056,WED056,gaba
28789,16949,WED023,WED023_L,unknown,L,unknown,cb_intrinsic,unknown,unknown,unknown,WED023,WED023,gaba
28870,17018,WED015,WED015_R,unknown,R,unknown,cb_intrinsic,unknown,unknown,unknown,WED015,WED015c,gaba
28893,17038,WED031,WED031_R,unknown,R,unknown,cb_intrinsic,unknown,unknown,unknown,WED031,WED031b,gaba
28938,17075,WEDPN1A,WEDPN1A_R,unknown,R,unknown,cb_intrinsic,unknown,unknown,unknown,WEDPN1A,WEDPN1A,gaba
28997,17130,WEDPN17_b,WEDPN17_b_L,unknown,L,unknown,cb_intrinsic,unknown,unknown,unknown,unknown,CB2267_b,acetylcholine
28999,17132,WED022,WED022_R,unknown,R,unknown,cb_intrinsic,unknown,unknown,unknown,"LAL058,WED009",CB1827,acetylcholine
29124,17246,AMMC019,AMMC019_L,unknown,L,unknown,cb_intrinsic,unknown,unknown,unknown,unknown,CB0979b,gaba
29129,17251,WEDPN16_d,WEDPN16_d_R,unknown,R,unknown,cb_intrinsic,unknown,unknown,unknown,WEDPN16_d,CB3540,acetylcholine
29142,17261,AMMC008,AMMC008_L,unknown,L,unknown,cb_intrinsic,unknown,unknown,unknown,unknown,CB0451,glutamate
29408,17490,AMMC030,AMMC030_L,unknown,L,unknown,cb_intrinsic,unknown,unknown,unknown,unknown,CB3200,gaba
29434,17513,AMMC020,AMMC020_L,unknown,L,unknown,cb_intrinsic,unknown,unknown,unknown,unknown,CB0989,gaba
29440,17519,AMMC005,AMMC005_R,unknown,R,unknown,cb_intrinsic,unknown,unknown,unknown,unknown,CB0958c,glutamate
29478,17552,WED166_d,WED166_d_R,unknown,R,unknown,cb_intrinsic,unknown,unknown,unknown,WED166_d,WED166_d,acetylcholine
29535,17606,WEDPN16_d,WEDPN16_d_L,unknown,L,unknown,cb_intrinsic,unknown,unknown,unknown,WEDPN16_d,CB3540,acetylcholine
29558,17629,AMMC019,AMMC019_L,unknown,L,unknown,cb_intrinsic,unknown,unknown,unknown,unknown,CB0979b,gaba
29570,17640,AMMC033,AMMC033_L,unknown,L,unknown,cb_intrinsic,unknown,unknown,unknown,unknown,CB3275a,gaba
29584,17653,AMMC019,AMMC019_L,unknown,L,unknown,cb_intrinsic,unknown,unknown,unknown,unknown,CB0979b,gaba
29617,17683,AMMC003,AMMC003_R,unknown,R,unknown,cb_intrinsic,unknown,unknown,unknown,unknown,CB1826,gaba
29626,17691,WEDPN8C,WEDPN8C_R,unknown,R,unknown,cb_intrinsic,unknown,unknown,unknown,WEDPN8C,CB2710,acetylcholine
29673,17735,AMMC020,AMMC020_L,unknown,L,unknown,cb_intrinsic,unknown,unknown,unknown,unknown,CB0989,gaba
29805,17859,AMMC004,AMMC004_L,unknown,L,unknown,cb_intrinsic,unknown,unknown,unknown,unknown,CB0978,gaba
29818,17870,AMMC019,AMMC019_L,unknown,L,unknown,cb_intrinsic,unknown,unknown,unknown,unknown,CB0979b,gaba
29852,17898,AMMC025,AMMC025_L,unknown,L,unknown,cb_intrinsic,unknown,unknown,unknown,unknown,CB1978,gaba
29881,17923,WED155,WED155_L,unknown,L,unknown,cb_intrinsic,unknown,unknown,unknown,WED155,WED155a,acetylcholine
29992,18023,WED118,WED118_L,unknown,L,unknown,cb_intrinsic,unknown,unknown,unknown,WED118,"CB1484,CB1869",acetylcholine
30026,18054,WED118,WED118_R,unknown,R,unknown,cb_intrinsic,unknown,unknown,unknown,WED118,CB1908,acetylcholine
30120,18135,WEDPN6A,WEDPN6A_R,unknown,R,unknown,cb_intrinsic,unknown,unknown,unknown,WEDPN6A,WEDPN6A,gaba
30153,18162,AMMC019,AMMC019_R,unknown,R,unknown,cb_intrinsic,unknown,unknown,unknown,unknown,CB0979b,gaba
30261,18254,WED118,WED118_R,unknown,R,unknown,cb_intrinsic,unknown,unknown,unknown,WED118,"CB1484,CB1869",acetylcholine
30273,18263,WED118,WED118_R,unknown,R,unknown,cb_intrinsic,unknown,unknown,unknown,WED118,"CB1484,CB1869",acetylcholine
30316,18300,WED100,WED100_R,unknown,R,unknown,cb_intrinsic,unknown,unknown,unknown,WED100,WED100,glutamate
30358,18335,AMMC006,AMMC006_L,unknown,L,unknown,cb_intrinsic,unknown,unknown,unknown,unknown,CB0958b,glutamate
30386,18361,WED042,WED042_R,unknown,R,unknown,cb_intrinsic,unknown,unknown,unknown,WED042,CB4181,acetylcholine
30404,18377,WEDPN1A,WEDPN1A_R,unknown,R,unknown,cb_intrinsic,unknown,unknown,unknown,WEDPN1A,WEDPN1A,gaba
30446,18413,WED057,WED057_R,unknown,R,unknown,cb_intrinsic,unknown,unknown,unknown,WED057,WED057,gaba
30451,18417,WED132,WED132_L,unknown,L,unknown,cb_intrinsic,unknown,unknown,unknown,WED132,CB3537,acetylcholine
30477,18441,WED033,WED033_L,unknown,L,unknown,cb_intrinsic,unknown,unknown,unknown,WED033,WED033,gaba
30508,18468,WED024,WED024_L,unknown,L,unknown,cb_intrinsic,unknown,unknown,unknown,WED024,WED024,gaba
30540,18498,WED009,WED009_R,unknown,R,unknown,cb_intrinsic,unknown,unknown,unknown,"LAL058,WED009",CB1827,acetylcholine
30558,18515,WED001,WED001_R,unknown,R,unknown,cb_intrinsic,unknown,unknown,Cachero 2010: aSP-k; Yu 2010: aSP8,WED001,CB2364,gaba
30597,18549,WED166_d,WED166_d_R,unknown,R,unknown,cb_intrinsic,unknown,unknown,unknown,WED166_d,WED166_d,acetylcholine
30644,18587,WED023,WED023_L,unknown,L,unknown,cb_intrinsic,unknown,unknown,unknown,WED023,WED023,gaba
30662,18604,WED056,WED056_R,unknown,R,unknown,cb_intrinsic,unknown,unknown,unknown,WED056,WED056,gaba
30669,18609,WED001,WED001_R,unknown,R,unknown,cb_intrinsic,unknown,unknown,Cachero 2010: aSP-k; Yu 2010: aSP8,WED001,CB2364,gaba
30872,18788,WEDPN17_a2,WEDPN17_a2_R,unknown,R,unknown,cb_intrinsic,unknown,unknown,unknown,WEDPN17_a,CB2414,acetylcholine
30884,18799,WED164,WED164_R,unknown,R,unknown,cb_intrinsic,unknown,unknown,unknown,WED164,WED164a,acetylcholine
30994,18895,WED028,WED028_L,unknown,L,unknown,cb_intrinsic,unknown,unknown,unknown,WED028,WED028,gaba
31031,18928,WED114,WED114_L,unknown,L,unknown,cb_intrinsic,unknown,unknown,unknown,WED114,WED114,acetylcholine
31107,18995,WED038,WED038_R,unknown,R,unknown,cb_intrinsic,unknown,unknown,unknown,WED038,PLP037a,glutamate
31180,19057,AN09B036,AN09B036_R,unknown,R,unknown,ascending_neuron,unknown,CA,unknown,unknown,AN_WED_GNG_1,acetylcholine
31181,19058,WED166_d,WED166_d_L,unknown,L,unknown,cb_intrinsic,unknown,unknown,unknown,WED166_d,WED166_d,acetylcholine
31192,19066,WED026,WED026_L,unknown,L,unknown,cb_intrinsic,unknown,unknown,unknown,WED026,WED026b,gaba
31285,19139,WEDPN6B,WEDPN6B_L,unknown,L,unknown,cb_intrinsic,unknown,unknown,unknown,WEDPN6B,CB3944,gaba
31324,19173,WED020_b,WED020_b_L,unknown,L,unknown,cb_intrinsic,unknown,unknown,unknown,WED020_b,WED020_b,acetylcholine
31357,19205,WED145,WED145_L,unknown,L,unknown,cb_intrinsic,unknown,unknown,unknown,WED145,WED145a,acetylcholine
31531,19357,WED028,WED028_R,unknown,R,unknown,cb_intrinsic,unknown,unknown,unknown,WED028,WED028,gaba
31586,19403,WED001,WED001_R,unknown,R,unknown,cb_intrinsic,unknown,unknown,Cachero 2010: aSP-k; Yu 2010: aSP8,WED001,CB2364,gaba
31652,19463,WEDPN8D,WEDPN8D_R,unknown,R,unknown,cb_intrinsic,unknown,unknown,unknown,WEDPN8D,WEDPN8D,acetylcholine
31674,19481,AMMC033,AMMC033_L,unknown,L,unknown,cb_intrinsic,unknown,unknown,unknown,unknown,CB3275a,gaba
31811,19602,WED035,WED035_R,unknown,R,unknown,cb_intrinsic,unknown,unknown,unknown,WED035,CB3982,glutamate
31829,19617,WED056,WED056_L,unknown,L,unknown,cb_intrinsic,unknown,unknown,unknown,WED056,WED056,gaba
31844,19629,WEDPN17_a2,WEDPN17_a2_R,unknown,R,unknown,cb_intrinsic,unknown,unknown,unknown,WEDPN17_a,CB2414,acetylcholine
31867,19650,WED026,WED026_L,unknown,L,unknown,cb_intrinsic,unknown,unknown,unknown,WED026,WED026b,gaba
31875,19658,AMMC019,AMMC019_R,unknown,R,unknown,cb_intrinsic,unknown,unknown,unknown,unknown,CB0979b,gaba
31902,19678,WED26,WED26_R,unknown,R,unknown,cb_intrinsic,unknown,unknown,unknown,WED26,WED26b,gaba
31905,19681,WED001,WED001_L,unknown,L,unknown,cb_intrinsic,unknown,unknown,Cachero 2010: aSP-k; Yu 2010: aSP8,WED001,CB2364,gaba
31919,19693,WED004,WED004_R,unknown,R,unknown,cb_intrinsic,unknown,unknown,unknown,WED004,WED004c,acetylcholine
31923,19697,WED128,WED128_L,unknown,L,unknown,cb_intrinsic,unknown,unknown,unknown,WED128,"WED128,WED129",acetylcholine
32020,19785,WED024,WED024_L,unknown,L,unknown,cb_intrinsic,unknown,unknown,unknown,WED024,WED024,gaba
32056,19819,AMMC003,AMMC003_R,unknown,R,unknown,cb_intrinsic,unknown,unknown,unknown,unknown,CB1826,gaba
32117,19874,WED035,WED035_L,unknown,L,unknown,cb_intrinsic,unknown,unknown,unknown,WED035,CB3983,glutamate
32161,19912,WED020_b,WED020_b_R,unknown,R,unknown,cb_intrinsic,unknown,unknown,unknown,WED020_b,WED020_b,acetylcholine
32262,19998,WED026,WED026_L,unknown,L,unknown,cb_intrinsic,unknown,unknown,unknown,WED026,WED026a,gaba
32267,20003,AMMC036,AMMC036_L,unknown,L,unknown,cb_intrinsic,unknown,unknown,unknown,unknown,CB0957,acetylcholine
32268,20004,WED132,WED132_L,unknown,L,unknown,cb_intrinsic,unknown,unknown,unknown,WED132,CB3537,acetylcholine
32352,20080,WED057,WED057_L,unknown,L,unknown,cb_intrinsic,unknown,unknown,unknown,WED057,WED057,gaba
32392,20117,WED057,WED057_R,unknown,R,unknown,cb_intrinsic,unknown,unknown,unknown,WED057,WED057,gaba
32399,20124,WED035,WED035_R,unknown,R,unknown,cb_intrinsic,unknown,unknown,unknown,WED035,CB3982,glutamate
32554,20263,WED26,WED26_R,unknown,R,unknown,cb_intrinsic,unknown,unknown,unknown,WED26,WED26b,gaba
32609,20311,WED030_a,WED030_a_L,unknown,L,unknown,cb_intrinsic,unknown,unknown,unknown,WED030,CB2957,gaba
32615,20317,WED094,WED094_L,unknown,L,unknown,cb_intrinsic,unknown,unknown,unknown,WED094,WED094a,glutamate
32728,20412,WED025,WED025_R,unknown,R,unknown,cb_intrinsic,unknown,unknown,unknown,WED025,WED025,gaba
32742,20423,WEDPN17_c,WEDPN17_c_R,unknown,R,unknown,cb_intrinsic,unknown,unknown,unknown,WEDPN17_c,CB2267_c,acetylcholine
32886,20545,AN10B024,AN10B024_L,unknown,L,unknown,ascending_neuron,unknown,BA,Chen 2023: SS51046,unknown,AN_VES_WED_3,acetylcholine
32918,20573,WED009,WED009_R,unknown,R,unknown,cb_intrinsic,unknown,unknown,unknown,"LAL058,WED009",CB1827,acetylcholine
32979,20628,WED014,WED014_R,unknown,R,unknown,cb_intrinsic,unknown,unknown,unknown,WED014,WED014,gaba
33008,20654,AMMC020,AMMC020_R,unknown,R,unknown,cb_intrinsic,unknown,unknown,unknown,unknown,CB0989,gaba
33009,20655,WED118,WED118_R,unknown,R,unknown,cb_intrinsic,unknown,unknown,unknown,WED118,"CB1484,CB1869",acetylcholine
33072,20710,WED017,WED017_R,unknown,R,unknown,cb_intrinsic,unknown,unknown,unknown,WED017,WED017,acetylcholine
33133,20762,WED163,WED163_R,unknown,R,unknown,cb_intrinsic,unknown,unknown,unknown,WED163,WED163c,acetylcholine
33152,20781,WED042,WED042_R,unknown,R,unknown,cb_intrinsic,unknown,unknown,unknown,WED042,CB1356,acetylcholine
33168,20793,WED057,WED057_L,unknown,L,unknown,cb_intrinsic,unknown,unknown,unknown,WED057,WED057,gaba
33299,20911,WED129,WED129_L,unknown,L,unknown,cb_intrinsic,unknown,unknown,unknown,WED129,WED130a,acetylcholine
33365,20973,WEDPN14,WEDPN14_R,unknown,R,unknown,cb_intrinsic,unknown,unknown,unknown,WEDPN14,WEDPN14,acetylcholine
33402,21007,WED038,WED038_R,unknown,R,unknown,cb_intrinsic,unknown,unknown,unknown,WED038,PLP037a,glutamate
33419,21023,WED042,WED042_R,unknown,R,unknown,cb_intrinsic,unknown,unknown,unknown,WED042,CB4181,acetylcholine
33435,21036,WED001,WED001_R,unknown,R,unknown,cb_intrinsic,unknown,unknown,Cachero 2010: aSP-k; Yu 2010: aSP8,WED001,CB2364,gaba
33636,21213,WEDPN2A,WEDPN2A_L,unknown,L,unknown,cb_intrinsic,unknown,unknown,unknown,WEDPN2A,WEDPN2A,gaba
33657,21230,WEDPN8D,WEDPN8D_L,unknown,L,unknown,cb_intrinsic,unknown,unknown,unknown,WEDPN8D,WEDPN8D,acetylcholine
33709,21276,WED028,WED028_R,unknown,R,unknown,cb_intrinsic,unknown,unknown,unknown,WED028,WED028,gaba
33710,21277,AN10B024,AN10B024_R,unknown,R,unknown,ascending_neuron,unknown,BA,Chen 2023: SS51046,unknown,AN_VES_WED_3,acetylcholine
33991,21528,WED004,WED004_L,unknown,L,unknown,cb_intrinsic,unknown,unknown,unknown,WED004,WED004b,acetylcholine
34046,21576,WED056,WED056_L,unknown,L,unknown,cb_intrinsic,unknown,unknown,unknown,WED056,WED056,gaba
34082,21607,WED001,WED001_R,unknown,R,unknown,cb_intrinsic,unknown,unknown,Cachero 2010: aSP-k; Yu 2010: aSP8,WED001,CB2364,gaba
34093,21615,AMMC018,AMMC018_R,unknown,R,unknown,cb_intrinsic,unknown,unknown,unknown,unknown,CB0979a,gaba
34117,21635,WED26,WED26_L,unknown,L,unknown,cb_intrinsic,unknown,unknown,unknown,WED26,WED26b,gaba
34290,21792,AMMC017,AMMC017_R,unknown,R,unknown,cb_intrinsic,unknown,unknown,unknown,unknown,CB3805,acetylcholine
34311,21811,WED168,WED168_R,unknown,R,unknown,cb_intrinsic,unknown,unknown,unknown,WED168,WED168,acetylcholine
34367,21860,WED151,WED151_R,unknown,R,unknown,cb_intrinsic,unknown,unknown,unknown,WED151,WED151,acetylcholine
34392,21880,SpsP,SpsP(PB16)_L,unknown,L,unknown,cb_intrinsic,CX,unknown,unknown,SpsP,"WED160,WED183",glutamate
34475,21953,WEDPN6A,WEDPN6A_L,unknown,L,unknown,cb_intrinsic,unknown,unknown,unknown,WEDPN6A,WEDPN6A,gaba
34587,22051,WED166_a,WED166_a_L,unknown,L,unknown,cb_intrinsic,unknown,unknown,unknown,WED166_a,CB0345,acetylcholine
34625,22083,WED077,WED077_L,unknown,L,unknown,cb_intrinsic,unknown,unknown,unknown,WED077,"CB0398,CB2417",gaba
34641,22098,WED031,WED031_R,unknown,R,unknown,cb_intrinsic,unknown,unknown,unknown,WED031,WED031b,gaba
34710,22158,WED029,WED029_R,unknown,R,unknown,cb_intrinsic,unknown,unknown,unknown,WED029,WED029,gaba
34959,22378,WED168,WED168_L,unknown,L,unknown,cb_intrinsic,unknown,unknown,unknown,WED168,WED168,acetylcholine
34966,22385,WED089,WED089_R,unknown,R,unknown,cb_intrinsic,unknown,unknown,unknown,WED089,WED089,acetylcholine
35040,22451,WED057,WED057_L,unknown,L,unknown,cb_intrinsic,unknown,unknown,unknown,WED057,WED057,gaba
35056,22466,WED034,WED034_R,unknown,R,unknown,cb_intrinsic,unknown,unknown,unknown,WED034,CB3982,glutamate
35062,22471,WED030_a,WED030_a_R,unknown,R,unknown,cb_intrinsic,unknown,unknown,unknown,WED030,CB2957,gaba
35123,22525,WED020_b,WED020_b_R,unknown,R,unknown,cb_intrinsic,unknown,unknown,unknown,WED020_b,WED020_b,acetylcholine
35128,22530,WED057,WED057_L,unknown,L,unknown,cb_intrinsic,unknown,unknown,unknown,WED057,WED057,gaba
35168,22564,WED095,WED095_L,unknown,L,unknown,cb_intrinsic,unknown,unknown,unknown,WED095,WED095,glutamate
35238,22629,AMMC016,AMMC016_R,unknown,R,unknown,cb_intrinsic,unknown,unknown,unknown,unknown,CB2313,acetylcholine
35415,22784,WED201,WED201_L,unknown,L,unknown,cb_intrinsic,unknown,unknown,unknown,unknown,CB1439,gaba
35516,22875,WED034,WED034_R,unknown,R,unknown,cb_intrinsic,unknown,unknown,unknown,WED034,CB3982,glutamate
35518,22877,WED145,WED145_L,unknown,L,unknown,cb_intrinsic,unknown,unknown,unknown,WED145,WED145c,acetylcholine
35520,22879,WEDPN8B,WEDPN8B_L,unknown,L,unknown,cb_intrinsic,unknown,unknown,unknown,WEDPN8B,WEDPN8B,acetylcholine
35558,22914,WED057,WED057_L,unknown,L,unknown,cb_intrinsic,unknown,unknown,unknown,WED057,WED057,gaba
35588,22939,SpsP,SpsP(PB16)_L,unknown,L,unknown,cb_intrinsic,CX,unknown,unknown,SpsP,"WED160,WED183",glutamate
35625,22973,AMMC018,AMMC018_R,unknown,R,unknown,cb_intrinsic,unknown,unknown,unknown,unknown,CB0979a,gaba
35694,23036,WED001,WED001_R,unknown,R,unknown,cb_intrinsic,unknown,unknown,Cachero 2010: aSP-k; Yu 2010: aSP8,WED001,CB2364,gaba
35748,23082,WED091,WED091_L,unknown,L,unknown,cb_intrinsic,unknown,unknown,unknown,WED092,WED091,acetylcholine
35850,23174,WED065,WED065_L,unknown,L,unknown,cb_intrinsic,unknown,unknown,unknown,WED065,CB1206,acetylcholine
35919,23234,WED024,WED024_R,unknown,R,unknown,cb_intrinsic,unknown,unknown,unknown,WED024,WED024,gaba
36234,23513,WED057,WED057_R,unknown,R,unknown,cb_intrinsic,unknown,unknown,unknown,WED057,WED057,gaba
36276,23552,WED057,WED057_L,unknown,L,unknown,cb_intrinsic,unknown,unknown,unknown,WED057,WED057,gaba
36303,23577,WED201,WED201_R,unknown,R,unknown,cb_intrinsic,unknown,unknown,unknown,unknown,CB1439,gaba
36479,23733,WED096,WED096_L,unknown,L,unknown,cb_intrinsic,unknown,unknown,unknown,WED096,WED096a,glutamate
36569,23810,WEDPN8C,WEDPN8C_L,unknown,L,unknown,cb_intrinsic,unknown,unknown,unknown,WEDPN8C,CB2710,acetylcholine
36582,23821,WED004,WED004_L,unknown,L,unknown,cb_intrinsic,unknown,unknown,unknown,WED004,WED004c,acetylcholine
36621,23854,WED032,WED032_L,unknown,L,unknown,cb_intrinsic,unknown,unknown,unknown,WED032,WED032,gaba
36642,23873,WED033,WED033_L,unknown,L,unknown,cb_intrinsic,unknown,unknown,unknown,WED033,WED033,gaba
36739,23958,WED031,WED031_R,unknown,R,unknown,cb_intrinsic,unknown,unknown,unknown,WED031,WED031a,gaba
36918,24112,WED075,WED075_R,unknown,R,unknown,cb_intrinsic,unknown,unknown,unknown,WED075,WED075,gaba
36947,24140,WED102,WED102_L,unknown,L,unknown,cb_intrinsic,unknown,unknown,unknown,WED102,WED102,glutamate
37110,24284,WEDPN17_c,WEDPN17_c_R,unknown,R,unknown,cb_intrinsic,unknown,unknown,unknown,WEDPN17_c,CB2267_c,acetylcholine
37134,24307,WED057,WED057_R,unknown,R,unknown,cb_intrinsic,unknown,unknown,unknown,WED057,WED057,gaba
37148,24321,WED010,WED010_L,unknown,L,unknown,cb_intrinsic,unknown,unknown,unknown,WED010,CB2192,acetylcholine
37152,24325,WED025,WED025_L,unknown,L,unknown,cb_intrinsic,unknown,unknown,unknown,WED025,WED025,gaba
37221,24384,WED057,WED057_R,unknown,R,unknown,cb_intrinsic,unknown,unknown,unknown,WED057,WED057,gaba
37338,24486,WED042,WED042_L,unknown,L,unknown,cb_intrinsic,unknown,unknown,unknown,WED042,CB4181,acetylcholine
37363,24506,AN07B035,AN07B035_R,unknown,R,unknown,ascending_neuron,unknown,BA,unknown,unknown,AN_IPS_WED_1,acetylcholine
37380,24522,AMMC016,AMMC016_L,unknown,L,unknown,cb_intrinsic,unknown,unknown,unknown,unknown,CB2313,acetylcholine
37426,24561,WED201,WED201_R,unknown,R,unknown,cb_intrinsic,unknown,unknown,unknown,unknown,CB1439,gaba
37446,24580,WED034,WED034_L,unknown,L,unknown,cb_intrinsic,unknown,unknown,unknown,WED034,CB3983,glutamate
37549,24671,WED153,WED153_R,unknown,R,unknown,cb_intrinsic,unknown,unknown,unknown,WED153,WED153,acetylcholine
37589,24706,WED031,WED031_L,unknown,L,unknown,cb_intrinsic,unknown,unknown,unknown,WED031,WED031a,gaba
37593,24710,WED037,WED037_R,unknown,R,unknown,cb_intrinsic,unknown,unknown,unknown,WED037,WED037,glutamate
37608,24724,WEDPN6A,WEDPN6A_R,unknown,R,unknown,cb_intrinsic,unknown,unknown,unknown,WEDPN6A,WEDPN6A,gaba
37808,24896,WED161,WED161_R,unknown,R,unknown,cb_intrinsic,unknown,unknown,unknown,unknown,WED161,acetylcholine
37859,24942,WED128,WED128_L,unknown,L,unknown,cb_intrinsic,unknown,unknown,unknown,WED128,"WED128,WED129",acetylcholine
37880,24961,WEDPN6B,WEDPN6B_R,unknown,R,unknown,cb_intrinsic,unknown,unknown,unknown,WEDPN6B,CB3944,gaba
37884,24965,WED042,WED042_R,unknown,R,unknown,cb_intrinsic,unknown,unknown,unknown,WED042,CB4181,acetylcholine
37912,24990,WEDPN18,WEDPN18_R,unknown,R,unknown,cb_intrinsic,unknown,unknown,unknown,WEDPN18,CB2778,acetylcholine
37949,25026,WEDPN7C,WEDPN7C_R,unknown,R,unknown,cb_intrinsic,unknown,unknown,unknown,WEDPN7C,CB2778,acetylcholine
37955,25032,WED056,WED056_R,unknown,R,unknown,cb_intrinsic,unknown,unknown,unknown,WED056,WED056,gaba
37977,25052,WED001,WED001_L,unknown,L,unknown,cb_intrinsic,unknown,unknown,Cachero 2010: aSP-k; Yu 2010: aSP8,WED001,CB2364,gaba
38093,25150,AMMC003,AMMC003_L,unknown,L,unknown,cb_intrinsic,unknown,unknown,unknown,unknown,CB1826,gaba
38124,25179,WED146_c,WED146_c_L,unknown,L,unknown,cb_intrinsic,unknown,unknown,unknown,WED146,WED146b,acetylcholine
38134,25188,WED035,WED035_L,unknown,L,unknown,cb_intrinsic,unknown,unknown,unknown,WED035,CB3982,glutamate
38145,25199,WED153,WED153_R,unknown,R,unknown,cb_intrinsic,unknown,unknown,unknown,WED153,WED153,acetylcholine
38146,25200,CB1464,CB1464_L,unknown,L,unknown,cb_intrinsic,unknown,unknown,unknown,"WED135,WED136",CB1464,acetylcholine
38260,25304,WED030_b,WED030_b_R,unknown,R,unknown,cb_intrinsic,unknown,unknown,unknown,WED030,CB2203,gaba
38593,25595,AMMC019,AMMC019_R,unknown,R,unknown,cb_intrinsic,unknown,unknown,unknown,unknown,CB0979b,gaba
38597,25597,AMMC020,AMMC020_R,unknown,R,unknown,cb_intrinsic,unknown,unknown,unknown,unknown,CB0989,gaba
38627,25622,WED026,WED026_R,unknown,R,unknown,cb_intrinsic,unknown,unknown,unknown,WED026,WED026b,gaba
38630,25625,WEDPN6A,WEDPN6A_R,unknown,R,unknown,cb_intrinsic,unknown,unknown,unknown,WEDPN6A,WEDPN6A,gaba
38694,25681,WED035,WED035_R,unknown,R,unknown,cb_intrinsic,unknown,unknown,unknown,WED035,CB3983,glutamate
38733,25712,AMMC025,AMMC025_L,unknown,L,unknown,cb_intrinsic,unknown,unknown,unknown,unknown,CB1978,gaba
38808,25784,unknown,38808_R,unknown,R,unknown,cb_intrinsic,unknown,unknown,unknown,unknown,"WED144a,CB3195",acetylcholine
38822,25795,AMMC016,AMMC016_R,unknown,R,unknown,cb_intrinsic,unknown,unknown,unknown,unknown,CB2313,acetylcholine
38840,25810,WED030_b,WED030_b_L,unknown,L,unknown,cb_intrinsic,unknown,unknown,unknown,WED030,CB1754,gaba
38879,25845,WED040_a,WED040_a_R,unknown,R,unknown,cb_intrinsic,unknown,unknown,unknown,WED040_a,CB2190,glutamate
39044,25993,WED040_a,WED040_a_R,unknown,R,unknown,cb_intrinsic,unknown,unknown,unknown,WED040_a,CB2190,glutamate
39089,26029,WED129,WED129_R,unknown,R,unknown,cb_intrinsic,unknown,unknown,unknown,WED129,WED130a,acetylcholine
39119,26056,AMMC004,AMMC004_L,unknown,L,unknown,cb_intrinsic,unknown,unknown,unknown,unknown,CB0978,gaba
39134,26067,WED057,WED057_L,unknown,L,unknown,cb_intrinsic,unknown,unknown,unknown,WED057,WED057,gaba
39247,26165,WED015,WED015_L,unknown,L,unknown,cb_intrinsic,unknown,unknown,unknown,WED015,WED015a,gaba
39396,26300,WED168,WED168_L,unknown,L,unknown,cb_intrinsic,unknown,unknown,unknown,WED168,WED168,acetylcholine
39426,26326,WED164,WED164_R,unknown,R,unknown,cb_intrinsic,unknown,unknown,unknown,WED164,WED164b,acetylcholine
39431,26331,AMMC004,AMMC004_L,unknown,L,unknown,cb_intrinsic,unknown,unknown,unknown,unknown,CB0978,gaba
39488,26382,WEDPN6A,WEDPN6A_R,unknown,R,unknown,cb_intrinsic,unknown,unknown,unknown,WEDPN6A,WEDPN6A,gaba
39562,26451,AMMC025,AMMC025_L,unknown,L,unknown,cb_intrinsic,unknown,unknown,unknown,unknown,CB1978,gaba
39668,26548,WEDPN6A,WEDPN6A_L,unknown,L,unknown,cb_intrinsic,unknown,unknown,unknown,WEDPN6A,WEDPN6A,gaba
39815,26683,AMMC016,AMMC016_L,unknown,L,unknown,cb_intrinsic,unknown,unknown,unknown,unknown,CB2313,acetylcholine
39963,26808,AMMC015,AMMC015_R,unknown,R,unknown,cb_intrinsic,unknown,unknown,unknown,unknown,CB1098,gaba
40039,26876,WED155,WED155_R,unknown,R,unknown,cb_intrinsic,unknown,unknown,unknown,WED155,WED155a,acetylcholine
40047,26882,WED009,WED009_R,unknown,R,unknown,cb_intrinsic,unknown,unknown,unknown,"LAL058,WED009",CB1827,acetylcholine
40146,26968,WED032,WED032_L,unknown,L,unknown,cb_intrinsic,unknown,unknown,unknown,WED032,WED032,gaba
40234,27045,WED161,WED161_R,unknown,R,unknown,cb_intrinsic,unknown,unknown,unknown,WED161_b,WED161,acetylcholine
40368,27162,WEDPN6B,WEDPN6B_R,unknown,R,unknown,cb_intrinsic,unknown,unknown,unknown,WEDPN6B,CB3943,gaba
40404,27193,WED040_a,WED040_a_L,unknown,L,unknown,cb_intrinsic,unknown,unknown,unknown,WED040_a,CB2190,glutamate
40408,27197,WED026,WED026_R,unknown,R,unknown,cb_intrinsic,unknown,unknown,unknown,WED026,WED026a,gaba
40444,27228,WEDPN6A,WEDPN6A_R,unknown,R,unknown,cb_intrinsic,unknown,unknown,unknown,WEDPN6A,WEDPN6A,gaba
40456,27236,WED010,WED010_R,unknown,R,unknown,cb_intrinsic,unknown,unknown,unknown,WED010,WED010,acetylcholine
40660,27414,WED201,WED201_L,unknown,L,unknown,cb_intrinsic,unknown,unknown,unknown,unknown,CB1439,gaba
41090,27806,WED096,WED096_R,unknown,R,unknown,cb_intrinsic,unknown,unknown,unknown,WED096,WED096a,glutamate
41107,27823,AN07B035,AN07B035_L,unknown,L,unknown,ascending_neuron,unknown,BA,unknown,unknown,AN_IPS_WED_1,acetylcholine
41179,27888,unknown,16532_L,unknown,L,unknown,cb_intrinsic,unknown,unknown,unknown,unknown,"WED144a,CB3195",acetylcholine
41218,27920,WED042,WED042_L,unknown,L,unknown,cb_intrinsic,unknown,unknown,unknown,WED042,CB4181,acetylcholine
41242,27942,WED030_b,WED030_b_R,unknown,R,unknown,cb_intrinsic,unknown,unknown,unknown,WED030,CB1754,gaba
41258,27953,WEDPN17_c,WEDPN17_c_R,unknown,R,unknown,cb_intrinsic,unknown,unknown,unknown,WEDPN17_c,CB2267_c,acetylcholine
41357,28041,WEDPN7B,WEDPN7B_R,unknown,R,unknown,cb_intrinsic,unknown,unknown,unknown,WEDPN7B,WEDPN7Ba,acetylcholine
41366,28049,WED001,WED001_L,unknown,L,unknown,cb_intrinsic,unknown,unknown,Cachero 2010: aSP-k; Yu 2010: aSP8,WED001,CB2364,gaba
41608,28261,WEDPN6B,WEDPN6B_L,unknown,L,unknown,cb_intrinsic,unknown,unknown,unknown,WEDPN6B,CB3943,gaba
41642,28293,WED015,WED015_R,unknown,R,unknown,cb_intrinsic,unknown,unknown,unknown,WED015,WED015a,gaba
41887,28507,WED167,WED167_R,unknown,R,unknown,cb_intrinsic,unknown,unknown,unknown,WED167,CB1433,acetylcholine
41888,28508,WEDPN7C,WEDPN7C_R,unknown,R,unknown,cb_intrinsic,unknown,unknown,unknown,WEDPN7C,WEDPN7C,acetylcholine
42061,28657,AMMC018,AMMC018_L,unknown,L,unknown,cb_intrinsic,unknown,unknown,unknown,unknown,CB0979a,gaba
42099,28692,AMMC007,AMMC007_L,unknown,L,unknown,cb_intrinsic,unknown,unknown,unknown,unknown,CB0958a,glutamate
42135,28725,WEDPN7B,WEDPN7B_R,unknown,R,unknown,cb_intrinsic,unknown,unknown,unknown,WEDPN7B,WEDPN7Bb,acetylcholine
42306,28883,LAL064,LAL064_R,unknown,R,unknown,cb_intrinsic,unknown,unknown,unknown,WEDPN7C,LAL064,acetylcholine
42334,28910,WED029,WED029_R,unknown,R,unknown,cb_intrinsic,unknown,unknown,unknown,WED029,WED029,gaba
42381,28952,WED037,WED037_R,unknown,R,unknown,cb_intrinsic,unknown,unknown,unknown,WED037,WED037,glutamate
42540,29087,WEDPN17_c,WEDPN17_c_R,unknown,R,unknown,cb_intrinsic,unknown,unknown,unknown,WEDPN17_c,CB2267_c,acetylcholine
42570,29114,AMMC005,AMMC005_R,unknown,R,unknown,cb_intrinsic,unknown,unknown,unknown,unknown,CB0958c,glutamate
42589,29131,WED030_b,WED030_b_R,unknown,R,unknown,cb_intrinsic,unknown,unknown,unknown,WED030,CB1754,gaba
42848,29352,AMMC015,AMMC015_L,unknown,L,unknown,cb_intrinsic,unknown,unknown,unknown,unknown,CB1098,gaba
42932,29427,LAL064,LAL064_L,unknown,L,unknown,cb_intrinsic,unknown,unknown,unknown,WEDPN7C,LAL064,acetylcholine
42965,29451,WEDPN7A,WEDPN7A_R,unknown,R,unknown,cb_intrinsic,unknown,unknown,unknown,WEDPN7A,CB2924,acetylcholine
43121,29587,WED032,WED032_R,unknown,R,unknown,cb_intrinsic,unknown,unknown,unknown,WED032,WED032,gaba
43273,29722,WED143_c,WED143_c_L,unknown,L,unknown,cb_intrinsic,unknown,unknown,unknown,WED143,CB1046,acetylcholine
43290,29739,WED030_a,WED030_a_R,unknown,R,unknown,cb_intrinsic,unknown,unknown,unknown,WED030,CB2957,gaba
43350,29791,WED26,WED26_L,unknown,L,unknown,cb_intrinsic,unknown,unknown,unknown,WED26,WED26b,gaba
43505,29933,WED155,WED155_R,unknown,R,unknown,cb_intrinsic,unknown,unknown,unknown,WED155,WED155a,acetylcholine
43586,30005,WED198,WED198_R,unknown,R,unknown,cb_intrinsic,unknown,unknown,unknown,unknown,CB4144,gaba
43644,30052,WED040_a,WED040_a_R,unknown,R,unknown,cb_intrinsic,unknown,unknown,unknown,WED040_a,CB2190,glutamate
43695,30096,WED167,WED167_R,unknown,R,unknown,cb_intrinsic,unknown,unknown,unknown,WED167,CB1751,acetylcholine
43959,30325,WED028,WED028_L,unknown,L,unknown,cb_intrinsic,unknown,unknown,unknown,WED028,WED028,gaba
44003,30364,WED030_a,WED030_a_R,unknown,R,unknown,cb_intrinsic,unknown,unknown,unknown,WED030,CB2957,gaba
44005,30366,WED020_a,WED020_a_R,unknown,R,unknown,cb_intrinsic,unknown,unknown,unknown,WED020_a,CB1202,acetylcholine
44199,30536,WED143_b,WED143_b_R,unknown,R,unknown,cb_intrinsic,unknown,unknown,unknown,WED143,CB1283,acetylcholine
44273,30603,WED039,WED039_R,unknown,R,unknown,cb_intrinsic,unknown,unknown,unknown,WED039,WED039,glutamate
44313,30641,WED033,WED033_L,unknown,L,unknown,cb_intrinsic,unknown,unknown,unknown,WED033,WED033,gaba
44325,30653,WED095,WED095_R,unknown,R,unknown,cb_intrinsic,unknown,unknown,unknown,WED095,WED095,glutamate
44432,30744,WED004,WED004_R,unknown,R,unknown,cb_intrinsic,unknown,unknown,unknown,WED004,WED004c,acetylcholine
44484,30792,WEDPN17_a1,WEDPN17_a1_R,unknown,R,unknown,cb_intrinsic,unknown,unknown,unknown,WEDPN17_a,CB2267_b,acetylcholine
44785,31056,WED002,WED002_R,unknown,R,unknown,cb_intrinsic,unknown,unknown,unknown,WED002,WED002,acetylcholine
44823,31090,AMMC006,AMMC006_R,unknown,R,unknown,cb_intrinsic,unknown,unknown,unknown,unknown,CB0958b,glutamate
44865,31124,WED099,WED099_L,unknown,L,unknown,cb_intrinsic,unknown,unknown,unknown,WED099,WED099,glutamate
45130,31354,WED129,WED129_L,unknown,L,unknown,cb_intrinsic,unknown,unknown,unknown,WED129,WED130a,acetylcholine
45279,31480,AMMC018,AMMC018_R,unknown,R,unknown,cb_intrinsic,unknown,unknown,unknown,unknown,CB0979a,gaba
45404,31587,WEDPN14,WEDPN14_R,unknown,R,unknown,cb_intrinsic,unknown,unknown,unknown,WEDPN14,WEDPN14,acetylcholine
45682,31838,WED039,WED039_R,unknown,R,unknown,cb_intrinsic,unknown,unknown,unknown,WED039,WED039,glutamate
45694,31850,AMMC036,AMMC036_L,unknown,L,unknown,cb_intrinsic,unknown,unknown,unknown,unknown,CB0957,acetylcholine
45732,31881,WED038,WED038_L,unknown,L,unknown,cb_intrinsic,unknown,unknown,unknown,WED038,WED038a,glutamate
45905,32032,WEDPN17_a1,WEDPN17_a1_R,unknown,R,unknown,cb_intrinsic,unknown,unknown,unknown,WEDPN17_a,CB2267_a,acetylcholine
45979,32098,WED040_a,WED040_a_L,unknown,L,unknown,cb_intrinsic,unknown,unknown,unknown,WED040_a,CB2190,glutamate
46003,32119,WED072,WED072_L,unknown,L,unknown,cb_intrinsic,unknown,unknown,unknown,WED072,WED072,acetylcholine
46026,32141,WED163,WED163_R,unknown,R,unknown,cb_intrinsic,unknown,unknown,unknown,WED163,WED163a,acetylcholine
46152,32251,WED128,WED128_R,unknown,R,unknown,cb_intrinsic,unknown,unknown,unknown,WED128,"WED128,WED129",acetylcholine
46194,32291,WEDPN8C,WEDPN8C_L,unknown,L,unknown,cb_intrinsic,unknown,unknown,unknown,WEDPN8C,CB2710,acetylcholine
46199,32295,WEDPN17_b,WEDPN17_b_R,unknown,R,unknown,cb_intrinsic,unknown,unknown,unknown,unknown,CB2267_b,acetylcholine
46366,32440,WED077,WED077_R,unknown,R,unknown,cb_intrinsic,unknown,unknown,unknown,WED077,"CB0398,CB2417",gaba
46376,32448,AN17B002,AN17B002_L,unknown,L,unknown,ascending_neuron,unknown,BA,unknown,unknown,AN_GNG_AMMC_1,gaba
46513,32568,WED146_b,WED146_b_R,unknown,R,unknown,cb_intrinsic,unknown,unknown,unknown,WED146,WED146b,acetylcholine
46778,32797,AMMC005,AMMC005_R,unknown,R,unknown,cb_intrinsic,unknown,unknown,unknown,unknown,CB0958c,glutamate
46792,32810,WED038,WED038_R,unknown,R,unknown,cb_intrinsic,unknown,unknown,unknown,WED038,WED038a,glutamate
46797,32815,WED098,WED098_R,unknown,R,unknown,cb_intrinsic,unknown,unknown,unknown,WED098,WED098,glutamate
46821,32834,WED168,WED168_R,unknown,R,unknown,cb_intrinsic,unknown,unknown,unknown,WED168,WED168,acetylcholine
46929,32925,WEDPN17_a2,WEDPN17_a2_L,unknown,L,unknown,cb_intrinsic,unknown,unknown,unknown,WEDPN17_a,CB2414,acetylcholine
46990,32977,AMMC018,AMMC018_L,unknown,L,unknown,cb_intrinsic,unknown,unknown,unknown,unknown,CB0979a,gaba
47175,33142,WED040_a,WED040_a_R,unknown,R,unknown,cb_intrinsic,unknown,unknown,unknown,WED040_a,CB2190,glutamate
47405,33341,WED162,WED162_R,unknown,R,unknown,cb_intrinsic,unknown,unknown,unknown,WED162,WED162,acetylcholine
47421,33354,AMMC018,AMMC018_R,unknown,R,unknown,cb_intrinsic,unknown,unknown,unknown,unknown,CB0979a,gaba
47517,33441,AMMC006,AMMC006_R,unknown,R,unknown,cb_intrinsic,unknown,unknown,unknown,unknown,CB0958b,glutamate
47523,33446,WED094,WED094_R,unknown,R,unknown,cb_intrinsic,unknown,unknown,unknown,WED094,WED094a,glutamate
47553,33471,WED040_a,WED040_a_R,unknown,R,unknown,cb_intrinsic,unknown,unknown,unknown,WED040_a,CB1176,glutamate
47593,33504,WED166_d,WED166_d_L,unknown,L,unknown,cb_intrinsic,unknown,unknown,unknown,"WED166_c,WED027","WED166_c,WED027",acetylcholine
47856,33727,AMMC018,AMMC018_L,unknown,L,unknown,cb_intrinsic,unknown,unknown,unknown,unknown,CB0979a,gaba
48158,33990,AMMC007,AMMC007_R,unknown,R,unknown,cb_intrinsic,unknown,unknown,unknown,unknown,CB0958a,glutamate
48236,34059,AMMC005,AMMC005_L,unknown,L,unknown,cb_intrinsic,unknown,unknown,unknown,unknown,CB0958c,glutamate
48252,34071,WED162,WED162_L,unknown,L,unknown,cb_intrinsic,unknown,unknown,unknown,WED162,WED162,acetylcholine
48544,34330,WED164,WED164_R,unknown,R,unknown,cb_intrinsic,unknown,unknown,unknown,WED164,WED164b,acetylcholine
48637,34414,WED032,WED032_R,unknown,R,unknown,cb_intrinsic,unknown,unknown,unknown,WED032,WED032,gaba
48638,34415,WED167,WED167_R,unknown,R,unknown,cb_intrinsic,unknown,unknown,unknown,WED167,CB1433,acetylcholine
48649,34426,WEDPN7C,WEDPN7C_L,unknown,L,unknown,cb_intrinsic,unknown,unknown,unknown,WEDPN7C,CB2778,acetylcholine
48879,34619,WEDPN17_b,WEDPN17_b_R,unknown,R,unknown,cb_intrinsic,unknown,unknown,unknown,unknown,CB2267_b,acetylcholine
48881,34620,WED042,WED042_L,unknown,L,unknown,cb_intrinsic,unknown,unknown,unknown,WED042,CB4181,acetylcholine
48914,34649,WED011,WED011_L,unknown,L,unknown,cb_intrinsic,unknown,unknown,unknown,WED011,WED011,acetylcholine
48984,34705,WED198,WED198_L,unknown,L,unknown,cb_intrinsic,unknown,unknown,unknown,unknown,CB4144,gaba
49021,34733,WED159,WED159_R,unknown,R,unknown,cb_intrinsic,unknown,unknown,unknown,unknown,CB2397,acetylcholine
49138,34834,AMMC006,AMMC006_R,unknown,R,unknown,cb_intrinsic,unknown,unknown,unknown,unknown,CB0958b,glutamate
49151,34844,WED085,WED085_R,unknown,R,unknown,cb_intrinsic,unknown,unknown,unknown,WED085,"CB3888,WED085",gaba
49185,34870,WED009,WED009_L,unknown,L,unknown,cb_intrinsic,unknown,unknown,unknown,"LAL058,WED009",CB1827,acetylcholine
49309,34981,WED168,WED168_L,unknown,L,unknown,cb_intrinsic,unknown,unknown,unknown,WED168,WED168,acetylcholine
49573,35213,WED164,WED164_L,unknown,L,unknown,cb_intrinsic,unknown,unknown,unknown,WED164,WED164b,acetylcholine
49576,35216,WED143_d,WED143_d_L,unknown,L,unknown,cb_intrinsic,unknown,unknown,unknown,WED143,"CB1492,CB2137",acetylcholine
49626,35259,WED166_d,WED166_d_L,unknown,L,unknown,cb_intrinsic,unknown,unknown,unknown,"WED166_c,WED027","WED166_c,WED027",acetylcholine
50111,35680,WED163,WED163_L,unknown,L,unknown,cb_intrinsic,unknown,unknown,unknown,WED163,WED163a,acetylcholine
50338,35867,WEDPN8C,WEDPN8C_R,unknown,R,unknown,cb_intrinsic,unknown,unknown,unknown,WEDPN8C,CB2710,acetylcholine
50417,35935,WEDPN7A,WEDPN7A_R,unknown,R,unknown,cb_intrinsic,unknown,unknown,unknown,WEDPN7A,CB2925,acetylcholine
50536,36036,CB1464,CB1464_R,unknown,R,unknown,cb_intrinsic,unknown,unknown,unknown,"WED135,WED136",CB1464,acetylcholine
50726,36206,AMMC005,AMMC005_R,unknown,R,unknown,cb_intrinsic,unknown,unknown,unknown,unknown,CB0958c,glutamate
50833,36299,WED030_b,WED030_b_R,unknown,R,unknown,cb_intrinsic,unknown,unknown,unknown,WED030,CB1754,gaba
50996,36442,WEDPN7A,WEDPN7A_R,unknown,R,unknown,cb_intrinsic,unknown,unknown,unknown,WEDPN7A,CB2924,acetylcholine
51094,36525,WED032,WED032_L,unknown,L,unknown,cb_intrinsic,unknown,unknown,unknown,WED032,WED032,gaba
51209,36621,WEDPN6C,WEDPN6C_R,unknown,R,unknown,cb_intrinsic,unknown,unknown,unknown,WEDPN6C,CB3942,gaba
51344,36737,WED030_a,WED030_a_L,unknown,L,unknown,cb_intrinsic,unknown,unknown,unknown,WED030,CB2834,gaba
51487,36860,WED151,WED151_L,unknown,L,unknown,cb_intrinsic,unknown,unknown,unknown,WED151,WED151,acetylcholine
51514,36881,WEDPN6B,WEDPN6B_R,unknown,R,unknown,cb_intrinsic,unknown,unknown,unknown,WEDPN6B,CB3943,gaba
51682,37019,WED033,WED033_R,unknown,R,unknown,cb_intrinsic,unknown,unknown,unknown,WED033,WED033,gaba
51764,37087,WED030_a,WED030_a_R,unknown,R,unknown,cb_intrinsic,unknown,unknown,unknown,WED030,CB2834,gaba
52024,37309,WED157,WED157_L,unknown,L,unknown,cb_intrinsic,unknown,unknown,unknown,WED157,CB2826,acetylcholine
52426,37645,WED157,WED157_R,unknown,R,unknown,cb_intrinsic,unknown,unknown,unknown,WED157,CB2933,acetylcholine
52468,37683,WEDPN8D,WEDPN8D_L,unknown,L,unknown,cb_intrinsic,unknown,unknown,unknown,WEDPN8D,WEDPN8D,acetylcholine
52478,37693,AMMC036,AMMC036_R,unknown,R,unknown,cb_intrinsic,unknown,unknown,unknown,unknown,CB0957,acetylcholine
52637,37835,WED154,WED154_R,unknown,R,unknown,cb_intrinsic,unknown,unknown,unknown,WED154,WED155b,acetylcholine
52805,37978,WED010,WED010_L,unknown,L,unknown,cb_intrinsic,unknown,unknown,unknown,WED010,WED010,acetylcholine
52931,38087,AMMC019,AMMC019_L,unknown,L,unknown,cb_intrinsic,unknown,unknown,unknown,unknown,CB0979b,gaba
52982,38128,WED010,WED010_R,unknown,R,unknown,cb_intrinsic,unknown,unknown,unknown,WED010,WED010,acetylcholine
52991,38136,WED166_d,WED166_d_L,unknown,L,unknown,cb_intrinsic,unknown,unknown,unknown,"WED166_c,WED027","WED166_c,WED027",acetylcholine
53540,38612,WED040_c,WED040_c_R,unknown,R,unknown,cb_intrinsic,unknown,unknown,unknown,WED040_c,WED040,glutamate
53639,38691,WED033,WED033_R,unknown,R,unknown,cb_intrinsic,unknown,unknown,unknown,WED033,WED033,gaba
53750,38791,WED014,WED014_L,unknown,L,unknown,cb_intrinsic,unknown,unknown,unknown,WED014,WED014,gaba
53858,38886,WED128,WED128_R,unknown,R,unknown,cb_intrinsic,unknown,unknown,unknown,WED128,"WED128,WED129",acetylcholine
53859,38887,WED168,WED168_L,unknown,L,unknown,cb_intrinsic,unknown,unknown,unknown,WED168,WED168,acetylcholine
53884,38910,WED096,WED096_L,unknown,L,unknown,cb_intrinsic,unknown,unknown,unknown,WED096,WED096b,glutamate
53951,38969,CB1464,CB1464_R,unknown,R,unknown,cb_intrinsic,unknown,unknown,unknown,"WED135,WED136",CB1464,acetylcholine
53958,38976,WED030_a,WED030_a_L,unknown,L,unknown,cb_intrinsic,unknown,unknown,unknown,WED030,CB2834,gaba
54303,39278,WED038,WED038_L,unknown,L,unknown,cb_intrinsic,unknown,unknown,unknown,WED038,WED038a,glutamate
54462,39418,WED128,WED128_L,unknown,L,unknown,cb_intrinsic,unknown,unknown,unknown,WED128,"WED128,WED129",acetylcholine
54739,39649,WED164,WED164_R,unknown,R,unknown,cb_intrinsic,unknown,unknown,unknown,WED164,WED164b,acetylcholine
54920,39803,WED026,WED026_R,unknown,R,unknown,cb_intrinsic,unknown,unknown,unknown,WED026,WED026b,gaba
54925,39808,WED038,WED038_R,unknown,R,unknown,cb_intrinsic,unknown,unknown,unknown,WED038,WED038a,glutamate
55124,39987,SpsP,SpsP(PB16)_R,unknown,R,unknown,cb_intrinsic,CX,unknown,unknown,SpsP,"WED160,WED183",glutamate
55258,40094,WED128,WED128_L,unknown,L,unknown,cb_intrinsic,unknown,unknown,unknown,WED128,"WED128,WED129",acetylcholine
55410,40219,WEDPN17_c,WEDPN17_c_L,unknown,L,unknown,cb_intrinsic,unknown,unknown,unknown,WEDPN17_c,CB2267_c,acetylcholine
55793,40548,WED037,WED037_R,unknown,R,unknown,cb_intrinsic,unknown,unknown,unknown,WED037,WED037,glutamate
55794,40549,WED101,WED101_R,unknown,R,unknown,cb_intrinsic,unknown,unknown,unknown,WED101,WED101,glutamate
55852,40597,WED037,WED037_R,unknown,R,unknown,cb_intrinsic,unknown,unknown,unknown,WED037,WED037,glutamate
55967,40693,WED030_a,WED030_a_R,unknown,R,unknown,cb_intrinsic,unknown,unknown,unknown,WED030,CB2834,gaba
56077,40786,CB1464,CB1464_R,unknown,R,unknown,cb_intrinsic,unknown,unknown,unknown,"WED135,WED136",CB1464,acetylcholine
56196,40890,WED078,WED078_L,unknown,L,unknown,cb_intrinsic,unknown,unknown,unknown,WED078,"CB0398,CB2417",gaba
56362,41031,WED033,WED033_R,unknown,R,unknown,cb_intrinsic,unknown,unknown,unknown,WED033,WED033,gaba
56455,41103,WED152,WED152_L,unknown,L,unknown,cb_intrinsic,unknown,unknown,unknown,WED152,WED152,acetylcholine
56708,41311,WED163,WED163_R,unknown,R,unknown,cb_intrinsic,unknown,unknown,unknown,WED163,WED163c,acetylcholine
56882,41454,AMMC002,AMMC002_R,unknown,R,unknown,cb_intrinsic,unknown,unknown,unknown,unknown,CB2149,gaba
57074,41617,WED041,WED041_R,unknown,R,unknown,cb_intrinsic,unknown,unknown,unknown,WED041,WED041a,glutamate
57076,41619,WEDPN7C,WEDPN7C_L,unknown,L,unknown,cb_intrinsic,unknown,unknown,unknown,WEDPN7C,WEDPN7C,acetylcholine
57149,41679,WED032,WED032_R,unknown,R,unknown,cb_intrinsic,unknown,unknown,unknown,WED032,WED032,gaba
57330,41830,WED162,WED162_L,unknown,L,unknown,cb_intrinsic,unknown,unknown,unknown,WED162,WED162,acetylcholine
57342,41841,WEDPN17_a1,WEDPN17_a1_L,unknown,L,unknown,cb_intrinsic,unknown,unknown,unknown,WEDPN17_a,CB2267_a,acetylcholine
57522,41990,WED033,WED033_R,unknown,R,unknown,cb_intrinsic,unknown,unknown,unknown,WED033,WED033,gaba
57578,42039,CB1464,CB1464_L,unknown,L,unknown,cb_intrinsic,unknown,unknown,unknown,"WED135,WED136",CB1464,acetylcholine
57581,42042,WED101,WED101_L,unknown,L,unknown,cb_intrinsic,unknown,unknown,unknown,WED101,WED101,glutamate
57792,42230,WEDPN2A,WEDPN2A_R,unknown,R,unknown,cb_intrinsic,unknown,unknown,unknown,WEDPN2A,WEDPN2A,gaba
57823,42259,WED035,WED035_L,unknown,L,unknown,cb_intrinsic,unknown,unknown,unknown,WED035,CB3983,glutamate
57861,42290,WED143_d,WED143_d_L,unknown,L,unknown,cb_intrinsic,unknown,unknown,unknown,WED143,"CB1492,CB2137",acetylcholine
57942,42362,WED145,WED145_L,unknown,L,unknown,cb_intrinsic,unknown,unknown,unknown,WED145,WED145b,acetylcholine
58128,42519,WED032,WED032_R,unknown,R,unknown,cb_intrinsic,unknown,unknown,unknown,WED032,WED032,gaba
58314,42684,WED199,WED199_R,unknown,R,unknown,cb_intrinsic,unknown,unknown,unknown,unknown,CB4144,gaba
58345,42712,WED044,WED044_R,unknown,R,unknown,cb_intrinsic,unknown,unknown,unknown,WED044,WED044,acetylcholine
58412,42767,WED144,WED144_L,unknown,L,unknown,cb_intrinsic,unknown,unknown,unknown,WED144,WED144b,acetylcholine
58456,42804,WED015,WED015_L,unknown,L,unknown,cb_intrinsic,unknown,unknown,unknown,WED015,WED015b,gaba
58458,42806,WED164,WED164_L,unknown,L,unknown,cb_intrinsic,unknown,unknown,unknown,WED164,WED164a,acetylcholine
58630,42956,WED040_a,WED040_a_R,unknown,R,unknown,cb_intrinsic,unknown,unknown,unknown,WED040_a,CB2190,glutamate
58670,42988,WED162,WED162_R,unknown,R,unknown,cb_intrinsic,unknown,unknown,unknown,WED162,WED162,acetylcholine
58708,43015,WEDPN6B,WEDPN6B_L,unknown,L,unknown,cb_intrinsic,unknown,unknown,unknown,WEDPN6B,CB3943,gaba
58796,43091,WEDPN7B,WEDPN7B_L,unknown,L,unknown,cb_intrinsic,unknown,unknown,unknown,WEDPN7B,WEDPN7Ba,acetylcholine
58903,43178,AMMC007,AMMC007_R,unknown,R,unknown,cb_intrinsic,unknown,unknown,unknown,unknown,CB0958a,glutamate
58988,43253,WED034,WED034_L,unknown,L,unknown,cb_intrinsic,unknown,unknown,unknown,WED034,CB3982,glutamate
59015,43277,WED143_c,WED143_c_R,unknown,R,unknown,cb_intrinsic,unknown,unknown,unknown,WED143,CB1046,acetylcholine
59235,43465,WEDPN6A,WEDPN6A_L,unknown,L,unknown,cb_intrinsic,unknown,unknown,unknown,WEDPN6A,WEDPN6A,gaba
59245,43473,WED164,WED164_R,unknown,R,unknown,cb_intrinsic,unknown,unknown,unknown,WED164,WED164a,acetylcholine
59461,43655,WED161,WED161_L,unknown,L,unknown,cb_intrinsic,unknown,unknown,unknown,WED161_b,WED161,acetylcholine
59489,43678,WED035,WED035_L,unknown,L,unknown,cb_intrinsic,unknown,unknown,unknown,WED035,CB3982,glutamate
59948,44044,WED037,WED037_L,unknown,L,unknown,cb_intrinsic,unknown,unknown,unknown,WED037,WED037,glutamate
60254,44300,WED106,WED106_L,unknown,L,unknown,cb_intrinsic,unknown,unknown,unknown,WED106,CB3655,gaba
60401,44421,WED002,WED002_L,unknown,L,unknown,cb_intrinsic,unknown,unknown,unknown,WED002,WED002a,acetylcholine
60651,44624,WED057,WED057_R,unknown,R,unknown,cb_intrinsic,unknown,unknown,unknown,WED057,WED057,gaba
61206,45090,WED094,WED094_L,unknown,L,unknown,cb_intrinsic,unknown,unknown,unknown,WED094,WED094,glutamate
61243,45117,WED033,WED033_R,unknown,R,unknown,cb_intrinsic,unknown,unknown,unknown,WED033,WED033,gaba
61320,45183,WED103,WED103_R,unknown,R,unknown,cb_intrinsic,unknown,unknown,unknown,WED103,WED103,glutamate
61322,45185,WEDPN7B,WEDPN7B_L,unknown,L,unknown,cb_intrinsic,unknown,unknown,unknown,WEDPN7B,WEDPN7Bb,acetylcholine
61341,45200,WEDPN7C,WEDPN7C_L,unknown,L,unknown,cb_intrinsic,unknown,unknown,unknown,WEDPN7C,WEDPN7C,acetylcholine
61487,45323,WED004,WED004_L,unknown,L,unknown,cb_intrinsic,unknown,unknown,unknown,WED004,WED004b,acetylcholine
61489,45325,WED162,WED162_L,unknown,L,unknown,cb_intrinsic,unknown,unknown,unknown,WED162,WED162,acetylcholine
61536,45357,WEDPN17_c,WEDPN17_c_L,unknown,L,unknown,cb_intrinsic,unknown,unknown,unknown,WEDPN17_c,CB2267_c,acetylcholine
62055,45794,WED010,WED010_L,unknown,L,unknown,cb_intrinsic,unknown,unknown,unknown,WED010,WED010,acetylcholine
62321,46016,WED145,WED145_R,unknown,R,unknown,cb_intrinsic,unknown,unknown,unknown,WED145,WED145c,acetylcholine
62494,46157,WED162,WED162_R,unknown,R,unknown,cb_intrinsic,unknown,unknown,unknown,WED162,WED162,acetylcholine
62554,46207,WED162,WED162_R,unknown,R,unknown,cb_intrinsic,unknown,unknown,unknown,WED162,WED162,acetylcholine
62573,46224,WED038,WED038_L,unknown,L,unknown,cb_intrinsic,unknown,unknown,unknown,WED038,"WED038b,WED041b",glutamate
62650,46287,WED098,WED098_L,unknown,L,unknown,cb_intrinsic,unknown,unknown,unknown,WED098,WED098,glutamate
62697,46325,WED143_d,WED143_d_R,unknown,R,unknown,cb_intrinsic,unknown,unknown,unknown,WED143,"CB1492,CB2137",acetylcholine
62841,46446,WEDPN17_c,WEDPN17_c_L,unknown,L,unknown,cb_intrinsic,unknown,unknown,unknown,WEDPN17_c,CB2267_c,acetylcholine
63090,46653,WED040_a,WED040_a_L,unknown,L,unknown,cb_intrinsic,unknown,unknown,unknown,WED040_a,CB1176,glutamate
63655,47120,WED102,WED102_R,unknown,R,unknown,cb_intrinsic,unknown,unknown,unknown,WED102,WED102,glutamate
63739,47193,WED040_a,WED040_a_L,unknown,L,unknown,cb_intrinsic,unknown,unknown,unknown,WED040_a,CB2190,glutamate
63779,47229,WED038,WED038_L,unknown,L,unknown,cb_intrinsic,unknown,unknown,unknown,WED038,WED038a,glutamate
64221,47584,WED040_a,WED040_a_R,unknown,R,unknown,cb_intrinsic,unknown,unknown,unknown,WED040_a,WED040,glutamate
64345,47688,AMMC018,AMMC018_L,unknown,L,unknown,cb_intrinsic,unknown,unknown,unknown,unknown,CB0979a,gaba
64436,47769,WED010,WED010_R,unknown,R,unknown,cb_intrinsic,unknown,unknown,unknown,WED010,CB2192,acetylcholine
64874,48133,WED033,WED033_L,unknown,L,unknown,cb_intrinsic,unknown,unknown,unknown,WED033,WED033,gaba
64942,48187,WED163,WED163_R,unknown,R,unknown,cb_intrinsic,unknown,unknown,unknown,WED163,WED163c,acetylcholine
65078,48299,WED040_a,WED040_a_R,unknown,R,unknown,cb_intrinsic,unknown,unknown,unknown,WED040_a,CB1176,glutamate
65269,48455,WED143_a,WED143_a_R,unknown,R,unknown,cb_intrinsic,unknown,unknown,unknown,WED143,CB1881,acetylcholine
65522,48678,AMMC005,AMMC005_L,unknown,L,unknown,cb_intrinsic,unknown,unknown,unknown,unknown,CB0958c,glutamate
65570,48719,WED030_b,WED030_b_L,unknown,L,unknown,cb_intrinsic,unknown,unknown,unknown,WED030,CB1754,gaba
65689,48814,WED183,WED183_L,unknown,L,unknown,cb_intrinsic,unknown,unknown,unknown,WED183,WED095,glutamate
65732,48850,WED143_a,WED143_a_R,unknown,R,unknown,cb_intrinsic,unknown,unknown,unknown,WED143,CB1881,acetylcholine
66102,49145,WED023,WED023_R,unknown,R,unknown,cb_intrinsic,unknown,unknown,unknown,WED023,WED023,gaba
66414,49409,AMMC003,AMMC003_L,unknown,L,unknown,cb_intrinsic,unknown,unknown,unknown,unknown,CB1826,gaba
66670,49617,WEDPN17_c,WEDPN17_c_L,unknown,L,unknown,cb_intrinsic,unknown,unknown,unknown,WEDPN17_c,CB2267_c,acetylcholine
66949,49849,WED157,WED157_L,unknown,L,unknown,cb_intrinsic,unknown,unknown,unknown,WED157,CB2826a,acetylcholine
67235,50081,WED192,WED192_L,unknown,L,unknown,cb_intrinsic,unknown,unknown,unknown,unknown,CB0327,acetylcholine
67379,50199,WED157,WED157_R,unknown,R,unknown,cb_intrinsic,unknown,unknown,unknown,WED157,CB2826a,acetylcholine
67605,50375,WED153,WED153_L,unknown,L,unknown,cb_intrinsic,unknown,unknown,unknown,WED153,WED153,acetylcholine
67886,50597,WEDPN7B,WEDPN7B_L,unknown,L,unknown,cb_intrinsic,unknown,unknown,unknown,WEDPN7B,WEDPN7Bb,acetylcholine
68029,50712,WED004,WED004_R,unknown,R,unknown,cb_intrinsic,unknown,unknown,unknown,WED004,WED004b,acetylcholine
68361,50986,WED037,WED037_L,unknown,L,unknown,cb_intrinsic,unknown,unknown,unknown,WED037,WED037,glutamate
68519,51112,WED056,WED056_R,unknown,R,unknown,cb_intrinsic,unknown,unknown,unknown,WED056,WED056,gaba
69443,51859,WED143_c,WED143_c_L,unknown,L,unknown,cb_intrinsic,unknown,unknown,unknown,WED143,CB1046,acetylcholine
69729,52097,WED161,WED161_L,unknown,L,unknown,cb_intrinsic,unknown,unknown,unknown,WED161_a,WED161,acetylcholine
69862,52207,WEDPN17_a1,WEDPN17_a1_R,unknown,R,unknown,cb_intrinsic,unknown,unknown,unknown,WEDPN17_a,CB2414,acetylcholine
70264,52530,WEDPN8B,WEDPN8B_R,unknown,R,unknown,cb_intrinsic,unknown,unknown,unknown,WEDPN8B,WEDPN8B,acetylcholine
70539,52752,WED033,WED033_R,unknown,R,unknown,cb_intrinsic,unknown,unknown,unknown,WED033,WED033,gaba
71362,53418,CB1464,CB1464_R,unknown,R,unknown,cb_intrinsic,unknown,unknown,unknown,"WED135,WED136",CB1464,acetylcholine
71404,53452,WED060,WED060_L,unknown,L,unknown,cb_intrinsic,unknown,unknown,unknown,WED060,WED060,acetylcholine
71912,53865,WEDPN8C,WEDPN8C_R,unknown,R,unknown,cb_intrinsic,unknown,unknown,unknown,WEDPN8C,CB2710,acetylcholine
71990,53930,WED101,WED101_R,unknown,R,unknown,cb_intrinsic,unknown,unknown,unknown,WED101,WED101,glutamate
72481,54325,WED040_b,WED040_b_R,unknown,R,unknown,cb_intrinsic,unknown,unknown,unknown,WED040_b,WED040,glutamate
73090,54799,WEDPN8C,WEDPN8C_L,unknown,L,unknown,cb_intrinsic,unknown,unknown,unknown,WEDPN8C,CB2710,acetylcholine
73239,54913,AMMC005,AMMC005_L,unknown,L,unknown,cb_intrinsic,unknown,unknown,unknown,unknown,CB0958c,glutamate
73254,54927,WED102,WED102_R,unknown,R,unknown,cb_intrinsic,unknown,unknown,unknown,WED102,WED102,glutamate
73305,54969,WED144,WED144_L,unknown,L,unknown,cb_intrinsic,unknown,unknown,unknown,WED144,WED144b,acetylcholine
74052,55552,WED117,WED117_L,unknown,L,unknown,cb_intrinsic,unknown,unknown,unknown,WED117,"CB1143,CB1692",acetylcholine
74209,55686,WED143_c,WED143_c_R,unknown,R,unknown,cb_intrinsic,unknown,unknown,unknown,WED143,CB1046,acetylcholine
74775,56143,WED061,WED061_L,unknown,L,unknown,cb_intrinsic,unknown,unknown,unknown,WED061,WED061,acetylcholine
75060,56376,WED047,WED047_L,unknown,L,unknown,cb_intrinsic,unknown,unknown,unknown,WED047,CB2545,acetylcholine
75129,56432,WED181,WED181_L,unknown,L,unknown,cb_intrinsic,unknown,unknown,unknown,WED181,WED181,acetylcholine
75386,56642,WED197,WED197_L,unknown,L,unknown,cb_intrinsic,unknown,unknown,unknown,unknown,CB4144,gaba
75451,56697,WED143_c,WED143_c_R,unknown,R,unknown,cb_intrinsic,unknown,unknown,unknown,WED143,CB1046,acetylcholine
75476,56716,WED157,WED157_R,unknown,R,unknown,cb_intrinsic,unknown,unknown,unknown,WED157,CB2826,acetylcholine
75881,57050,WED094,WED094_R,unknown,R,unknown,cb_intrinsic,unknown,unknown,unknown,WED095,WED095,glutamate
76401,57490,WED093,WED093_L,unknown,L,unknown,cb_intrinsic,unknown,unknown,unknown,WED093,CB1675,acetylcholine
76420,57504,WED033,WED033_L,unknown,L,unknown,cb_intrinsic,unknown,unknown,unknown,WED033,WED033,gaba
76992,57967,WED030_b,WED030_b_L,unknown,L,unknown,cb_intrinsic,unknown,unknown,unknown,WED030,CB1754,gaba
77114,58059,WED040_b,WED040_b_R,unknown,R,unknown,cb_intrinsic,unknown,unknown,unknown,WED040_b,WED040,glutamate
77170,58106,WED154,WED154_L,unknown,L,unknown,cb_intrinsic,unknown,unknown,unknown,WED154,WED155b,acetylcholine
77222,58147,WED164,WED164_R,unknown,R,unknown,cb_intrinsic,unknown,unknown,unknown,WED164,WED164a,acetylcholine
77377,58281,WED095,WED095_L,unknown,L,unknown,cb_intrinsic,unknown,unknown,unknown,WED095,WED095,glutamate
77483,58364,WED009,WED009_L,unknown,L,unknown,cb_intrinsic,unknown,unknown,unknown,"LAL058,WED009",CB1827,acetylcholine
77750,58561,WED143_a,WED143_a_L,unknown,L,unknown,cb_intrinsic,unknown,unknown,unknown,WED143,CB1881,acetylcholine
77777,58583,WED143_c,WED143_c_R,unknown,R,unknown,cb_intrinsic,unknown,unknown,unknown,WED143,CB1046,acetylcholine
78392,59058,WEDPN6B,WEDPN6B_R,unknown,R,unknown,cb_intrinsic,unknown,unknown,unknown,WEDPN6B,CB3942,gaba
78573,59202,WEDPN16_d,WEDPN16_d_L,unknown,L,unknown,cb_intrinsic,unknown,unknown,unknown,WEDPN16_d,CB3648b,acetylcholine
78591,59217,WED039,WED039_L,unknown,L,unknown,cb_intrinsic,unknown,unknown,unknown,WED039,WED039,glutamate
79094,59617,WED118,WED118_L,unknown,L,unknown,cb_intrinsic,unknown,unknown,unknown,WED118,"CB1484,CB1869",acetylcholine
79464,59906,WED033,WED033_L,unknown,L,unknown,cb_intrinsic,unknown,unknown,unknown,WED033,WED033,gaba
79715,60102,WED041,WED041_R,unknown,R,unknown,cb_intrinsic,unknown,unknown,unknown,WED041,WED041a,glutamate
80066,60385,WEDPN8C,WEDPN8C_L,unknown,L,unknown,cb_intrinsic,unknown,unknown,unknown,WEDPN8C,CB2710,acetylcholine
81703,61701,WED041,WED041_R,unknown,R,unknown,cb_intrinsic,unknown,unknown,unknown,WED041,WED041a,glutamate
81710,61706,WED167,WED167_L,unknown,L,unknown,cb_intrinsic,unknown,unknown,unknown,WED167,CB1751,acetylcholine
81849,61816,AMMC005,AMMC005_L,unknown,L,unknown,cb_intrinsic,unknown,unknown,unknown,unknown,CB0958c,glutamate
81928,61879,AMMC018,AMMC018_L,unknown,L,unknown,cb_intrinsic,unknown,unknown,unknown,unknown,CB0979a,gaba
82020,61951,WEDPN18,WEDPN18_L,unknown,L,unknown,cb_intrinsic,unknown,unknown,unknown,WEDPN18,CB2778,acetylcholine
82712,62519,WEDPN14,WEDPN14_R,unknown,R,unknown,cb_intrinsic,unknown,unknown,unknown,WEDPN14,WEDPN14,acetylcholine
82720,62525,WED117,WED117_L,unknown,L,unknown,cb_intrinsic,unknown,unknown,unknown,WED117,"CB2576,CB3415",acetylcholine
82754,62554,WED040_a,WED040_a_L,unknown,L,unknown,cb_intrinsic,unknown,unknown,unknown,WED040_a,CB1176,glutamate
83143,62852,WED033,WED033_R,unknown,R,unknown,cb_intrinsic,unknown,unknown,unknown,WED033,WED033,gaba
83362,63031,AMMC007,AMMC007_L,unknown,L,unknown,cb_intrinsic,unknown,unknown,unknown,unknown,CB0958a,glutamate
83377,63043,WED098,WED098_L,unknown,L,unknown,cb_intrinsic,unknown,unknown,unknown,WED098,WED100,glutamate
84161,63662,WED155,WED155_L,unknown,L,unknown,cb_intrinsic,unknown,unknown,unknown,WED155,WED155a,acetylcholine
84533,63963,AMMC022,AMMC022_R,unknown,R,unknown,cb_intrinsic,unknown,unknown,unknown,unknown,CB2067,gaba
84654,64058,WED038,WED038_L,unknown,L,unknown,cb_intrinsic,unknown,unknown,unknown,WED038,"WED038b,WED041b",glutamate
84934,64278,WED145,WED145_R,unknown,R,unknown,cb_intrinsic,unknown,unknown,unknown,WED145,WED145a,acetylcholine
85839,64965,WED038,WED038_R,unknown,R,unknown,cb_intrinsic,unknown,unknown,unknown,WED038,"WED038b,WED041b",glutamate
85922,65029,WED161,WED161_R,unknown,R,unknown,cb_intrinsic,unknown,unknown,unknown,WED161_b,WED161,acetylcholine
86062,65138,WED164,WED164_L,unknown,L,unknown,cb_intrinsic,unknown,unknown,unknown,WED164,WED164b,acetylcholine
86167,65215,WED097,WED097_R,unknown,R,unknown,cb_intrinsic,unknown,unknown,unknown,WED097,WED097,glutamate
87162,65974,AMMC002,AMMC002_R,unknown,R,unknown,cb_intrinsic,unknown,unknown,unknown,unknown,CB2149,gaba
87238,66020,WED009,WED009_L,unknown,L,unknown,cb_intrinsic,unknown,unknown,unknown,"LAL058,WED009",CB1827,acetylcholine
87389,66133,WED030_b,WED030_b_R,unknown,R,unknown,cb_intrinsic,unknown,unknown,unknown,WED030,CB1754,gaba
87499,66222,AN09B023,AN09B023_L,unknown,L,unknown,ascending_neuron,unknown,BA,unknown,unknown,AN_WED_GNG_2,acetylcholine
87929,66544,WEDPN8C,WEDPN8C_R,unknown,R,unknown,cb_intrinsic,unknown,unknown,unknown,WEDPN8C,CB2710,acetylcholine
88236,66782,WED124,WED124_R,unknown,R,unknown,cb_intrinsic,unknown,unknown,unknown,WED124,WED124,acetylcholine
88270,66806,AMMC007,AMMC007_R,unknown,R,unknown,cb_intrinsic,unknown,unknown,unknown,unknown,CB0958a,glutamate
88275,66810,AMMC031,AMMC031_R,unknown,R,unknown,cb_intrinsic,unknown,unknown,unknown,unknown,CB3200,gaba
88600,67055,WED103,WED103_R,unknown,R,unknown,cb_intrinsic,unknown,unknown,unknown,WED103,WED103,glutamate
88678,67112,WED103,WED103_R,unknown,R,unknown,cb_intrinsic,unknown,unknown,unknown,WED103,WED103,glutamate
88792,67195,WED145,WED145_R,unknown,R,unknown,cb_intrinsic,unknown,unknown,unknown,WED145,WED145b,acetylcholine
88802,67203,AMMC036,AMMC036_R,unknown,R,unknown,cb_intrinsic,unknown,unknown,unknown,unknown,CB0957,acetylcholine
88989,67345,WED130,WED130_L,unknown,L,unknown,cb_intrinsic,unknown,unknown,unknown,WED130,WED130b,acetylcholine
89857,67997,WED038,WED038_R,unknown,R,unknown,cb_intrinsic,unknown,unknown,unknown,WED038,"WED038b,WED041b",glutamate
89902,68037,WED164,WED164_L,unknown,L,unknown,cb_intrinsic,unknown,unknown,unknown,WED164,WED164b,acetylcholine
90552,68514,WED163,WED163_L,unknown,L,unknown,cb_intrinsic,unknown,unknown,unknown,WED163,WED163c,acetylcholine
90589,68542,AMMC035,AMMC035_L,unknown,L,unknown,cb_intrinsic,unknown,unknown,unknown,unknown,CB1427,gaba
90956,68814,WED038,WED038_R,unknown,R,unknown,cb_intrinsic,unknown,unknown,unknown,WED038,"WED038b,WED041b",glutamate
90989,68837,WED192,WED192_L,unknown,L,unknown,cb_intrinsic,unknown,unknown,unknown,unknown,CB0327,acetylcholine
91150,68954,AMMC017,AMMC017_R,unknown,R,unknown,cb_intrinsic,unknown,unknown,unknown,unknown,CB3805,acetylcholine
92690,70112,AMMC007,AMMC007_L,unknown,L,unknown,cb_intrinsic,unknown,unknown,unknown,unknown,CB0958a,glutamate
93357,70634,WED002,WED002_R,unknown,R,unknown,cb_intrinsic,unknown,unknown,unknown,WED002,WED002a,acetylcholine
93584,70803,WEDPN7A,WEDPN7A_L,unknown,L,unknown,cb_intrinsic,unknown,unknown,unknown,WEDPN7A,CB2924,acetylcholine
95203,72013,AMMC020,AMMC020_L,unknown,L,unknown,cb_intrinsic,unknown,unknown,unknown,unknown,CB0989,gaba
96301,72841,WED131,WED131_L,unknown,L,unknown,cb_intrinsic,unknown,unknown,unknown,WED130,WED130b,acetylcholine
96320,72856,WED102,WED102_L,unknown,L,unknown,cb_intrinsic,unknown,unknown,unknown,WED102,WED102,glutamate
96466,72953,WED002,WED002_L,unknown,L,unknown,cb_intrinsic,unknown,unknown,unknown,WED002,WED002,acetylcholine
96904,73264,WED040_a,WED040_a_L,unknown,L,unknown,cb_intrinsic,unknown,unknown,unknown,WED040_a,CB2190,glutamate
97021,73356,WED130,WED130_R,unknown,R,unknown,cb_intrinsic,unknown,unknown,unknown,WED130,WED130b,acetylcholine
97240,73532,WED040_b,WED040_b_L,unknown,L,unknown,cb_intrinsic,unknown,unknown,unknown,WED040_b,WED040,glutamate
98832,74666,AMMC006,AMMC006_R,unknown,R,unknown,cb_intrinsic,unknown,unknown,unknown,unknown,CB0958b,glutamate
99920,75476,WED145,WED145_R,unknown,R,unknown,cb_intrinsic,unknown,unknown,unknown,WED145,WED145b,acetylcholine
100084,75597,WED004,WED004_R,unknown,R,unknown,cb_intrinsic,unknown,unknown,unknown,WED004,WED004b,acetylcholine
100253,75723,WED030_a,WED030_a_R,unknown,R,unknown,cb_intrinsic,unknown,unknown,unknown,WED030,CB2834,gaba
100392,75832,WED145,WED145_R,unknown,R,unknown,cb_intrinsic,unknown,unknown,unknown,WED145,WED145a,acetylcholine
100561,75957,WEDPN17_b,WEDPN17_b_R,unknown,R,unknown,cb_intrinsic,unknown,unknown,unknown,unknown,CB2267_b,acetylcholine
100918,76222,AMMC002,AMMC002_L,unknown,L,unknown,cb_intrinsic,unknown,unknown,unknown,unknown,CB2149,gaba
101992,76984,WED042,WED042_L,unknown,L,unknown,cb_intrinsic,unknown,unknown,unknown,WED042,CB4181,acetylcholine
102104,77071,WED143_d,WED143_d_R,unknown,R,unknown,cb_intrinsic,unknown,unknown,unknown,WED143,"CB1492,CB2137",acetylcholine
102266,77187,AMMC025,AMMC025_R,unknown,R,unknown,cb_intrinsic,unknown,unknown,unknown,unknown,CB1978,gaba
103920,78390,AMMC002,AMMC002_R,unknown,R,unknown,cb_intrinsic,unknown,unknown,unknown,unknown,CB2149,gaba
104367,78718,WED002,WED002_L,unknown,L,unknown,cb_intrinsic,unknown,unknown,unknown,WED002,WED002a,acetylcholine
104415,78753,AMMC025,AMMC025_R,unknown,R,unknown,cb_intrinsic,unknown,unknown,unknown,unknown,CB1978,gaba
104790,79038,WED035,WED035_L,unknown,L,unknown,cb_intrinsic,unknown,unknown,unknown,WED035,CB3982,glutamate
105286,79402,WED037,WED037_L,unknown,L,unknown,cb_intrinsic,unknown,unknown,unknown,WED037,WED037,glutamate
105561,79611,WED096,WED096_L,unknown,L,unknown,cb_intrinsic,unknown,unknown,unknown,WED096,WED096b,glutamate
105922,79876,WED103,WED103_L,unknown,L,unknown,cb_intrinsic,unknown,unknown,unknown,WED103,WED103,glutamate
106269,80115,WED095,WED095_R,unknown,R,unknown,cb_intrinsic,unknown,unknown,unknown,WED095,WED095,glutamate
108206,81488,WED040_b,WED040_b_L,unknown,L,unknown,cb_intrinsic,unknown,unknown,unknown,WED040_b,WED040,glutamate
108273,81539,WED040_c,WED040_c_L,unknown,L,unknown,cb_intrinsic,unknown,unknown,unknown,WED040_c,WED040,glutamate
108399,81628,WED002,WED002_R,unknown,R,unknown,cb_intrinsic,unknown,unknown,unknown,WED002,WED002,acetylcholine
109171,82199,WED096,WED096_R,unknown,R,unknown,cb_intrinsic,unknown,unknown,unknown,WED096,WED096a,glutamate
109982,82775,WEDPN8C,WEDPN8C_L,unknown,L,unknown,cb_intrinsic,unknown,unknown,unknown,WEDPN8C,CB2710,acetylcholine
110035,82814,WED096,WED096_R,unknown,R,unknown,cb_intrinsic,unknown,unknown,unknown,WED096,WED096c,glutamate
111385,83772,WED101,WED101_L,unknown,L,unknown,cb_intrinsic,unknown,unknown,unknown,WED101,WED101,glutamate
112103,84299,WED103,WED103_L,unknown,L,unknown,cb_intrinsic,unknown,unknown,unknown,WED103,WED103,glutamate
112110,84304,WEDPN8D,WEDPN8D_R,unknown,R,unknown,cb_intrinsic,unknown,unknown,unknown,WEDPN8D,WEDPN8D,acetylcholine
113406,85218,WED143_d,WED143_d_R,unknown,R,unknown,cb_intrinsic,unknown,unknown,unknown,WED143,"CB1492,CB2137",acetylcholine
114708,86144,AMMC007,AMMC007_L,unknown,L,unknown,cb_intrinsic,unknown,unknown,unknown,unknown,CB0958a,glutamate
114955,86305,WED096,WED096_R,unknown,R,unknown,cb_intrinsic,unknown,unknown,unknown,WED096,WED096b,glutamate
115122,86410,WED168,WED168_L,unknown,L,unknown,cb_intrinsic,unknown,unknown,unknown,unknown,WED168,acetylcholine
115297,86531,AMMC005,AMMC005_R,unknown,R,unknown,cb_intrinsic,unknown,unknown,unknown,unknown,CB0958c,glutamate
115707,86812,WED143_a,WED143_a_L,unknown,L,unknown,cb_intrinsic,unknown,unknown,unknown,WED143,CB1881,acetylcholine
115983,87009,WEDPN8C,WEDPN8C_L,unknown,L,unknown,cb_intrinsic,unknown,unknown,unknown,WEDPN8C,CB3295,acetylcholine
115985,87011,WEDPN6C,WEDPN6C_L,unknown,L,unknown,cb_intrinsic,unknown,unknown,unknown,WEDPN6C,CB3942,gaba
116166,87132,WED002,WED002_L,unknown,L,unknown,cb_intrinsic,unknown,unknown,unknown,WED002,WED002,acetylcholine
116824,87566,WED103,WED103_L,unknown,L,unknown,cb_intrinsic,unknown,unknown,unknown,WED103,WED103,glutamate
118807,88947,WED038,WED038_L,unknown,L,unknown,cb_intrinsic,unknown,unknown,unknown,WED038,"WED038b,WED041b",glutamate
118965,89052,WEDPN8D,WEDPN8D_L,unknown,L,unknown,cb_intrinsic,unknown,unknown,unknown,WEDPN8D,WEDPN8D,acetylcholine
119030,89095,WED038,WED038_L,unknown,L,unknown,cb_intrinsic,unknown,unknown,unknown,WED038,"WED038b,WED041b",glutamate
121045,90416,WED004,WED004_R,unknown,R,unknown,cb_intrinsic,unknown,unknown,unknown,WED004,WED004a,acetylcholine
121055,90421,WED100,WED100_L,unknown,L,unknown,cb_intrinsic,unknown,unknown,unknown,WED100,WED100,glutamate
121136,90467,WED002,WED002_L,unknown,L,unknown,cb_intrinsic,unknown,unknown,unknown,WED002,WED002,acetylcholine
121444,90677,WED183,WED183(hb5901231325)_R,unknown,R,unknown,cb_intrinsic,unknown,unknown,unknown,(hb5901231325),WED095,glutamate
123422,92004,WED167,WED167_L,unknown,L,unknown,cb_intrinsic,unknown,unknown,unknown,WED167,CB1433,acetylcholine
123503,92059,WED002,WED002_R,unknown,R,unknown,cb_intrinsic,unknown,unknown,unknown,WED002,WED002,acetylcholine
123532,92072,AMMC006,AMMC006_L,unknown,L,unknown,cb_intrinsic,unknown,unknown,unknown,unknown,CB0958b,glutamate
124185,92484,WED044,WED044_L,unknown,L,unknown,cb_intrinsic,unknown,unknown,unknown,WED044,WED044,acetylcholine
124528,92710,WED037,WED037_L,unknown,L,unknown,cb_intrinsic,unknown,unknown,unknown,WED037,WED037,glutamate
124973,93002,WED143_a,WED143_a_R,unknown,R,unknown,cb_intrinsic,unknown,unknown,unknown,WED143,CB1881,acetylcholine
126165,93759,WEDPN8B,WEDPN8B_L,unknown,L,unknown,cb_intrinsic,unknown,unknown,unknown,WEDPN8B,WEDPN8B,acetylcholine
126982,94251,WED143_a,WED143_a_L,unknown,L,unknown,cb_intrinsic,unknown,unknown,unknown,WED143,CB1881,acetylcholine
127571,94602,WED002,WED002_L,unknown,L,unknown,cb_intrinsic,unknown,unknown,unknown,WED002,WED002,acetylcholine
128482,95153,WEDPN7A,WEDPN7A_L,unknown,L,unknown,cb_intrinsic,unknown,unknown,unknown,WEDPN7A,CB2925,acetylcholine
128514,95172,AMMC002,AMMC002_R,unknown,R,unknown,cb_intrinsic,unknown,unknown,unknown,unknown,CB2149,gaba
128995,95484,WED056,WED056_R,unknown,R,unknown,cb_intrinsic,unknown,unknown,unknown,WED056,WED056,gaba
129812,95982,WEDPN7B,WEDPN7B_L,unknown,L,unknown,cb_intrinsic,unknown,unknown,unknown,WEDPN7B,WEDPN7Ba,acetylcholine
129886,96023,WEDPN8B,WEDPN8B_R,unknown,R,unknown,cb_intrinsic,unknown,unknown,unknown,WEDPN8B,WEDPN8B,acetylcholine
130240,96243,WED015,WED015_L,unknown,L,unknown,cb_intrinsic,unknown,unknown,unknown,WED015,WED015a,gaba
130761,96556,AMMC005,AMMC005_R,unknown,R,unknown,cb_intrinsic,unknown,unknown,unknown,unknown,CB0958c,glutamate
131926,97284,WED143_b,WED143_b_L,unknown,L,unknown,cb_intrinsic,unknown,unknown,unknown,WED143,CB1283,acetylcholine
132472,97607,WED129,WED129_R,unknown,R,unknown,cb_intrinsic,unknown,unknown,unknown,WED129,WED130a,acetylcholine
133491,98207,WEDPN8B,WEDPN8B_R,unknown,R,unknown,cb_intrinsic,unknown,unknown,unknown,WEDPN8B,WEDPN8B,acetylcholine
133879,98436,WED163,WED163_R,unknown,R,unknown,cb_intrinsic,unknown,unknown,unknown,WED163,WED163b,acetylcholine
135151,99138,WED041,WED041_L,unknown,L,unknown,cb_intrinsic,unknown,unknown,unknown,WED041,WED041a,glutamate
135816,99491,WED096,WED096_L,unknown,L,unknown,cb_intrinsic,unknown,unknown,unknown,WED096,WED096c,glutamate
136182,99692,WEDPN17_a1,WEDPN17_a1_L,unknown,L,unknown,cb_intrinsic,unknown,unknown,unknown,WEDPN17_a,CB2414,acetylcholine
137600,100446,WEDPN7A,WEDPN7A_L,unknown,L,unknown,cb_intrinsic,unknown,unknown,unknown,WEDPN7A,CB2865b,acetylcholine
137685,100491,WED103,WED103_L,unknown,L,unknown,cb_intrinsic,unknown,unknown,unknown,WED103,WED103,glutamate
138086,100704,WED004,WED004_L,unknown,L,unknown,cb_intrinsic,unknown,unknown,unknown,WED004,WED004a,acetylcholine
138384,100860,WED103,WED103_L,unknown,L,unknown,cb_intrinsic,unknown,unknown,unknown,WED103,WED103,glutamate
139287,101342,WED029,WED029_L,unknown,L,unknown,cb_intrinsic,unknown,unknown,unknown,WED029,WED029,gaba
141883,102634,AMMC005,AMMC005_L,unknown,L,unknown,cb_intrinsic,unknown,unknown,unknown,unknown,CB0958c,glutamate
142605,102979,WEDPN17_b,WEDPN17_b_L,unknown,L,unknown,cb_intrinsic,unknown,unknown,unknown,unknown,CB2267_b,acetylcholine
143150,103258,WED157,WED157_L,unknown,L,unknown,cb_intrinsic,unknown,unknown,unknown,WED157,CB2933,acetylcholine
144967,104146,WED143_c,WED143_c_R,unknown,R,unknown,cb_intrinsic,unknown,unknown,unknown,WED143,CB1046,acetylcholine
145575,104438,AMMC005,AMMC005_L,unknown,L,unknown,cb_intrinsic,unknown,unknown,unknown,unknown,CB0958c,glutamate
145832,104553,WED143_c,WED143_c_L,unknown,L,unknown,cb_intrinsic,unknown,unknown,unknown,WED143,CB1046,acetylcholine
146374,104801,WEDPN8B,WEDPN8B_L,unknown,L,unknown,cb_intrinsic,unknown,unknown,unknown,WEDPN8B,WEDPN8B,acetylcholine
146532,104866,WED029,WED029_L,unknown,L,unknown,cb_intrinsic,unknown,unknown,unknown,WED029,WED029,gaba
148507,105738,AMMC002,AMMC002_L,unknown,L,unknown,cb_intrinsic,unknown,unknown,unknown,unknown,CB2149,gaba
148600,105777,WED143_b,WED143_b_R,unknown,R,unknown,cb_intrinsic,unknown,unknown,unknown,WED143,CB1283,acetylcholine
148895,105904,WED097,WED097_L,unknown,L,unknown,cb_intrinsic,unknown,unknown,unknown,WED097,WED097,glutamate
149321,106089,AMMC007,AMMC007_R,unknown,R,unknown,cb_intrinsic,unknown,unknown,unknown,unknown,CB0958a,glutamate
151404,106927,WED103,WED103_R,unknown,R,unknown,cb_intrinsic,unknown,unknown,unknown,WED103,WED103,glutamate
152396,107322,WED143_a,WED143_a_R,unknown,R,unknown,cb_intrinsic,unknown,unknown,unknown,WED143,CB1881,acetylcholine
152462,107348,AMMC017,AMMC017_L,unknown,L,unknown,cb_intrinsic,unknown,unknown,unknown,unknown,CB3805,acetylcholine
155375,108464,WED041,WED041_L,unknown,L,unknown,cb_intrinsic,unknown,unknown,unknown,WED041,WED041a,glutamate
157770,109280,WEDPN17_b,WEDPN17_b_L,unknown,L,unknown,cb_intrinsic,unknown,unknown,unknown,unknown,CB2267_b,acetylcholine
157938,109343,WED143_c,WED143_c_L,unknown,L,unknown,cb_intrinsic,unknown,unknown,unknown,WED143,CB1046,acetylcholine
158570,109572,WED153,WED153_L,unknown,L,unknown,cb_intrinsic,unknown,unknown,unknown,WED153,WED153,acetylcholine
159008,109709,WED143_b,WED143_b_L,unknown,L,unknown,cb_intrinsic,unknown,unknown,unknown,WED143,CB1283,acetylcholine
165202,111624,WEDPN8B,WEDPN8B_L,unknown,L,unknown,cb_intrinsic,unknown,unknown,unknown,WEDPN8B,WEDPN8B,acetylcholine
165814,111799,AMMC007,AMMC007_R,unknown,R,unknown,cb_intrinsic,unknown,unknown,unknown,unknown,CB0958a,glutamate
166028,111864,WED166_d,WED166_d_R,unknown,R,unknown,cb_intrinsic,unknown,unknown,unknown,"WED166_c,WED027","WED166_c,WED027",acetylcholine
167848,112345,WED002,WED002_R,unknown,R,unknown,cb_intrinsic,unknown,unknown,unknown,WED002,WED002,acetylcholine
168751,112587,WED038,WED038_L,unknown,L,unknown,cb_intrinsic,unknown,unknown,unknown,WED038,"WED038b,WED041b",glutamate
174516,114011,WED164,WED164_L,unknown,L,unknown,cb_intrinsic,unknown,unknown,unknown,WED164,WED164a,acetylcholine
178273,114844,WED131,WED131_R,unknown,R,unknown,cb_intrinsic,unknown,unknown,unknown,WED130,WED130b,acetylcholine
179013,114983,WEDPN8B,WEDPN8B_L,unknown,L,unknown,cb_intrinsic,unknown,unknown,unknown,WEDPN8B,WEDPN8B,acetylcholine
185469,116303,WEDPN8B,WEDPN8B_R,unknown,R,unknown,cb_intrinsic,unknown,unknown,unknown,WEDPN8B,WEDPN8B,acetylcholine
195591,118207,WEDPN17_c,WEDPN17_c_L,unknown,L,unknown,cb_intrinsic,unknown,unknown,unknown,WEDPN17_c,CB2267_c,acetylcholine
197318,118493,WED103,WED103_L,unknown,L,unknown,cb_intrinsic,unknown,unknown,unknown,WED103,WED103,glutamate
208976,120184,WED002,WED002_L,unknown,L,unknown,cb_intrinsic,unknown,unknown,unknown,WED002,WED002,acetylcholine
210215,120369,AN09B023,AN09B023_R,unknown,R,unknown,ascending_neuron,unknown,BA,unknown,unknown,AN_WED_GNG_2,acetylcholine
218826,121368,WED163,WED163_L,unknown,L,unknown,cb_intrinsic,unknown,unknown,unknown,WED163,WED163c,acetylcholine
221783,121658,WED024,WED024_R,unknown,R,unknown,cb_intrinsic,unknown,unknown,unknown,WED024,WED024,gaba
238224,122748,WEDPN6C,WEDPN6C_R,unknown,R,unknown,cb_intrinsic,unknown,unknown,unknown,WEDPN6C,CB3942,gaba
333886,124636,WED207,WED207_L,unknown,L,unknown,cb_intrinsic,unknown,unknown,unknown,unknown,CB3486,gaba
375366,124943,WEDPN14,WEDPN14_L,unknown,L,unknown,cb_intrinsic,unknown,unknown,unknown,WEDPN14,WEDPN14,acetylcholine
375384,124944,CB1078,CB1078_L,unknown,L,unknown,cb_intrinsic,unknown,unknown,Cachero 2010: aDT-e; Vaughan 2014: aPN1,unknown,CB1078,acetylcholine
511754,125745,AMMC001,AMMC001_L,unknown,L,unknown,cb_intrinsic,unknown,unknown,unknown,unknown,CB3799,gaba
511829,125786,WED200,WED200_R,unknown,R,unknown,cb_intrinsic,unknown,unknown,unknown,unknown,CB4144,gaba
511925,125834,WED065,WED065_L,unknown,L,unknown,cb_intrinsic,unknown,unknown,unknown,WED065,CB4172,acetylcholine
511997,125874,AN17B013,AN17B013_L,unknown,L,unknown,ascending_neuron,unknown,BA,unknown,unknown,AN_AMMC_SAD_1,gaba
512000,125877,AMMC022,AMMC022_R,unknown,R,unknown,cb_intrinsic,unknown,unknown,unknown,unknown,CB2067,gaba
512124,125937,AMMC015,AMMC015_R,unknown,R,unknown,cb_intrinsic,unknown,unknown,unknown,unknown,CB1098,gaba
512236,125997,AMMC028,AMMC028_R,unknown,R,unknown,cb_intrinsic,unknown,unknown,unknown,unknown,CB3893,gaba
512241,126001,WED099,WED099_R,unknown,R,unknown,cb_intrinsic,unknown,unknown,unknown,WED099,WED099,glutamate
512530,126169,AN17B002,AN17B002_R,unknown,R,unknown,ascending_neuron,unknown,BA,unknown,unknown,AN_GNG_AMMC_1,gaba
512543,126177,WED096,WED096_R,unknown,R,unknown,cb_intrinsic,unknown,unknown,unknown,WED096,WED096b,glutamate
512633,126222,AMMC003,AMMC003_R,unknown,R,unknown,cb_intrinsic,unknown,unknown,unknown,unknown,CB1826,gaba
512638,126224,LPT31,LPT31_L,unknown,L,unknown,visual_projection,unknown,unknown,unknown,WED068,LPT31,acetylcholine
512902,126355,AMMC029,AMMC029_R,unknown,R,unknown,cb_intrinsic,unknown,unknown,unknown,unknown,CB3275b,gaba
512932,126378,WED057,WED057_L,unknown,L,unknown,cb_intrinsic,unknown,unknown,unknown,WED057,WED057,gaba
513052,126427,DNg15,DNg15_R,unknown,R,unknown,descending_neuron,unknown,xn,Matsuo 2016: AMMC-Db5; Sterne 2021: nagini,unknown,DNg15,acetylcholine
513258,126545,AMMC020,AMMC020_R,unknown,R,unknown,cb_intrinsic,unknown,unknown,unknown,unknown,CB0989,gaba
513364,126621,WED122,WED122_L,unknown,L,unknown,cb_intrinsic,unknown,unknown,unknown,WED122,WED122,gaba
513484,126673,WED025,WED025_L,unknown,L,unknown,cb_intrinsic,unknown,unknown,unknown,WED025,WED025,gaba
513485,126674,WEDPN14,WEDPN14_L,unknown,L,unknown,cb_intrinsic,unknown,unknown,unknown,WEDPN14,WEDPN14,acetylcholine
513515,126689,WED118,WED118_L,unknown,L,unknown,cb_intrinsic,unknown,unknown,unknown,WED118,"CB1484,CB1869",acetylcholine
513715,126797,WED146_a,WED146_a_R,unknown,R,unknown,cb_intrinsic,unknown,unknown,unknown,WED146,WED146a,acetylcholine
513782,126836,WED127,WED127_L,unknown,L,unknown,cb_intrinsic,unknown,unknown,unknown,WED127,WED127,acetylcholine
513785,126838,WED055_b,WED055_b_L,unknown,L,unknown,cb_intrinsic,unknown,unknown,unknown,unknown,CB1383,gaba
513832,126864,unknown,38808_L,unknown,L,unknown,cb_intrinsic,unknown,unknown,unknown,unknown,"WED144a,CB3195",acetylcholine
513843,126871,WED030_b,WED030_b_L,unknown,L,unknown,cb_intrinsic,unknown,unknown,unknown,WED030,CB2203,gaba
513846,126873,WEDPN3,WEDPN3_L,unknown,L,unknown,cb_intrinsic,unknown,unknown,unknown,WEDPN3,WEDPN3c,gaba
514015,126959,WED074,WED074_R,unknown,R,unknown,cb_intrinsic,unknown,unknown,unknown,WED074,CB1944,gaba
514185,127069,WED063_b,WED063_b_L,unknown,L,unknown,cb_intrinsic,unknown,unknown,unknown,WED063_b,"CB2108,CB2449",acetylcholine
514324,127158,WEDPN11,WEDPN11_L,unknown,L,unknown,cb_intrinsic,unknown,unknown,unknown,WEDPN11,WEDPN11,glutamate
514744,127407,WEDPN6C,WEDPN6C_L,unknown,L,unknown,cb_intrinsic,unknown,unknown,unknown,WEDPN6C,CB3942,gaba
514857,127467,AMMC015,AMMC015_R,unknown,R,unknown,cb_intrinsic,unknown,unknown,unknown,unknown,CB1098,gaba
514957,127526,AMMC036,AMMC036_R,unknown,R,unknown,cb_intrinsic,unknown,unknown,unknown,unknown,CB0957,acetylcholine
515026,127558,AMMC028,AMMC028_R,unknown,R,unknown,cb_intrinsic,unknown,unknown,unknown,unknown,CB3893,gaba
515027,127559,AMMC027,AMMC027_R,unknown,R,unknown,cb_intrinsic,unknown,unknown,unknown,unknown,CB4240,gaba
515420,127773,WED092,WED092_L,unknown,L,unknown,cb_intrinsic,unknown,unknown,unknown,WED092,WED092c,acetylcholine
515676,127921,WED002,WED002_R,unknown,R,unknown,cb_intrinsic,unknown,unknown,unknown,WED002,WED002,acetylcholine
515842,128027,WED082,WED082_R,unknown,R,unknown,cb_intrinsic,unknown,unknown,unknown,WED082,WED082,gaba
516069,128173,WED039,WED039_L,unknown,L,unknown,cb_intrinsic,unknown,unknown,unknown,WED039,WED039,glutamate
516422,128359,WED031,WED031_L,unknown,L,unknown,cb_intrinsic,unknown,unknown,unknown,WED031,WED031b,gaba
516423,128360,WED162,WED162_L,unknown,L,unknown,cb_intrinsic,unknown,unknown,unknown,WED162,WED162,acetylcholine
516431,128367,AN07B036,AN07B036_L,unknown,L,unknown,ascending_neuron,unknown,BA,unknown,unknown,AN_IPS_WED_2,acetylcholine
516500,128413,WED206,WED206_L,unknown,L,unknown,cb_intrinsic,unknown,unknown,unknown,unknown,CB1816,gaba
516602,128477,AMMC031,AMMC031_R,unknown,R,unknown,cb_intrinsic,unknown,unknown,unknown,unknown,CB3200,gaba
516849,128637,WED204,WED204_R,unknown,R,unknown,cb_intrinsic,unknown,unknown,unknown,unknown,CB2139,gaba
516898,128661,AMMC022,AMMC022_R,unknown,R,unknown,cb_intrinsic,unknown,unknown,unknown,unknown,CB1038d,gaba
516899,128662,AMMC002,AMMC002_L,unknown,L,unknown,cb_intrinsic,unknown,unknown,unknown,unknown,CB2149,gaba
516954,128700,WED118,WED118_L,unknown,L,unknown,cb_intrinsic,unknown,unknown,unknown,WED118,"CB1484,CB1869",acetylcholine
516960,128704,WED002,WED002_R,unknown,R,unknown,cb_intrinsic,unknown,unknown,unknown,WED002,WED002a,acetylcholine
517049,128755,WEDPN7B,WEDPN7B_R,unknown,R,unknown,cb_intrinsic,unknown,unknown,unknown,WEDPN7B,WEDPN7Ba,acetylcholine
517183,128847,WED002,WED002_L,unknown,L,unknown,cb_intrinsic,unknown,unknown,unknown,WED002,WED002,acetylcholine
517200,128853,WED039,WED039_L,unknown,L,unknown,cb_intrinsic,unknown,unknown,unknown,WED039,WED039,glutamate
517202,128855,WED165,WED165_L,unknown,L,unknown,cb_intrinsic,unknown,unknown,unknown,WED165,WED165,acetylcholine
517233,128875,WED143_c,WED143_c_L,unknown,L,unknown,cb_intrinsic,unknown,unknown,unknown,WED143,CB1046,acetylcholine
517245,128883,WED164,WED164_L,unknown,L,unknown,cb_intrinsic,unknown,unknown,unknown,WED164,WED164a,acetylcholine
517580,129061,WED077,WED077_L,unknown,L,unknown,cb_intrinsic,unknown,unknown,unknown,WED077,"CB0398,CB2417",gaba
517777,129164,WED103,WED103_R,unknown,R,unknown,cb_intrinsic,unknown,unknown,unknown,WED103,WED103,glutamate
517778,129165,WED103,WED103_R,unknown,R,unknown,cb_intrinsic,unknown,unknown,unknown,WED103,WED103,glutamate
518038,129331,WED055_b,WED055_b_L,unknown,L,unknown,cb_intrinsic,unknown,unknown,unknown,WED055_b,CB1383,gaba
518039,129332,WED055_a,WED055_a_L,unknown,L,unknown,cb_intrinsic,unknown,unknown,unknown,WED055_a,CB2072,gaba
518162,129406,WED200,WED200_L,unknown,L,unknown,cb_intrinsic,unknown,unknown,unknown,unknown,CB4144,gaba
518733,129749,AN17B013,AN17B013_R,unknown,R,unknown,ascending_neuron,unknown,BA,unknown,unknown,AN_AMMC_SAD_1,gaba
518847,129828,AMMC015,AMMC015_L,unknown,L,unknown,cb_intrinsic,unknown,unknown,unknown,unknown,CB1098,gaba
518850,129830,WED146_c,WED146_c_R,unknown,R,unknown,cb_intrinsic,unknown,unknown,unknown,WED146,WED146b,acetylcholine
518903,129864,WEDPN2B_a,WEDPN2B_a_L,unknown,L,unknown,cb_intrinsic,unknown,unknown,unknown,WEDPN2B,WEDPN2B_a,gaba
519043,129946,AMMC031,AMMC031_L,unknown,L,unknown,cb_intrinsic,unknown,unknown,unknown,unknown,CB3200,gaba
519124,129995,AMMC035,AMMC035_L,unknown,L,unknown,cb_intrinsic,unknown,unknown,unknown,unknown,CB1427,gaba
519238,130062,WED025,WED025_R,unknown,R,unknown,cb_intrinsic,unknown,unknown,unknown,WED025,WED025,gaba
519239,130063,WED042,WED042_L,unknown,L,unknown,cb_intrinsic,unknown,unknown,unknown,WED042,CB4181,acetylcholine
519281,130089,WED025,WED025_R,unknown,R,unknown,cb_intrinsic,unknown,unknown,unknown,WED025,WED025,gaba
519314,130108,AMMC004,AMMC004_R,unknown,R,unknown,cb_intrinsic,unknown,unknown,unknown,unknown,CB0978,gaba
519387,130140,WED060,WED060_L,unknown,L,unknown,cb_intrinsic,unknown,unknown,unknown,WED060,WED060,acetylcholine
519392,130142,WED061,WED061_L,unknown,L,unknown,cb_intrinsic,unknown,unknown,unknown,WED061,WED061,acetylcholine
519420,130160,WED107,WED107_R,unknown,R,unknown,cb_intrinsic,unknown,unknown,unknown,WED107,WED107,acetylcholine
519436,130172,AMMC014,AMMC014_R,unknown,R,unknown,cb_intrinsic,unknown,unknown,unknown,unknown,CB1350,acetylcholine
519454,130181,WED210,WED210_L,unknown,L,unknown,cb_intrinsic,unknown,unknown,unknown,unknown,CB0073,acetylcholine
519538,130240,DNg24,DNg24_R,unknown,R,unknown,descending_neuron,unknown,xn,Matsuo 2016: AMMC-Db7,unknown,DNg24,gaba
519636,130289,WED118,WED118_L,unknown,L,unknown,cb_intrinsic,unknown,unknown,unknown,WED118,CB1908,acetylcholine
519654,130301,AN10B024,AN10B024_L,unknown,L,unknown,ascending_neuron,unknown,BA,Chen 2023: SS51046,unknown,AN_VES_WED_2,acetylcholine
520178,130593,AMMC010,AMMC010_R,unknown,R,unknown,cb_intrinsic,unknown,unknown,unknown,unknown,CB0131,acetylcholine
520339,130666,AMMC014,AMMC014_L,unknown,L,unknown,cb_intrinsic,unknown,unknown,unknown,unknown,CB1350,acetylcholine
520340,130667,WED031,WED031_L,unknown,L,unknown,cb_intrinsic,unknown,unknown,unknown,WED031,WED031b,gaba
520364,130686,WED056,WED056_R,unknown,R,unknown,cb_intrinsic,unknown,unknown,unknown,WED056,CB3064,gaba
520528,130793,WED074,WED074_L,unknown,L,unknown,cb_intrinsic,unknown,unknown,unknown,WED074,CB1944,gaba
520655,130869,WED208,WED208_L,unknown,L,unknown,cb_intrinsic,unknown,unknown,unknown,unknown,CB0033,gaba
520656,130870,WED201,WED201_L,unknown,L,unknown,cb_intrinsic,unknown,unknown,unknown,unknown,CB1439,gaba
520792,130930,WED104,WED104_L,unknown,L,unknown,cb_intrinsic,unknown,unknown,unknown,WED104,WED104,gaba
520899,130981,AMMC015,AMMC015_L,unknown,L,unknown,cb_intrinsic,unknown,unknown,unknown,unknown,CB1098,gaba
521005,131010,AMMC003,AMMC003_L,unknown,L,unknown,cb_intrinsic,unknown,unknown,unknown,unknown,CB1826,gaba
521009,131012,AMMC003,AMMC003_L,unknown,L,unknown,cb_intrinsic,unknown,unknown,unknown,unknown,CB1826,gaba
521061,131035,WED075,WED075_L,unknown,L,unknown,cb_intrinsic,unknown,unknown,unknown,WED075,WED075,gaba
521092,131048,WED076,WED076_L,unknown,L,unknown,cb_intrinsic,unknown,unknown,unknown,WED076,WED076,gaba
521109,131057,WED197,WED197_R,unknown,R,unknown,cb_intrinsic,unknown,unknown,unknown,unknown,CB4144,gaba
521112,131058,WED199,WED199_L,unknown,L,unknown,cb_intrinsic,unknown,unknown,unknown,unknown,CB4144,gaba
521122,131068,WED071,WED071_L,unknown,L,unknown,cb_intrinsic,unknown,unknown,unknown,WED071,WED071,glutamate
521235,131139,AMMC014,AMMC014_L,unknown,L,unknown,cb_intrinsic,unknown,unknown,unknown,unknown,CB1350,acetylcholine
521365,131199,WED034,WED034_L,unknown,L,unknown,cb_intrinsic,unknown,unknown,unknown,WED034,CB3982,glutamate
521666,131354,WED092,WED092_L,unknown,L,unknown,cb_intrinsic,unknown,unknown,unknown,WED092,WED092d,acetylcholine
521669,131357,WED093,WED093_L,unknown,L,unknown,cb_intrinsic,unknown,unknown,unknown,WED093,CB1675,acetylcholine
521728,131386,WEDPN17_a2,WEDPN17_a2_L,unknown,L,unknown,cb_intrinsic,unknown,unknown,unknown,WEDPN17_a,CB2414,acetylcholine
521768,131403,WED111,WED111_L,unknown,L,unknown,cb_intrinsic,unknown,unknown,unknown,WED111,CB3305,acetylcholine
522302,131461,SAD051_a,SAD051_a_L,unknown,L,unknown,cb_intrinsic,unknown,unknown,Cachero 2010: aDT-e; Vaughan 2014: aPN1,SAD051_a,CB1542,acetylcholine
522357,131498,WED001,WED001_L,unknown,L,unknown,cb_intrinsic,unknown,unknown,Cachero 2010: aSP-k; Yu 2010: aSP8,WED001,CB2364,gaba
522714,131565,WED094,WED094_R,unknown,R,unknown,cb_intrinsic,unknown,unknown,unknown,WED094,WED094,glutamate
522729,131567,WEDPN1A,WEDPN1A_L,unknown,L,unknown,cb_intrinsic,unknown,unknown,unknown,WEDPN1A,WEDPN1A,gaba
522865,131637,WED117,WED117_R,unknown,R,unknown,cb_intrinsic,unknown,unknown,unknown,WED117,"CB1143,CB1692",acetylcholine
523016,131742,WED012,WED012_L,unknown,L,unknown,cb_intrinsic,unknown,unknown,unknown,WED012,WED012,gaba
523019,131745,WEDPN10B,WEDPN10B_R,unknown,R,unknown,cb_intrinsic,unknown,unknown,unknown,WEDPN10B,WEDPN10B,gaba
523020,131746,WED101,WED101_L,unknown,L,unknown,cb_intrinsic,unknown,unknown,unknown,WED101,WED101,glutamate
523350,131776,AMMC020,AMMC020_R,unknown,R,unknown,cb_intrinsic,unknown,unknown,unknown,unknown,CB0989,gaba
523436,131813,WED072,WED072_R,unknown,R,unknown,cb_intrinsic,unknown,unknown,unknown,WED072,WED072,acetylcholine
523600,131873,WED011,WED011_R,unknown,R,unknown,cb_intrinsic,unknown,unknown,unknown,WED011,WED011,acetylcholine
523640,131893,AMMC013,AMMC013_L,unknown,L,unknown,cb_intrinsic,unknown,unknown,unknown,unknown,CB0478,acetylcholine
523642,131895,WED100,WED100_L,unknown,L,unknown,cb_intrinsic,unknown,unknown,unknown,WED100,WED100,glutamate
523809,131973,WED166_a,WED166_a_R,unknown,R,unknown,cb_intrinsic,unknown,unknown,unknown,WED166_a,CB0345,acetylcholine
523858,132004,WED109,WED109_R,unknown,R,unknown,cb_intrinsic,unknown,unknown,unknown,WED109,CB2305,acetylcholine
523876,132020,WED204,WED204_R,unknown,R,unknown,cb_intrinsic,unknown,unknown,unknown,unknown,CB2139,gaba
523938,132046,WED119,WED119_R,unknown,R,unknown,cb_intrinsic,unknown,unknown,unknown,WED119,WED119,glutamate
524001,132079,DNp05,DNp05_L,unknown,L,unknown,descending_neuron,unknown,xn,Matsuo 2016: AMMC-Db2,DNp05,DNp05,acetylcholine
524152,132153,WED182,WED182_R,unknown,R,unknown,cb_intrinsic,unknown,unknown,unknown,WED182,WED182,acetylcholine
524306,132231,WED041,WED041_L,unknown,L,unknown,cb_intrinsic,unknown,unknown,unknown,WED041,WED041a,glutamate
524656,132436,AMMC037,AMMC037_R,unknown,R,unknown,cb_intrinsic,unknown,unknown,unknown,unknown,CB3912,gaba
524730,132470,WED111,WED111_L,unknown,L,unknown,cb_intrinsic,unknown,unknown,unknown,WED111,CB2528,acetylcholine
524838,132529,WED131,WED131_R,unknown,R,unknown,cb_intrinsic,unknown,unknown,unknown,WED130,WED130b,acetylcholine
525143,132672,AMMC025,AMMC025_L,unknown,L,unknown,cb_intrinsic,unknown,unknown,unknown,unknown,CB1978,gaba
525401,132813,WED201,WED201_R,unknown,R,unknown,cb_intrinsic,unknown,unknown,unknown,unknown,CB1439,gaba
525483,132838,WED028,WED028_R,unknown,R,unknown,cb_intrinsic,unknown,unknown,unknown,WED028,WED028,gaba
526708,133320,WED204,WED204_L,unknown,L,unknown,cb_intrinsic,unknown,unknown,unknown,unknown,CB2139,gaba
526786,133341,WED152,WED152_R,unknown,R,unknown,cb_intrinsic,unknown,unknown,unknown,WED152,WED152,acetylcholine
526915,133402,AMMC032,AMMC032_R,unknown,R,unknown,cb_intrinsic,unknown,unknown,unknown,unknown,CB2322,gaba
526982,133427,WED163,WED163_R,unknown,R,unknown,cb_intrinsic,unknown,unknown,unknown,WED163,WED163a,acetylcholine
527585,133667,WED128,WED128_R,unknown,R,unknown,cb_intrinsic,unknown,unknown,unknown,WED128,"WED128,WED129",acetylcholine
527638,133684,AMMC032,AMMC032_L,unknown,L,unknown,cb_intrinsic,unknown,unknown,unknown,unknown,CB2322,gaba
529077,133791,WED057,WED057_R,unknown,R,unknown,cb_intrinsic,unknown,unknown,unknown,WED057,WED057,gaba
529078,133792,WEDPN8B,WEDPN8B_R,unknown,R,unknown,cb_intrinsic,unknown,unknown,unknown,WEDPN8B,WEDPN8B,acetylcholine
529634,134081,CB1464,CB1464_L,unknown,L,unknown,cb_intrinsic,unknown,unknown,unknown,"WED135,WED136",CB1464,acetylcholine
529713,134116,WED030_a,WED030_a_L,unknown,L,unknown,cb_intrinsic,unknown,unknown,unknown,WED030,CB2957,gaba
529714,134117,WED163,WED163_L,unknown,L,unknown,cb_intrinsic,unknown,unknown,unknown,WED163,WED163c,acetylcholine
529975,134251,AMMC027,AMMC027_R,unknown,R,unknown,cb_intrinsic,unknown,unknown,unknown,unknown,CB4240,gaba
530083,134304,WED166_d,WED166_d_L,unknown,L,unknown,cb_intrinsic,unknown,unknown,unknown,"WED166_c,WED027","WED166_c,WED027",acetylcholine
530084,134305,CB1464,CB1464_L,unknown,L,unknown,cb_intrinsic,unknown,unknown,unknown,"WED135,WED136",CB1464,acetylcholine
530217,134375,WED013,WED013_L,unknown,L,unknown,cb_intrinsic,unknown,unknown,unknown,WED013,"AVLP096,AVLP256,AVLP255,WED014",gaba
530346,134429,WEDPN14,WEDPN14_L,unknown,L,unknown,cb_intrinsic,unknown,unknown,unknown,WEDPN14,WEDPN14,acetylcholine
530356,134434,WED143_c,WED143_c_L,unknown,L,unknown,cb_intrinsic,unknown,unknown,unknown,WED143,CB1046,acetylcholine
530914,134726,WED098,WED098_R,unknown,R,unknown,cb_intrinsic,unknown,unknown,unknown,WED098,WED098,glutamate
531453,135014,WED030_a,WED030_a_L,unknown,L,unknown,cb_intrinsic,unknown,unknown,unknown,WED030,CB2957,gaba
531583,135063,WED104,WED104_R,unknown,R,unknown,cb_intrinsic,unknown,unknown,unknown,WED104,WED104,gaba
531945,135225,AMMC026,AMMC026_R,unknown,R,unknown,cb_intrinsic,unknown,unknown,unknown,unknown,CB0980,gaba
532198,135343,WED196,WED196_M,unknown,M,unknown,cb_intrinsic,unknown,unknown,unknown,unknown,CB3911,gaba
532199,135344,AMMC-A1,AMMC-A1_R,unknown,R,unknown,cb_intrinsic,unknown,unknown,unknown,AMMC-A1,AMMC-A1,acetylcholine
532560,135521,AMMC026,AMMC026_R,unknown,R,unknown,cb_intrinsic,unknown,unknown,unknown,unknown,CB0980,gaba
532747,135630,WED184,WED184(hb5813078104)_R,unknown,R,unknown,cb_intrinsic,unknown,unknown,unknown,(hb5813078104),CB0690,gaba
532750,135632,WED057,WED057_R,unknown,R,unknown,cb_intrinsic,unknown,unknown,unknown,WED057,WED057,gaba
533746,136087,AN17B008,AN17B008_L,unknown,L,unknown,ascending_neuron,unknown,BA,unknown,unknown,AN_GNG_AMMC_3,gaba
534090,136268,WED056,WED056_L,unknown,L,unknown,cb_intrinsic,unknown,unknown,unknown,WED056,WED056,gaba
534149,136305,WED118,WED118_L,unknown,L,unknown,cb_intrinsic,unknown,unknown,unknown,WED118,CB1908,acetylcholine
534553,136500,WED030_b,WED030_b_R,unknown,R,unknown,cb_intrinsic,unknown,unknown,unknown,WED030,CB2203,gaba
535209,136769,WED028,WED028_L,unknown,L,unknown,cb_intrinsic,unknown,unknown,unknown,WED028,WED028,gaba
535364,136858,WED159,WED159_L,unknown,L,unknown,cb_intrinsic,unknown,unknown,unknown,unknown,CB2397,acetylcholine
535523,136909,WED031,WED031_R,unknown,R,unknown,cb_intrinsic,unknown,unknown,unknown,"WEDPN1A,WED031",WED031b,gaba
536298,137204,WEDPN8B,WEDPN8B_L,unknown,L,unknown,cb_intrinsic,unknown,unknown,unknown,WEDPN8B,WEDPN8B,acetylcholine
536309,137207,WED057,WED057_R,unknown,R,unknown,cb_intrinsic,unknown,unknown,unknown,WED057,WED057,gaba
536501,137308,AMMC008,AMMC008_R,unknown,R,unknown,cb_intrinsic,unknown,unknown,unknown,unknown,CB0451,glutamate
536934,137393,WED038,WED038_R,unknown,R,unknown,cb_intrinsic,unknown,unknown,unknown,WED038,"WED038b,WED041b",glutamate
537151,137501,WED159,WED159_R,unknown,R,unknown,cb_intrinsic,unknown,unknown,unknown,unknown,CB2397,acetylcholine
537387,137529,WED162,WED162_L,unknown,L,unknown,cb_intrinsic,unknown,unknown,unknown,WED162,WED162,acetylcholine
537839,137673,WED146_b,WED146_b_L,unknown,L,unknown,cb_intrinsic,unknown,unknown,unknown,WED146,WED146b,acetylcholine
539142,137843,WED166_a,WED166_a_L,unknown,L,unknown,cb_intrinsic,unknown,unknown,unknown,WED166_a,CB0345,acetylcholine
539215,137868,AMMC019,AMMC019_R,unknown,R,unknown,cb_intrinsic,unknown,unknown,unknown,unknown,CB0979b,gaba
539552,138023,WED164,WED164_L,unknown,L,unknown,cb_intrinsic,unknown,unknown,unknown,WED164,WED164a,acetylcholine
541412,138328,SpsP,SpsP(PB16)_R,unknown,R,unknown,cb_intrinsic,CX,unknown,unknown,SpsP,"WED160,WED183",glutamate
542935,138997,AMMC031,AMMC031_L,unknown,L,unknown,cb_intrinsic,unknown,unknown,unknown,unknown,CB3200,gaba
543754,139347,WED168,WED168_R,unknown,R,unknown,cb_intrinsic,unknown,unknown,unknown,WED168,WED168,acetylcholine
543768,139356,AMMC002,AMMC002_L,unknown,L,unknown,cb_intrinsic,unknown,unknown,unknown,unknown,CB2149,gaba
543989,139447,WED033,WED033_L,unknown,L,unknown,cb_intrinsic,unknown,unknown,unknown,WED033,WED033,gaba
544259,139548,WEDPN18,WEDPN18_R,unknown,R,unknown,cb_intrinsic,unknown,unknown,unknown,WEDPN18,CB2778,acetylcholine
544278,139559,WED143_a,WED143_a_L,unknown,L,unknown,cb_intrinsic,unknown,unknown,unknown,WED143,CB1881,acetylcholine
546129,140236,WED012,WED012_L,unknown,L,unknown,cb_intrinsic,unknown,unknown,unknown,WED012,WED012,gaba
546257,140281,WED097,WED097_L,unknown,L,unknown,cb_intrinsic,unknown,unknown,unknown,WED097,WED097,glutamate
547497,140576,WED040_a,WED040_a_L,unknown,L,unknown,cb_intrinsic,unknown,unknown,unknown,WED040_a,CB1176,glutamate
548337,140787,WED167,WED167_L,unknown,L,unknown,cb_intrinsic,unknown,unknown,unknown,WED167,CB1433,acetylcholine
549047,140984,WED004,WED004_L,unknown,L,unknown,cb_intrinsic,unknown,unknown,unknown,WED004,WED004b,acetylcholine
550497,141465,WED057,WED057_R,unknown,R,unknown,cb_intrinsic,unknown,unknown,unknown,WED057,WED057,gaba
551049,141715,WED143_c,WED143_c_R,unknown,R,unknown,cb_intrinsic,unknown,unknown,unknown,WED143,CB1046,acetylcholine
552262,141980,WED097,WED097_R,unknown,R,unknown,cb_intrinsic,unknown,unknown,unknown,WED097,WED097,glutamate
555502,142434,WED194,WED194(hb825445636)_R,unknown,R,unknown,cb_intrinsic,unknown,unknown,unknown,(hb825445636),CB0685,gaba
555907,142497,WED072,WED072_R,unknown,R,unknown,cb_intrinsic,unknown,unknown,unknown,WED072,WED072,acetylcholine
556037,142521,WEDPN9,WEDPN9_L,unknown,L,unknown,cb_intrinsic,unknown,unknown,unknown,WEDPN9,WEDPN9,acetylcholine
556306,142543,WED012,WED012_R,unknown,R,unknown,cb_intrinsic,unknown,unknown,unknown,WED012,WED012,gaba
556587,142586,AMMC033,AMMC033_R,unknown,R,unknown,cb_intrinsic,unknown,unknown,unknown,unknown,CB3275a,gaba
556681,142601,AMMC015,AMMC015_L,unknown,L,unknown,cb_intrinsic,unknown,unknown,unknown,unknown,CB1098,gaba
556767,142620,WED106,WED106_R,unknown,R,unknown,cb_intrinsic,unknown,unknown,unknown,WED106,CB3655,gaba
557308,142696,AN18B019,AN18B019_R,unknown,R,unknown,ascending_neuron,unknown,BA,unknown,unknown,AN_GNG_WED_3,acetylcholine
558460,142817,WED002,WED002_R,unknown,R,unknown,cb_intrinsic,unknown,unknown,unknown,WED002,WED002,acetylcholine
565814,143309,WED057,WED057_L,unknown,L,unknown,cb_intrinsic,unknown,unknown,unknown,WED057,WED057,gaba
566582,143353,WED131,WED131_L,unknown,L,unknown,cb_intrinsic,unknown,unknown,unknown,WED130,WED130b,acetylcholine
567110,143371,AMMC011,AMMC011(hb2092402876)_L,unknown,L,unknown,cb_intrinsic,unknown,unknown,unknown,(hb2092402876),CB0749,acetylcholine
568012,143410,WED030_a,WED030_a_L,unknown,L,unknown,cb_intrinsic,unknown,unknown,unknown,WED030,CB2834,gaba
579924,143789,WED081,WED081_R,unknown,R,unknown,cb_intrinsic,unknown,unknown,unknown,WED081,WED081,gaba
580539,143961,WED144,WED144_R,unknown,R,unknown,cb_intrinsic,unknown,unknown,unknown,WED144,WED144b,acetylcholine
580652,143991,WED030_b,WED030_b_L,unknown,L,unknown,cb_intrinsic,unknown,unknown,unknown,WED030,CB2203,gaba
580846,144045,WED056,WED056_L,unknown,L,unknown,cb_intrinsic,unknown,unknown,unknown,WED056,CB3064,gaba
800845,144948,DNp12,DNp12(WED105)_R,unknown,R,unknown,descending_neuron,unknown,xn,unknown,WED105,DNp12,acetylcholine
912096,163583,AN09B036,AN09B036_L,unknown,L,unknown,ascending_neuron,unknown,CA,unknown,unknown,AN_WED_GNG_1,acetylcholine
919277,164042,AMMC021,AMMC021_L,unknown,L,unknown,cb_intrinsic,unknown,unknown,unknown,unknown,CB3371,gaba
919295,164046,WED035,WED035_R,unknown,R,unknown,cb_intrinsic,unknown,unknown,unknown,WED035,CB3983,glutamate
923203,164132,DNpe005,DNpe005(WED123)_R,unknown,R,unknown,descending_neuron,unknown,xn,unknown,WED123,DNpe005,acetylcholine
