grupo,ids,n,baseline_sham,L_sham,R_sham,U_sham,impar_L_R,comun_LR_sham,R_uniform,L_uniform,residuo_cuatro,primer_impar_negativo_3muestras_ms,R_sham_entrada_L,R_sham_entrada_R
CB0431|L,57832,1,869.5917775716722,-0.8061076585926542,65.58442497717002,68.49871311656207,-33.19526631788134,32.389158659288675,-2.9142881393920668,-69.30482077515474,3.7203957979847204,26,65.58442497717,0.0
SAD085|R,47107,1,578.6920308747759,-32.88626571715156,-2.039369548569365,-45.649704687917435,-15.423448084291103,-17.462817632860475,43.61033513934807,12.763438970765863,-10.7240694221965,202,-2.039369548569369,0.0
PLP228|L,513388,1,-208.19391588686594,-0.37524763386747706,22.811404633268666,22.69032495467563,-11.59332613356807,11.218078499700594,0.12107967859302887,-23.065572588543105,0.25416795527444697,83,0.0,-22.81140463326866
IB068|R,20804,1,175.63651431431302,13.692595680098934,32.4554280328363,40.92283145572439,-9.381416176368683,23.074011856467614,-8.467403422888102,-27.230235775625466,-5.225192257210833,16,32.4554280328363,0.0
PS018_a|L,51658,1,245.12866317013604,14.14689681095244,30.220236477214616,33.00166123246176,-8.036669833131088,22.183566644083527,-2.781424755247138,-18.854764421509316,-11.3654720557053,207,30.220236477214616,0.0
PS013|L,11306,1,1719.7120109204757,-15.70184189816427,-2.3071107982105583,-3.7400702477911563,-6.697365549976854,-9.004476348187406,1.432959449580598,-11.96177165037311,14.268882448583671,26,-2.3071107982105565,0.0
SAD085|L,14766,1,-10.702744152973327,-15.2319400731014,-6.1630912316511655,-11.597058305691187,-4.534424420725116,-10.697515652376282,5.433967074040021,-3.63488176741021,9.797972999061377,268,0.0,6.1630912316511655
CB0677|R,10215,1,-140.93982496573773,-15.829686619170323,-8.370407258881736,-12.734339144286023,-3.7296396801442935,-12.10004693902603,4.363931885404289,-3.0953474748842975,11.46575473376603,16,-8.370407258881734,0.0
PS049|R,29860,1,2004.0429924915372,0.35269032727209504,7.651112686796244,18.197163385761655,-3.6492111797620734,4.001901507034173,-10.546050698965413,-17.844473058489562,10.193360371693316,26,0.0,-7.65111268679625
PLP009|L,39510;519412;524317,3,-183.69910316273396,0.8546121114938147,8.005641082934398,8.3533547431317,-3.575514485720291,4.430126597214106,-0.34771366019730254,-7.498742631637885,-0.506898451296512,208,8.005641082934398,0.0
PLP228|R,530153,1,152.43993112193476,6.285075745680556,12.696923508480056,7.420903546252744,-3.2059238813997495,9.490999627080308,5.276019962227311,-1.135827800572187,-11.56109570790787,16,12.696923508480062,0.0
PLP012|R,13009,1,-93.79873201982045,-9.599234952427734,-4.129529763649887,-7.910430174012487,-2.734852594388924,-6.86438235803881,3.7809004103625976,-1.6888047784152491,5.818334542065137,116,0.0,4.129529763649887
PS029|L,23316,1,14.427795581437126,2.4310500530271684,7.726714091953931,6.209483047531494,-2.6478320194633813,5.078882072490549,1.5172310444224375,-3.778432994504325,-3.9482810974496045,21,7.726714091953932,0.0
PVLP141|L,10373,1,-229.84736969484524,-13.482165308669586,-8.638187236863441,-11.573555769763633,-2.4219890359030734,-11.060176272766517,2.935368532900192,-1.908609538905954,10.546796775769394,16,0.0,8.638187236863441
LAL120_a|L,523716,1,32.72509519177824,0.37249366971642534,4.725618759801717,0.12070085044537474,-2.176562545042646,2.5490562147590716,4.604917909356343,0.25179281927105046,-4.977411579072769,26,0.0,-4.725618759801718
PS018_a|R,14200,1,-744.1283347278194,-2.846940857182929,1.4705832256708922,0.2086191004477155,-2.158762041426911,-0.6881788157560176,1.2619641252231768,-3.0555599576306447,1.5849767319597525,148,0.0,-1.470583225670881
PS209|R,29507;138719,2,261.33794509990736,-8.981330729123165,-5.279222844323383,-7.797070427281371,-1.851053942399892,-7.1302767867232735,2.517847582957986,-1.1842603018417974,6.463483146165181,23,-5.2792228443233835,0.0
LAL051|L,14192,1,-185.26025852332745,-11.562533749489814,-7.94389521580258,-16.63205260394453,-1.809319266843618,-9.753214482646197,8.688157388141953,5.069518854454716,2.874376361347862,222,-7.943895215802579,0.0
LAL030_a|L,520155;524732;530668,3,325.9494271035489,-3.445793485370981,0.015034828387506844,-9.734278338804337,-1.7304141568792433,-1.7153793284917394,9.74931316719184,6.288484853433357,-6.3035196818208625,148,0.015034828387507915,0.0
PS353|R,19195;19779;31454;525154;559569,5,-27.011302156993604,2.08513121575945,5.230049179536077,6.3330935252755305,-1.5724589818883126,3.657590197647764,-1.1030443457394548,-4.247962309516081,-0.9820868700199958,16,5.230049179536076,0.0
PS077|L,26607;42270;53190;62156;70415;72644;512930,7,-373.0070248748283,0.5780648086858653,3.510124410036663,2.9237706705503244,-1.4660298006753985,2.0440946093612635,0.5863537394863383,-2.345705861864459,-1.164418548172203,44,3.5101244100366626,0.0
PS100|L,10203,1,-19.68115699220108,1.2509549676460978,3.9242827454748395,4.014965131342566,-1.3366638889143707,2.5876188565604683,-0.0906823858677271,-2.7640101636964687,-1.1602725817783706,16,3.92428274547484,0.0
LAL046|R,14259,1,544.6200077980133,2.7693807698477895,5.244405309007878,6.237225605830508,-1.2375122695800445,4.006893039427829,-0.9928202968226303,-3.467844835982719,-1.7765604730251587,218,0.0,-5.244405309007878
LAL074|R,10210,1,-23.563392724293145,-3.3918132260136384,-0.97027703391196,-1.7739218429128358,-1.210768096050839,-2.1810451299627984,0.8036448090008755,-1.617891383100803,2.5881684170127626,16,-1.0164807035595298,-0.04620366964757019
GNG285|L,12846,1,-27.168946399106634,1.7302855108117776,4.001848249064939,4.214048593130847,-1.1357813691265808,2.8660668799383586,-0.21220034406590774,-2.483763082319069,-1.51808516674587,16,0.0,-4.001848249064939
PLP300m|L,11810;13973,2,-81.33444794800249,-0.21798379293505776,2.0194463734734107,1.423849035078807,-1.118715083204234,0.9007312902691762,0.5955973383946038,-1.641832828013865,-0.377613545459546,16,0.0,-2.0194463734734107
PS353|L,18404;19220;22591,3,11.776823768531846,1.4671344589442972,3.544533707991024,4.201346618030668,-1.0386996245233635,2.5058340834676605,-0.6568129100396431,-2.734212159086371,-0.8103215489046537,16,0.0,-3.5445337079910244
LAL084|R,511776,1,-2.8844265256495856,-2.663289105532822,-0.7278469141822725,-1.0177989875735907,-0.9677210956752746,-1.6955680098575472,0.28995207339131795,-1.6454901179592312,2.373337032141504,17,-0.8562904897751684,-0.12844357559289582
LAL084|L,521529,1,2.9564482084067185,3.5743488236339935,5.490192118124527,5.432611530406118,-0.9579216472452664,4.532270470879261,0.057580587718409466,-1.8582627067721231,-3.6319294113524045,252,-0.37863392702133536,-5.868826045145864
PS240|L,32562;56431;65466,3,42.170457941875085,-1.1227538841278548,0.7867307673102683,0.1966808802579204,-0.9547423257190615,-0.168011558408793,0.5900498870523477,-1.3194347643857751,0.5327039970755069,96,0.7867307673102686,0.0
ICL013m_a|L,12434,1,-16.319764997285564,0.5506942042069616,2.4079065361704988,2.577932606247174,-0.9286061659817684,1.47930037018873,-0.17002607007667533,-2.0272384020402123,-0.38066813413028616,100,2.4079065361704983,0.0
SAD006|R,13990;17009;170990,3,-102.05147421245867,0.30829210397838347,1.9897074031346824,1.5520605921592945,-0.8407076495781493,1.1489997535565326,0.4376468109753876,-1.243768488180911,-0.7459389149537711,220,0.0,-1.989707403134682
LAL196|L,64180;522738;526612,3,-22.573882567937893,0.04717256812522139,1.7259138127044789,1.4327288966180531,-0.8393706222896284,0.8865431904148499,0.29318491608642566,-1.3855563284928314,-0.340357484211647,162,0.0,-1.7259138127044784
CB2497|R,30604;80916,2,-58.997071276033914,0.945423724965652,2.438545526069488,2.833972288029557,-0.7465609005519179,1.6919846255175697,-0.39542676196006926,-1.8885485630639047,-0.5499969630055828,162,0.0,-2.4385455260694875
LAL304m|R,11924;14188;14717,3,164.3937246378212,-5.060605818966221,-3.5851141309305983,-3.071276611647824,-0.7377458440178118,-4.322859974948411,-0.5138375192827759,-1.9893292073183997,5.574443338248999,127,-3.576951972892914,0.00816215803768327
CL322|R,12990,1,171.6250930220157,-0.43732415960904303,1.0297460846648285,0.49630984740581224,-0.7335351221369357,0.29621096252789064,0.5334362372590162,-0.9336340070148553,-0.0961120776499732,118,1.0297460846648288,0.0
PS208|L,25959;56409;63561,3,-11.624633907530347,0.3390323458555134,1.7172712315772498,1.7310791732763093,-0.6891194428608682,1.0281517887163816,-0.013807941699059943,-1.3920468274207967,-0.3252244041564535,26,0.0,-1.7172712315772505
PS020|R,12250,1,-21.52612912906501,2.8848887693101046,4.180178670003989,5.308581201925064,-0.647644950346942,3.5325337196570468,-1.1284025319210755,-2.423692432614959,-1.7564862373890295,16,0.0,-4.180178670003988
PS026|L,515231;530021,2,6.824827224668076,-2.3010414327928936,-1.097096253515298,-3.4256221130666034,-0.6019725896387976,-1.6990688431540955,2.328525859551305,1.1245806802737093,-0.02748442675841139,238,-1.0970962535152982,0.0
CB1958|R,167278;521012,2,41.01806894085771,2.0513484451158344,3.249114823460461,3.001613404898398,-0.598883189172313,2.650231634288148,0.24750141856206306,-0.9502649597825629,-2.298849863677898,208,0.0,-3.249114823460461
LAL035|L,57102;142802,2,156.20278290297236,-0.3347552304405107,0.811388579499076,-0.9390328072888199,-0.5730719049697935,0.2383166745292826,1.750421386787896,0.6042775768483091,-1.4156661563473854,146,0.8113885794990784,0.0
PLP029|R,12110,1,566.642164551275,1.7743135110780281,2.9017051300187195,3.2051408491965567,-0.5636958094703456,2.338009320548376,-0.3034357191778374,-1.4308273381185284,-1.470877791900191,16,0.0,-2.9017051300187204
PS209|L,29725;37129;58090,3,-77.43268360309533,0.39405064063346984,1.4877639791081811,1.5295632484835933,-0.5468566692373557,0.9409073098708253,-0.04179926937541212,-1.1355126078501234,-0.3522513712580577,16,0.0,-1.4877639791081814
DNp15|L,12069,1,0.25643650660655,0.05765956877175136,1.0521787332448835,1.2523635313327852,-0.4972595822365663,0.5549191510083175,-0.20018479808790132,-1.1947039625610334,0.14252522931614994,199,1.0521787332448838,0.0
LAL021|L,82950;116987;557800,3,8.679859104004198,-0.9167062906364201,0.038270123490677564,-1.6751667260424914,-0.4774882070635487,-0.4392180835728712,1.713436849533169,0.7584604354060716,-0.7967305588967489,182,0.03827012349067753,0.0
IB076|L,35372;97863,2,-39.70614422024768,-1.829889062872247,-0.8925925994342863,-2.3143023605611335,-0.4686482317189807,-1.3612408311532669,1.421709761126848,0.48441329768888647,0.40817930174539974,228,0.0,0.8925925994342863
SAD005|L,21638;533531,2,374.71110848043475,4.02873531454771,4.93571684279811,7.937105300456475,-0.4534907641251997,4.482226078672909,-3.0013884576583636,-3.908369985908763,-1.0273468568893465,121,4.935716842798111,0.0
PS021|R,32939,1,-72.9040324631208,0.5415835093285503,1.4334892369414185,1.7433629242891577,-0.4459528638064342,0.9875363731349855,-0.30987368734773846,-1.2017794149606071,-0.2317098219808117,16,0.0,-1.4334892369414183
GNG100|R,10920,1,603.7435383236507,-1.603242285940868,-0.749321301810714,-3.9777718500611186,-0.42696049206507697,-1.1762817938757903,3.2284505482504047,2.374529564120251,-1.6252082623095363,73,-0.749321301810714,0.0
PS321|L,11919,1,25.397260601500786,0.5870469155302801,1.4383432340563873,1.7437690090060236,-0.4256481592630536,1.0126950747933339,-0.30542577494963624,-1.1567220934757438,-0.28162114058064364,16,-0.20547760486519814,-1.6438208389215851
AOTU018|L,121558;543277,2,164.95604032923447,-9.302529639335512,-8.460376537563834,-8.300264002684605,-0.42107655088583906,-8.881453088449673,-0.1601125348792318,-1.00226563665091,9.462642174214745,16,-8.460376537563839,0.0
CB0164|L,11577,1,2.6071889684540026,0.8389963160769288,1.6355080116443177,1.7563278780776082,-0.39825584778369444,1.237252163860623,-0.12081986643329065,-0.9173315620006793,-0.7181764496436382,259,0.0,-1.6355080116443175
PS022|R,126625;524340,2,-210.51380479426035,1.3666343622369184,2.1003794000893303,3.0422101658992524,-0.366872518926206,1.7335068811631236,-0.9418307658099218,-1.6755758036623338,-0.42480359642699617,16,0.0,-2.100379400089329
IN04B074|L,804880;806174;809152;809410;810097;909475,6,16.284954401205503,0.1657751553707933,0.8906682024340326,0.819501617503649,-0.36244652353161966,0.5282216789024128,0.07116658493038373,-0.6537264621328556,-0.23694174030117707,20,0.8906682024340327,0.0
CB1958|L,134386;520222,2,-30.15757933042023,-0.09724449776127289,0.4774586483666676,0.4364276533107775,-0.28735157306397024,0.19010707530269777,0.041030995055890154,-0.5336721510720502,0.05621350270538276,232,0.4774586483666674,0.0
VES200m|R,12002;16531;520197;521972;522824;524992,6,110.26545199550857,-0.8518924221965126,-0.2811185267460923,0.002265223682288597,-0.2853869477252102,-0.5665054744713027,-0.2833837504283809,-0.8541576458788013,1.1352761726248937,26,0.0,0.28111852674609245
IN12B014|L,802999,1,571.4688434631817,0.31949114943153223,0.8717697857108243,0.5740076316622221,-0.27613931813964604,0.5956304675711773,0.2977621540486022,-0.2545164822306899,-0.6172533034801344,26,0.0,-0.8717697857108215
DNa01|L,10442,1,2.8775476645450424,-0.43531410717124586,0.09703489263811227,-0.21527423326739187,-0.26617449990467906,-0.16913960726656677,0.31230912590550414,-0.22003987390385393,0.12300498126574168,203,0.09703489263811227,0.0
DNae010|R,11770,1,-51.606596781908536,-4.011114963740452,-3.490636979840681,-4.446057738494887,-0.26023899194988576,-3.750875971790565,0.9554207586542068,0.434942774754435,3.0556942050862457,138,0.0,3.490636979840681
PVLP201m_b|L,512594,1,28.807650710947875,-0.5914380960650424,-0.08682689758906319,-0.6433899074980459,-0.2523055992379896,-0.33913249682705277,0.5565630099089828,0.05195181143300347,0.03487508615605971,16,-0.08682689758906262,0.0
PS029|R,20777,1,-15.093457298083,0.5392157499253567,1.0259914097512846,1.3918137749137351,-0.24338782991296387,0.7826035798383205,-0.3658223651624507,-0.8525980249883787,-0.17339338476290603,152,0.0,-1.0259914097512846
WED124|L,23587,1,-25.994237376260795,-1.9873934024088267,-1.5529063284802835,-2.2615126199247957,-0.2172435369642715,-1.7701498654445547,0.7086062914445124,0.2741192175159693,1.2787871109643143,16,0.0,1.552906328480283
PS011|R,12938,1,-1.8047327463160194,0.8338064136628565,1.257894255399924,1.7957018417319617,-0.21204392086853388,1.0458503345313903,-0.5378075863320372,-0.9618954280691049,-0.2959988273308193,191,0.0,-1.2578942553999244
CB2066|L,48545;54534;73255;94736,4,-83.69458389295534,2.5869350827721265,3.0109340568385394,4.574073259058264,-0.21199948703320637,2.7989345698053327,-1.5631392022197252,-1.987138176286138,-1.0237958805524012,26,3.010934056838539,0.0
IN12A054|L,808635;911423,2,17.93237488494056,0.924989665050587,1.334189871918555,1.4994914043405576,-0.204600103433984,1.129589768484571,-0.1653015324220027,-0.5745017392899708,-0.7596881326285841,24,1.3341898719185548,0.0
LAL037|L,90224;125794,2,15.045489660084488,-0.38613378468168796,-0.01602698338665998,-0.3993948309823518,-0.185053400647514,-0.201080384034174,0.38336784759569165,0.013261046300663744,0.002765937085996225,25,-0.01602698338665984,0.0
DNp57|R,803433,1,68.03536260073808,0.7736489059494365,1.1219711059072786,1.1181578163816133,-0.17416109997892118,0.9478100059283571,0.0038132895256653954,-0.34450891043217696,-0.7774621954751015,26,1.1219711059072788,0.0
SAD005|R,26675;72698;512451,3,-759.5455057806213,0.34725913182605933,0.6935953741355525,0.2767199476766132,-0.17316812115474656,0.52042725298081,0.4168754264589393,0.07053918414944618,-0.7641345582849987,245,0.0,-0.693595374135556
CB4102|L,72379;119838,2,-3.068021635773516,0.019143046452073546,0.34149579885727704,0.34191572088468997,-0.16117637620260175,0.18031942265467527,-0.0004199220274129227,-0.32277267443261654,-0.018723124424660637,26,0.0,-0.3414957988572769
ICL013m_b|L,518363,1,-162.001876707192,1.1548725203769072,1.4724593287243593,2.070581855958038,-0.15879340417372606,1.3136659245506341,-0.5981225272336788,-0.9157093355811309,-0.5567499931432284,78,1.4724593287243577,0.0
CB4102|R,27055;78011,2,4.84105866760064,0.234730353552055,0.5426073237384272,0.20616948907814642,-0.15393848509318614,0.38866883864524104,0.3364378346602808,0.028560864473908588,-0.5711681882123361,17,0.5426073237384272,0.0
M_spPN5t10|R,11449,1,-0.025924724335458057,-0.36703003999438394,-0.08879837140092633,-0.8015436215940576,-0.13911583429672883,-0.22791420569765516,0.7127452501931311,0.43451358159967346,-0.34571521019874707,12,0.0,0.08879837140092635
PS026|R,31892;65695,2,-78.75173530868315,-0.6419263878144249,-0.37297245729844275,-0.4359288497883973,-0.1344769652579911,-0.5074494225564344,0.06295639248995455,-0.20599753802602766,0.5789699953244704,16,0.0,0.37297245729844314
PLP019|L,521059,1,-9.209981966024186,0.04402461479886329,0.31230253724992035,0.29285167340232426,-0.13413896122552857,0.1781635760243919,0.019450863847596096,-0.24882705860346102,-0.0634754786464594,25,0.3123025372499204,0.0
PVLP048|R,25255;26585;26741;29939,4,-12.727449706915984,0.8909906940031974,1.1541475743174519,1.090503128727417,-0.13157844015712733,1.0225691341603247,0.06364444559003497,-0.19951243472421973,-0.9546351395932322,16,3.215123067584234,2.0609754932667816
DNa04|R,10924,1,-4.273042784323833,0.1256072819103165,0.3881944230834399,0.45926693962291143,-0.13129357058656171,0.2569008524968782,-0.0710725165394715,-0.33365965771259487,-0.054534765370844986,16,0.0,-0.3881944230834399
IN16B045|R,803344;804884;804915;805248;904785;933309,6,0.08286786245805934,0.020436774066782473,0.28281788041617695,0.31640283847553957,-0.1311905531746973,0.15162732724147976,-0.033584958059362575,-0.29596606440875717,0.013148183992580092,288,0.0,-0.282817880416177
GNG577|L,22837,1,4.564929891166429,-0.3961953083838992,-0.13437601351711886,-0.23756767797068912,-0.1309096474333902,-0.26528566095050904,0.10319166445357032,-0.15862763041321007,0.2930036439303289,16,0.0,0.1343760135171188
IN17A037|L,199504,1,47.177543820258556,0.02639544268493322,0.2878092120275955,0.2929402024574668,-0.13070688467133112,0.15710232735626442,-0.005130990429871345,-0.2665447597725336,-0.021264452255061874,18,0.2878092120275954,0.0
CB3127|L,530855,1,-11.844563918303118,-0.16741709529085239,0.08886869714266497,-0.048914903873247643,-0.12814289621675867,-0.03927419907409363,0.1377836010159126,-0.11850219141760472,0.029633494274939776,16,-0.05332121651993653,-0.1421899136626014
IN03A084|L,805830;812036,2,4.6887543471765705,0.06832819085655947,0.30764277208006996,0.2258421195581779,-0.11965729061175523,0.18798548146831473,0.08180065252189209,-0.1575139287016184,-0.15012884337845156,23,0.3076427720800699,0.0
DNa05|L,12801,1,4.777248532711853,0.11305991533926127,0.34135333440985716,0.35135543449871737,-0.11414670953529796,0.22720662487455928,-0.010002100088860157,-0.23829551915945607,-0.10305781525040111,169,0.3413533344098572,0.0
PS337|R,36323,1,-10.435827808263895,-0.18328121603118216,0.044305855682091916,-0.12682517937009788,-0.11379353585663703,-0.06948768017454518,0.17113103505218982,-0.05645603666108426,0.012150180978992339,16,0.04430585568209178,0.0
DNp57|L,11961,1,-89.67461278421978,0.19423599809724765,0.40349062123333285,0.43011400097567665,-0.10462731156804261,0.29886330966529007,-0.026623379742343755,-0.235878002878429,-0.16761261835490388,16,0.0,-0.4034906212333337
AOTU027|R,13441,1,-68.89659902457608,3.286109597038553,3.484055915387613,3.3895901064210627,-0.09897315917453003,3.385082756213083,0.09446580896655019,-0.1034805093825099,-3.380575406005104,16,0.0,-3.484055915387613
VES200m|L,19502;20938;24731;515561;516652,5,-59.6381340086699,-0.6237214015252169,-0.4275483927073348,-0.7424127544997289,-0.09808650440894112,-0.5256348971162754,0.3148643617923942,0.11869135297451197,0.30885703973282286,16,-0.4275483927073352,0.0
CB0671|R,11211,1,-1.4391018653664431,0.11557193499385313,0.3113594153644771,0.29111276279268716,-0.09789374018531201,0.21346567517916512,0.02024665257178994,-0.17554082779883406,-0.13581858756564305,16,0.3113594153644771,0.0
SAD006|L,25471;52417;556304,3,24.527933136736934,2.5214332316647323,2.7171765994433477,4.149923846646135,-0.09787168388930777,2.6193049155540407,-1.4327472472027871,-1.6284906149814027,-1.0886859844619456,274,2.717176599443348,0.0
unknown|R,17284;23167;25254;31696;32951;33251;41250;46029;47977;48019;66819;70088;134832;136752;149284;152095;155303;156513;160349;195691,20,229.47843067513327,-2.121472404649017,-1.9276960734207125,-2.2108856999089985,-0.09688816561415266,-2.0245842390348656,0.2831896264882872,0.08941329525998189,1.83828277816073,21,-1.7523011545655625,0.17539491885515254
IN04B081|L,806255;809108;809765;810046,4,2.6887420553330266,-0.024264229608658133,0.15018499669516103,0.08355740598361258,-0.08722461315190957,0.06296038354325144,0.06662759071154845,-0.10782163559227075,-0.042363361102890296,61,0.150184996695161,0.0
CB4101|L,520235,1,-2.408600425245124,0.05862101217115819,0.2324583076732006,0.23737819706641783,-0.08691864775102119,0.14553965992217946,-0.004919889393217253,-0.17875718489525966,-0.053701122777940945,25,0.0,-0.23245830767320066
unknown|L,15141;15597;17556;23342;25236;28195;35044;52953;97113;99866;111531;129990;149770;155446;160420;177757;512493,17,-127.64640832321085,1.79753192192566,1.9643797311613795,2.5008275009130023,-0.08342390461785967,1.88095582654352,-0.5364477697516233,-0.7032955789873427,-1.2610841521740368,52,0.9241816047520848,-1.0401981264092963
GNG515|L,15602,1,1029.8981045163353,0.11610469450354893,0.28250883643134267,0.32725079303913046,-0.08320207096389687,0.19930676546743978,-0.0447419566077878,-0.21114609853558153,-0.07136273789576113,16,0.0,-0.2825088364313523
PVLP201m_a|L,13762,1,13.822586459311394,-0.20045601934214527,-0.03721147170703038,-0.2149813917694899,-0.08162227381755746,-0.11883374552458777,0.17776992006245954,0.014525372427344651,0.02268609927968573,101,-0.03721147170703026,0.0
DNae002|L,11002,1,27.507494622613972,0.16268941543068127,0.32469054909183337,0.3627791375933716,-0.08100056683057605,0.24368998226125713,-0.03808858850153818,-0.20008972216269028,-0.1246008269291431,79,0.3246905490918332,0.0
IB023|L,521406,1,-13.108062349717615,-0.06484124255422746,0.09576347520111358,0.049001901476939315,-0.08030235887767054,0.015461116323443188,0.046761573724174284,-0.11384314403116677,0.01807966883005319,57,0.0,-0.09576347520111367
CB2514|L,125402,1,1.1331347708628041,-0.03885120586143856,0.11558999605054306,0.042131989724926995,-0.0772206009559908,0.03836939509455223,0.07345800632561604,-0.08098319558636555,-0.03460680046417748,179,0.11558999605054304,0.0
PVLP209m|R,30107;33821;77876;512391,4,-208.14097022941596,0.14162847244098647,0.27774818331786305,0.4670409047639838,-0.06805985543843829,0.2096883278794243,-0.18929272144612072,-0.3254124323229973,0.04766424900513425,16,0.0,-0.27774818331786266
CB3748|L,35103,1,-5.366827086030194,0.06548846959169544,0.19865779971843814,0.21071227236854959,-0.06658466506337135,0.1320731346550668,-0.012054472650111489,-0.14522380277685415,-0.05343399694158396,133,0.19865779971843814,0.0
PVLP022|L,11895,1,-11.534413906196944,-0.02536714586715812,0.10248868972433921,0.06886652980889513,-0.06392791779574866,0.03856077192859053,0.03362215991544407,-0.09423367567605324,-0.008255014048285955,65,0.1024886897243392,0.0
GNG637|L,513460,1,-12.308297342076669,-0.1558836523426976,-0.028695159472633614,-0.17245637598952038,-0.06359424643503199,-0.09228940590766563,0.14376121651688678,0.01657272364682279,0.012122435825810822,50,-0.028695159472633482,0.0
CB1131|L,43038;44630;536053,3,20.10522912056938,-0.0031700212776473832,0.12383884088138283,0.06200849367555866,-0.0635044310795151,0.06033440980186775,0.06183034720582417,-0.06517851495320605,-0.05866032592817678,158,0.1238388408813827,0.0
PS057|R,12825,1,35.402250711531934,-2.2050647883281145,-2.0866624184847624,-1.9633484238118717,-0.059201184921675795,-2.145863603406438,-0.12331399467289084,-0.24171636451624243,2.3283787830010048,26,0.0,2.086662418484763
PS261|R,18601;19215,2,-449.1888892621356,0.20722363609775318,0.3191571844152937,0.45737323158556065,-0.055966774158770285,0.26319041025652423,-0.1382160471702669,-0.25014959548780746,-0.06900758892748629,84,0.0,-0.31915718441529717
SAD007|L,42249;45031;81913;105076,4,7.699013469848116,-0.03813156433379865,0.07103378063524404,-0.0405451687174746,-0.05458267248452133,0.01645110815072263,0.11157894935271863,0.002413604383675945,-0.07344738501892001,260,0.07103378063524392,0.0
AOTU008|R,20447;20582;22315,3,27.378952104550425,-0.035343520627394126,0.07262898250384411,0.08866421527642793,-0.05398625156561912,0.018642730938224928,-0.016035232772583802,-0.12400773590382204,0.051378753399977925,38,0.07262898250384396,0.0
CB4103|R,63500;95815;513690,3,19.50204858330392,-0.20382485956558816,-0.09586215164911237,-0.10940959611323758,-0.053981353958237895,-0.1498435056073503,0.013547444464125213,-0.09441526345235057,0.19027741510146295,16,-0.09586215164911238,0.0
CB3376|L,18197;56193,2,-19.423692422350648,-1.6445008976824829,-1.538373497702427,-2.0933982353234817,-0.05306369999002788,-1.591437197692455,0.555024737621055,0.4488973376409993,1.0894761600614278,16,0.0,1.5383734977024268
WED127|L,513782,1,-7.6251464875099675,-0.8161077751684213,-0.7116817020388039,-0.9044924440423545,-0.05221303656480871,-0.7638947386036125,0.19281074200355075,0.08838466887393331,0.6232970331648706,186,0.0,0.7116817020388039
AOTU002_b|R,29622,1,4.8569986125105205,-0.6201093724609975,-0.5182772069539108,-0.4795246804154184,-0.0509160827535434,-0.5691932897074542,-0.03875252653849236,-0.14058469204557913,0.65886189899949,29,-0.5182772069539108,0.0
CL123_b|L,74590,1,0.29872128691224703,0.009213408364411235,0.10321508553859955,0.11826607982320446,-0.04700083858709414,0.0562142469515054,-0.015050994284604933,-0.10905267145879324,0.005837585920193701,103,0.10321508553859955,0.0
VES106|R,530154,1,-97.52994593193412,-0.1009753877836518,-0.007083218358214582,-0.04020647193786873,-0.046946084712718605,-0.05402930307093272,0.03312325357965415,-0.06076891584578307,0.06785213420399765,16,-0.007499878282944213,-0.00041665992472885344
LC33|L,13534;17843;517845,3,-38.137294725518515,-0.08386905514147582,0.008894280300842569,-0.04504127666009254,-0.04638166772115919,-0.03748738742031693,0.05393555696093511,-0.038827778481383274,0.029933498180540707,196,0.008894280300842668,0.0
AN02A002|R,10180,1,3.4900023416430863,0.038355781636854415,0.12850928150363666,0.13173979935519425,-0.045076749933391135,0.08343253157024556,-0.0032305178515575766,-0.09338401771833983,-0.03512526378529684,218,-0.042836427167878895,-0.17134570867151558
PS203|L,515520,1,-0.803513946873543,0.012490025983680477,0.10109370611100577,0.07649301307902324,-0.04430184006366264,0.056791866047343105,0.024600693031982528,-0.06400298709534277,-0.037090719015663014,26,0.0,-0.10109370611100575
CB2497|L,36147;43445,2,120.71958082258698,0.1193267445548323,0.20627310181878641,0.24360006320917016,-0.04347317863197705,0.16279992318680908,-0.037326961390383766,-0.12427331865433787,-0.08199978316444854,153,0.20627310181878605,0.0
LAL021|R,28708;37588;118264;556343,4,-29.661663728885497,-0.3675538955821223,-0.2821113419406466,-0.33477600856070777,-0.042721276820737876,-0.3248326187613846,0.05266466662006126,-0.032777887021414494,0.31488922896206106,16,0.0,0.28211134194064663
IN17A051|L,82912,1,5.473276362113064,-0.19613083930656533,-0.11250186188564215,-0.14274798121872995,-0.041814488710461596,-0.15431635059610377,0.030246119333087785,-0.0533828580878354,0.1658847199734776,16,-0.11250186188564214,0.0
IN08A026|L,807133;934876,2,-9.676228165042618,0.003396510975719813,0.08691658994078737,0.0861145356716813,-0.041760039482533776,0.045156550458253585,0.0008020542691060628,-0.08271802469596148,-0.004198565244825876,16,0.08691658994078738,0.0
AVLP746m|L,14505;15240;522344,3,1.4855530940888635,0.00936460242691276,0.0915265108342873,0.07955237074453765,-0.041080954203687264,0.050445556630600026,0.01197414008974964,-0.0701877683176249,-0.0213387425166624,68,0.169977804907315,0.07845129407302769
PS042|R,28892;47760,2,-34.686989926522486,0.02965779175015906,0.10973708149600901,0.461804951644184,-0.04003964487292498,0.06969743662308393,-0.3520678701481751,-0.432147159894025,0.322410078398016,145,0.0,-0.10973708149600905
CB0164|R,17472,1,-5.330529886837228,0.0324941665287977,0.10697620209083385,0.12724110993064192,-0.03724101778101808,0.06973518430981579,-0.020264907839808083,-0.09474694340184424,-0.012229258688989613,211,0.10697620209083389,0.0
PS221|R,18787;22277;515720,3,-6.336731934441386,-0.27583055939137585,-0.20152452787259642,-0.29687791942911956,-0.037153015759389736,-0.23867754363198604,0.09535339155652313,0.021047360037743674,0.18047716783485274,167,0.0,0.20152452787259642
DNp18|L,10048,1,15.489900135904449,0.0358451239231951,0.10809514586910068,0.12025248985514594,-0.03612501097295279,0.07197013489614792,-0.012157343986045259,-0.08440736593195083,-0.023687779937149846,37,0.10809514586910063,0.0
IN11A036|R,810489;815962,2,-11.571435557209181,0.028447427317592342,0.0972555914612194,0.12117931856901007,-0.03440408207181353,0.06285150938940588,-0.023923727107790664,-0.09273189125141772,-0.004523700209801679,16,0.0,-0.09725559146121937
LAL199|L,524755,1,9.147935406046663,-0.07053413499914674,-0.0023782909934881094,-0.1135427385321518,-0.03407792200282931,-0.03645621299631742,0.1111644475386637,0.04300860353300508,-0.04063031253951697,22,-0.002378290993488029,0.0
DNb02|L,12767;529488,2,0.31489687502929103,0.033609821172938294,0.10072134723809052,0.10902434961902464,-0.033555763032576104,0.06716558420551441,-0.00830300238093411,-0.07541452844608632,-0.02530681879200419,168,-0.06163252841588802,-0.16235387565397852
CL117|R,24347;537751,2,35.635284250018124,0.17258855563295433,0.2385193467853508,0.268144517584097,-0.032965395576198236,0.20555395120915204,-0.029625170798746242,-0.09555596195114271,-0.1429633848342081,165,0.0,-0.23851934678535047
LAL104|L,28010,1,-6.215119559357577,0.0715376868750404,0.13616038204202227,0.140723092410516,-0.032311347583490926,0.10384903445853129,-0.004562710368493744,-0.0691854055354756,-0.06697497650654666,80,0.1361603820420223,0.0
PS308|L,521538,1,-3.735047175065333,-0.37538049338346297,-0.3113584640395298,-0.37208377268737913,-0.03201101467196659,-0.3433694787114964,0.06072530864784933,-0.003296720696083846,0.31465518473561366,16,-0.31135846403952977,0.0
IN16B100_c|R,909039,1,1.395517014573863,0.04355887020176518,0.10235164630612309,0.10899610058572877,-0.02939638805217897,0.07295525825394412,-0.006644454279605663,-0.06543723038396358,-0.036914415922159514,106,0.0,-0.1023516463061231
LAL015|L,11054,1,73.3944748624905,-0.029770174055326042,0.02845159940716794,0.014848531209840433,-0.02911088673124699,-0.0006592873240787682,0.013603068197327506,-0.044618705265166474,0.016167105857998534,16,0.028451599407168356,0.0
AN02A002|L,10671,1,0.8333693669267073,0.027322455068464164,0.08330624533642295,0.08629129856767746,-0.02799189513397939,0.05531435020244356,-0.0029850532312545343,-0.058968843499213316,-0.024337401837209623,236,0.0,-0.08330624533642296
PS186|R,513160,1,21.962136691656436,-0.24551534241152648,-0.18966164527013246,-0.40118758577763936,-0.027926848570697018,-0.21758849384082918,0.2115259405075069,0.15567224336611288,0.03398940190401958,24,0.0,0.18966164527013243
VES022|L,10820;15059;15955;19585,4,-4.737202082908491,0.08808472573265766,0.14334273208929352,0.17144533480075844,-0.027629003178317936,0.11571372891097564,-0.028102602711464888,-0.08336060906810076,-0.05998212302119277,16,0.1433427320881144,-1.1792011117686739e-12
CRE039|L,518777,1,10.165368413486002,0.18625113116399614,0.23948601648062046,0.19248669380404085,-0.02661744265831214,0.21286857382230823,0.0469993226765796,-0.006235562640044678,-0.23325045384057574,165,0.0,-0.23948601648062046
GNG512|R,13215,1,4.9889084387035725,-0.023806681825159354,0.027154174649526595,-0.009925213995409644,-0.025480428237342975,0.0016737464121836388,0.03707938864493624,-0.01388146782974971,-0.013272706819776891,119,0.027154174649526512,0.0
LAL131|L,15083,1,-0.477338090260218,-0.13400924567943834,-0.0836859480234521,-0.1984007672306096,-0.02516164882799312,-0.10884759685144522,0.11471481920715751,0.06439152155117127,0.019294426472280832,67,-0.0836859480234521,0.0
IN13A060|L,812310;912337,2,-5.069477715152386,-0.0025797349371174316,0.04589706532891298,0.0432636176960308,-0.024238400133015207,0.021658665195897767,0.0026334476328821843,-0.045843352633148225,-5.371269576475275e-05,138,0.04589706532891301,0.0
LAL155|R,19541;20705,2,-3.6845784275156186,-0.007471649852640224,0.03820916506524992,0.04609073733364331,-0.022840407458945073,0.015368757606304876,-0.00788157226839339,-0.05356238718628354,0.015353222121033615,113,0.0,-0.03820916506524992
LAL121|L,13692,1,48.750570879931054,0.017217825249242633,0.06279650076787235,0.05192790769640941,-0.02278933775931486,0.04000716300855712,0.010868593071462943,-0.03471008244716678,-0.02808641832070558,26,-0.0069773892630169655,-0.06977389003088955
CL122_b|R,17802;20077,2,7.41499360674185,0.06920422520115967,0.1137738717211093,0.13136902503595013,-0.02228482325997481,0.09148904846113451,-0.017595153314840857,-0.06216479983479048,-0.05160907188631882,40,0.02473200133506997,-0.08904187038603939
IN08A022|L,807213,1,-11.04467980150437,0.0041757631079681785,0.048099917791841286,0.04420015890391405,-0.021962077341936545,0.026137840449904748,0.003899758887927232,-0.04002439579594586,-0.00807552199589541,141,0.0480999177918413,0.0
IB024|L,31157,1,2.4634268061042564,-0.03720452922068632,0.006344636746206682,-0.036057700218183886,-0.021774582983446502,-0.015429946237239825,0.042402336964390566,-0.0011468290025024328,-0.005197807743704249,19,0.006344636746206685,0.0
SAD008|L,84624;121454;580972,3,7.0929286199799755,0.030446513441594394,0.07332632969860864,0.03518926888159443,-0.021439908128507115,0.05188642157010144,0.0381370608170142,-0.004742755440000036,-0.06858357425860859,182,0.07332632969860864,0.0
PS024|R,133296,1,-12.136913554854415,0.04584079490030965,0.08715619363655333,0.12637630712573936,-0.02065769936812184,0.06649849426843153,-0.03922011348918603,-0.0805355122254297,-0.0066206814111236245,22,0.0,-0.08715619363655332
DNb01|R,10759,1,-5.837836541977259,0.02117899820966939,0.06228188460894222,0.06418048305311591,-0.020551443199636418,0.0417304414093058,-0.00189859844417369,-0.04300148484344653,-0.0192803997654957,120,0.06228188460894218,0.0
DNa01|R,10760,1,-5.292157152505527,-0.00321096215570462,0.03479811694204597,0.05937677398115015,-0.0190045395488753,0.015793577393170687,-0.024578657039104165,-0.06258773613685477,0.027789619194808796,16,0.0,-0.034798116942046084
WED071|R,14052,1,-5.283836803025042,0.06420101003495013,0.10150326000961273,0.08853106764603452,-0.018651124987331298,0.08285213502228142,0.012972192363578198,-0.0243300576110844,-0.07717320239852833,119,0.10150326000961271,0.0
CB4101|R,26200,1,4.750151146489812,-0.01983738999542103,0.01653347816371248,0.006187945494301586,-0.018185434079566756,-0.001651955915854296,0.010345532669410892,-0.02602533548972262,0.009491857326010138,16,0.016533478163712513,0.0
AN06B088|L,28131,1,4.622345621254657,0.013330499371795748,0.049304728497686134,0.04245939794677662,-0.017987114562945192,0.03131761393474093,0.006845330550909517,-0.029128898574980872,-0.020175829922705266,52,0.0,-0.04930472849768612
DNae004|L,14239,1,5.05681757202316,0.02122115405126266,0.05652977756329108,0.06965145192314633,-0.017654311756014205,0.038875465807276854,-0.013121674359855253,-0.04843029787188367,-0.008099479691407407,159,0.056529777563291056,0.0
PS164|L,39446;513054,2,-9.260747391322964,-0.001615105233619561,0.03299774779705926,0.02451464179954132,-0.01730642651533941,0.015691321281719812,0.00848310599751793,-0.026129747033160886,-0.00686800076389837,16,0.15856373114418765,0.12556598334712837
GNG499|R,11056,1,1.4112562973399678,0.030488148283672075,0.064707810132378,0.06278151240101633,-0.017109830924352965,0.04759797920802504,0.001926297731361692,-0.032293364117344237,-0.032414446015033765,16,0.06470781013237799,0.0
CB3014|L,44100;81629,2,8.999577497238015,-0.03514173729802212,-0.0018968833276231888,-0.010527402445077832,-0.016622426985199466,-0.0185193103128227,0.008630519117454643,-0.024614334852944286,0.026511218180567477,140,-0.001896883327623058,0.0
DNp03|R,10989,1,26.239093142813587,-0.01601283672818058,0.01673919868387456,-0.007761005798504515,-0.01637601770602757,0.00036318097784683817,0.024500204482379075,-0.008251830929676063,-0.008487367754198498,35,0.016739198683874485,0.0
LAL120_a|R,12206,1,-2.484632253538819,1.0652435603150798,1.09740234729625,1.301297510531027,-0.016079393490585354,1.0813229538056655,-0.20389516323477677,-0.23605395021594744,-0.8613483970803029,16,1.1106240621261059,0.013221714829855517
LAL113|R,16493;512390,2,49.0834042785772,-0.18045137285094448,-0.14944056973529654,-0.3303829967472851,-0.01550540155782396,-0.16494597129311997,0.18094242701198857,0.14993162389634065,-0.0004910541610441416,55,0.0,0.14944056973529624
PVLP047|R,41913;527655,2,-0.7919150155030931,0.040397574473216125,0.07054783346551385,0.10082191603952133,-0.015075129496148868,0.05547270396936498,-0.030274082574007467,-0.060424341566305204,-0.010123491899208645,260,0.08818487995447748,0.017637046488963627
LAL009|R,11026,1,-2.3302107051320227,-0.09191095265600845,-0.06257474523834589,0.025093137527849956,-0.014668103708831268,-0.07724284894717719,-0.08766788276619586,-0.11700409018385838,0.17957883542220432,178,0.0,0.06257474523834594
AOTU033|R,11787,1,-5.960321947862822,0.04851985740592336,0.07716814348616569,0.10227842532628384,-0.014324143040121168,0.06284400044604455,-0.025110281840118168,-0.0537585679203605,-0.02340957556580519,139,0.0,-0.0771681434861657
CB1834|L,29087,1,-0.1488055293033723,-0.015000498842065637,0.013492977519450052,-0.011811217328130166,-0.01424673818075784,-0.0007537606613077915,0.025304194847580213,-0.0031892815139354705,-0.010303696005514581,26,0.0,-0.013492977519450052
PS187|L,32069,1,-0.1547615876607447,0.006979231290067,0.034927926942301235,0.03389656975384374,-0.013974347826117115,0.020953579116184118,0.0010313571884574854,-0.026917338463776745,-0.008010588478524485,109,0.03492792694230122,0.0
DNae004|R,12788,1,-6.233145659294708,0.008391954160962225,0.033043491067758134,0.039144606107532585,-0.012325768453397954,0.020717722614360196,-0.006101115039774456,-0.030752651946570363,-0.0022908391211877697,124,0.0,-0.03304349106775807
CB2430|L,31552,1,-6.068280017609719,0.04264131238443194,0.06724607017181826,0.035347561349349264,-0.012302378893693159,0.054943691278125095,0.031898508822468995,0.007293751035082673,-0.07453982120690093,16,0.06724607017181827,0.0
AOTU002_b|L,27730;520903,2,-1.0496313637452643,-0.06325631247171752,-0.03883314843180039,-0.10601069473075896,-0.012211582019958572,-0.05104473045175896,0.06717754629895854,0.04275438225904141,-0.003921233827241013,236,0.0,0.03883314843180036
IN04B015|L,807162,1,2.891241580183131,-0.006186092394633708,0.01784114849641247,0.015165574184326444,-0.01201362044552309,0.005827528050889401,0.0026755743120860267,-0.021351666578960152,0.003510518082547681,89,0.017841148496412485,0.0
AOTU002_c|L,36878;83676,2,-133.74092946284992,-0.05823934005964803,-0.03424842176891337,-0.08878308743224043,-0.011995459145367328,-0.04624388091428089,0.05453466566332706,0.03054374737259241,0.003704674396320963,16,0.0,0.034248421768913635
LAL205|L,12155,1,-13.694225926167451,0.4681945337234815,0.49216835924993385,0.6233778728927747,-0.01198691276322606,0.4801814464867077,-0.13120951364284095,-0.15518333916929306,-0.3369850200806407,17,0.4921683592499337,0.0
SAD009|R,51328,1,-0.7197177993125962,-0.04172701943043679,-0.020189720472693413,-0.05269601613449087,-0.010768649478871689,-0.030958369951565087,0.032506295661797455,0.01096899670405408,0.009220723768639331,50,0.0,0.02018972047269341
CB4103|L,69537,1,-5.995749348452918,0.0018661097822168606,0.023039111575489466,0.023869910892163032,-0.010586500896636302,0.012452610678853173,-0.0008307993166735647,-0.02200380110994617,-0.001035310465543296,96,0.0,-0.023039111575489473
WED125|L,18340;19187,2,-263.1074392661069,-0.002970452336802848,0.01802661616181583,0.016094327100536127,-0.010498534249309341,0.007528081912505739,0.0019322890612797048,-0.019064779437338975,0.0010381632755231433,16,0.0,-0.018026616161813024
HSE|R,10016,1,-87.62131510014152,0.015682004899367573,0.03582472481037141,0.04369121611309797,-0.01007135995550192,0.025753364854870387,-0.00786649130272656,-0.0280092112137304,-0.007815513596641012,126,0.0,-0.03582472481037201
LAL007|L,539226,1,0.21793048059144024,-0.03365289240200471,-0.013527737958174845,-0.05267569002918053,-0.01006257722191494,-0.023590315180089784,0.03914795207100568,0.019022797627175812,-0.00549505966900097,206,-0.013527737958174843,0.0
CL117|L,24788;25381,2,0.008969880946878008,0.016603368755807965,0.036392138156406975,0.040815188359216034,-0.009894384700299507,0.02649775345610747,-0.004423050202809057,-0.02421181960340807,-0.012180318552998906,118,-0.0084429410888955,-0.04483507924530243
PS336|L,14582,1,19.291041246427234,-0.29694585816342095,-0.2775195088658871,-0.33131300786403634,-0.00971317464876691,-0.28723268351465414,0.05379349899814925,0.03436714970061543,0.24315235916527161,45,0.0,0.277519508865887
IN06B040|R,908088,1,-5.051057183329696,0.012543808101773742,0.03178561762072852,0.04106833819199211,-0.00962090475947739,0.022164712861251143,-0.009282720571263591,-0.02852453009021837,-0.0032610875305101495,31,0.03178561762072855,0.0
LAL088|L,526387,1,-8.979721915438116,-0.01605183115100855,0.0031396624830943684,0.011674838997074753,-0.009595746817051462,-0.006456084333957084,-0.008535176513980381,-0.0277266701480833,0.024587007664988926,84,0.0031396624830942895,0.0
LAL059|R,29458,1,8.582460047478332,0.13539895026255844,0.15458352536592004,0.21146019597652815,-0.009592287551680801,0.14499123781423914,-0.05687667061060813,-0.07606124571396974,-0.07852227965195031,16,0.0,-0.15458352536592
PVLP140|R,10986,1,-5.349341516995152,-0.004758245362801188,0.014344283718139873,0.008202993327760429,-0.009551264540470531,0.004793019177669332,0.006141290390379445,-0.012961238690561618,-0.0013830450275782557,22,0.014344283718139856,0.0
AN27X008|R,21783,1,-7.5732115066346175,-0.004195996529100716,0.014378626441665862,0.013688005167234568,-0.009287311485383289,0.005091314956282567,0.0006906212744312943,-0.017884001696335285,0.003505375254669457,34,0.014378626441665836,0.0
PLP009|R,19344;26520;30961,3,267.74118525228215,-3.6868982252952094,-3.6695588359154816,-6.4926552077361,-0.008669694689863927,-3.678228530605345,2.8230963718206197,2.805756982440892,0.8638018534745904,38,0.0,3.6695588359154754
CB4105|L,22214;23721;516974,3,-77.82701322409095,0.17615056080011796,0.19221287995442274,0.21119137085245365,-0.008031159577152386,0.1841817203772708,-0.018978490898030918,-0.03504081005233569,-0.15717206990208704,16,0.0,-0.19221287995442224
PLP300m|R,14049;515219,2,109.14268940551244,-0.12899963219296612,-0.11307034783787176,-0.10420715076089064,-0.007964642177547181,-0.12103499001541886,-0.008863197076981133,-0.024792481432075495,0.13786282926994725,26,-0.11307034783787195,0.0
AN19B015|R,24593,1,1.3593522084054186,0.01552666878589579,0.0312511917539705,0.02927119269207403,-0.00786226148403736,0.02338893026993314,0.0019799990618964737,-0.013744523906178245,-0.017506667847792264,161,0.031251191753970495,0.0
IN09A004|R,800833;801129,2,4.609148376164359,-0.0028974242203717907,0.012781296184368861,0.009412021735089156,-0.007839360202370327,0.004941935981998535,0.0033692744492797057,-0.01230944595546095,-0.00047185022890791536,65,0.0,-0.01278129618436887
DNae002|R,521262,1,-5.81141820855885,0.0009941737385495055,0.016231903120457705,0.015572316002194645,-0.0076188646909541,0.008613038429503603,0.0006595871182630595,-0.01457814226364514,-0.0016537608568125651,120,0.0,-0.016231903120457712
CRE041|R,534301,1,6.03438726805701,-0.009997824338818207,0.005086133526059816,-0.04680940520593314,-0.007541978932439012,-0.00245584540637918,0.05189553873199295,0.036811580867114925,-0.041897714393174745,104,0.0,-0.00508613352605975
CL118|R,24274,1,1.3816973176684235,0.0659605069669271,0.0809630376727449,0.08988171060276416,-0.007501265352908909,0.07346177231983601,-0.008918672930019245,-0.023921203635837062,-0.05704183403690785,98,0.0,-0.08096303767274492
LAL053|L,523985,1,-258.5128116772168,-0.005214464028076751,0.008972126871284167,0.0057145198960424385,-0.007093295449680459,0.0018788314216040842,0.0032576069752417273,-0.01092898392411919,0.0019568570528350235,16,0.008972126871285098,0.0
DNp27|L,536048,1,-1.1289163811961158,-0.0063872903494247785,0.007663526260895089,0.004101812594212982,-0.007025408305159934,0.0006381179557351487,0.0035617136666821064,-0.01048910294363776,0.0028255766827426716,74,0.0,-0.007663526260895079
IN03B021|R,801233;802118;802336,3,4.080128066802816,0.006701743289127828,0.020502856270398703,0.023951595307313868,-0.006900556490635438,0.013602299779763247,-0.0034487390369151638,-0.01724985201818604,-0.0032530042522126647,160,0.0,-0.020502856270398682
PS164|R,14951;513238,2,27.072400290087018,-0.23953617573013183,-0.2263233926485334,-0.2935427578288721,-0.0066063915407991855,-0.23292978418933258,0.06721936518033869,0.05400658209874032,0.1723168105497931,26,0.0,0.2263233926485331
PVLP030|L,73712,1,-1.3586598910312973,-0.0004556875281824089,0.012465877049997723,0.003165519502623319,-0.006460782289090065,0.0060050947609076545,0.009300357547374403,-0.00362120703080573,-0.008844670019191994,31,0.01246587704999773,0.0
LAL194|L,515032,1,5.422602874483879,-0.006329028096829933,0.006551377025636703,0.011228245011274255,-0.006440202561233318,0.0001111744644033996,-0.004676867985637551,-0.017557273108104187,0.011005896082467485,16,0.006551377025636755,0.0
IN19A003|R,800596;800687;801027,3,3.83226963148222,-0.02592365009457396,-0.013233207781538626,-0.036765315348818314,-0.006345221156517668,-0.01957842893805631,0.02353210756727969,0.010841665254244353,0.00239154252729427,23,0.0,0.013233207781538575
CB0677|L,10872,1,288.06027727415795,-0.013928740526243521,-0.0013514693654620045,-0.011928095234713363,-0.006288635580390759,-0.0076401049458546455,0.010576625869251358,-0.002000645291530159,0.0033521146569921636,26,0.0,0.001351469365463806
PS023|R,519000,1,-2.3169492152307405,0.010159713425208782,0.022559726746131024,0.02915540213463886,-0.006200006660461121,0.016359720085669903,-0.006595675388507833,-0.018995688709430077,-0.00356403803670095,16,0.0,-0.022559726746131017
H2|R,10025,1,84.26712821880383,0.0027907561307070738,0.01515588159057537,0.017573181687406087,-0.006182562729934148,0.008973318860642022,-0.0024173000968307178,-0.014782425556699013,-0.00037345603387635624,16,0.015155881590575583,0.0
AN06B009|R,10545,1,7.0714078503623155,0.0053558683733877606,0.017617091873561176,0.014899592874304878,-0.006130611750086708,0.011486480123474432,0.0027174989992562975,-0.009543724500917119,-0.008073367372644058,132,-0.008808546210233855,-0.026425638083795028
GNG594|L,274166,1,-3.532022724686995,0.012142704780546775,0.023812057412141572,0.027666625207068696,-0.005834676315797398,0.017977381096344173,-0.00385456779492712,-0.015523920426521917,-0.008288136985619655,78,0.02381205741214158,0.0
IN08A047|L,817305,1,-0.9682851112693838,-0.002904308329765545,0.008692528035310648,0.009245908188414387,-0.005798418182538097,0.0028941098527725563,-0.0005533801531037376,-0.012150216518179931,0.0034576884828692827,198,0.008692528035310634,0.0
CB4105|R,16289;49679,2,53.22134622438556,-0.02798754838028771,-0.01658158661600162,-0.026091437390119425,-0.005702980882143044,-0.022284567498144524,0.009509850774117803,-0.0018961109901682856,0.018477697606169907,26,-0.016581586616001433,0.0
PS220|R,18491;22120,2,-27.915796157616967,-0.007633335416970172,0.003626213258679704,-0.0036947291955204214,-0.005629774337824938,-0.0020035610791452807,0.007320942454200126,-0.00393860622144975,0.000312392962770046,192,0.0,-0.003626213258679757
GNG498|R,13856,1,-5.723682816158151,0.010203548170243383,0.021239656357711544,0.027698630982399917,-0.005518054093734081,0.015721602263977428,-0.0064589746246883715,-0.01749508281215653,-0.0037445735455550115,16,0.02123965635771153,0.0
WED152|R,526786,1,-1.6688041111160643,0.14673597403274508,0.15761838703865585,0.20471743370203938,-0.00544120650295537,0.15217718053570048,-0.04709904666338351,-0.057981459669294244,-0.09963692736936161,247,0.0,-0.1576183870386558
PS260|R,120502,1,5.768058821394632,0.0020873595539105715,0.012720422848232821,0.0186436613643207,-0.005316531647161125,0.007403891201071693,-0.00592323851608788,-0.01655630181041013,0.0038358789621773088,26,0.012720422848232873,0.0
SIP126m_a|L,12324,1,-5.012185198849806,0.016770922201997253,0.02611216121939329,0.03210917279899213,-0.004670619508698018,0.021441541710695244,-0.0059970115795988386,-0.015338250596994875,-0.010773910622398415,41,0.0,-0.026112161219393352
DNae010|L,11955,1,1.1796105390822673,0.09808443826929127,0.10735671039596813,0.11633330440154668,-0.004636136063338438,0.10272057433262968,-0.008976594005578528,-0.018248866132255404,-0.08910784426371271,239,0.10735671039596813,0.0
LAL194|R,16003,1,-17.09964282367284,0.11279534235650142,0.12174822841850444,0.13305880341170978,-0.0044764430310015105,0.11727178538750298,-0.011310574993205345,-0.020263461055208366,-0.10148476736329608,233,0.0,-0.12174822841850413
GNG527|R,17020,1,-4.16857592993612,0.004295548626519898,0.013247660472167052,0.011182724315645251,-0.004476055922823577,0.00877160454934346,0.0020649361565218,-0.006887175689125353,-0.006360484783041699,190,0.013247660472167033,0.0
AOTU018|R,83962;122713,2,-64.46641204902988,-0.015876300249792297,-0.007043900211802045,-0.02400884797715559,-0.004416200018995126,-0.011460100230796843,0.016964947765353542,0.008132547727363292,-0.001088647515561246,16,0.0,0.007043900211803034
SIP137m_a|L,13050,1,-0.29560175056577437,-0.013847289562237896,-0.0055393012455294405,-0.01604924316789307,-0.0041539941583542276,-0.009693295403883665,0.010509941922363625,0.00220195360565517,0.00333734763987427,99,0.0,0.005539301245529441
PS002|R,14533,1,8.881866727608386,0.12973168080533154,0.1372377198588838,0.24546330664557073,-0.0037530195267761303,0.13348470033210774,-0.10822558678668695,-0.1157316258402392,-0.021506094018644617,37,0.0,-0.13723771985888378
CB1977|L,123807,1,37.53823319890744,0.004563116144598616,0.012008379909849189,0.011685120176202686,-0.0037226318826252863,0.008285748027224208,0.0003232597336465033,-0.0071220040316040695,-0.00488637587824512,45,0.012008379909849543,0.0
DNg01_a|L,28579,1,5.295504919143148,0.0017388740471005768,0.00911224088606254,0.0031055789627961366,-0.003686683419480982,0.005425557466581579,0.006006661923266404,-0.0013667049156955596,-0.007745535970366982,42,0.009112240886062566,0.0
PS024|L,51887;79381,2,16.81639712796541,0.008411737940100939,0.01576148832965482,0.019628719791973025,-0.003674875194776942,0.012086613134877798,-0.003867231462318201,-0.011216981851872086,-0.004544506477782737,58,0.01576148832965458,0.0
PLP221|L,79269,1,-1.2498977094119714,-0.7506431868430887,-0.7434823262541124,-0.9927727913481793,-0.003580430294488132,-0.7470627565486005,0.24929046509406672,0.24212960450509052,0.5013527217490221,16,0.0,0.7434823262541124
PLP018|R,13269;13786,2,44.767691480196476,0.0017841691317122708,0.008919792458799133,0.005401053704502209,-0.003567811663543431,0.005351980795255137,0.0035187387542969235,-0.003616884572789938,-0.005302907886009195,34,0.0,-0.008919792458798719
DNge092|L,25249,1,-0.11300529676557435,0.0026957623646972095,0.00936166790610361,0.01198026761576158,-0.0033329527707031993,0.00602871513540041,-0.002618599709657968,-0.00928450525106437,-7.716265503924191e-05,244,0.0,-0.009361667906103606
LoVP93|L,63557;524900,2,-7.282776547231064,-0.0017251272044916937,0.004938811242259203,0.002564070556154775,-0.003331969223375448,0.0016068420188837488,0.002374740686104428,-0.004289197760646468,-0.0006496134816127342,204,0.0,-0.004938811242259146
LAL164|L,18928,1,2.551332190534734,0.08485204405974746,0.09143714892698399,0.11804429340767654,-0.003292552433618267,0.08814459649336572,-0.02660714448069255,-0.03319224934792909,-0.05824489957905489,278,0.09143714892698399,0.0
SAD075|L,16111,1,-0.6546604274775855,-0.041836839609427336,-0.035303190067865364,-0.07867157623285675,-0.003266824770780987,-0.038570014838646347,0.0433683861649914,0.036834736623429426,-0.0015315465555640593,173,-0.03530319006786537,0.0
LPT22|R,11009,1,134.67964462138835,-0.04670731419038993,-0.0403518994727409,-0.058355641332488196,-0.0031777073588245153,-0.04352960683156438,0.018003741859747298,0.011648327142098267,0.02870357233064263,30,0.0,0.04035189947274027
AN06B075|R,31276,1,-4.882696814840366,-0.0032542448735863694,0.0024419666863578927,0.004968513467778961,-0.002848105779972131,-0.0004061390936142135,-0.002526546781421069,-0.008222758341365332,0.0057807916550074384,39,0.002441966686357914,0.0
HSS|L,10419,1,183.27664444457366,0.00952943201344938,0.015199717242829112,0.019005079769765724,-0.0028351426146898664,0.012364574628139058,-0.0038053625269366125,-0.009475647756316345,-0.005724069486512767,16,0.015199717242828677,0.0
LAL056|L,25547,1,-1.0795374625913778,0.08370721867315943,0.08925960886117965,0.11296622205750335,-0.0027761950940101044,0.08648341376716953,-0.023706613196323723,-0.029259003384343934,-0.06000060547683571,83,0.08925960886117966,0.0
IN08A024|R,805936;810371,2,4.563701707231786,-0.0009402935748131637,0.004302110949488671,0.0030337138316976187,-0.0026212022621509173,0.001680908687337777,0.0012683971177910526,-0.003974007406510782,-0.00032810354297788905,26,0.0,-0.004302110949488663
CB1956|R,105427;139771;212793,3,-0.3402313425588506,-0.018661421796361724,-0.013495494998719786,-0.022955275379064843,-0.0025829633988209704,-0.016078458397540754,0.009459780380345058,0.0042938535827031195,0.009201641416016664,157,0.0,0.01349549499871978
LT78|L,11591;512198;527000,3,-15.821417923515558,-0.001696558223502527,0.0034488159310632847,0.0012658550928398389,-0.002572687077282906,0.0008761288537803613,0.002182960838223446,-0.002962413316342366,-0.00048640261472091895,57,0.0034488159310632656,0.0
AOTU002_c|R,17953;26199,2,101.66502510876172,-0.048863916708016944,-0.043760955665582586,-0.042961488427464854,-0.0025514805212171793,-0.04631243618679962,-0.0007994672381177253,-0.0059024282805520845,0.04966338394613467,33,-0.04376095566558404,0.0
WED002|L,517183,1,0.7676870384780344,-0.060928164442477305,-0.05604529372021518,-0.06837278592512462,-0.0024414353611310635,-0.05848672908134623,0.012327492204909456,0.0074446214826473294,0.04860067223756785,16,-0.05604529372021517,0.0
GNG302|R,10886,1,-5.504371694774683,-0.0006630975733920585,0.0039278823439618344,0.0034287369738452774,-0.002295489958676947,0.0016323923852848558,0.0004991453701165573,-0.004091834547237336,0.00016395220327550125,17,0.003927882343961838,0.0
GNG554|R,17067;515308,2,1.8122602144335567,0.025420661556342275,0.02998671159018944,0.042461624827934905,-0.002283025016923581,0.027703686573265877,-0.012474913237745466,-0.017040963271592626,-0.012945748318596809,16,0.0,-0.029986711590189435
PS100|R,10101,1,88.87408056808782,-0.01597667857464802,-0.011589058561076573,-0.01696983650651826,-0.0021938100067857244,-0.013782868567862627,0.005380777945441688,0.0009931579318702391,0.010595900629206335,41,0.0,0.011589058561076825
DNge046|L,13445,1,1.294167099581516,0.01396912817308807,0.018112441674649503,0.02527877788148687,-0.0020716567507807157,0.01604078492386878,-0.007166336206837365,-0.011309649708398796,-0.006802791966250707,63,0.0,-0.018112441674649503
CB3316|R,53874,1,-5.728542628997426,0.007954059293436646,0.012059626983613321,0.018615560357090694,-0.002052783845088338,0.01000684313852494,-0.006555933373477371,-0.010661501063654048,-0.0013981259199592735,28,0.0,-0.012059626983613299
PS037|L,133896,1,5.9004043839298905,0.0022828382144507845,0.006372596757196422,0.006955248154592722,-0.0020448792713728186,0.004327717485823583,-0.0005826513973962997,-0.004672409940141937,-0.0017001868170544848,69,0.006372596757196429,0.0
PLP214|L,536389,1,-2.895768192864299,-0.019805664542299272,-0.015967761567041643,-0.02583412656318761,-0.0019189514876288157,-0.017886713054670458,0.009866364996145963,0.006028462020888332,0.009939299546153312,216,-0.01596776156704165,0.0
LPT22|L,10796,1,-111.73671803384617,-0.03949153913710328,-0.03578975427238985,-0.04396234684699984,-0.0018508924323567173,-0.03764064670474755,0.008172592574609987,0.004470807709896553,0.031318946562493295,69,-0.03578975427238954,0.0
PS304|L,10136,1,-119.22791067922793,0.17529656032721605,0.1789394964213898,0.17030922469400445,-0.0018214680470868675,0.17711802837430313,0.008630271727385348,0.004987335633211613,-0.18392683205460142,16,0.1789394964213902,0.0
GNG124|L,20652,1,12.05709182090581,-0.004609328986007239,-0.0009969133101195749,-0.0032583857261622067,-0.0018062078379438317,-0.0028031211480634656,0.002261472416042632,-0.0013509432598450318,0.0023478565699646065,140,0.0,0.0009969133101195857
pC1_14a|L,55986,1,0.4222914857462681,0.005132517032399633,0.008476133666022257,0.012204040787943826,-0.0016718083168113117,0.006804325349210942,-0.003727907121921567,-0.00707152375554419,-0.0014046099104780664,39,0.008476133666022257,0.0
PS220|L,20704;84901,2,6.137476652029081,-0.01523460459165823,-0.012022775849192034,-0.03430381603037339,-0.001605914371233098,-0.01362869022042515,0.02228104018118136,0.019069211438715164,-0.007046435589523124,24,-0.01202277584919202,0.0
PVLP201m_d|L,16159,1,38.20089589566058,-0.019481421904546495,-0.016416196966847072,-0.03202201884599545,-0.0015326124688497123,-0.01794880943569669,0.015605821879148371,0.012540596941448948,0.003875600025398125,16,-0.016416196966846874,0.0
IN08A024|L,805748,1,-5.880819761929564,0.0005139206692410266,0.0035611695541002777,0.00398259533488611,-0.0015236244424296258,0.0020375451116706246,-0.00042142578078583216,-0.003468674665645084,-9.249488845519444e-05,16,0.0035611695541002413,0.0
LAL025|L,19843;23621;76777,3,0.2922040439601328,0.004192764862613276,0.007230153207104565,0.010139492635646506,-0.001518694172245644,0.005711459034858923,-0.002909339428541943,-0.005946727773033232,-0.0012834254340713322,16,0.0072301532071045675,0.0
LC19|L,30456;77306,2,-5.009511376084372,0.006264873424267453,0.009104536891323173,0.0093807633098487,-0.0014198317335278596,0.007684705157795301,-0.00027622641852552855,-0.003115889885581248,-0.005988647005741925,208,-0.03532340285796138,-0.044427939749284585
VES104|R,519705,1,10.466689026860799,0.015755348907053497,0.01859307721148337,0.00969629221923435,-0.0014188641522149366,0.017174213059268376,0.00889678499224902,0.006059056687819146,-0.024652133899302518,36,0.0,-0.018593077211483282
LAL104|R,27725,1,-0.9112763061801068,0.003815162133030132,0.006589443462574258,0.0059588501209313464,-0.001387140664772063,0.0052023027978021896,0.0006305933416429114,-0.0021436879879012144,-0.004445755474673044,179,0.006589443462574248,0.0
IN19A016|L,940467,1,-2.8046604222711182,0.0021813378992826477,0.00485884887827217,0.005839774332857658,-0.001338755489494762,0.0035200933887774206,-0.0009809254545854874,-0.003658436433575011,-0.00120041244469716,27,0.004858848878272187,0.0
LAL056|R,512542,1,3.40755700681707,-0.01032667161302124,-0.007745787470434474,-0.0015246479793104206,-0.001290442071293382,-0.009036229541727829,-0.006221139491124055,-0.008802023633710819,0.016547811104145296,20,0.0,0.0077457874704344835
LAL096|R,161592,1,-9.47413745885626,0.03147591887027061,0.0339903893216776,0.010956914475736256,-0.0012572352257034971,0.03273315409597415,0.023033474845941343,0.02051900439453435,-0.05450939371621194,99,0.033990389321677625,0.0
LoVP92|L,76145;529724,2,-1.3884941060722928,-0.00023756553296449805,0.0019903541856275842,0.0013468820986340733,-0.001113959859296041,0.0008763943263315511,0.000643472086993511,-0.0015844476315985713,-0.0004059065540290129,62,-0.008673523167941415,-0.010663877353568992
PVLP214m|R,18195;18894;19343;21629;25278,5,-9.472166092891637,0.05752270126294646,0.05947943554386059,0.07631983905033936,-0.0009783671404570674,0.058501068403403605,-0.016840403506478762,-0.018797137787392896,-0.0406822977564677,26,0.0,-0.05947943554386064
ICL002m|R,13025,1,-17.11942527199737,-0.182972523930049,-0.18101711674011126,-0.19717472107437842,-0.0009777035949688551,-0.18199482033508,0.016157604334267193,0.014202197144329484,0.1668149195957818,26,0.0,0.18101711674011134
ANXXX094|L,14950,1,-0.06061567788569036,-0.001885426831510674,2.473915371499534e-05,-0.0023589976425705465,-0.0009550829926128347,-0.0009303438388978382,0.0023837367962855423,0.00047357081105987294,-0.0004983099647748683,36,0.0,-2.4739153714994666e-05
PVLP005|R,519046,1,5.6554380461998806,0.00037528244614302097,0.002240427118921134,0.0019065547673341094,-0.0009325723363890566,0.0013078547825320687,0.0003338723515870247,-0.0015312723211910885,-0.0007091547977300457,41,0.0,-0.0022404271189211313
LT42|R,11319,1,2.8225350794486332,0.0011363919517897979,0.0029803483822477923,0.0037351951470631223,-0.0009219782152289971,0.00205837016701882,-0.0007548467648153302,-0.0025988031952733246,-0.0003815451869744676,30,0.0,-0.002980348382247774
CB1268|R,530860,1,-1.0077931268773204,0.0005729183270122884,0.002377826435790441,0.00251519081322926,-0.0009024540543890763,0.0014753723814013673,-0.00013736437743881868,-0.0019422724862169715,-0.00043555394957346975,116,0.0,-0.00237782643579044
WED074|L,16787,1,17.814359210068112,0.027061832924161252,0.028842716875549238,0.06708742778417245,-0.0008904419756939912,0.027952274899855196,-0.038244710908623226,-0.04002559486001121,0.011182877984461978,16,0.0,-0.028842716875549217
IN06B066|R,806869,1,-3.775144912509038,-0.0008195525438671477,0.0008526340625451045,0.0026965436536874965,-0.000836093303206126,1.6540759338973916e-05,-0.0018439095911423923,-0.0035160961975546443,0.0026634621350095397,162,0.0008526340625451175,0.0
PS098|R,521374,1,-2.6396770254854185,0.018429444467482774,0.019945081352121353,0.022731530402803027,-0.0007578184423192873,0.01918726290980208,-0.0027864490506816744,-0.004302085935320249,-0.0156429954168011,16,0.01994508135212137,0.0
LPT114|R,13808,1,2.838123062751098,0.017205241904486288,0.018697497392315146,0.024600503285195332,-0.0007461277439144297,0.01795136964840071,-0.005903005892880186,-0.007395261380709045,-0.0113022360116061,37,0.0,-0.01869749739231515
AOTU042|L,10212,1,-5.9559941144904744,-0.0013652725766535253,8.929971162321326e-05,0.0005840291763691061,-0.0007272861441383693,-0.0006379864325151649,-0.0004947294647458929,-0.0019493017530226315,0.001860002041399418,27,8.929971162325633e-05,0.0
PS197|R,512328,1,-5.327256319885397,-0.001392944584583097,-0.00023618528919741423,0.0038671829307648643,-0.0005783796476928414,-0.0008145649368902526,-0.004103368219962279,-0.005260127515347961,0.005496312804545375,126,0.0,0.00023618528919737587
GNG577|R,14808,1,-2.5517796814922122,-0.011461220740919894,-0.010330738188327675,-0.016343247425885565,-0.0005652412762961085,-0.01089597946462377,0.006012509237557888,0.004882026684965672,0.005448711503362004,17,-0.010330738188327668,0.0
PLP225|L,36012,1,-0.37988855907061386,0.37864624422772447,0.37976576944974344,0.37979595768438473,-0.000559762611009512,0.379206006838734,-3.0188234641180898e-05,-0.001149713456660205,-0.3786160559930833,305,0.0,-0.3797657694497436
CB0194|R,11856,1,-4.2824376755258315,0.0025139446952422567,0.0036333573770788515,-0.0019865723144842293,-0.0005597063409182978,0.0030736510361605305,0.00561992969156308,0.004500517009726485,-0.008133874386805337,91,0.0036333573770788627,0.0
PLP214|R,18566,1,5.913059925349355,0.002222090022686295,0.00327988798907578,-0.0031063048350776236,-0.0005288989831947426,0.002750989005881067,0.006386192824153403,0.005328394857763918,-0.0086082828468397,35,0.0,-0.003279887989075753
DNp26|R,515575,1,19.124031665474554,0.002473100666319859,0.0035283981114631047,0.0036145589716781406,-0.000527648722571623,0.0030007493888914933,-8.616086021503602e-05,-0.001141458305358282,-0.002386939806104823,179,0.0035283981114628766,0.0
GNG127|L,516820,1,-5.984670282964875,-0.00012809458268407047,0.0008503350014559984,0.0007714582695840928,-0.0004892147920700344,0.0003611202093859316,7.887673187190559e-05,-0.0008995528522681632,4.9217850812164875e-05,61,0.0008503350014560213,0.0
CRE039|R,40289,1,-0.03279733040713719,-0.006207787569214919,-0.005255485198071689,-0.01272189372207644,-0.0004761511855716151,-0.005731636383643305,0.00746640852400475,0.006514106152861519,-0.0012586209547898308,137,-0.00525548519807169,0.0
AN08B026|L,17206;523839,2,-0.29569240892373555,-5.4622915884568666e-05,0.0008324856750953579,0.0008264136251408951,-0.00044355429548996326,0.00038893137960539277,6.072049954462559e-06,-0.0008810365410254638,4.855086593010611e-05,106,0.0,-0.0008324856750953534
MeVP60|R,15307,1,2.4409950739847113,0.0004817366066163378,0.001126745259230037,0.0012612892494219808,-0.0003225043263068496,0.0008042409329231845,-0.00013454399019194373,-0.0007795526428056429,-0.0003471926164243941,57,0.0,-0.0011267452592300532
DNp26|L,10562,1,-10.985698694048091,0.0006241391539069438,0.0012043929988594367,0.001356769005392896,-0.0002901269224762464,0.0009142660763832138,-0.00015237600653345926,-0.0007326298514859521,-0.0004717631473734846,185,0.0,-0.0012043929988594523
AOTU017|L,19331;516363,2,0.6929478162269326,-0.003262201061030632,-0.0026892473024823834,-0.004610288108939564,-0.00028647687927412435,-0.0029757241817565065,0.0019210408064571803,0.0013480870479089314,0.001341160254573453,16,-0.0026892473024823895,0.0
HSN|L,10181,1,17.537986487412255,0.0004838375036268843,0.0010475419195257287,0.0011841275246417386,-0.00028185220794942225,0.0007656897115762831,-0.00013658560511600987,-0.0007002900210148544,-0.00034725189851087445,56,0.0010475419195258321,0.0
PLP092|L,11637,1,17.371367631953113,-0.0001559776075269301,0.0003940039848380838,0.0004484430635957026,-0.00027499079618250694,0.00011901318865558862,-5.443907875761884e-05,-0.0006044206711226328,0.00021041668628454894,160,0.00039400398483812937,0.0
AVLP734m|R,17589,1,5.915549819466938,0.0017130068953108086,0.0022610713697278108,0.0023793716242237386,-0.000274032237208501,0.001987039132519298,-0.00011830025449592782,-0.0006663647289129299,-0.0015947066408148807,31,0.0,-0.002261071369727755
IN02A029|L,905004,1,-5.572243113596884,-0.00022017793747566795,0.00032240484975495606,0.00022389062868743466,-0.000271291393615312,5.111345613959407e-05,9.851422106752141e-05,-0.0004440685661631026,0.00012166371640814653,52,0.0003224048497549731,0.0
IN18B012|L,919652,1,-0.19411648130447248,-0.0003230840829966344,0.00020512488150370672,-8.399197131743249e-07,-0.0002641044822501706,-5.8979600746461914e-05,0.00020596480121688106,-0.0003222441632834601,0.00011711928177975338,87,0.0,-0.00020512488150370282
MeVC11|R,10260,1,4.22478429582254,-0.0010063890283122771,-0.0005108376482738843,-0.002699536093288416,-0.0002477756900191964,-0.0007586133382930719,0.0021886984450145315,0.0016931470649761385,-0.0011823094167022542,27,-0.0005108376482738944,0.0
pC1_14a|R,33553,1,-0.047977635036841715,-0.0010643840195786653,-0.0006211113583955689,-0.001642709802194805,-0.00022163633059154819,-0.0008427476889871168,0.001021598443799236,0.0005783257826161397,4.278557577942918e-05,26,0.0,0.0006211113583955684
PS047_a|R,521701,1,-28.54479388373951,0.0008579871528475092,0.0012934867760421062,0.0015106943443003035,-0.00021774981159729853,0.0010757369644448548,-0.00021720756825819728,-0.0006527071914527944,-0.0006407795845893119,206,0.0,-0.001293486776042197
DNge054|L,10377,1,-5.814863691188014,6.668603694372377e-05,0.00047428735823986127,0.00043504025850086994,-0.00020380066064806874,0.0002704866975917631,3.924709973899133e-05,-0.00036835422155714616,-0.0001059331366827151,21,0.0004742873582398812,0.0
LAL050|R,45628,1,4.77937933178844,-0.003330905699897461,-0.0030440648662568674,8.050957516758513e-05,-0.00014342041682029687,-0.0031874852830771094,-0.0031245744414244523,-0.0034114152750650464,0.006455480141321914,28,0.0,0.003044064866256858
GNG663|L,72303;518326,2,-0.21347300968879698,-0.00033633244275864377,-5.156437685410604e-05,-0.0002190033424803028,-0.00014238403295226888,-0.00019394840980637,0.00016743896562619682,-0.00011732910027834097,0.000168893477132447,121,-5.156437685410629e-05,0.0
AN06A010|R,162371,1,-1.0810786642103938,0.0037744903541141682,0.004052042930865586,0.007606887373608432,-0.00013877628837570882,0.003913266642489887,-0.0035548444427428473,-0.0038323970194942642,-0.00021964591137132032,31,0.0040520429308655735,0.0
VES074|R,12187,1,1.8441643305124362,-0.0004666717512829943,-0.00020977995513890503,-0.0006133236130666673,-0.00012844589807204466,-0.0003382258532109595,0.00040354365792776237,0.00014665186178367302,6.312809335523199e-05,76,-0.0002097799551388698,0.0
LAL145|R,13800;511839,2,-71.00845973590351,0.0005404102527583311,0.0007733598005774785,0.0009239696736252507,-0.00011647477390957363,0.0006568850266683754,-0.00015060987304777227,-0.0003835594208669195,-0.00038980037971055894,119,0.0,-0.0007733598005770733
DNp60|R,13092,1,-0.09022027407563958,-0.0004757477452676713,-0.0002766671679457958,-0.0007872534665701154,-9.954028866093779e-05,-0.00037620745660673353,0.0005105862986243194,0.00031150572130244383,-3.4838553356648e-05,94,0.0,0.00027666716794579673
AOTU033|L,521650,1,11.294517243359955,-0.00030426758957599956,-0.0001473896538286983,-0.00021523116824561248,-7.843896787365065e-05,-0.00022582862170238423,6.784151441691419e-05,-8.903642133038709e-05,0.0002364260751590854,24,-0.00014738965382868612,0.0
IN11A034|R,809713,1,-5.751607193484433,5.943344724237836e-05,0.00020706515338635698,0.0002620348888497084,-7.381585307198932e-05,0.00013324930031435885,-5.496973546335137e-05,-0.00020260144160733,-4.463711779026987e-06,138,0.0,-0.00020706515338636902
LC31b|R,11812;26262,2,-4.73273607712172,-0.00012734542808771118,1.4661005431639383e-05,-2.5764007882401735e-05,-7.100321675967527e-05,-5.634221132810059e-05,4.042501331404112e-05,-0.00010158142020530943,8.692041477367006e-05,147,0.0,-1.4661005431633944e-05
AOTU007|R,33122,1,0.16160972118526143,-0.00032358427201790264,-0.00018543336595120487,-0.00039954808597193785,-6.90754530333489e-05,-0.0002545088189845554,0.00021411472002073295,7.596381395403519e-05,0.00010946955199716967,32,-0.0001854333659512023,0.0
HSE|L,10034,1,56.76850299320672,6.128630680741058e-05,0.0001918673352543424,0.00012089352314617846,-6.529051422346591e-05,0.0001265768210310647,7.097381210816395e-05,-5.960721633876788e-05,-0.00013226011891557453,51,0.000191867335253874,0.0
GNG124|R,11164,1,-24.048630851714005,5.8526949257916814e-05,0.00018362952220810026,0.00017671205164479858,-6.255128647509171e-05,0.00012107823573292619,6.917470563301673e-06,-0.00011818510238688176,-6.544441982121848e-05,16,0.00018362952220812382,0.0
HSN|R,10015,1,-52.758679353070846,0.001846328005466496,0.0019623246005513093,0.005113024909023231,-5.79982975424067e-05,0.001904326303008832,-0.0031507003084719214,-0.0032666969035567346,0.0013043723030054253,130,0.0,-0.0019623246005511393
PS306|R,10333,1,115.374726882968,-0.0013782266475491434,-0.001272341287800043,-0.0014464499257666268,-5.294267987455023e-05,-0.0013252839676745932,0.0001741086379665838,6.822327821748334e-05,0.0012041180095825597,26,0.003244470738914233,0.00451681202671402
MeVPMe2|R,10170,1,-2.54164227652761,5.3869912472834584e-05,0.0001396113122306355,0.0002009722232512697,-4.287069987890046e-05,9.674061235171886e-05,-6.136091102063421e-05,-0.00014710231077843513,7.4909985477996235e-06,192,0.00013961131223065256,0.0
LAL017|L,18777,1,0.11457507338389103,0.00012778116574336433,0.00020173557590090165,0.0002890480032122959,-3.697720507876865e-05,0.0001647583708221332,-8.731242731139424e-05,-0.00016126683746893155,-4.046873843197009e-05,104,0.000201735575900902,0.0
VES041|R,10167,1,6.214971659309662,4.261578014095633e-05,0.00011171826667351015,7.575834802403132e-05,-3.455124326627691e-05,7.716702340723618e-05,3.595991864947883e-05,-3.3142567883074985e-05,-7.857569879043516e-05,150,-0.0004468731499306441,-0.000558591416604152
DNge068|R,11048,1,29.52321839198735,-0.00015955862948934186,-9.939967886091892e-05,-0.00025799634489683687,-3.0079475314211463e-05,-0.00012947915417508334,0.0001585966660359179,9.843771540749498e-05,9.619634534239431e-07,44,0.0,9.939967886084883e-05
PS013|R,11371,1,-1561.7617136084082,8.920467061463135e-05,0.000147004514207723,0.00016783270109875872,-2.8899921796545828e-05,0.00011810459240289535,-2.0828186891035723e-05,-7.862803048412738e-05,-6.837648372359563e-05,16,0.0,-0.00014700451419052483
SNpp45|R,808641;814188;815705;817320;818438;819536;820418;912106,8,-0.032858374605772275,0.00018991047050354945,0.0002458392692484642,0.0006480172647422962,-2.7964399372457422e-05,0.00021787486987600704,-0.0004021779954938318,-0.00045810679423874656,0.00021226752499028237,39,0.0,-0.00024583926924846427
IN13A050|R,812460,1,3.9158994593720977,-0.002527226438289482,-0.00247527094953189,-0.004064794865576305,-2.597774437879597e-05,-0.002501248693910667,0.001589523916044415,0.0015375684272868231,0.0009377025222450671,17,0.0,0.0024752709495318645
GNG315|R,11578,1,0.26179174541307526,0.00016601000401716019,0.00020407057159021634,0.00037140956112808725,-1.9030283786528073e-05,0.00018504028780369055,-0.00016733898953787092,-0.00020539955711092704,1.328985520710728e-06,26,0.0,-0.0002040705715902152
IN12A012|R,904042,1,6.475471241134127,7.279340294491473e-06,4.530193924010565e-05,4.082859139745246e-05,-1.901129947280709e-05,2.62906397672868e-05,4.473347842653191e-06,-3.354925110296099e-05,-1.1752688137144664e-05,100,0.0,-4.5301939240079435e-05
LAL166|R,16708,1,-6.401949743653063,0.00016526645685455585,0.00019766565871660657,0.0003465680668822889,-1.619960093102536e-05,0.00018146605778555474,-0.00014890240816568232,-0.00018130161002773306,-1.636404868887352e-05,26,0.0,-0.0001976656587166426
PS023|L,70317;88651,2,18.14983513511399,6.10725392633589e-05,9.279052185118925e-05,0.00011928619650536964,-1.5858991293915178e-05,7.693153055740348e-05,-2.6495674654180388e-05,-5.821365724201075e-05,-3.457686460917851e-05,126,9.279052185089763e-05,0.0
PVLP137|R,10329,1,11.225129026809316,2.543198141122525e-06,3.3446620241959224e-05,3.6167058086731274e-05,-1.5451711050418352e-05,1.7994909191411473e-05,-2.72043784477205e-06,-3.3623859945608754e-05,1.7723970364952509e-07,44,3.3446620242006326e-05,0.0
IN12A054|R,808389,1,-5.80052480284969,-3.248902676397493e-05,-2.5033856406003054e-06,8.965911269061901e-06,-1.499282056168731e-05,-1.7496206202284675e-05,-1.1469296909662205e-05,-4.1454938033036825e-05,4.395832367363713e-05,209,0.0,2.503385640649279e-06
PS072|L,32628;34260;54118;73647;93253,5,-1.0500572756462478,-7.712106731885147e-05,-4.9480391035387183e-05,-0.00016910828103826607,-1.3820338141732144e-05,-6.33007291771263e-05,0.0001196278900028789,9.198721371941461e-05,-4.250682268402744e-05,45,-4.948039103540556e-05,0.0
CB3740|R,34506,1,0.05986284879220086,-5.7412843592117614e-05,-3.7246933281728465e-05,-6.928864636943457e-05,-1.0082955155194576e-05,-4.732988843692332e-05,3.2041713087706105e-05,1.1875802777316953e-05,2.5371130504411512e-05,36,0.0,3.724693328172764e-05
CL120|L,28361,1,-0.004344956260249614,-4.5622015454571316e-05,-3.0208674402634438e-05,-8.086144120711685e-05,-7.706670525968436e-06,-3.791534492860291e-05,5.065276680448241e-05,3.523942575254552e-05,-5.030751349911086e-06,17,-3.0208674402634465e-05,0.0
PLP249|L,524091,1,-45.272541584543,-1.5245899011960174e-05,-1.1162023673479466e-05,-7.861090472270324e-06,-2.0419376692403537e-06,-1.3203961342908044e-05,-3.3009332012091435e-06,-7.3848085396898505e-06,1.8546832213169317e-05,95,-1.1162023673536997e-05,0.0
MBON32|R,519131,1,-0.08644948731877232,1.443675086429407e-06,3.3067061528382546e-06,4.826208826274604e-06,-9.315155332044239e-07,2.37519061963338e-06,-1.5195026734363489e-06,-3.3825337398451965e-06,7.582758700694185e-08,16,3.30670615283785e-06,0.0
IN06A008|L,803034,1,0.09309440687121279,-1.182796790194911e-06,3.182637669765378e-07,-4.732218231851224e-07,-7.505302785857244e-07,-4.322665116092457e-07,7.914855901616603e-07,-7.095749670097887e-07,3.9131120003325085e-07,26,0.0,-3.182637669751984e-07
AOTU006|R,20280,1,-23.53225051817443,5.536527469950598e-07,1.8354184571365593e-06,3.976196904858586e-07,-6.408828550707497e-07,1.194535602171685e-06,1.4377987666507007e-06,1.5603305650920116e-07,-1.9914515136457607e-06,149,0.0,-1.8354184570325972e-06
PS060|R,13324,1,0.01300640467824331,-3.035325231717668e-06,-1.912072993803564e-06,-4.166331019283139e-06,-5.616261189570518e-07,-2.4736991127606935e-06,2.2542580254795742e-06,1.1310057875654707e-06,7.810672062380936e-07,38,0.0,1.912072993803575e-06
VES204m|L,19838,1,0.007795427515948152,-4.2838225002263525e-07,6.394551280823332e-07,6.689024174386877e-08,-5.339186890524843e-07,1.055364390298437e-07,5.725648863384644e-07,-4.95272491766504e-07,-1.4418263631582912e-07,59,6.394551280825253e-07,0.0
DNge064|L,16746,1,-0.00529153707073054,1.121367135364189e-05,1.1603238160911752e-05,1.7671938969339626e-05,-1.9478340363493061e-07,1.1408454757276944e-05,-6.068700808427877e-06,-6.458267615697739e-06,-5.144970545214012e-06,28,1.160323816091169e-05,0.0
SIP118m|L,35750,1,-0.004951402397490406,-3.8104736088708823e-07,-7.390703422800408e-08,-3.819584136555904e-07,-1.5357016332954206e-07,-2.274771975575425e-07,3.0805137942758634e-07,9.110527685021909e-10,7.299598145950189e-08,16,-7.390703422807833e-08,0.0
PS316|L,116799,1,-26.677839668938567,4.245951776543743e-07,7.250919049525445e-07,8.137933939261508e-07,-1.5024836364908508e-07,5.748435412211118e-07,-8.870148897360636e-08,-3.891982162717765e-07,-3.3589368868076796e-07,16,7.250919049667802e-07,0.0
LAL073|R,11490,1,-0.007204842474294349,-5.806936081398678e-07,-3.330357592943815e-07,-9.337663233857827e-07,-1.2382892442274316e-07,-4.568646837170181e-07,6.007305640914012e-07,3.530727152459149e-07,-2.0036955951533458e-08,29,-3.3303575929452097e-07,0.0
PS070|R,513340,1,0.00018502316667134186,-2.612792578358703e-07,-1.1856859585902063e-07,-3.487816406368736e-07,-7.135533098842482e-08,-1.8992392684744886e-07,2.3021304477785293e-07,8.750238280100327e-08,3.106621305801735e-08,63,0.0,1.185685958590236e-07
DNg19|R,11198,1,-0.0016233394790074215,-3.6918623785671663e-06,-3.562206735803964e-06,-4.762421922260223e-06,-6.482782138160122e-08,-3.6270345571855867e-06,1.2002151864562594e-06,1.0705595436930568e-06,2.491647192110907e-06,27,0.0,3.5622067358039685e-06
LAL083|R,10868;11416,2,-0.04816388860025818,-1.0077575557780106e-07,-1.4558892988859736e-08,-1.235418347207018e-07,-4.310843129447066e-08,-5.766732428348082e-08,1.0898294173184209e-07,2.2766079142900764e-08,-8.207186154041028e-09,14,-1.4558892988625549e-08,0.0
PVLP004|L,24227,1,-5.851467819891976,-1.6136403950493659e-07,-9.429787723296543e-08,-1.8708692490133033e-07,-3.3533081135985584e-08,-1.27830958374833e-07,9.278904766836488e-08,2.5722885396393716e-08,6.857499183657172e-08,109,-9.429787721994889e-08,0.0
GNG466|L,18206,1,0.009371745735798074,-1.323442223051368e-06,-1.2754409389029343e-06,-1.800207976697239e-06,-2.4000642074216867e-08,-1.2994415809770835e-06,5.247670377943047e-07,4.76765753645871e-07,7.986751852570632e-07,25,0.0,1.2754409389028865e-06
DNg111|R,11706,1,0.0037046302046802896,-3.2046702324236953e-09,3.309808902705401e-08,1.908924117585048e-08,-1.8151379629738854e-08,1.494670939729789e-08,1.400884785120353e-08,-2.2293911408274174e-08,-1.0804177618779835e-08,39,-1.654904286950045e-07,-1.98588517722005e-07
SMP148|R,14608;524215,2,-0.001701969742828901,1.4445754600350548e-08,4.939603544571254e-08,6.40091518775549e-08,-1.7475140422680996e-08,3.1920895023047066e-08,-1.461311643184236e-08,-4.956339727720435e-08,1.6736183149181174e-10,20,4.939603544569499e-08,0.0
CB2551b|R,27880;90619,2,-0.05106522958279752,-6.221028472079125e-08,-3.545774096575766e-08,-1.0388909296856231e-07,-1.337627187751679e-08,-4.883401284378227e-08,6.843135200280465e-08,4.1678808247771064e-08,-6.221067282013403e-09,16,0.0,3.5457740965245794e-08
GNG390|R,517131,1,-0.003503656480050422,-3.579636725176383e-08,-9.11906411197392e-09,-4.671073577708888e-08,-1.3338651569894953e-08,-2.2457715681912067e-08,3.759167166511496e-08,1.0914368525325055e-08,-1.7953044133511349e-09,25,0.0,9.119064111982771e-09
GNG502|R,10489,1,0.05014823909442077,-2.4376142358381852e-08,3.531265720185371e-10,-2.096818723635671e-08,-1.2364634465200195e-08,-1.201150789277239e-08,2.1321313808375244e-08,-3.4079551220251438e-09,3.0548285500066065e-09,21,0.0,-3.531265733036688e-10
IN08A023|L,808549;809007;810162,3,-0.020173045364961346,-7.7970176445884e-08,-5.40132416382088e-08,-1.4697491358894786e-07,-1.1978467403837597e-08,-6.599170904204792e-08,9.296167195073906e-08,6.900473714306387e-08,-1.499149550485506e-08,16,-5.401324163811686e-08,0.0
CB2551b|L,28287;535761,2,0.024235301998300547,2.1105123607288124e-07,2.3188689111224348e-07,3.4278709569396415e-07,-1.0417827519681119e-08,2.2146906359271488e-07,-1.109002045817207e-07,-1.3173585962108294e-07,-1.0015103149116054e-07,21,2.3188689111230581e-07,0.0
AOTU026|R,18146,1,-0.00991808445174137,5.260434734159002e-10,9.627928220239851e-09,9.470204445210518e-09,-4.550942373411975e-09,5.076985846938944e-09,1.577237750293339e-10,-8.944160971794617e-09,-6.837672484452341e-10,17,0.0,-9.627928220193329e-09
DNge046|R,83661;242405,2,-0.00028452105042048255,-5.6433881574998476e-08,-5.192045719609304e-08,-7.39924959073064e-08,-2.256712189452715e-09,-5.417716938554779e-08,2.207203871121336e-08,1.755861433230793e-08,3.436184286378511e-08,30,-5.1920457196096764e-08,0.0
GNG006|M,11711,1,-5.621938444876211,-6.630969057138544e-09,-2.751591725624597e-09,-5.825146404971437e-09,-1.9396886657569738e-09,-4.691280364912677e-09,3.0735546793468397e-09,-8.058226521671075e-10,3.5574143777917046e-09,318,-2.7515917501070063e-09,0.0
LAL153|L,15566,1,-0.0021526870742549355,-1.0709585554280789e-09,1.277771998453943e-09,3.492444889838825e-10,-1.174365276941011e-09,1.0340672148102531e-10,9.285275094700605e-10,-1.4202030444119614e-09,1.4243104595801835e-10,27,0.0,-1.2777719984619483e-09
AN06A015|L,19981,1,0.003952718479845976,8.381245605402076e-10,3.0570774822428038e-09,6.464054290911644e-09,-1.1094764608512982e-09,1.947601021307734e-09,-3.4069768086688404e-09,-5.625929730371437e-09,2.568852248128633e-09,23,0.0,-3.0570774822324925e-09
CB0244|R,12166,1,-0.005265010376036726,7.690436347754299e-10,2.9306313970536508e-09,3.577963383503599e-09,-1.0807938811391103e-09,1.8498375160317898e-09,-6.473319864499481e-10,-2.8089197487281686e-09,-1.2171164832548185e-10,21,0.0,-2.930631397076204e-09
AVLP718m|R,16767,1,-0.003575156104913002,7.345153449831988e-10,1.537646905199887e-09,2.1492044917640507e-09,-4.015657801083441e-10,1.1360811250996935e-09,-6.115575865641637e-10,-1.4146891467808518e-09,-1.2295775841903514e-10,21,0.0,-1.5376469051984666e-09
LAL111|R,13123,1,0.0014004506970720944,-6.314283925427541e-10,9.64608257310019e-11,8.337187045366333e-11,-3.6394460913687797e-10,-2.6748378339533584e-10,1.3088955277338574e-11,-7.148002629964174e-10,6.183394372654154e-10,38,0.0,-9.646082574331094e-11
GNG624|R,47030,1,0.0006139485788651892,7.317899436771502e-10,1.4557696263935794e-09,2.6184120747081886e-09,-3.619898413582146e-10,1.0937797850291198e-09,-1.1626424483146091e-09,-1.8866221310310385e-09,4.308525046374589e-10,35,1.455769626388957e-09,0.0
LAL125|L,10606,1,7.071265940276851e-05,3.3951018895501386e-10,1.0601664709295494e-09,1.4161791663742686e-09,-3.6032814098726785e-10,6.998383299417923e-10,-3.560126954447191e-10,-1.0766689774192548e-09,1.6502506489705243e-11,15,-5.300832519207353e-10,-1.5902497228503051e-09
SAD013|L,30194,1,0.05084977332326113,-7.746958824402095e-10,-2.0722288378317238e-10,3.8332302361997204e-10,-2.837364993285185e-10,-4.909593833974608e-10,-5.905459074031444e-10,-1.1580189060601816e-09,1.365241789843354e-09,16,8.817995435739459e-12,2.1604087968947172e-10
LAL172|L,517101,1,-0.03311509067670433,1.446225533742286e-10,5.556556956767662e-10,9.956647553954983e-11,-2.055165711512688e-10,3.501391243228377e-10,4.5608922013721635e-10,4.5056077834678773e-11,-6.007117735114449e-10,26,0.0,-5.556556956447513e-10
CB1956|L,524896;529338,2,0.00227206614392775,1.8346647052538031e-09,2.2163409979826497e-09,4.183547904831662e-09,-1.9083814636442335e-10,2.0255028516028553e-09,-1.967206906849012e-09,-2.3488831995778588e-09,1.3254220159520907e-10,34,2.2163409979766225e-09,0.0
AOTU015|L,12627;14373;18388;516362,4,0.05314450896705019,-6.359696292735396e-10,-2.575543799953819e-10,5.46575068334801e-10,-1.8920762463907887e-10,-4.467620040377008e-10,-8.041294483301829e-10,-1.1825446976083406e-09,1.4400990776037226e-09,16,-2.575543807548695e-10,0.0
PLP249|R,11530,1,5.880512737087269,8.553569978872227e-10,1.2157710776306963e-09,1.1988854353717215e-09,-1.8020703987173682e-10,1.0355640289359952e-09,1.6885642258974812e-11,-3.435284374844988e-10,-8.722426401461975e-10,,0.0,-1.2157710713980747e-09
DNge119|R,519773,1,0.00440681966444579,5.179243037382563e-10,8.718307239054156e-10,1.9458904461811213e-09,-1.7695321008357965e-10,6.948775137696564e-10,-1.074059722275706e-09,-1.427966142442865e-09,5.561354185374495e-10,20,0.0,-8.71830723927684e-10
CB1896|R,95877,1,-5.861946799016574,7.976717446978988e-11,3.682339731150198e-10,4.268547134593395e-10,-1.4423339932261495e-10,2.240005385005471e-10,-5.862074034431973e-11,-3.470875389895496e-10,-2.1146434125470154e-11,,0.0,-3.682339835182096e-10
WED004|R,31919,1,-10.60308454030073,3.9614695041615315e-10,6.812887619766032e-10,9.007240633998916e-10,-1.4257090578022499e-10,5.387178209045204e-10,-2.1943530142328845e-10,-5.045771129837385e-10,-1.767116489928647e-10,,0.0,-6.812887215936718e-10
LAL054|R,16571,1,0.00037185082625035027,-3.206964144674062e-11,1.496624561633353e-10,1.5542658923441253e-10,-9.086604880503796e-11,5.879640736021438e-11,-5.764133071077239e-12,-1.8749623068115315e-10,3.7833774517817856e-11,16,0.0,-1.49662456168143e-10
AOTU016_a|R,18026,1,-0.010223151519440513,2.4625242489259086e-11,1.7553274871519064e-10,1.628106215541271e-11,-7.545375311296578e-11,1.000789955749403e-10,1.5925168655977793e-10,8.344180333846373e-12,-1.8387692904903702e-10,26,0.0,-1.7553274866928938e-10
AN06B004|R,14034,1,-0.00039772039659292463,2.31724971461401e-11,1.5567982159912094e-10,1.497544211279504e-10,-6.625366222649043e-11,8.942615937783261e-11,5.92540047117054e-12,-1.265819239818103e-10,-2.9097897617310638e-11,18,1.7791979611029624e-10,2.223997451378703e-11
CB0431|R,14784,1,-0.007160843340945725,7.334897953417946e-12,1.2367869644521813e-10,3.78430212709373e-12,-5.81718992459001e-11,6.550679710618929e-11,1.198943943181244e-10,3.5505958263242162e-12,-1.2722929227154237e-10,26,0.0,-1.2367869653929604e-10
DNge040|R,11256,1,-0.0007317613970482525,1.1789948283252477e-10,1.9415302849854254e-10,1.9449646447693192e-10,-3.812677283300888e-11,1.5602625567174967e-10,-3.4343597838939356e-13,-7.659698164440715e-11,-1.175560468541354e-10,33,1.941530285000391e-10,0.0
GNG306|R,13414,1,0.0003070307951018649,-4.683582094251406e-11,2.3985863268188475e-11,2.8730079618301298e-11,-3.5410842105351266e-11,-1.1424978834889547e-11,-4.744216350112825e-12,-7.556590056081535e-11,5.1580037292626884e-11,16,0.0,-2.3985863271820176e-11
AOTU016_c|R,10850;19563,2,-0.004381937022559096,1.1555311801265439e-11,7.510006910334019e-11,7.711913171174965e-12,-3.177237865103738e-11,4.33276903472539e-11,6.738815593216523e-11,3.843398630090472e-12,-7.894346773343067e-11,26,0.0,-7.510006910495719e-11
LAL029_e|R,15699,1,-0.0041538832442880825,1.230279454504226e-11,7.1005259313488e-11,8.298303211017237e-12,-2.935123238422287e-11,4.165402691418682e-11,6.270695610247077e-11,4.004491334025023e-12,-7.500975064751302e-11,26,0.0,-7.100525932576502e-11
AOTU005|L,10636,1,0.006673541207817028,-5.881095159246106e-11,-3.2447117633635294e-13,1.1186929351058403e-10,-2.924324020806235e-11,-2.956771135261534e-11,-1.1219376468692038e-10,-1.706802451030451e-10,1.7100471627938145e-10,16,-3.2447110173757114e-13,0.0
LAL112|L,16274;519865,2,-0.004270873033155873,1.766509638023327e-11,7.182342973149215e-11,1.2034954899683374e-11,-2.7079166675629442e-11,4.47442630201527e-11,5.978847483180878e-11,5.630141480549897e-12,-7.745357121204205e-11,26,7.182342968709182e-11,0.0
PVLP203m|R,13247;13543;13945;14621,4,-0.0037977674884911205,1.502890779482022e-11,6.408533631434773e-11,1.0243113171128145e-11,-2.4528214259763755e-11,3.955712199046751e-11,5.3842223143219585e-11,4.785794623692073e-12,-6.887113093803981e-11,26,0.0,-6.408533632320617e-11
LAL124|L,519944,1,-0.00307769572948291,1.3715353258271044e-11,5.14349119191664e-11,9.336824599657273e-12,-1.885977933044768e-11,3.257513256963524e-11,4.209808731950913e-11,4.37852865861377e-12,-5.581344057778017e-11,26,2.90719132959661e-10,2.3928422105652534e-10
LAL030_b|R,46788;70325;76486,3,-0.0024603211080576554,7.2614884207019395e-12,4.20585863665565e-11,4.895108451792107e-12,-1.7398548972927282e-11,2.466003742037527e-11,3.71634779147644e-11,2.366379968909833e-12,-4.442496633546633e-11,26,0.0,-4.2058586322587714e-11
DNg13|R,512006,1,-0.000601928030097821,-1.5902776681841112e-11,1.4155845321371345e-11,-3.0521283737097825e-11,-1.5029311001606228e-11,-8.734656801367167e-13,4.4677129058469176e-11,1.4618507055256716e-11,-2.877435237662806e-11,28,0.0,-1.4155845332901843e-11
PS208|R,28976;32087,2,0.001119570401930943,-2.9948133161410156e-11,-2.7551357104405544e-12,1.4582253107625456e-11,-1.35964987254848e-11,-1.635163445527108e-11,-1.7337388818066012e-11,-4.453038626903561e-11,4.728552197947617e-11,16,-2.7551357052569665e-12,0.0
AN10B018|R,14469,1,0.0010397277021889648,-2.0008135205965895e-11,5.928346480344245e-12,8.340619815325522e-12,-1.296824084315507e-11,-7.03989436890273e-12,-2.4122733349812767e-12,-2.8348755021291415e-11,2.242040854094717e-11,17,5.928346481487957e-12,0.0
LAL026_b|R,13240,1,-0.003343252380212284,7.804165715141164e-11,1.0366395893014904e-10,5.887414269380311e-11,-1.2811150889368701e-11,9.085280802132101e-11,4.4789816236345914e-11,1.9167514457608515e-11,-1.2283147338775755e-10,45,0.0,-1.0366395887828983e-10
IN21A001|R,800650,1,0.0004341130974722854,-1.0457192160611441e-11,1.3243205711572848e-11,1.913909859058506e-11,-1.1850198936092145e-11,1.3930067785406807e-12,-5.8958928790122116e-12,-2.95962907511965e-11,1.6353085039623652e-11,17,0.0,-1.324320571044105e-11
LAL026_b|L,524005,1,0.013830343215027813,3.175641916150803e-10,3.36703174589261e-10,1.1515613485766899e-09,-9.56949148709032e-12,3.2713368326590044e-10,-8.148581739874289e-10,-8.339971569616096e-10,4.972939823723485e-10,16,3.367031746110958e-10,0.0
IN08A019|R,802142,1,0.0010256344042038899,-1.8084498719788415e-11,-7.935278828385063e-13,1.231125580419431e-11,-8.645485418474953e-12,-9.439013286420266e-12,-1.3104783687032817e-11,-3.039575452398273e-11,3.118928240682123e-11,16,0.0,7.935278742994194e-13
AVLP710m|R,10588,1,0.0007255969390542535,-1.7239106145571045e-11,-2.6544550881655455e-12,5.7738986319049215e-12,-7.29232552870275e-12,-9.946780609184697e-12,-8.428353720070468e-12,-2.3013004777475968e-11,2.5667459865641513e-11,16,0.0,2.6544550906489017e-12
AN07B024|R,40302,1,0.00047322895888574383,-9.003458241284052e-12,2.815618538936725e-12,9.85006540197716e-12,-5.909538390110389e-12,-3.093919856175926e-12,-7.034446863040435e-12,-1.8853523643261213e-11,1.6037905104324487e-11,16,2.815618535940663e-12,0.0
IN23B001|R,800206,1,0.000382226211129722,6.331958191439423e-12,1.60632675341467e-11,3.174419452532301e-11,-4.865654671353639e-12,1.119761285760148e-11,-1.568092699117631e-11,-2.5412236333883587e-11,9.348968799736885e-12,18,1.6063267541277308e-11,0.0
SMP554|L,12946,1,-3.848463406745831e-05,-7.864249697560525e-12,4.970785906670266e-13,-8.068042000802776e-12,-4.1806641441137755e-12,-3.683585553168159e-12,8.565120591469802e-12,2.0379230324225103e-13,-7.008708939092776e-13,16,4.97078590923657e-13,0.0
LAL133_e|R,104033,1,0.0003088769153118626,4.276978662657647e-11,4.932498777958104e-11,1.309441948813426e-10,-3.277600576502283e-12,4.6047387205224385e-11,-8.161920710176157e-11,-8.817440825476614e-11,3.88494204751851e-11,37,0.0,-4.932498777945793e-11
IN18B014|R,802411,1,0.00020403044137161177,-4.955514741370237e-12,1.121179113372705e-12,1.171177397165221e-12,-3.0383469273714708e-12,-1.9171678140527573e-12,-4.999828379251585e-14,-6.126692138535458e-12,5.005513025162753e-12,23,1.1211791107698772e-12,0.0
MBON31|R,11805,1,478.78174900951535,-3.998990983830222e-12,-9.614443163609514e-13,1.3220800466169387e-12,-1.5187733337346354e-12,-2.478523640924238e-12,-2.2835243629778903e-12,-5.321071030447161e-12,6.282515346808112e-12,,0.0,9.575023012343177e-13
GNG554|L,15696,1,-0.0001611457132375537,5.672362626211153e-13,2.7374336517000024e-12,3.8595755539351976e-13,-1.0850986945394435e-12,1.6523349598734482e-12,2.3514760963064824e-12,1.8127870722759553e-13,-2.918712358927598e-12,,2.737433653757936e-12,0.0
DNge124|L,15720,1,-0.0001443613672278542,3.1358894259074613e-13,2.482386939388046e-12,2.0438938683545406e-13,-1.08439899839865e-12,1.3979879421118199e-12,2.277997552552592e-12,1.0919955575529207e-13,-2.591586495143338e-12,,-9.929547879601589e-13,-3.4753417270351816e-12
PVLP034|L,17388;31035;111004;519532,4,-0.0001464585038440755,3.996674150714311e-13,2.508683803721621e-12,2.677957587037603e-13,-1.0545081943250948e-12,1.4541756051864286e-12,2.2408880450178603e-12,1.318716563676708e-13,-2.6405554600892916e-12,,2.5902551505423053e-12,8.15713474181063e-14
AVLP746m|R,14786;15542;15682,3,-0.00011068024867633224,7.537860852518142e-15,1.913311620183849e-12,-2.7589078272324006e-14,-9.528868796656654e-13,9.604247395515545e-13,1.9409006984561727e-12,3.512693912484215e-14,-1.9484385593086913e-12,,-1.4881312363399123e-12,-3.40144285608971e-12
CRE021|L,10916,1,-0.00012470048637215647,5.337785893197061e-13,2.0919848595053175e-12,3.6370428227635373e-13,-7.791031350928057e-13,1.3128817255554455e-12,1.7282805772289639e-12,1.7007430704335235e-13,-2.26205916654867e-12,,3.53022431827018e-12,1.4382394601026602e-12
CB0285|R,13618,1,-9.66082707924477e-05,1.679759122350763e-13,1.6730517819754698e-12,1.1359602485572313e-13,-7.525379348701967e-13,9.205138468522325e-13,1.5594557571197466e-12,5.4379887379353174e-14,-1.727431669354823e-12,,0.0,-1.6730517836555002e-12
AVLP711m|L,526032,1,-9.743071053312333e-05,1.8501467909995909e-13,1.6778065118611394e-12,1.177946629746088e-13,-7.463959163805902e-13,9.314105961259035e-13,1.5600118488865307e-12,6.722001612535029e-14,-1.7450265279864897e-12,,0.0,-1.6778065124577596e-12
SAD013|R,11397,1,-7.390811244406118e-05,4.300092109009998e-14,1.277373021122313e-12,1.2790133612240895e-14,-6.171860500161066e-13,6.60186970178318e-13,1.264582887510072e-12,3.0210787477859084e-14,-1.3075838086001721e-12,,1.4219812804952683e-12,1.4460826114630644e-13
AVLP080|L,10172,1,-5.534107909847993,-1.0297222971283624e-12,-3.252438789226386e-13,1.508903377521014e-13,-3.5223920910286194e-13,-6.774272092507511e-13,-4.7613421667474e-13,-1.1806126348804639e-12,1.5058565138031023e-12,,-3.2526292434664656e-13,0.0
LAL117|L,21174;514361,2,-3.3324184591461916e-05,1.7879273425688807e-14,5.759750435190296e-13,4.540062847831992e-15,-2.790478850466704e-13,2.9692715825135405e-13,5.714349806711976e-13,1.3339210577856816e-14,-5.893142540968864e-13,,-1.919916812366826e-13,-7.679667249467304e-13
AVLP080|R,21568,1,11.845261581270858,3.104507085547855e-14,5.848213745503619e-13,-4.205613046924434e-14,-2.768881518474417e-13,3.078744029400262e-13,6.268775050196062e-13,7.31012013247229e-14,-6.579225758750849e-13,,0.0,-5.847196085541009e-13
IN03B042|L,802842,1,-3.671438171826315e-05,1.2973856349910063e-13,6.235680479280076e-13,8.828762095506458e-14,-2.4691474221445346e-13,3.766533055037241e-13,5.35280426972943e-13,4.1450942544036046e-14,-6.650189904720436e-13,,6.235680475419301e-13,0.0
CRE042|R,12761,1,-4.143501081487011e-05,1.995260342133038e-13,6.860341152381199e-13,1.35410521653792e-13,-2.432540405124081e-13,4.4278007521443865e-13,5.506235935843279e-13,6.411551255951181e-14,-7.501496277976317e-13,,6.860341152380768e-13,0.0
AN04B003|R,11443;14379;16897,3,-3.098874763322209e-05,8.389679933961549e-14,5.30899129342575e-13,5.617384075702881e-14,-2.2350116500147977e-13,3.073979642768053e-13,4.747252885855463e-13,2.7722958582586686e-14,-5.586220879251617e-13,,0.0,-5.308991290493341e-13
AN07B082_b|L,105057,1,6.15055496259296e-06,-1.9208771303397397e-13,1.8236414401631594e-13,2.813429591089365e-13,-1.8722592852514496e-13,-4.861784523471758e-15,-9.897881509262055e-14,-4.734306721429105e-13,2.9106652812659454e-13,,1.8236414401725354e-13,0.0
IN12A002|R,805368,1,-2.8699624543934345e-05,1.154043452781826e-13,4.838403806230631e-13,7.867833261957034e-14,-1.8421801767244025e-13,2.9962236282914235e-13,4.051620480034928e-13,3.6726012658612255e-14,-5.205663932816753e-13,,0.0,-4.83840381233598e-13
PVLP207m|L,123226,1,5.902912236395555e-05,-6.584679775386234e-13,-3.6249387955236196e-13,5.782474107080159e-13,-1.4798704899313073e-13,-5.104809279084211e-13,-9.407412902603779e-13,-1.2367153882466393e-12,1.5992092677990012e-12,16,-3.6249387859549797e-13,0.0
aSP22|R,10104,1,-1.878521117321849e-05,5.743567762734111e-14,3.2080962148464997e-13,3.882366013035e-14,-1.3168697192865442e-13,1.8912264959394724e-13,2.8198596135429996e-13,1.8612017496991103e-14,-3.3942163898164104e-13,,0.0,-3.208096217216673e-13
AN10B018|L,14115,1,-1.829636062289984e-05,9.287778212799296e-14,3.0036347715175616e-13,6.282757419713925e-14,-1.037428475118816e-13,1.966206296652049e-13,2.375359029546169e-13,3.005020793085371e-14,-3.3041368508260986e-13,,0.0,-3.0036347693332913e-13
IN19A123|L,908737,1,-1.1933495685521215e-05,2.1471499612604575e-14,2.0559534379402163e-13,1.3519460341870316e-14,-9.206192209070854e-14,1.1353342171652609e-13,1.9207588345215133e-13,7.95203927073426e-15,-2.135473830647559e-13,,2.0559534400025032e-13,0.0
AN08B022|L,14081;23498,2,-8.534686028384416e-06,2.7238942266995348e-14,1.4555009535897347e-13,1.845830065825445e-14,-5.915557654598906e-14,8.639451877181163e-14,1.2709179470071902e-13,8.780641608740895e-15,-1.5433073696771436e-13,,0.0,-1.4555009538293932e-13
CB3098|L,110166,1,-6.974297847555991e-06,3.9675335697311295e-15,1.2054013099934212e-13,1.1335745846051382e-15,-5.828629871480549e-14,6.225383228191265e-14,1.1940655641473698e-13,2.8339589851259915e-15,-1.2337408998446812e-13,,0.0,-1.205401311157451e-13
GNG306|L,14143,1,-6.572596053881875e-06,1.486334850426937e-14,1.129598297805936e-13,9.74515703726019e-15,-4.9048240638162116e-14,6.391158909805954e-14,1.0321467274333341e-13,5.118191467009181e-15,-1.1807802124760277e-13,,1.1295982980299081e-13,0.0
LAL090|R,516653,1,-6.377514099664135e-06,2.2150035043807562e-14,1.0840254316709953e-13,1.5064964221389153e-14,-4.312625406164599e-14,6.527628913231774e-14,9.333757894571039e-14,7.085070822418407e-15,-1.1548761398951795e-13,,1.0840254307868493e-13,0.0
GNG589|L,11336,1,-3.730954418886345e-06,1.2811189640623987e-14,6.344873786434926e-14,8.709882093394155e-15,-2.5318774111862637e-14,3.812996370785174e-14,5.4738855770955107e-14,4.101307547229833e-15,-6.755004541157909e-14,,6.344873785343964e-14,0.0
IN06A132|R,817282,1,-2.303487663994532e-06,7.0954813485211055e-15,3.9329353872910284e-14,4.798398056220526e-15,-1.611693626219459e-14,2.3212417620105016e-14,3.453095581668976e-14,2.2970832923005803e-15,-4.162643716521086e-14,331,3.932935386975355e-14,0.0
IN21A013|L,802175;802498,2,-1.9923416760975815e-08,5.828766650022289e-17,3.406804684122425e-16,3.92803114244887e-17,-1.411964009560098e-16,1.9948406721759657e-16,3.014001569877538e-16,1.9007355075734195e-17,-3.5968782348797673e-16,,3.406804681102823e-16,0.0
GNG115|L,13799,1,-1.4591762639993769e-08,9.316700030163732e-18,2.521780658307719e-16,3.1954726782496104e-18,-1.2143068290030407e-16,1.307473828977067e-16,2.4898259315252225e-16,6.121227351914121e-18,-2.58299293182686e-16,,2.521780659587334e-16,0.0
GNG317|R,16579,1,-3.1586960500555364e-57,1.5058856489338576e-65,5.237079149255156e-65,1.0225035940731498e-65,-1.8655967501606494e-65,3.3714823996406333e-65,4.214575555182007e-65,4.833820548607077e-66,-5.720461204115864e-65,,0.0,-5.237079147392209e-65
LAL159|L,10830,1,-2.2311424666663036e-62,9.165928101544748e-71,3.7555500712669333e-70,6.248466129884972e-71,-1.4194786305562293e-70,2.3360714401856888e-70,3.130703458278436e-70,2.917461971659776e-71,-4.047296268432911e-70,,0.0,-3.75555007017201e-70
LAL159|R,13877,1,-1.689448758522253e-65,6.4987808567546195e-74,2.8564752352719014e-73,4.4298178188316735e-74,-1.1032985747982199e-73,1.7531766615749183e-73,2.413493453388734e-73,2.068963037922946e-74,-3.0633715390641964e-73,,0.0,-2.856475233112698e-73
LAL135|R,522809,1,-1.7544658105145028e-65,8.72325489411803e-74,2.890655359614334e-73,5.9092254366190724e-74,-1.0091649351012655e-73,1.881490426570455e-73,2.2997328159524265e-73,2.814029457498956e-74,-3.1720583053642295e-73,327,0.0,-2.8906553595459856e-73
MBON27|L,519128,1,-1.4339755017110005e-65,5.0497775744690575e-74,2.4358975780036884e-73,3.4360590347361644e-74,-9.654599102783913e-74,1.470437668460273e-73,2.092291674530072e-73,1.6137185397328928e-74,-2.5972694319769777e-73,,0.0,-2.4358975732359988e-73
CRE013|R,14133,1,-2.9983504162333832e-80,-1.5080789681308289e-89,5.18100668313763e-88,-2.1931399114133518e-89,-2.6659072899753566e-88,2.5150993911915515e-88,5.400320674278966e-88,6.8506094328252275e-90,-5.249512777465883e-88,,5.181006682545314e-88,0.0
LAL198|R,519716,1,-1.3366799149103847e-133,6.281133895741484e-142,2.2204052795103495e-141,4.267773300233999e-142,-7.961459449681004e-142,1.4242593338043097e-141,1.7936279494869494e-141,2.0133605955074848e-142,-2.4217413390610978e-141,,0.0,-2.220405277772001e-141
LAL186|R,19308,1,-9.676031618470259e-141,4.441002399305587e-149,1.6119055575115943e-148,3.020339737789446e-149,-5.839026587905178e-149,1.0280028990686724e-148,1.3098715837326498e-148,1.4206626615161407e-149,-1.7539718236632085e-148,,0.0,-1.6119055592868912e-148
VES059|R,11194,1,-2.941257739016468e-153,1.1439450792850976e-161,4.969617201616968e-161,7.798242247905504e-162,-1.912836061165935e-161,3.0567811392233642e-161,4.189792976826417e-161,3.6412085449454714e-162,-5.333738056111515e-161,,0.0,-4.969617203010008e-161
LAL204|R,38858,1,-1.1644255596139801e-159,3.437361015513578e-168,1.9906174341374235e-167,2.3179686863339187e-168,-8.234406662930329e-168,1.1671767681759855e-167,1.7588205655040316e-167,1.1193923291796594e-168,-2.1025566670553894e-167,,0.0,-1.9906174373655737e-167
CRE012|R,16473,1,-8.268319761897453e-164,2.4579886744603294e-172,1.4132141749264703e-171,1.6583561629902564e-172,-5.837076537402187e-172,8.295065211176247e-172,1.2473785586274446e-171,7.996325114700729e-173,-1.4931774260734776e-171,,1.413214174992353e-171,0.0
AN01A086|R,14700,1,0.0,0.0,0.0,0.0,0.0,0.0,0.0,0.0,0.0,,0.0,0.0
AN03A008|L,13538,1,1.29791e-318,0.0,0.0,0.0,0.0,0.0,0.0,0.0,0.0,,0.0,0.0
AN03A008|R,13137,1,0.0,0.0,0.0,0.0,0.0,0.0,0.0,0.0,0.0,,0.0,0.0
AN03B094|L,30837,1,-4.006e-320,0.0,0.0,0.0,0.0,0.0,0.0,0.0,0.0,,0.0,0.0
AN03B094|R,17674,1,3.0617e-320,0.0,0.0,0.0,0.0,0.0,0.0,0.0,0.0,,0.0,0.0
AN04B003|L,13656;14498;17713,3,8.0611e-319,0.0,0.0,0.0,0.0,0.0,0.0,0.0,0.0,,0.0,0.0
AN06A015|R,20983,1,-1.8024e-320,0.0,0.0,0.0,0.0,0.0,0.0,0.0,0.0,,0.0,0.0
AN06B007|L,512468,1,2.93e-321,0.0,0.0,0.0,0.0,0.0,0.0,0.0,0.0,,0.0,0.0
AN06B011|L,12673,1,0.0,0.0,0.0,0.0,0.0,0.0,0.0,0.0,0.0,,0.0,0.0
AN06B011|R,12700,1,0.0,0.0,0.0,0.0,0.0,0.0,0.0,0.0,0.0,,0.0,0.0
AN06B012|L,24412,1,4.3e-322,0.0,0.0,0.0,0.0,0.0,0.0,0.0,0.0,,0.0,0.0
AN06B015|L,32464,1,0.0,0.0,0.0,0.0,0.0,0.0,0.0,0.0,0.0,,0.0,0.0
AN06B089|L,22210,1,5.931e-320,0.0,0.0,0.0,0.0,0.0,0.0,0.0,0.0,,0.0,0.0
AN06B089|R,801204,1,0.0,0.0,0.0,0.0,0.0,0.0,0.0,0.0,0.0,,0.0,0.0
AN07B013|L,20525;24451,2,1.906e-320,0.0,0.0,0.0,0.0,0.0,0.0,0.0,0.0,,0.0,0.0
AN07B013|R,22247;30016,2,-9.7153e-320,0.0,0.0,0.0,0.0,0.0,0.0,0.0,0.0,,0.0,0.0
AN07B035|L,31474;41107,2,-3.883e-321,0.0,0.0,0.0,0.0,0.0,0.0,0.0,0.0,,0.0,0.0
AN07B035|R,32556;37363,2,0.0,0.0,0.0,0.0,0.0,0.0,0.0,0.0,0.0,,0.0,0.0
AN07B072_d|R,131384,1,0.0,0.0,0.0,0.0,0.0,0.0,0.0,0.0,0.0,,0.0,0.0
AN08B020|L,13337,1,0.0,0.0,0.0,0.0,0.0,0.0,0.0,0.0,0.0,,0.0,0.0
AN08B022|R,25076;25455,2,9.79e-321,0.0,0.0,0.0,0.0,0.0,0.0,0.0,0.0,,0.0,0.0
AN08B032|L,13061,1,0.0,0.0,0.0,0.0,0.0,0.0,0.0,0.0,0.0,,0.0,0.0
AN08B032|R,513698,1,0.0,0.0,0.0,0.0,0.0,0.0,0.0,0.0,0.0,,0.0,0.0
AN08B057|L,447301,1,0.0,0.0,0.0,0.0,0.0,0.0,0.0,0.0,0.0,,0.0,0.0
AN08B057|R,36671,1,0.0,0.0,0.0,0.0,0.0,0.0,0.0,0.0,0.0,,0.0,0.0
AN08B086|R,22916,1,1.66e-321,0.0,0.0,0.0,0.0,0.0,0.0,0.0,0.0,,0.0,0.0
AN09B002|L,14642,1,0.0,0.0,0.0,0.0,0.0,0.0,0.0,0.0,0.0,,0.0,0.0
AN09B011|L,15144,1,0.0,0.0,0.0,0.0,0.0,0.0,0.0,0.0,0.0,,0.0,0.0
AN09B011|R,17549,1,0.0,0.0,0.0,0.0,0.0,0.0,0.0,0.0,0.0,,0.0,0.0
AN09B012|L,18804,1,0.0,0.0,0.0,0.0,0.0,0.0,0.0,0.0,0.0,,0.0,0.0
AN09B012|R,14794,1,0.0,0.0,0.0,0.0,0.0,0.0,0.0,0.0,0.0,,0.0,0.0
AN09B017d|L,16302,1,0.0,0.0,0.0,0.0,0.0,0.0,0.0,0.0,0.0,,0.0,0.0
AN10B021|R,17788,1,0.0,0.0,0.0,0.0,0.0,0.0,0.0,0.0,0.0,,0.0,0.0
AN12A003|L,18134,1,0.0,0.0,0.0,0.0,0.0,0.0,0.0,0.0,0.0,,0.0,0.0
AN12B019|L,18366,1,0.0,0.0,0.0,0.0,0.0,0.0,0.0,0.0,0.0,,0.0,0.0
AN12B019|R,20636,1,0.0,0.0,0.0,0.0,0.0,0.0,0.0,0.0,0.0,,0.0,0.0
AN14A003|R,71940,1,-1.833e-321,0.0,0.0,0.0,0.0,0.0,0.0,0.0,0.0,,0.0,0.0
AN16B078_a|L,58298,1,0.0,0.0,0.0,0.0,0.0,0.0,0.0,0.0,0.0,,0.0,0.0
AN18B022|L,16544,1,-1.374e-320,0.0,0.0,0.0,0.0,0.0,0.0,0.0,0.0,,0.0,0.0
AN19B014|R,1050379364,1,-1.976e-321,0.0,0.0,0.0,0.0,0.0,0.0,0.0,0.0,,0.0,0.0
AN19B060|L,81707,1,0.0,0.0,0.0,0.0,0.0,0.0,0.0,0.0,0.0,,0.0,0.0
AN19B099|L,166468,1,0.0,0.0,0.0,0.0,0.0,0.0,0.0,0.0,0.0,,0.0,0.0
AN19B102|L,243928,1,0.0,0.0,0.0,0.0,0.0,0.0,0.0,0.0,0.0,,0.0,0.0
AN27X008|L,556586,1,0.0,0.0,0.0,0.0,0.0,0.0,0.0,0.0,0.0,,0.003001117428202402,0.003001117428202402
ANXXX002|L,15550,1,0.0,0.0,0.0,0.0,0.0,0.0,0.0,0.0,0.0,,0.0,0.0
ANXXX002|R,16593,1,0.0,0.0,0.0,0.0,0.0,0.0,0.0,0.0,0.0,,0.0,0.0
ANXXX027|L,512059,1,0.0,0.0,0.0,0.0,0.0,0.0,0.0,0.0,0.0,,0.0,0.0
ANXXX049|L,22432;30581,2,-2.633e-320,0.0,0.0,0.0,0.0,0.0,0.0,0.0,0.0,,0.0,0.0
ANXXX049|R,24534;31760,2,7.1254e-320,0.0,0.0,0.0,0.0,0.0,0.0,0.0,0.0,,0.0,0.0
ANXXX071|R,15749,1,0.0,0.0,0.0,0.0,0.0,0.0,0.0,0.0,0.0,,0.0,0.0
ANXXX131|L,17887,1,0.0,0.0,0.0,0.0,0.0,0.0,0.0,0.0,0.0,,0.0,0.0
ANXXX131|R,523712,1,3.974e-320,0.0,0.0,0.0,0.0,0.0,0.0,0.0,0.0,,0.0,0.0
ANXXX218|L,16966,1,0.0,0.0,0.0,0.0,0.0,0.0,0.0,0.0,0.0,,0.0,0.0
ATL005|L,556399,1,0.0,0.0,0.0,0.0,0.0,0.0,0.0,0.0,0.0,,0.0,0.0
ATL005|R,71414,1,0.0,0.0,0.0,0.0,0.0,0.0,0.0,0.0,0.0,,0.0,0.0
ATL007|L,512315,1,0.0,0.0,0.0,0.0,0.0,0.0,0.0,0.0,0.0,,0.0,0.0
ATL007|R,40695,1,1.185e-320,0.0,0.0,0.0,0.0,0.0,0.0,0.0,0.0,,0.0,0.0
AVLP285|L,15202;21297,2,2.036e-321,0.0,0.0,0.0,0.0,0.0,0.0,0.0,0.0,,0.0,0.0
AVLP285|R,14946,1,-4.122e-320,0.0,0.0,0.0,0.0,0.0,0.0,0.0,0.0,,0.0,0.0
AVLP299_a|R,17215,1,-1.2337e-320,0.0,0.0,0.0,0.0,0.0,0.0,0.0,0.0,,0.0,0.0
AVLP299_b|L,10657,1,0.0,0.0,0.0,0.0,0.0,0.0,0.0,0.0,0.0,,0.0,0.0
AVLP299_b|R,533705,1,-3.004e-321,0.0,0.0,0.0,0.0,0.0,0.0,0.0,0.0,,0.0,0.0
AVLP299_c|L,14852;69439,2,1.1597e-319,0.0,0.0,0.0,0.0,0.0,0.0,0.0,0.0,,0.0,0.0
AVLP299_c|R,176862,1,-4.325e-320,0.0,0.0,0.0,0.0,0.0,0.0,0.0,0.0,,0.0,0.0
AVLP299_d|L,13986;523347,2,1.66777e-319,0.0,0.0,0.0,0.0,0.0,0.0,0.0,0.0,,0.0,0.0
AVLP299_d|R,13775;514510;536550,3,-1.8794e-319,0.0,0.0,0.0,0.0,0.0,0.0,0.0,0.0,,0.0,0.0
AVLP316|L,11320;12773;13159,3,5.426e-320,0.0,0.0,0.0,0.0,0.0,0.0,0.0,0.0,,0.0,0.0
AVLP316|R,12120;12326;12751,3,-5.2336e-320,0.0,0.0,0.0,0.0,0.0,0.0,0.0,0.0,,0.0,0.0
AVLP370_a|R,14112,1,-4.413e-320,0.0,0.0,0.0,0.0,0.0,0.0,0.0,0.0,,0.0,0.0
AVLP491|L,11980,1,0.0,0.0,0.0,0.0,0.0,0.0,0.0,0.0,0.0,,0.0,0.0
AVLP501|L,10348,1,7.84e-321,0.0,0.0,0.0,0.0,0.0,0.0,0.0,0.0,,0.0,0.0
AVLP501|R,11250,1,-3.997e-321,0.0,0.0,0.0,0.0,0.0,0.0,0.0,0.0,,0.0,0.0
AVLP538|R,10353,1,0.0,0.0,0.0,0.0,0.0,0.0,0.0,0.0,0.0,,0.0,0.0
AVLP562|R,12390,1,-2.465e-321,0.0,0.0,0.0,0.0,0.0,0.0,0.0,0.0,,0.0,0.0
AVLP567|L,19984;514881,2,0.0,0.0,0.0,0.0,0.0,0.0,0.0,0.0,0.0,,0.0,0.0
AVLP610|L,520188,1,0.0,0.0,0.0,0.0,0.0,0.0,0.0,0.0,0.0,,0.0,0.0
AVLP610|R,11125,1,0.0,0.0,0.0,0.0,0.0,0.0,0.0,0.0,0.0,,0.0,0.0
AVLP704m|L,531278,1,3.73e-321,0.0,0.0,0.0,0.0,0.0,0.0,0.0,0.0,,0.0,0.0
AVLP706m|L,16650;91957;516225,3,0.0,0.0,0.0,0.0,0.0,0.0,0.0,0.0,0.0,,0.0,0.0
AVLP706m|R,15300;15691;17633,3,0.0,0.0,0.0,0.0,0.0,0.0,0.0,0.0,0.0,,0.0,0.0
AVLP709m|L,16963,1,0.0,0.0,0.0,0.0,0.0,0.0,0.0,0.0,0.0,,0.0,0.0
AVLP709m|R,15615;22246;520443,3,-6.314e-321,0.0,0.0,0.0,0.0,0.0,0.0,0.0,0.0,,0.0,0.0
AVLP710m|L,525452,1,-5.667e-321,0.0,0.0,0.0,0.0,0.0,0.0,0.0,0.0,,0.0,0.0
AVLP712m|R,10988,1,8.4273e-320,0.0,0.0,0.0,0.0,0.0,0.0,0.0,0.0,,0.0,0.0
AVLP716m|L,12922,1,-2.92e-321,0.0,0.0,0.0,0.0,0.0,0.0,0.0,0.0,,0.0,0.0
AVLP716m|R,13723,1,-1.477e-321,0.0,0.0,0.0,0.0,0.0,0.0,0.0,0.0,,0.0,0.0
AVLP721m|L,521490,1,0.0,0.0,0.0,0.0,0.0,0.0,0.0,0.0,0.0,,0.0,0.0
AVLP721m|R,12857,1,0.0,0.0,0.0,0.0,0.0,0.0,0.0,0.0,0.0,,0.0,0.0
AVLP729m|L,519419,1,0.0,0.0,0.0,0.0,0.0,0.0,0.0,0.0,0.0,,0.0,0.0
AVLP749m|L,13755,1,2.003e-320,0.0,0.0,0.0,0.0,0.0,0.0,0.0,0.0,,0.0,0.0
AVLP749m|R,13750;13966;14122;14687,4,-2.791e-320,0.0,0.0,0.0,0.0,0.0,0.0,0.0,0.0,,0.0,0.0
AVLP751m|R,11833,1,-1.5e-321,0.0,0.0,0.0,0.0,0.0,0.0,0.0,0.0,,0.0,0.0
AVLP752m|L,22421;30327;511872,3,0.0,0.0,0.0,0.0,0.0,0.0,0.0,0.0,0.0,,0.0,0.0
AVLP752m|R,21739;28891;56646,3,0.0,0.0,0.0,0.0,0.0,0.0,0.0,0.0,0.0,,0.0,0.0
CB0206|L,22814,1,0.0,0.0,0.0,0.0,0.0,0.0,0.0,0.0,0.0,,0.018176780494236496,0.018176780494236496
CB0244|L,11213,1,9.027e-321,0.0,0.0,0.0,0.0,0.0,0.0,0.0,0.0,,0.0,0.0
CB0259|L,14692,1,6.01e-321,0.0,0.0,0.0,0.0,0.0,0.0,0.0,0.0,,0.0,0.0
CB0285|L,532907,1,0.0,0.0,0.0,0.0,0.0,0.0,0.0,0.0,0.0,,0.0,0.0
CB0297|R,11622,1,3.963e-320,0.0,0.0,0.0,0.0,0.0,0.0,0.0,0.0,,0.0,0.0
CB0751|L,14648;15505,2,3.903e-321,0.0,0.0,0.0,0.0,0.0,0.0,0.0,0.0,,0.0,0.0
CB0751|R,555475,1,-1.655e-321,0.0,0.0,0.0,0.0,0.0,0.0,0.0,0.0,,0.0,0.0
CB1268|L,515562,1,0.0,0.0,0.0,0.0,0.0,0.0,0.0,0.0,0.0,,0.0,0.0
CB1339|L,526299,1,0.0,0.0,0.0,0.0,0.0,0.0,0.0,0.0,0.0,,0.0,0.0
CB1487|R,60309;82890,2,-3.54e-321,0.0,0.0,0.0,0.0,0.0,0.0,0.0,0.0,,0.0,0.0
CB1550|L,51315,1,0.0,0.0,0.0,0.0,0.0,0.0,0.0,0.0,0.0,,0.0,0.0
CB1550|R,27029,1,0.0,0.0,0.0,0.0,0.0,0.0,0.0,0.0,0.0,,0.0,0.0
CB1688|L,531682,1,-7.15e-321,0.0,0.0,0.0,0.0,0.0,0.0,0.0,0.0,,0.0,0.0
CB1852|L,18739;22574;24410;35672;512534,5,2.5163e-320,0.0,0.0,0.0,0.0,0.0,0.0,0.0,0.0,,0.0,0.0
CB1852|R,19756;21190;22495;27827,4,-2.4446e-320,0.0,0.0,0.0,0.0,0.0,0.0,0.0,0.0,,0.0,0.0
CB1883|R,17356;25275,2,1.625e-321,0.0,0.0,0.0,0.0,0.0,0.0,0.0,0.0,,0.0,0.0
CB2117|R,156633;516721;520822,3,-1.796e-320,0.0,0.0,0.0,0.0,0.0,0.0,0.0,0.0,,0.0,0.0
CB2127|R,28290,1,-3.844e-321,0.0,0.0,0.0,0.0,0.0,0.0,0.0,0.0,,0.0,0.0
CB2143|R,34040,1,0.0,0.0,0.0,0.0,0.0,0.0,0.0,0.0,0.0,,0.0,0.0
CB2245|L,69730;545458,2,0.0,0.0,0.0,0.0,0.0,0.0,0.0,0.0,0.0,,0.0,0.0
CB2245|R,153201,1,0.0,0.0,0.0,0.0,0.0,0.0,0.0,0.0,0.0,,0.0,0.0
CB2784|L,72701,1,-3.61e-321,0.0,0.0,0.0,0.0,0.0,0.0,0.0,0.0,,0.0,0.0
CB2846|L,83920;93240,2,1.416e-320,0.0,0.0,0.0,0.0,0.0,0.0,0.0,0.0,,0.0,0.0
CB2846|R,151370,1,-7.42e-321,0.0,0.0,0.0,0.0,0.0,0.0,0.0,0.0,,0.0,0.0
CB2896|L,66312,1,-8.92e-321,0.0,0.0,0.0,0.0,0.0,0.0,0.0,0.0,,0.0,0.0
CB2953|R,538026,1,1.585e-320,0.0,0.0,0.0,0.0,0.0,0.0,0.0,0.0,,0.0,0.0
CB2985|L,45255,1,0.0,0.0,0.0,0.0,0.0,0.0,0.0,0.0,0.0,,0.0,0.0
CB3376|R,26203;515310,2,6.887e-321,0.0,0.0,0.0,0.0,0.0,0.0,0.0,0.0,,0.0,0.0
CB3441|R,557988,1,0.0,0.0,0.0,0.0,0.0,0.0,0.0,0.0,0.0,,0.0,0.0
CB3469|R,28317;81042,2,-1.075e-320,0.0,0.0,0.0,0.0,0.0,0.0,0.0,0.0,,0.0,0.0
CB3682|R,525402,1,-2.07e-321,0.0,0.0,0.0,0.0,0.0,0.0,0.0,0.0,,0.0,0.0
CB3984|L,156523,1,1.81e-321,0.0,0.0,0.0,0.0,0.0,0.0,0.0,0.0,,0.0,0.0
CB4106|L,19505,1,1.467e-321,0.0,0.0,0.0,0.0,0.0,0.0,0.0,0.0,,0.0,0.0
CB4166|R,513133,1,0.0,0.0,0.0,0.0,0.0,0.0,0.0,0.0,0.0,,0.0,0.0
CB4247|R,523049,1,1.54e-321,0.0,0.0,0.0,0.0,0.0,0.0,0.0,0.0,,0.0,0.0
CL049|R,81394,1,0.0,0.0,0.0,0.0,0.0,0.0,0.0,0.0,0.0,,0.0,0.0
CL112|L,12689,1,1.714e-321,0.0,0.0,0.0,0.0,0.0,0.0,0.0,0.0,,0.0,0.0
CL131|R,17640,1,0.0,0.0,0.0,0.0,0.0,0.0,0.0,0.0,0.0,,0.0,0.0
CL310|L,12499,1,0.0,0.0,0.0,0.0,0.0,0.0,0.0,0.0,0.0,,0.0,0.0
CL310|R,12649,1,0.0,0.0,0.0,0.0,0.0,0.0,0.0,0.0,0.0,,0.0,0.0
CL321|L,518648,1,-1.6013e-320,0.0,0.0,0.0,0.0,0.0,0.0,0.0,0.0,,0.0,0.0
CL321|R,14301,1,3.219e-320,0.0,0.0,0.0,0.0,0.0,0.0,0.0,0.0,,0.0,0.0
CL327|L,17577,1,0.0,0.0,0.0,0.0,0.0,0.0,0.0,0.0,0.0,,0.0,0.0
CL327|R,13987,1,0.0,0.0,0.0,0.0,0.0,0.0,0.0,0.0,0.0,,0.0,0.0
CL335|R,514394,1,-1.88e-321,0.0,0.0,0.0,0.0,0.0,0.0,0.0,0.0,,0.0,0.0
CRE011|L,10285,1,-3.345e-321,0.0,0.0,0.0,0.0,0.0,0.0,0.0,0.0,,0.0,0.0
CRE011|R,519132,1,0.0,0.0,0.0,0.0,0.0,0.0,0.0,0.0,0.0,,0.0,0.0
CRE012|L,522715,1,3.334e-320,0.0,0.0,0.0,0.0,0.0,0.0,0.0,0.0,,0.0,0.0
CRE015|R,25791,1,-1.66663e-319,0.0,0.0,0.0,0.0,0.0,0.0,0.0,0.0,,0.0,0.0
CRE021|R,10635,1,1.6996e-320,0.0,0.0,0.0,0.0,0.0,0.0,0.0,0.0,,0.0,0.0
CRE040|L,533590,1,-4.007e-321,0.0,0.0,0.0,0.0,0.0,0.0,0.0,0.0,,0.0,0.0
CRE040|R,11192,1,9.97e-321,0.0,0.0,0.0,0.0,0.0,0.0,0.0,0.0,,0.0,0.0
CRE044|R,99329,1,0.0,0.0,0.0,0.0,0.0,0.0,0.0,0.0,0.0,,0.0,0.0
CvN7|L,10754,1,0.0,0.0,0.0,0.0,0.0,0.0,0.0,0.0,0.0,,0.0,0.0
DNa03|L,519624,1,0.0,0.0,0.0,0.0,0.0,0.0,0.0,0.0,0.0,,0.0,0.0
DNa03|R,10975,1,-5.63976e-319,0.0,0.0,0.0,0.0,0.0,0.0,0.0,0.0,,0.0,0.0
DNa06|L,519896,1,9.229e-320,0.0,0.0,0.0,0.0,0.0,0.0,0.0,0.0,,0.0,0.0
DNa06|R,524412,1,-1.36797e-319,0.0,0.0,0.0,0.0,0.0,0.0,0.0,0.0,,0.0,0.0
DNa11|L,10971,1,4.2128e-319,0.0,0.0,0.0,0.0,0.0,0.0,0.0,0.0,,0.0,0.0
DNa11|R,11233,1,-2.61385e-319,0.0,0.0,0.0,0.0,0.0,0.0,0.0,0.0,,0.0,0.0
DNa13|L,525960;555726,2,0.0,0.0,0.0,0.0,0.0,0.0,0.0,0.0,0.0,,0.0,0.0
DNa15|L,10884,1,0.0,0.0,0.0,0.0,0.0,0.0,0.0,0.0,0.0,,0.0,0.0
DNa15|R,10837,1,-9.53e-321,0.0,0.0,0.0,0.0,0.0,0.0,0.0,0.0,,0.0,0.0
DNa16|L,519460,1,8.92e-321,0.0,0.0,0.0,0.0,0.0,0.0,0.0,0.0,,0.0,0.0
DNa16|R,10543,1,-3.745e-321,0.0,0.0,0.0,0.0,0.0,0.0,0.0,0.0,,0.0,0.0
DNae005|L,519228,1,3.84596e-319,0.0,0.0,0.0,0.0,0.0,0.0,0.0,0.0,,0.0,0.0
DNae005|R,11625,1,-3.50574e-319,0.0,0.0,0.0,0.0,0.0,0.0,0.0,0.0,,0.0,0.0
DNae007|L,521190,1,3.603e-319,0.0,0.0,0.0,0.0,0.0,0.0,0.0,0.0,,0.0,0.0
DNae007|R,11610,1,0.0,0.0,0.0,0.0,0.0,0.0,0.0,0.0,0.0,,0.0,0.0
DNae008|L,523378,1,0.0,0.0,0.0,0.0,0.0,0.0,0.0,0.0,0.0,,0.0,0.0
DNae008|R,13514,1,0.0,0.0,0.0,0.0,0.0,0.0,0.0,0.0,0.0,,0.0,0.0
DNb03|R,16712,1,-1.764e-321,0.0,0.0,0.0,0.0,0.0,0.0,0.0,0.0,,0.0,0.0
DNbe003|R,11297,1,-1.255e-321,0.0,0.0,0.0,0.0,0.0,0.0,0.0,0.0,,0.0,0.0
DNbe006|R,13615,1,-1.793e-321,0.0,0.0,0.0,0.0,0.0,0.0,0.0,0.0,,0.0,0.0
DNde003|L,11232;312712,2,7.6516e-320,0.0,0.0,0.0,0.0,0.0,0.0,0.0,0.0,,0.0,0.0
DNde003|R,12995;14264,2,-1.515e-319,0.0,0.0,0.0,0.0,0.0,0.0,0.0,0.0,,0.0,0.0
DNde005|L,11491,1,7.75e-321,0.0,0.0,0.0,0.0,0.0,0.0,0.0,0.0,,0.0,0.0
DNg04|L,233071;519400,2,0.0,0.0,0.0,0.0,0.0,0.0,0.0,0.0,0.0,,0.0,0.0
DNg04|R,14569;514021,2,0.0,0.0,0.0,0.0,0.0,0.0,0.0,0.0,0.0,,0.0,0.0
DNg09_a|L,17727;20531;519872,3,0.0,0.0,0.0,0.0,0.0,0.0,0.0,0.0,0.0,,0.0,0.0
DNg09_a|R,18532;237936;523435,3,0.0,0.0,0.0,0.0,0.0,0.0,0.0,0.0,0.0,,0.0,0.0
DNg09_b|L,14952,1,0.0,0.0,0.0,0.0,0.0,0.0,0.0,0.0,0.0,,0.0,0.0
DNg09_b|R,17471,1,0.0,0.0,0.0,0.0,0.0,0.0,0.0,0.0,0.0,,0.0,0.0
DNg101|L,11527,1,0.0,0.0,0.0,0.0,0.0,0.0,0.0,0.0,0.0,,0.0,0.0
DNg101|R,11713,1,0.0,0.0,0.0,0.0,0.0,0.0,0.0,0.0,0.0,,0.0,0.0
DNg108|L,10274,1,0.0,0.0,0.0,0.0,0.0,0.0,0.0,0.0,0.0,,0.0,0.0
DNg108|R,10281,1,0.0,0.0,0.0,0.0,0.0,0.0,0.0,0.0,0.0,,0.0,0.0
DNg111|L,11222,1,0.0,0.0,0.0,0.0,0.0,0.0,0.0,0.0,0.0,,-2.8069452061504947e-11,-2.8069452061504947e-11
DNg16|L,10177,1,0.0,0.0,0.0,0.0,0.0,0.0,0.0,0.0,0.0,,0.0,0.0
DNg31|R,11411,1,-4.214e-321,0.0,0.0,0.0,0.0,0.0,0.0,0.0,0.0,,0.0,0.0
DNg34|L,10295,1,0.0,0.0,0.0,0.0,0.0,0.0,0.0,0.0,0.0,,0.0,0.0
DNg34|R,13585,1,0.0,0.0,0.0,0.0,0.0,0.0,0.0,0.0,0.0,,0.0,0.0
DNg35|R,10218,1,9.837e-321,0.0,0.0,0.0,0.0,0.0,0.0,0.0,0.0,,0.0,0.0
DNg41|L,13568,1,0.0,0.0,0.0,0.0,0.0,0.0,0.0,0.0,0.0,,-0.3002481125554151,-0.3002481125554151
DNg44|L,12860,1,-6.956e-321,0.0,0.0,0.0,0.0,0.0,0.0,0.0,0.0,,0.0,0.0
DNg44|R,12794,1,3.34e-321,0.0,0.0,0.0,0.0,0.0,0.0,0.0,0.0,,0.0,0.0
DNg60|L,11374,1,0.0,0.0,0.0,0.0,0.0,0.0,0.0,0.0,0.0,,0.0,0.0
DNg60|R,188947,1,0.0,0.0,0.0,0.0,0.0,0.0,0.0,0.0,0.0,,0.0,0.0
DNg74_a|R,10131,1,0.0,0.0,0.0,0.0,0.0,0.0,0.0,0.0,0.0,,0.0,0.0
DNg74_b|L,10520,1,0.0,0.0,0.0,0.0,0.0,0.0,0.0,0.0,0.0,,0.0,0.0
DNg74_b|R,525454,1,0.0,0.0,0.0,0.0,0.0,0.0,0.0,0.0,0.0,,0.0,0.0
DNg75|L,10192,1,1.6831e-319,0.0,0.0,0.0,0.0,0.0,0.0,0.0,0.0,,0.0,0.0
DNg75|R,520300,1,-9.051e-320,0.0,0.0,0.0,0.0,0.0,0.0,0.0,0.0,,0.0,0.0
DNg88|L,10885,1,0.0,0.0,0.0,0.0,0.0,0.0,0.0,0.0,0.0,,0.0,0.0
DNg88|R,10544,1,0.0,0.0,0.0,0.0,0.0,0.0,0.0,0.0,0.0,,0.0,0.0
DNge008|R,13685,1,-1.91e-321,0.0,0.0,0.0,0.0,0.0,0.0,0.0,0.0,,0.0,0.0
DNge026|L,11424,1,-1.4723e-320,0.0,0.0,0.0,0.0,0.0,0.0,0.0,0.0,,0.0,0.0
DNge026|R,11158,1,9.58e-321,0.0,0.0,0.0,0.0,0.0,0.0,0.0,0.0,,0.0,0.0
DNge040|L,10582,1,3.374e-321,0.0,0.0,0.0,0.0,0.0,0.0,0.0,0.0,,0.0,0.0
DNge042|L,11304,1,1.411e-320,0.0,0.0,0.0,0.0,0.0,0.0,0.0,0.0,,0.0,0.0
DNge086|L,513056,1,2.075e-321,0.0,0.0,0.0,0.0,0.0,0.0,0.0,0.0,,0.0,0.0
DNge101|L,12743,1,2.52e-321,0.0,0.0,0.0,0.0,0.0,0.0,0.0,0.0,,0.0,0.0
DNge101|R,11427,1,-3.01e-321,0.0,0.0,0.0,0.0,0.0,0.0,0.0,0.0,,0.0,0.0
DNge113|L,15681,1,0.0,0.0,0.0,0.0,0.0,0.0,0.0,0.0,0.0,,0.0,0.0
DNge113|R,12687;14432,2,1.75e-321,0.0,0.0,0.0,0.0,0.0,0.0,0.0,0.0,,0.0,0.0
DNge123|L,11820,1,2.029e-320,0.0,0.0,0.0,0.0,0.0,0.0,0.0,0.0,,0.0,0.0
DNge134|L,30465,1,3.893e-321,0.0,0.0,0.0,0.0,0.0,0.0,0.0,0.0,,0.0,0.0
DNge135|L,12771,1,-7.03e-321,0.0,0.0,0.0,0.0,0.0,0.0,0.0,0.0,,0.0,0.0
DNge149|M,11466,1,0.0,0.0,0.0,0.0,0.0,0.0,0.0,0.0,0.0,,0.0,0.0
DNge152|M,11540,1,0.0,0.0,0.0,0.0,0.0,0.0,0.0,0.0,0.0,,0.0,0.0
DNp09|L,10783,1,0.0,0.0,0.0,0.0,0.0,0.0,0.0,0.0,0.0,,0.0,0.0
DNp09|R,11177,1,-1.731e-320,0.0,0.0,0.0,0.0,0.0,0.0,0.0,0.0,,0.0,0.0
DNp36|R,10245,1,1.65e-321,0.0,0.0,0.0,0.0,0.0,0.0,0.0,0.0,,0.0,0.0
DNp56|L,522432,1,1.976e-321,0.0,0.0,0.0,0.0,0.0,0.0,0.0,0.0,,0.0,0.0
DNp56|R,521197,1,-1.82e-321,0.0,0.0,0.0,0.0,0.0,0.0,0.0,0.0,,0.0,0.0
DNp63|R,10384,1,0.0,0.0,0.0,0.0,0.0,0.0,0.0,0.0,0.0,,0.0,0.0
DNpe003|L,14067,1,4.35e-321,0.0,0.0,0.0,0.0,0.0,0.0,0.0,0.0,,0.0,0.0
DNpe012_a|R,16701,1,-4.45e-322,0.0,0.0,0.0,0.0,0.0,0.0,0.0,0.0,,0.0,0.0
DNpe012_b|L,26672,1,0.0,0.0,0.0,0.0,0.0,0.0,0.0,0.0,0.0,,0.0,0.0
DNpe012_b|R,22158,1,0.0,0.0,0.0,0.0,0.0,0.0,0.0,0.0,0.0,,0.0,0.0
DNpe013|L,10834,1,8.1e-321,0.0,0.0,0.0,0.0,0.0,0.0,0.0,0.0,,0.0,0.0
DNpe013|R,10054,1,-6.443e-321,0.0,0.0,0.0,0.0,0.0,0.0,0.0,0.0,,0.0,0.0
DNpe023|R,521624,1,0.0,0.0,0.0,0.0,0.0,0.0,0.0,0.0,0.0,,0.0,0.0
DNpe024|L,33335,1,0.0,0.0,0.0,0.0,0.0,0.0,0.0,0.0,0.0,,0.0,0.0
DNpe024|R,521377,1,0.0,0.0,0.0,0.0,0.0,0.0,0.0,0.0,0.0,,0.0,0.0
DNpe027|R,12223,1,-1.863e-321,0.0,0.0,0.0,0.0,0.0,0.0,0.0,0.0,,0.0,0.0
GNG011|L,10935,1,-3.755e-321,0.0,0.0,0.0,0.0,0.0,0.0,0.0,0.0,,0.0,0.0
GNG093|L,13937,1,-2.129e-320,0.0,0.0,0.0,0.0,0.0,0.0,0.0,0.0,,0.0,0.0
GNG093|R,515718,1,2.1433e-320,0.0,0.0,0.0,0.0,0.0,0.0,0.0,0.0,,0.0,0.0
GNG100|L,12135,1,-2.0048e-319,0.0,0.0,0.0,0.0,0.0,0.0,0.0,0.0,,0.0,0.0
GNG122|L,588857,1,1.94e-321,0.0,0.0,0.0,0.0,0.0,0.0,0.0,0.0,,0.0,0.0
GNG122|R,13844,1,-1.71e-321,0.0,0.0,0.0,0.0,0.0,0.0,0.0,0.0,,0.0,0.0
GNG190|L,15490,1,0.0,0.0,0.0,0.0,0.0,0.0,0.0,0.0,0.0,,0.0,0.0
GNG204|R,20178,1,0.0,0.0,0.0,0.0,0.0,0.0,0.0,0.0,0.0,,0.0,0.0
GNG284|L,10501,1,2.17453e-319,0.0,0.0,0.0,0.0,0.0,0.0,0.0,0.0,,0.0,0.0
GNG284|R,513565,1,-1.6847e-319,0.0,0.0,0.0,0.0,0.0,0.0,0.0,0.0,,0.0,0.0
GNG307|L,13829,1,-2.0756e-320,0.0,0.0,0.0,0.0,0.0,0.0,0.0,0.0,,0.0,0.0
GNG307|R,37554,1,5.3576e-320,0.0,0.0,0.0,0.0,0.0,0.0,0.0,0.0,,0.0,0.0
GNG382|L,73517,1,4.155e-321,0.0,0.0,0.0,0.0,0.0,0.0,0.0,0.0,,0.0,0.0
GNG411|R,20571,1,-1.695e-321,0.0,0.0,0.0,0.0,0.0,0.0,0.0,0.0,,0.0,0.0
GNG442|L,28040;43223,2,0.0,0.0,0.0,0.0,0.0,0.0,0.0,0.0,0.0,,0.0,0.0
GNG442|R,25865,1,-1.877e-321,0.0,0.0,0.0,0.0,0.0,0.0,0.0,0.0,,0.0,0.0
GNG494|L,396599,1,2.8597e-320,0.0,0.0,0.0,0.0,0.0,0.0,0.0,0.0,,0.0,0.0
GNG502|L,46847,1,-1.23734e-319,0.0,0.0,0.0,0.0,0.0,0.0,0.0,0.0,,0.0,0.0
GNG507|L,39102,1,1.85e-321,0.0,0.0,0.0,0.0,0.0,0.0,0.0,0.0,,0.0,0.0
GNG521|L,16327,1,0.0,0.0,0.0,0.0,0.0,0.0,0.0,0.0,0.0,,0.0,0.0
GNG521|R,15957,1,0.0,0.0,0.0,0.0,0.0,0.0,0.0,0.0,0.0,,0.0,0.0
GNG532|L,15887,1,0.0,0.0,0.0,0.0,0.0,0.0,0.0,0.0,0.0,,0.0,0.0
GNG532|R,15145,1,0.0,0.0,0.0,0.0,0.0,0.0,0.0,0.0,0.0,,0.0,0.0
GNG548|L,14086,1,0.0,0.0,0.0,0.0,0.0,0.0,0.0,0.0,0.0,,0.0,0.0
GNG548|R,13233,1,0.0,0.0,0.0,0.0,0.0,0.0,0.0,0.0,0.0,,0.0,0.0
GNG553|L,532944,1,0.0,0.0,0.0,0.0,0.0,0.0,0.0,0.0,0.0,,0.0,0.0
GNG553|R,11863,1,0.0,0.0,0.0,0.0,0.0,0.0,0.0,0.0,0.0,,0.0,0.0
GNG563|L,521551,1,0.0,0.0,0.0,0.0,0.0,0.0,0.0,0.0,0.0,,0.0,0.0
GNG563|R,12288,1,0.0,0.0,0.0,0.0,0.0,0.0,0.0,0.0,0.0,,0.0,0.0
GNG565|L,45127,1,0.0,0.0,0.0,0.0,0.0,0.0,0.0,0.0,0.0,,0.0,0.0
GNG565|R,14208,1,0.0,0.0,0.0,0.0,0.0,0.0,0.0,0.0,0.0,,0.0,0.0
GNG567|L,21942,1,0.0,0.0,0.0,0.0,0.0,0.0,0.0,0.0,0.0,,0.0,0.0
GNG567|R,517236,1,0.0,0.0,0.0,0.0,0.0,0.0,0.0,0.0,0.0,,0.0,0.0
GNG569|L,512985,1,0.0,0.0,0.0,0.0,0.0,0.0,0.0,0.0,0.0,,0.0,0.0
GNG569|R,16843,1,0.0,0.0,0.0,0.0,0.0,0.0,0.0,0.0,0.0,,0.0,0.0
GNG580|L,16018,1,4.685e-320,0.0,0.0,0.0,0.0,0.0,0.0,0.0,0.0,,0.0,0.0
GNG580|R,15222,1,-2.1156e-320,0.0,0.0,0.0,0.0,0.0,0.0,0.0,0.0,,0.0,0.0
GNG581|L,513473,1,0.0,0.0,0.0,0.0,0.0,0.0,0.0,0.0,0.0,,0.0,0.0
GNG581|R,12612,1,0.0,0.0,0.0,0.0,0.0,0.0,0.0,0.0,0.0,,0.0,0.0
GNG583|L,43044,1,0.0,0.0,0.0,0.0,0.0,0.0,0.0,0.0,0.0,,0.0,0.0
GNG583|R,11645,1,3.15e-321,0.0,0.0,0.0,0.0,0.0,0.0,0.0,0.0,,0.0,0.0
GNG584|L,558897,1,0.0,0.0,0.0,0.0,0.0,0.0,0.0,0.0,0.0,,0.0,0.0
GNG584|R,11652,1,0.0,0.0,0.0,0.0,0.0,0.0,0.0,0.0,0.0,,0.0,0.0
GNG657|L,23138,1,0.0,0.0,0.0,0.0,0.0,0.0,0.0,0.0,0.0,,0.0,0.0
GNG665|L,11968,1,0.0,0.0,0.0,0.0,0.0,0.0,0.0,0.0,0.0,,0.0,0.0
GNG667|L,10420,1,-3.11e-321,0.0,0.0,0.0,0.0,0.0,0.0,0.0,0.0,,0.0,0.0
GNG667|R,10638,1,9.45e-321,0.0,0.0,0.0,0.0,0.0,0.0,0.0,0.0,,0.0,0.0
GNG700m|R,523632,1,1.937e-321,0.0,0.0,0.0,0.0,0.0,0.0,0.0,0.0,,0.0,0.0
GNG701m|L,10507,1,0.0,0.0,0.0,0.0,0.0,0.0,0.0,0.0,0.0,,0.0,0.0
GNG701m|R,13519,1,0.0,0.0,0.0,0.0,0.0,0.0,0.0,0.0,0.0,,0.0,0.0
IB023|R,13751,1,0.0,0.0,0.0,0.0,0.0,0.0,0.0,0.0,0.0,,0.0,0.0
IB068|L,19565,1,0.0,0.0,0.0,0.0,0.0,0.0,0.0,0.0,0.0,,0.0,0.0
IB069|L,60103,1,-7.73e-321,0.0,0.0,0.0,0.0,0.0,0.0,0.0,0.0,,0.0,0.0
IB069|R,512039,1,2.476e-320,0.0,0.0,0.0,0.0,0.0,0.0,0.0,0.0,,0.0,0.0
IB076|R,24690;43096,2,3.6645e-320,0.0,0.0,0.0,0.0,0.0,0.0,0.0,0.0,,0.0,0.0
ICL003m|L,19223,1,-5.904e-321,0.0,0.0,0.0,0.0,0.0,0.0,0.0,0.0,,0.0,0.0
ICL003m|R,105289,1,4.26e-321,0.0,0.0,0.0,0.0,0.0,0.0,0.0,0.0,,0.0,0.0
IN01A028|R,801550,1,0.0,0.0,0.0,0.0,0.0,0.0,0.0,0.0,0.0,,0.0,0.0
IN01A052_b|R,807872,1,0.0,0.0,0.0,0.0,0.0,0.0,0.0,0.0,0.0,,0.0,0.0
IN03A010|L,801111,1,4.29e-321,0.0,0.0,0.0,0.0,0.0,0.0,0.0,0.0,,0.0,0.0
IN03A010|R,800787,1,0.0,0.0,0.0,0.0,0.0,0.0,0.0,0.0,0.0,,0.0,0.0
IN03A047|L,805880,1,2.88e-321,0.0,0.0,0.0,0.0,0.0,0.0,0.0,0.0,,0.0,0.0
IN03A047|R,807226;905010,2,-7.994e-321,0.0,0.0,0.0,0.0,0.0,0.0,0.0,0.0,,0.0,0.0
IN03A066|L,805174;806715,2,0.0,0.0,0.0,0.0,0.0,0.0,0.0,0.0,0.0,,0.0,0.0
IN03A066|R,808086,1,0.0,0.0,0.0,0.0,0.0,0.0,0.0,0.0,0.0,,0.0,0.0
IN03A075|R,802363,1,-1.7e-321,0.0,0.0,0.0,0.0,0.0,0.0,0.0,0.0,,0.0,0.0
IN03A080|L,909324,1,0.0,0.0,0.0,0.0,0.0,0.0,0.0,0.0,0.0,,0.0,0.0
IN03A084|R,909095,1,-1.88e-321,0.0,0.0,0.0,0.0,0.0,0.0,0.0,0.0,,0.0,0.0
IN03B021|L,800420;800448,2,-2.0553e-320,0.0,0.0,0.0,0.0,0.0,0.0,0.0,0.0,,0.0,0.0
IN03B042|R,802276;803533,2,5.603e-321,0.0,0.0,0.0,0.0,0.0,0.0,0.0,0.0,,0.0,0.0
IN04B041|R,809137,1,0.0,0.0,0.0,0.0,0.0,0.0,0.0,0.0,0.0,,0.0,0.0
IN04B101|R,813372,1,0.0,0.0,0.0,0.0,0.0,0.0,0.0,0.0,0.0,,0.0,0.0
IN04B108|R,811072,1,0.0,0.0,0.0,0.0,0.0,0.0,0.0,0.0,0.0,,0.0,0.0
IN06A022|R,810855,1,1.877e-321,0.0,0.0,0.0,0.0,0.0,0.0,0.0,0.0,,0.0,0.0
IN06A024|L,804089,1,1.35e-321,0.0,0.0,0.0,0.0,0.0,0.0,0.0,0.0,,0.0,0.0
IN06A024|R,800952,1,-1.8374e-320,0.0,0.0,0.0,0.0,0.0,0.0,0.0,0.0,,0.0,0.0
IN06A077|L,811868,1,3.137e-321,0.0,0.0,0.0,0.0,0.0,0.0,0.0,0.0,,0.0,0.0
IN06A083|R,818922,1,-2.11e-321,0.0,0.0,0.0,0.0,0.0,0.0,0.0,0.0,,0.0,0.0
IN06B012|L,10581,1,0.0,0.0,0.0,0.0,0.0,0.0,0.0,0.0,0.0,,0.0,0.0
IN06B012|R,800473,1,-1.082e-320,0.0,0.0,0.0,0.0,0.0,0.0,0.0,0.0,,0.0,0.0
IN06B022|L,802886,1,0.0,0.0,0.0,0.0,0.0,0.0,0.0,0.0,0.0,,0.0,0.0
IN06B033|R,806350,1,0.0,0.0,0.0,0.0,0.0,0.0,0.0,0.0,0.0,,0.0,0.0
IN07B012|R,801576,1,0.0,0.0,0.0,0.0,0.0,0.0,0.0,0.0,0.0,,0.0,0.0
IN07B079|L,909392,1,2.115e-321,0.0,0.0,0.0,0.0,0.0,0.0,0.0,0.0,,0.0,0.0
IN08A006|L,800511;800561;800856,3,-1.2144e-320,0.0,0.0,0.0,0.0,0.0,0.0,0.0,0.0,,0.0,0.0
IN08A006|R,800722;801437,2,6.452e-321,0.0,0.0,0.0,0.0,0.0,0.0,0.0,0.0,,0.0,0.0
IN08A016|L,802738,1,-1.58e-321,0.0,0.0,0.0,0.0,0.0,0.0,0.0,0.0,,0.0,0.0
IN08A031|R,814833,1,1.873e-321,0.0,0.0,0.0,0.0,0.0,0.0,0.0,0.0,,0.0,0.0
IN08A036|L,818467,1,-5.52e-321,0.0,0.0,0.0,0.0,0.0,0.0,0.0,0.0,,0.0,0.0
IN08B008|R,815321,1,1.54e-321,0.0,0.0,0.0,0.0,0.0,0.0,0.0,0.0,,0.0,0.0
IN08B072|L,805627,1,0.0,0.0,0.0,0.0,0.0,0.0,0.0,0.0,0.0,,0.0,0.0
IN09A010|L,903570,1,0.0,0.0,0.0,0.0,0.0,0.0,0.0,0.0,0.0,,0.0,0.0
IN09A010|R,903665,1,1.917e-321,0.0,0.0,0.0,0.0,0.0,0.0,0.0,0.0,,0.0,0.0
IN09B038|L,806450,1,0.0,0.0,0.0,0.0,0.0,0.0,0.0,0.0,0.0,,0.0,0.0
IN09B038|R,806492,1,0.0,0.0,0.0,0.0,0.0,0.0,0.0,0.0,0.0,,0.0,0.0
IN11A003|L,803477,1,2.87e-321,0.0,0.0,0.0,0.0,0.0,0.0,0.0,0.0,,0.0,0.0
IN11B017_a|R,812711,1,0.0,0.0,0.0,0.0,0.0,0.0,0.0,0.0,0.0,,0.0,0.0
IN11B017_b|R,814084,1,0.0,0.0,0.0,0.0,0.0,0.0,0.0,0.0,0.0,,0.0,0.0
IN12A003|L,800631,1,1.97e-321,0.0,0.0,0.0,0.0,0.0,0.0,0.0,0.0,,0.0,0.0
IN12A003|R,800846;802877,2,-5.766e-321,0.0,0.0,0.0,0.0,0.0,0.0,0.0,0.0,,0.0,0.0
IN12A008|L,802051,1,0.0,0.0,0.0,0.0,0.0,0.0,0.0,0.0,0.0,,0.0,0.0
IN12A010|L,800235,1,0.0,0.0,0.0,0.0,0.0,0.0,0.0,0.0,0.0,,0.0,0.0
IN12B021|R,808386,1,0.0,0.0,0.0,0.0,0.0,0.0,0.0,0.0,0.0,,0.0,0.0
IN13A057|L,810521,1,-2.045e-321,0.0,0.0,0.0,0.0,0.0,0.0,0.0,0.0,,0.0,0.0
IN13A057|R,811996;813290,2,6.077e-321,0.0,0.0,0.0,0.0,0.0,0.0,0.0,0.0,,0.0,0.0
IN14A029|R,818159,1,0.0,0.0,0.0,0.0,0.0,0.0,0.0,0.0,0.0,,0.0,0.0
IN14B003|L,802134,1,1.588e-320,0.0,0.0,0.0,0.0,0.0,0.0,0.0,0.0,,0.0,0.0
IN14B003|R,801431,1,-1.154e-320,0.0,0.0,0.0,0.0,0.0,0.0,0.0,0.0,,0.0,0.0
IN14B004|L,802317,1,9.9154e-320,0.0,0.0,0.0,0.0,0.0,0.0,0.0,0.0,,0.0,0.0
IN14B004|R,800880,1,-9.2924e-320,0.0,0.0,0.0,0.0,0.0,0.0,0.0,0.0,,0.0,0.0
IN16B040|L,804111,1,0.0,0.0,0.0,0.0,0.0,0.0,0.0,0.0,0.0,,0.0,0.0
IN16B082|L,902311;909839,2,-3.3e-321,0.0,0.0,0.0,0.0,0.0,0.0,0.0,0.0,,0.0,0.0
IN16B097|L,811411,1,-1.956e-321,0.0,0.0,0.0,0.0,0.0,0.0,0.0,0.0,,0.0,0.0
IN17A052|R,802929,1,-1.877e-321,0.0,0.0,0.0,0.0,0.0,0.0,0.0,0.0,,0.0,0.0
IN17A079|R,910617,1,0.0,0.0,0.0,0.0,0.0,0.0,0.0,0.0,0.0,,0.0,0.0
IN19A001|R,800020,1,2.07e-321,0.0,0.0,0.0,0.0,0.0,0.0,0.0,0.0,,0.0,0.0
IN19A003|L,800461;800622;903602,3,-8.1946e-320,0.0,0.0,0.0,0.0,0.0,0.0,0.0,0.0,,0.0,0.0
IN19A013|L,902427;905910,2,0.0,0.0,0.0,0.0,0.0,0.0,0.0,0.0,0.0,,0.0,0.0
IN19A052|L,809046,1,0.0,0.0,0.0,0.0,0.0,0.0,0.0,0.0,0.0,,0.0,0.0
IN21A012|L,905078,1,0.0,0.0,0.0,0.0,0.0,0.0,0.0,0.0,0.0,,0.0,0.0
INXXX122|L,905557,1,0.0,0.0,0.0,0.0,0.0,0.0,0.0,0.0,0.0,,0.0,0.0
INXXX126|L,802667,1,0.0,0.0,0.0,0.0,0.0,0.0,0.0,0.0,0.0,,0.0,0.0
INXXX140|L,803843,1,-2.078e-320,0.0,0.0,0.0,0.0,0.0,0.0,0.0,0.0,,0.0,0.0
INXXX140|R,923171,1,4.53e-321,0.0,0.0,0.0,0.0,0.0,0.0,0.0,0.0,,0.0,0.0
INXXX471|L,801860,1,-2.26e-321,0.0,0.0,0.0,0.0,0.0,0.0,0.0,0.0,,0.0,0.0
INXXX471|R,801371,1,2.174e-321,0.0,0.0,0.0,0.0,0.0,0.0,0.0,0.0,,0.0,0.0
LAL003|L,83467;513177,2,0.0,0.0,0.0,0.0,0.0,0.0,0.0,0.0,0.0,,0.0,0.0
LAL003|R,23831;52063,2,0.0,0.0,0.0,0.0,0.0,0.0,0.0,0.0,0.0,,0.0,0.0
LAL010|L,14986,1,0.0,0.0,0.0,0.0,0.0,0.0,0.0,0.0,0.0,,0.0,0.0
LAL010|R,519129,1,-3.1583e-319,0.0,0.0,0.0,0.0,0.0,0.0,0.0,0.0,,0.0,0.0
LAL011|L,514053,1,2.79755e-319,0.0,0.0,0.0,0.0,0.0,0.0,0.0,0.0,,0.0,0.0
LAL011|R,512392,1,-3.1675e-319,0.0,0.0,0.0,0.0,0.0,0.0,0.0,0.0,,0.0,0.0
LAL012|L,13067,1,3.14e-320,0.0,0.0,0.0,0.0,0.0,0.0,0.0,0.0,,0.0,0.0
LAL012|R,15809,1,0.0,0.0,0.0,0.0,0.0,0.0,0.0,0.0,0.0,,0.0,0.0
LAL013|L,512258,1,1.44825e-319,0.0,0.0,0.0,0.0,0.0,0.0,0.0,0.0,,0.0,0.0
LAL013|R,14674,1,0.0,0.0,0.0,0.0,0.0,0.0,0.0,0.0,0.0,,0.0,0.0
LAL014|L,519724,1,0.0,0.0,0.0,0.0,0.0,0.0,0.0,0.0,0.0,,0.0,0.0
LAL014|R,12724,1,-3.588e-320,0.0,0.0,0.0,0.0,0.0,0.0,0.0,0.0,,0.0,0.0
LAL015|R,13201,1,-4.471e-320,0.0,0.0,0.0,0.0,0.0,0.0,0.0,0.0,,0.0,0.0
LAL016|L,523772,1,0.0,0.0,0.0,0.0,0.0,0.0,0.0,0.0,0.0,,0.0,0.0
LAL016|R,11405,1,0.0,0.0,0.0,0.0,0.0,0.0,0.0,0.0,0.0,,0.0,0.0
LAL018|L,519461,1,4.15203e-319,0.0,0.0,0.0,0.0,0.0,0.0,0.0,0.0,,0.0,0.0
LAL018|R,529641,1,-7.0118e-319,0.0,0.0,0.0,0.0,0.0,0.0,0.0,0.0,,0.0,0.0
LAL019|L,55361;578855,2,3.6413e-320,0.0,0.0,0.0,0.0,0.0,0.0,0.0,0.0,,0.0,0.0
LAL020|L,37378,1,4.066e-321,0.0,0.0,0.0,0.0,0.0,0.0,0.0,0.0,,0.0,0.0
LAL020|R,539151,1,-3.824e-321,0.0,0.0,0.0,0.0,0.0,0.0,0.0,0.0,,0.0,0.0
LAL024|R,103997,1,0.0,0.0,0.0,0.0,0.0,0.0,0.0,0.0,0.0,,0.0,0.0
LAL025|R,15486;523926,2,-9.3215e-320,0.0,0.0,0.0,0.0,0.0,0.0,0.0,0.0,,0.0,0.0
LAL027|L,518127,1,1.3109e-319,0.0,0.0,0.0,0.0,0.0,0.0,0.0,0.0,,0.0,0.0
LAL027|R,20922,1,-1.0173e-319,0.0,0.0,0.0,0.0,0.0,0.0,0.0,0.0,,0.0,0.0
LAL028|L,99043,1,1.79123e-319,0.0,0.0,0.0,0.0,0.0,0.0,0.0,0.0,,0.0,0.0
LAL028|R,19554;513764,2,-3.2548e-319,0.0,0.0,0.0,0.0,0.0,0.0,0.0,0.0,,0.0,0.0
LAL029_a|L,513888,1,1.5811e-319,0.0,0.0,0.0,0.0,0.0,0.0,0.0,0.0,,0.0,0.0
LAL029_a|R,19318,1,-1.7134e-319,0.0,0.0,0.0,0.0,0.0,0.0,0.0,0.0,,0.0,0.0
LAL029_b|L,16000,1,1.01926e-319,0.0,0.0,0.0,0.0,0.0,0.0,0.0,0.0,,0.0,0.0
LAL029_b|R,19566,1,0.0,0.0,0.0,0.0,0.0,0.0,0.0,0.0,0.0,,0.0,0.0
LAL029_c|L,515800,1,1.06026e-319,0.0,0.0,0.0,0.0,0.0,0.0,0.0,0.0,,0.0,0.0
LAL029_c|R,18825,1,-9.7845e-320,0.0,0.0,0.0,0.0,0.0,0.0,0.0,0.0,,0.0,0.0
LAL029_d|L,532748,1,1.279e-319,0.0,0.0,0.0,0.0,0.0,0.0,0.0,0.0,,0.0,0.0
LAL029_d|R,18876,1,-1.2369e-319,0.0,0.0,0.0,0.0,0.0,0.0,0.0,0.0,,0.0,0.0
LAL029_e|L,515799,1,1.48304e-319,0.0,0.0,0.0,0.0,0.0,0.0,0.0,0.0,,0.0,0.0
LAL030d|L,517724,1,4e-321,0.0,0.0,0.0,0.0,0.0,0.0,0.0,0.0,,0.0,0.0
LAL030d|R,77432,1,-1.106e-320,0.0,0.0,0.0,0.0,0.0,0.0,0.0,0.0,,0.0,0.0
LAL040|L,519925,1,2.36307e-319,0.0,0.0,0.0,0.0,0.0,0.0,0.0,0.0,,0.0,0.0
LAL046|L,38847,1,-3.5554e-319,0.0,0.0,0.0,0.0,0.0,0.0,0.0,0.0,,0.0,0.0
LAL052|L,56308,1,-6.793e-321,0.0,0.0,0.0,0.0,0.0,0.0,0.0,0.0,,0.0,0.0
LAL052|R,14619,1,5.27e-321,0.0,0.0,0.0,0.0,0.0,0.0,0.0,0.0,,0.0,0.0
LAL060_b|L,39609;42543;142705,3,0.0,0.0,0.0,0.0,0.0,0.0,0.0,0.0,0.0,,0.0,0.0
LAL060_b|R,23508;28419;39080,3,4.0583e-320,0.0,0.0,0.0,0.0,0.0,0.0,0.0,0.0,,0.0,0.0
LAL067|R,56538;526245,2,0.0,0.0,0.0,0.0,0.0,0.0,0.0,0.0,0.0,,0.0,0.0
LAL074|L,33289,1,4.534e-320,0.0,0.0,0.0,0.0,0.0,0.0,0.0,0.0,,0.0,0.0
LAL082|L,12252,1,0.0,0.0,0.0,0.0,0.0,0.0,0.0,0.0,0.0,,0.0,0.0
LAL082|R,512077,1,0.0,0.0,0.0,0.0,0.0,0.0,0.0,0.0,0.0,,0.0,0.0
LAL090|L,148711,1,0.0,0.0,0.0,0.0,0.0,0.0,0.0,0.0,0.0,,0.0,0.0
LAL110|L,512694,1,0.0,0.0,0.0,0.0,0.0,0.0,0.0,0.0,0.0,,0.0,0.0
LAL119|L,555727,1,0.0,0.0,0.0,0.0,0.0,0.0,0.0,0.0,0.0,,0.0,0.0
LAL119|R,14415,1,0.0,0.0,0.0,0.0,0.0,0.0,0.0,0.0,0.0,,0.0,0.0
LAL123|L,532909,1,0.0,0.0,0.0,0.0,0.0,0.0,0.0,0.0,0.0,,0.0,0.0
LAL123|R,11199,1,0.0,0.0,0.0,0.0,0.0,0.0,0.0,0.0,0.0,,0.0,0.0
LAL128|L,529808,1,0.0,0.0,0.0,0.0,0.0,0.0,0.0,0.0,0.0,,0.0,0.0
LAL128|R,17421,1,0.0,0.0,0.0,0.0,0.0,0.0,0.0,0.0,0.0,,0.0,0.0
LAL133_b|L,516098,1,-5.68e-321,0.0,0.0,0.0,0.0,0.0,0.0,0.0,0.0,,0.0,0.0
LAL135|L,383941,1,2.6423e-320,0.0,0.0,0.0,0.0,0.0,0.0,0.0,0.0,,0.0,0.0
LAL136_b|L,25555;63675,2,0.0,0.0,0.0,0.0,0.0,0.0,0.0,0.0,0.0,,0.0,0.0
LAL136_b|R,28591;43357,2,-2.0607e-320,0.0,0.0,0.0,0.0,0.0,0.0,0.0,0.0,,0.0,0.0
LAL144|L,21688;27893;62207,3,6.3794e-320,0.0,0.0,0.0,0.0,0.0,0.0,0.0,0.0,,0.0,0.0
LAL152|L,18041,1,0.0,0.0,0.0,0.0,0.0,0.0,0.0,0.0,0.0,,0.0,0.0
LAL152|R,13710,1,3.3177e-320,0.0,0.0,0.0,0.0,0.0,0.0,0.0,0.0,,0.0,0.0
LAL157|L,11012,1,-8.2247e-320,0.0,0.0,0.0,0.0,0.0,0.0,0.0,0.0,,0.0,0.0
LAL157|R,13991,1,6.4767e-320,0.0,0.0,0.0,0.0,0.0,0.0,0.0,0.0,,0.0,0.0
LAL160|L,21823,1,0.0,0.0,0.0,0.0,0.0,0.0,0.0,0.0,0.0,,0.0,0.0
LAL161|L,19998,1,0.0,0.0,0.0,0.0,0.0,0.0,0.0,0.0,0.0,,0.0,0.0
LAL165|L,511821,1,-7.23e-321,0.0,0.0,0.0,0.0,0.0,0.0,0.0,0.0,,0.0,0.0
LAL165|R,12943,1,1.5217e-320,0.0,0.0,0.0,0.0,0.0,0.0,0.0,0.0,,0.0,0.0
LAL169|R,14223,1,0.0,0.0,0.0,0.0,0.0,0.0,0.0,0.0,0.0,,0.0,0.0
LAL170|L,13219,1,-1.75057e-319,0.0,0.0,0.0,0.0,0.0,0.0,0.0,0.0,,0.0,0.0
LAL170|R,13301,1,1.36436e-319,0.0,0.0,0.0,0.0,0.0,0.0,0.0,0.0,,0.0,0.0
LAL173|L,26353;28186,2,6.238e-320,0.0,0.0,0.0,0.0,0.0,0.0,0.0,0.0,,0.0,0.0
LAL173|R,19736;25481,2,0.0,0.0,0.0,0.0,0.0,0.0,0.0,0.0,0.0,,0.0,0.0
LAL175|L,17051;17201,2,0.0,0.0,0.0,0.0,0.0,0.0,0.0,0.0,0.0,,0.0,0.0
LAL175|R,18403;19858,2,0.0,0.0,0.0,0.0,0.0,0.0,0.0,0.0,0.0,,0.0,0.0
LAL176|L,524213,1,0.0,0.0,0.0,0.0,0.0,0.0,0.0,0.0,0.0,,0.0,0.0
LAL177|R,22191,1,0.0,0.0,0.0,0.0,0.0,0.0,0.0,0.0,0.0,,0.0,0.0
LAL179|R,19586;518835;524894,3,5.0874e-319,0.0,0.0,0.0,0.0,0.0,0.0,0.0,0.0,,0.0,0.0
LAL181|L,557139,1,1.0357e-319,0.0,0.0,0.0,0.0,0.0,0.0,0.0,0.0,,0.0,0.0
LAL181|R,15663,1,-2.7233e-320,0.0,0.0,0.0,0.0,0.0,0.0,0.0,0.0,,0.0,0.0
LAL183|L,11186,1,0.0,0.0,0.0,0.0,0.0,0.0,0.0,0.0,0.0,,0.0,0.0
LAL183|R,11878,1,-3.775e-321,0.0,0.0,0.0,0.0,0.0,0.0,0.0,0.0,,0.0,0.0
LAL185|L,17220,1,1.383e-321,0.0,0.0,0.0,0.0,0.0,0.0,0.0,0.0,,0.0,0.0
LAL185|R,18128;514677,2,-3.626e-321,0.0,0.0,0.0,0.0,0.0,0.0,0.0,0.0,,0.0,0.0
LAL196|R,17691;40888;523863,3,8.101e-320,0.0,0.0,0.0,0.0,0.0,0.0,0.0,0.0,,0.0,0.0
LAL303m|L,12437;19112,2,0.0,0.0,0.0,0.0,0.0,0.0,0.0,0.0,0.0,,0.0,0.0
LAL303m|R,23479;27372;27522,3,0.0,0.0,0.0,0.0,0.0,0.0,0.0,0.0,0.0,,0.0,0.0
LHPV3a1|L,36290,1,1.556e-321,0.0,0.0,0.0,0.0,0.0,0.0,0.0,0.0,,0.0,0.0
LHPV3a2|L,149599,1,0.0,0.0,0.0,0.0,0.0,0.0,0.0,0.0,0.0,,0.0,0.0
LNO2|L,11497,1,0.0,0.0,0.0,0.0,0.0,0.0,0.0,0.0,0.0,,0.0,0.0
LoVC18|L,10735,1,0.0,0.0,0.0,0.0,0.0,0.0,0.0,0.0,0.0,,0.0,0.0
LoVC22|L,11214,1,0.0,0.0,0.0,0.0,0.0,0.0,0.0,0.0,0.0,,0.0,0.0
MDN|L,12348,1,0.0,0.0,0.0,0.0,0.0,0.0,0.0,0.0,0.0,,0.0,0.0
MDN|R,10763;11332,2,0.0,0.0,0.0,0.0,0.0,0.0,0.0,0.0,0.0,,0.0,0.0
MNhm42|L,801933,1,-1.93e-321,0.0,0.0,0.0,0.0,0.0,0.0,0.0,0.0,,0.0,0.0
MNhm42|R,800474,1,1.576e-321,0.0,0.0,0.0,0.0,0.0,0.0,0.0,0.0,,0.0,0.0
Nod5|L,11225,1,0.0,0.0,0.0,0.0,0.0,0.0,0.0,0.0,0.0,,-0.005110714502632163,-0.005110714502632163
OA-AL2i1|R,10072,1,0.0,0.0,0.0,0.0,0.0,0.0,0.0,0.0,0.0,,0.0,0.0
OA-AL2i3|R,10687,1,0.0,0.0,0.0,0.0,0.0,0.0,0.0,0.0,0.0,,0.0,0.0
OA-AL2i4|L,10652,1,0.0,0.0,0.0,0.0,0.0,0.0,0.0,0.0,0.0,,0.0,0.0
OA-ASM2|R,23850,1,0.0,0.0,0.0,0.0,0.0,0.0,0.0,0.0,0.0,,0.0,0.0
OA-ASM3|L,13959,1,0.0,0.0,0.0,0.0,0.0,0.0,0.0,0.0,0.0,,0.0,0.0
OA-VUMa1|M,10041;10110,2,0.0,0.0,0.0,0.0,0.0,0.0,0.0,0.0,0.0,,0.0,0.0
OA-VUMa4|M,10799;11005,2,0.0,0.0,0.0,0.0,0.0,0.0,0.0,0.0,0.0,,0.0,0.0
OA-VUMa8|M,10185,1,0.0,0.0,0.0,0.0,0.0,0.0,0.0,0.0,0.0,,0.0,0.0
PLP013|R,94846,1,0.0,0.0,0.0,0.0,0.0,0.0,0.0,0.0,0.0,,0.0,0.0
PLP019|R,11712,1,3.74e-321,0.0,0.0,0.0,0.0,0.0,0.0,0.0,0.0,,0.0,0.0
PLP032|L,11877,1,-3.923e-321,0.0,0.0,0.0,0.0,0.0,0.0,0.0,0.0,,0.0,0.0
PLP093|L,12557,1,1.927e-321,0.0,0.0,0.0,0.0,0.0,0.0,0.0,0.0,,0.0,0.0
PLP208|R,11626,1,9.145e-321,0.0,0.0,0.0,0.0,0.0,0.0,0.0,0.0,,0.0,0.0
PLP260|R,12577,1,0.0,0.0,0.0,0.0,0.0,0.0,0.0,0.0,0.0,,0.0,0.0
PLP301m|L,14003;14987,2,0.0,0.0,0.0,0.0,0.0,0.0,0.0,0.0,0.0,,0.0,0.0
PLP301m|R,14059;18494,2,0.0,0.0,0.0,0.0,0.0,0.0,0.0,0.0,0.0,,0.0,0.0
PPM1201|L,12644,1,0.0,0.0,0.0,0.0,0.0,0.0,0.0,0.0,0.0,,0.0,0.0
PPM1204|R,21231,1,1.137e-320,0.0,0.0,0.0,0.0,0.0,0.0,0.0,0.0,,0.0,0.0
PPM1205|L,519947,1,0.0,0.0,0.0,0.0,0.0,0.0,0.0,0.0,0.0,,0.0,0.0
PPM1205|R,12858,1,0.0,0.0,0.0,0.0,0.0,0.0,0.0,0.0,0.0,,0.0,0.0
PS010|L,520388,1,0.0,0.0,0.0,0.0,0.0,0.0,0.0,0.0,0.0,,0.0,0.0
PS010|R,12278,1,0.0,0.0,0.0,0.0,0.0,0.0,0.0,0.0,0.0,,0.0,0.0
PS018_b|R,44739,1,-6.301e-320,0.0,0.0,0.0,0.0,0.0,0.0,0.0,0.0,,0.0,0.0
PS019|L,16938;523945,2,2.239e-320,0.0,0.0,0.0,0.0,0.0,0.0,0.0,0.0,,0.0,0.0
PS019|R,14429;519841,2,-4.4925e-320,0.0,0.0,0.0,0.0,0.0,0.0,0.0,0.0,,0.0,0.0
PS020|L,82376,1,1.11046e-319,0.0,0.0,0.0,0.0,0.0,0.0,0.0,0.0,,0.0,0.0
PS022|L,78389;525803,2,0.011778033790437684,-0.011778033790437684,-0.011778033790437684,-0.011778033790437684,0.0,-0.011778033790437684,0.0,0.0,0.011778033790437684,315,-0.011778033790437684,0.0
PS025|L,88257,1,3.59e-321,0.0,0.0,0.0,0.0,0.0,0.0,0.0,0.0,,0.0,0.0
PS025|R,91824,1,-1.9703e-320,0.0,0.0,0.0,0.0,0.0,0.0,0.0,0.0,,0.0,0.0
PS027|L,17395,1,0.0,0.0,0.0,0.0,0.0,0.0,0.0,0.0,0.0,,0.0,0.0
PS027|R,14004,1,-1.27e-321,0.0,0.0,0.0,0.0,0.0,0.0,0.0,0.0,,0.0,0.0
PS031|L,25498,1,4.027e-321,0.0,0.0,0.0,0.0,0.0,0.0,0.0,0.0,,0.0,0.0
PS031|R,71260,1,-5.825e-321,0.0,0.0,0.0,0.0,0.0,0.0,0.0,0.0,,0.0,0.0
PS033_a|L,521541,1,1.754e-321,0.0,0.0,0.0,0.0,0.0,0.0,0.0,0.0,,0.0,0.0
PS033_a|R,28111,1,-1.507e-321,0.0,0.0,0.0,0.0,0.0,0.0,0.0,0.0,,0.0,0.0
PS033_b|R,123287,1,-1.91e-321,0.0,0.0,0.0,0.0,0.0,0.0,0.0,0.0,,0.0,0.0
PS034|L,31434;50482;121404,3,1.24258e-319,0.0,0.0,0.0,0.0,0.0,0.0,0.0,0.0,,0.0,0.0
PS034|R,31365;514545;580417,3,-5.556e-320,0.0,0.0,0.0,0.0,0.0,0.0,0.0,0.0,,0.0,0.0
PS038|R,137463;518320,2,-3.725e-321,0.0,0.0,0.0,0.0,0.0,0.0,0.0,0.0,,0.0,0.0
PS041|R,17587,1,-1.586e-321,0.0,0.0,0.0,0.0,0.0,0.0,0.0,0.0,,0.0,0.0
PS042|L,20594,1,1.606e-321,0.0,0.0,0.0,0.0,0.0,0.0,0.0,0.0,,0.0,0.0
PS047_a|L,12355,1,4.04e-321,0.0,0.0,0.0,0.0,0.0,0.0,0.0,0.0,,0.0,0.0
PS048_b|L,14056,1,0.0,0.0,0.0,0.0,0.0,0.0,0.0,0.0,0.0,,0.0,0.0
PS070|L,78362,1,0.0,0.0,0.0,0.0,0.0,0.0,0.0,0.0,0.0,,0.0,0.0
PS074|L,534559,1,-2.105e-321,0.0,0.0,0.0,0.0,0.0,0.0,0.0,0.0,,0.0,0.0
PS074|R,68944,1,3.266e-321,0.0,0.0,0.0,0.0,0.0,0.0,0.0,0.0,,0.0,0.0
PS090|L,14458;521147,2,-1.41767e-319,0.0,0.0,0.0,0.0,0.0,0.0,0.0,0.0,,0.0,0.0
PS090|R,12876;14580,2,1.87957e-319,0.0,0.0,0.0,0.0,0.0,0.0,0.0,0.0,,0.0,0.0
PS108|R,541572,1,0.0,0.0,0.0,0.0,0.0,0.0,0.0,0.0,0.0,,0.0,0.0
PS118|L,54837,1,-1.98e-321,0.0,0.0,0.0,0.0,0.0,0.0,0.0,0.0,,0.0,0.0
PS118|R,22345,1,0.0,0.0,0.0,0.0,0.0,0.0,0.0,0.0,0.0,,0.0,0.0
PS124|L,10207,1,0.0,0.0,0.0,0.0,0.0,0.0,0.0,0.0,0.0,,0.0,0.0
PS124|R,533529,1,0.0,0.0,0.0,0.0,0.0,0.0,0.0,0.0,0.0,,0.0,0.0
PS137|L,13837;531928,2,-2.32497e-319,0.0,0.0,0.0,0.0,0.0,0.0,0.0,0.0,,0.0,0.0
PS137|R,13165;524150,2,2.39054e-319,0.0,0.0,0.0,0.0,0.0,0.0,0.0,0.0,,0.0,0.0
PS183|L,516502,1,2.7663e-319,0.0,0.0,0.0,0.0,0.0,0.0,0.0,0.0,,0.0,0.0
PS183|R,15078,1,-2.22883e-319,0.0,0.0,0.0,0.0,0.0,0.0,0.0,0.0,,0.0,0.0
PS186|L,531861,1,0.0,0.0,0.0,0.0,0.0,0.0,0.0,0.0,0.0,,0.0,0.0
PS187|R,13504,1,1.176e-320,0.0,0.0,0.0,0.0,0.0,0.0,0.0,0.0,,0.0,0.0
PS191|L,117667,1,-3.4e-321,0.0,0.0,0.0,0.0,0.0,0.0,0.0,0.0,,0.0,0.0
PS191|R,35146,1,1.2006e-320,0.0,0.0,0.0,0.0,0.0,0.0,0.0,0.0,,0.0,0.0
PS192|R,60111;106331,2,7.48e-321,0.0,0.0,0.0,0.0,0.0,0.0,0.0,0.0,,0.0,0.0
PS193|L,140266,1,0.0,0.0,0.0,0.0,0.0,0.0,0.0,0.0,0.0,,0.0,0.0
PS193|R,44272,1,0.0,0.0,0.0,0.0,0.0,0.0,0.0,0.0,0.0,,0.0,0.0
PS194|L,273942,1,-4.284e-321,0.0,0.0,0.0,0.0,0.0,0.0,0.0,0.0,,0.0,0.0
PS194|R,65480;138816,2,3.923e-321,0.0,0.0,0.0,0.0,0.0,0.0,0.0,0.0,,0.0,0.0
PS196_a|L,10603,1,-1.497e-321,0.0,0.0,0.0,0.0,0.0,0.0,0.0,0.0,,0.0,0.0
PS197|L,526298,1,-1.52e-321,0.0,0.0,0.0,0.0,0.0,0.0,0.0,0.0,,0.0,0.0
PS231|L,60980,1,0.0,0.0,0.0,0.0,0.0,0.0,0.0,0.0,0.0,,0.0,0.0
PS231|R,14681,1,0.0,0.0,0.0,0.0,0.0,0.0,0.0,0.0,0.0,,0.0,0.0
PS232|L,13084,1,-9.007e-321,0.0,0.0,0.0,0.0,0.0,0.0,0.0,0.0,,0.0,0.0
PS232|R,12830,1,0.0,0.0,0.0,0.0,0.0,0.0,0.0,0.0,0.0,,0.0,0.0
PS233|L,12273;15563,2,2.206e-320,0.0,0.0,0.0,0.0,0.0,0.0,0.0,0.0,,0.0,0.0
PS233|R,13778;516565,2,1.73e-321,0.0,0.0,0.0,0.0,0.0,0.0,0.0,0.0,,0.0,0.0
PS234|L,521023,1,0.0,0.0,0.0,0.0,0.0,0.0,0.0,0.0,0.0,,0.0,0.0
PS234|R,555855,1,0.0,0.0,0.0,0.0,0.0,0.0,0.0,0.0,0.0,,0.0,0.0
PS239|R,14810;518443,2,-1.7026e-320,0.0,0.0,0.0,0.0,0.0,0.0,0.0,0.0,,0.0,0.0
PS307|L,10454,1,-1.192e-320,0.0,0.0,0.0,0.0,0.0,0.0,0.0,0.0,,0.0,0.0
PS307|R,11672,1,0.0,0.0,0.0,0.0,0.0,0.0,0.0,0.0,0.0,,0.0,0.0
PS311|R,13717,1,1.27e-321,0.0,0.0,0.0,0.0,0.0,0.0,0.0,0.0,,0.0,0.0
PS320|L,521537,1,-1.62e-321,0.0,0.0,0.0,0.0,0.0,0.0,0.0,0.0,,0.0,0.0
PS322|L,11441,1,2.27196e-319,0.0,0.0,0.0,0.0,0.0,0.0,0.0,0.0,,0.0,0.0
PS322|R,530155,1,-2.5285e-319,0.0,0.0,0.0,0.0,0.0,0.0,0.0,0.0,,0.0,0.0
PS324|L,70654,1,1.734e-321,0.0,0.0,0.0,0.0,0.0,0.0,0.0,0.0,,0.0,0.0
PS349|R,10383,1,0.0,0.0,0.0,0.0,0.0,0.0,0.0,0.0,0.0,,0.0,0.0
PVLP019|L,15068,1,1.59e-321,0.0,0.0,0.0,0.0,0.0,0.0,0.0,0.0,,0.0,0.0
PVLP034|R,17008;18028;525497,3,3.101e-320,0.0,0.0,0.0,0.0,0.0,0.0,0.0,0.0,,0.0,0.0
PVLP114|L,10594,1,0.0,0.0,0.0,0.0,0.0,0.0,0.0,0.0,0.0,,0.0,0.0
PVLP114|R,11526,1,0.0,0.0,0.0,0.0,0.0,0.0,0.0,0.0,0.0,,0.0,0.0
PVLP138|L,10483,1,-1.6526e-320,0.0,0.0,0.0,0.0,0.0,0.0,0.0,0.0,,0.0,0.0
PVLP149|L,31124;530938,2,3.24e-321,0.0,0.0,0.0,0.0,0.0,0.0,0.0,0.0,,0.0,0.0
PVLP149|R,12508,1,-1.497e-321,0.0,0.0,0.0,0.0,0.0,0.0,0.0,0.0,,0.0,0.0
PVLP200m_a|R,20251,1,0.0,0.0,0.0,0.0,0.0,0.0,0.0,0.0,0.0,,0.0,0.0
PVLP200m_b|L,17288,1,0.0,0.0,0.0,0.0,0.0,0.0,0.0,0.0,0.0,,0.0,0.0
PVLP200m_b|R,18378,1,0.0,0.0,0.0,0.0,0.0,0.0,0.0,0.0,0.0,,0.0,0.0
PVLP201m_c|R,22373,1,0.0,0.0,0.0,0.0,0.0,0.0,0.0,0.0,0.0,,0.0,0.0
PVLP201m_d|R,17711,1,0.0,0.0,0.0,0.0,0.0,0.0,0.0,0.0,0.0,,0.0,0.0
PVLP204m|L,19649;74500;513029,3,1.5963e-320,0.0,0.0,0.0,0.0,0.0,0.0,0.0,0.0,,0.0,0.0
PVLP204m|R,15724;15907,2,-1.0415e-320,0.0,0.0,0.0,0.0,0.0,0.0,0.0,0.0,,0.0,0.0
PVLP206m|L,521764,1,3.59e-321,0.0,0.0,0.0,0.0,0.0,0.0,0.0,0.0,,0.0,0.0
PVLP206m|R,26952,1,-8.305e-321,0.0,0.0,0.0,0.0,0.0,0.0,0.0,0.0,,0.0,0.0
PVLP211m_a|L,14418,1,2.806e-321,0.0,0.0,0.0,0.0,0.0,0.0,0.0,0.0,,0.0,0.0
PVLP211m_b|R,13975,1,-1.453e-321,0.0,0.0,0.0,0.0,0.0,0.0,0.0,0.0,,0.0,0.0
PVLP211m_c|R,13651,1,1.996e-321,0.0,0.0,0.0,0.0,0.0,0.0,0.0,0.0,,0.0,0.0
PVLP217m|L,517098,1,-2.767e-321,0.0,0.0,0.0,0.0,0.0,0.0,0.0,0.0,,0.0,0.0
PVLP217m|R,14338,1,-2.05e-321,0.0,0.0,0.0,0.0,0.0,0.0,0.0,0.0,,0.0,0.0
Pleural remotor/abductor MN|R,800290,1,0.0,0.0,0.0,0.0,0.0,0.0,0.0,0.0,0.0,,0.0,0.0
SAD007|R,34285;127962;148631,3,-1.1156e-320,0.0,0.0,0.0,0.0,0.0,0.0,0.0,0.0,,0.0,0.0
SCL001m|L,520144,1,0.0,0.0,0.0,0.0,0.0,0.0,0.0,0.0,0.0,,0.0,0.0
SCL001m|R,15620;19704;525537,3,0.0,0.0,0.0,0.0,0.0,0.0,0.0,0.0,0.0,,0.0,0.0
SIP004|L,512845,1,0.0,0.0,0.0,0.0,0.0,0.0,0.0,0.0,0.0,,0.0,0.0
SIP004|R,14937,1,0.0,0.0,0.0,0.0,0.0,0.0,0.0,0.0,0.0,,0.0,0.0
SIP024|R,21792,1,0.0,0.0,0.0,0.0,0.0,0.0,0.0,0.0,0.0,,0.0,0.0
SIP108m|L,15777,1,4.076e-321,0.0,0.0,0.0,0.0,0.0,0.0,0.0,0.0,,0.0,0.0
SIP108m|R,15384;17349,2,-1.5785e-320,0.0,0.0,0.0,0.0,0.0,0.0,0.0,0.0,,0.0,0.0
SIP115m|R,13811,1,1.47e-321,0.0,0.0,0.0,0.0,0.0,0.0,0.0,0.0,,0.0,0.0
SIP119m|L,22606,1,0.0,0.0,0.0,0.0,0.0,0.0,0.0,0.0,0.0,,0.0,0.0
SIP135m|L,23028;26003,2,7.505e-321,0.0,0.0,0.0,0.0,0.0,0.0,0.0,0.0,,0.0,0.0
SIP135m|R,26539,1,-2.8e-321,0.0,0.0,0.0,0.0,0.0,0.0,0.0,0.0,,0.0,0.0
SMP110|L,29527,1,1.6e-321,0.0,0.0,0.0,0.0,0.0,0.0,0.0,0.0,,0.0,0.0
SMP147|R,11032,1,-1.635e-321,0.0,0.0,0.0,0.0,0.0,0.0,0.0,0.0,,0.0,0.0
SMP184|L,18617,1,-4.837e-321,0.0,0.0,0.0,0.0,0.0,0.0,0.0,0.0,,0.0,0.0
SMP184|R,12633,1,1.105e-320,0.0,0.0,0.0,0.0,0.0,0.0,0.0,0.0,,0.0,0.0
SMP543|R,10798,1,0.0,0.0,0.0,0.0,0.0,0.0,0.0,0.0,0.0,,0.0,0.0
SNpp19|L,807171,1,0.0,0.0,0.0,0.0,0.0,0.0,0.0,0.0,0.0,,0.0,0.0
SNpp45|L,804317;804460;804975;806918;809024;819326;828976;904779;908177;909393;1110706007,11,0.0,0.0,0.0,0.0,0.0,0.0,0.0,0.0,0.0,,0.0,0.0
Sternal anterior rotator MN|L,801548;832490,2,0.0,0.0,0.0,0.0,0.0,0.0,0.0,0.0,0.0,,0.0,0.0
Sternal anterior rotator MN|R,800316,1,0.0,0.0,0.0,0.0,0.0,0.0,0.0,0.0,0.0,,0.0,0.0
Sternal posterior rotator MN|L,818399,1,0.0,0.0,0.0,0.0,0.0,0.0,0.0,0.0,0.0,,0.0,0.0
TmY14|L,18984,1,0.0,0.0,0.0,0.0,0.0,0.0,0.0,0.0,0.0,,0.0,0.0
VES005|R,13327,1,-1.8977e-320,0.0,0.0,0.0,0.0,0.0,0.0,0.0,0.0,,0.0,0.0
VES007|L,519877,1,0.0,0.0,0.0,0.0,0.0,0.0,0.0,0.0,0.0,,0.0,0.0
VES007|R,513163,1,0.0,0.0,0.0,0.0,0.0,0.0,0.0,0.0,0.0,,0.0,0.0
VES010|R,13425,1,1.84e-321,0.0,0.0,0.0,0.0,0.0,0.0,0.0,0.0,,0.0,0.0
VES011|R,15361,1,-2.016e-321,0.0,0.0,0.0,0.0,0.0,0.0,0.0,0.0,,0.0,0.0
VES041|L,10109,1,0.0,0.0,0.0,0.0,0.0,0.0,0.0,0.0,0.0,,-0.00019673605457809924,-0.00019673605457809924
VES049|R,517841,1,3.824e-321,0.0,0.0,0.0,0.0,0.0,0.0,0.0,0.0,,0.0,0.0
VES051|L,63004;529573,2,-2.0587e-319,0.0,0.0,0.0,0.0,0.0,0.0,0.0,0.0,,0.0,0.0
VES051|R,25054;86571,2,5.03433e-319,0.0,0.0,0.0,0.0,0.0,0.0,0.0,0.0,,0.0,0.0
VES052|L,41961;515859,2,-2.4111e-319,0.0,0.0,0.0,0.0,0.0,0.0,0.0,0.0,,0.0,0.0
VES052|R,526218;547554,2,5.10637e-319,0.0,0.0,0.0,0.0,0.0,0.0,0.0,0.0,,0.0,0.0
VES053|L,532942,1,0.0,0.0,0.0,0.0,0.0,0.0,0.0,0.0,0.0,,0.0,0.0
VES053|R,513058,1,0.0,0.0,0.0,0.0,0.0,0.0,0.0,0.0,0.0,,0.0,0.0
VES057|R,16099,1,0.0,0.0,0.0,0.0,0.0,0.0,0.0,0.0,0.0,,0.0,0.0
VES070|L,13598,1,0.0,0.0,0.0,0.0,0.0,0.0,0.0,0.0,0.0,,0.0,0.0
VES070|R,13183,1,0.0,0.0,0.0,0.0,0.0,0.0,0.0,0.0,0.0,,0.0,0.0
VES071|L,519982,1,-2.82517e-319,0.0,0.0,0.0,0.0,0.0,0.0,0.0,0.0,,0.0,0.0
VES071|R,14493,1,2.5926e-319,0.0,0.0,0.0,0.0,0.0,0.0,0.0,0.0,,0.0,0.0
VES072|L,14123,1,-3.5233e-319,0.0,0.0,0.0,0.0,0.0,0.0,0.0,0.0,,0.0,0.0
VES072|R,14191,1,4.2825e-319,0.0,0.0,0.0,0.0,0.0,0.0,0.0,0.0,,0.0,0.0
VES073|L,15614,1,-2.12715e-319,0.0,0.0,0.0,0.0,0.0,0.0,0.0,0.0,,0.0,0.0
VES073|R,532947,1,1.61456e-319,0.0,0.0,0.0,0.0,0.0,0.0,0.0,0.0,,0.0,0.0
VES076|L,522976,1,4.17e-321,0.0,0.0,0.0,0.0,0.0,0.0,0.0,0.0,,0.0,0.0
VES077|L,18046,1,0.0,0.0,0.0,0.0,0.0,0.0,0.0,0.0,0.0,,0.0,0.0
VES077|R,58254,1,0.0,0.0,0.0,0.0,0.0,0.0,0.0,0.0,0.0,,0.0,0.0
VES078|L,516369,1,-1.0347e-319,0.0,0.0,0.0,0.0,0.0,0.0,0.0,0.0,,0.0,0.0
VES078|R,532946,1,9.386e-320,0.0,0.0,0.0,0.0,0.0,0.0,0.0,0.0,,0.0,0.0
VES087|L,512118;529571,2,5.9767e-320,0.0,0.0,0.0,0.0,0.0,0.0,0.0,0.0,,0.0,0.0
VES087|R,13289;13501,2,-8.712e-320,0.0,0.0,0.0,0.0,0.0,0.0,0.0,0.0,,0.0,0.0
VES093_b|L,87855,1,1.48e-321,0.0,0.0,0.0,0.0,0.0,0.0,0.0,0.0,,0.0,0.0
VES106|L,61474,1,0.0,0.0,0.0,0.0,0.0,0.0,0.0,0.0,0.0,,0.0,0.0
VES206m|R,17900,1,0.0,0.0,0.0,0.0,0.0,0.0,0.0,0.0,0.0,,0.0,0.0
WED011|R,523600,1,-1.443e-321,0.0,0.0,0.0,0.0,0.0,0.0,0.0,0.0,,0.0,0.0
WED020_b|R,32161,1,0.0,0.0,0.0,0.0,0.0,0.0,0.0,0.0,0.0,,0.0,0.0
WED069|L,12594,1,5.1674e-320,0.0,0.0,0.0,0.0,0.0,0.0,0.0,0.0,,0.0,0.0
WED069|R,13464,1,-8.9347e-320,0.0,0.0,0.0,0.0,0.0,0.0,0.0,0.0,,0.0,0.0
WED072|L,15718,1,0.0,0.0,0.0,0.0,0.0,0.0,0.0,0.0,0.0,,0.0,0.0
WED072|R,23544;523436;555907,3,0.0,0.0,0.0,0.0,0.0,0.0,0.0,0.0,0.0,,0.0,0.0
WED157|L,52024,1,5.98e-321,0.0,0.0,0.0,0.0,0.0,0.0,0.0,0.0,,0.0,0.0
WED203|L,10371,1,0.0,0.0,0.0,0.0,0.0,0.0,0.0,0.0,0.0,,0.0,0.0
WED203|R,10691,1,3.122e-321,0.0,0.0,0.0,0.0,0.0,0.0,0.0,0.0,,0.0,0.0
aIPg1|L,15464,1,0.0,0.0,0.0,0.0,0.0,0.0,0.0,0.0,0.0,,0.0,0.0
aIPg1|R,15990;16577;16804;17805,4,-5.746e-321,0.0,0.0,0.0,0.0,0.0,0.0,0.0,0.0,,0.0,0.0
aIPg2|R,17128,1,0.0,0.0,0.0,0.0,0.0,0.0,0.0,0.0,0.0,,0.0,0.0
aSP22|L,10090,1,5.504e-321,0.0,0.0,0.0,0.0,0.0,0.0,0.0,0.0,,0.0,0.0
i1 MN|R,800637,1,1.57e-321,0.0,0.0,0.0,0.0,0.0,0.0,0.0,0.0,,0.0,0.0
mAL_m1|L,512824,1,0.0,0.0,0.0,0.0,0.0,0.0,0.0,0.0,0.0,,0.0,0.0
pC1_10a|L,18276,1,0.0,0.0,0.0,0.0,0.0,0.0,0.0,0.0,0.0,,0.0,0.0
pC1_10c|R,17702,1,0.0,0.0,0.0,0.0,0.0,0.0,0.0,0.0,0.0,,0.0,0.0
pC1_15c|L,18934,1,-1.7826e-320,0.0,0.0,0.0,0.0,0.0,0.0,0.0,0.0,,0.0,0.0
pC1_15c|R,29388,1,0.0,0.0,0.0,0.0,0.0,0.0,0.0,0.0,0.0,,0.0,0.0
pC1_16a|R,23952,1,-5.563e-321,0.0,0.0,0.0,0.0,0.0,0.0,0.0,0.0,,0.0,0.0
pC1_17a|L,70815,1,0.0,0.0,0.0,0.0,0.0,0.0,0.0,0.0,0.0,,0.0,0.0
pC1_17a|R,22818,1,0.0,0.0,0.0,0.0,0.0,0.0,0.0,0.0,0.0,,0.0,0.0
pC1_2c|L,22093,1,2.006e-321,0.0,0.0,0.0,0.0,0.0,0.0,0.0,0.0,,0.0,0.0
pC1_9a|L,555488,1,0.0,0.0,0.0,0.0,0.0,0.0,0.0,0.0,0.0,,0.0,0.0
vMS17|L,802289,1,0.0,0.0,0.0,0.0,0.0,0.0,0.0,0.0,0.0,,0.0,0.0
vMS17|R,800972,1,0.0,0.0,0.0,0.0,0.0,0.0,0.0,0.0,0.0,,0.0,0.0
PVLP201m_c|L,94366,1,5.6307115247092716e-132,-2.7085694069862385e-140,-9.324086680320163e-140,-1.838302980467096e-140,3.307758636666962e-140,-6.016328046110098e-140,-7.485783699853066e-140,-8.702664265191426e-141,1.0194353106839306e-139,,-9.324086679715756e-140,0.0
GNG498|L,15836,1,1.7640680725587717e-69,-4.256725424401531e-78,-3.0288402007398298e-77,-2.8149497380267767e-78,1.3015838291498384e-77,-1.7272563728635313e-77,-2.747345226937152e-77,-1.4417756863747544e-78,3.173017769377305e-77,,0.0,3.0288402001668623e-77
VES059|L,15937,1,9.615162596557776e-67,-2.8153249488932227e-75,-1.644108197010398e-74,-1.8973719113174771e-75,6.812878510605378e-75,-9.62820347118458e-75,-1.4543710058786502e-74,-9.179530375757455e-76,1.7359035007679725e-74,,-1.6441081980675651e-74,0.0
MBON27|R,515034,1,1.840971410342866e-66,-4.801263101479661e-75,-3.1564300306832042e-74,-3.202986964128631e-75,1.338151860267619e-74,-1.8182781693192576e-74,-2.836131334270341e-74,-1.5982761373510302e-75,3.3162576444183073e-74,,-3.15643003010452e-74,0.0
SMP554|R,511820,1,7.244300173584104e-66,-2.4375228537838136e-74,-1.2330054118183913e-73,-1.655886243657129e-74,4.946265632200049e-74,-7.38378848266488e-74,-1.0674167874526782e-73,-7.816366101266848e-75,1.3111690728310597e-73,,0.0,1.2330054126030396e-73
LAL186|L,19720,1,1.7298745756884847e-64,-6.025926735793699e-73,-2.9399868703824315e-72,-4.098841027162777e-73,1.168697098401531e-72,-1.7712897703088105e-72,-2.5301027676661536e-72,-1.9270857086309216e-73,3.132695441245524e-72,,-2.9399868665874384e-72,0.0
LAL030_b|L,48301;67789;116555,3,2.3203048773625316e-64,-5.791680773207152e-73,-3.981569606581396e-72,-3.845410743804362e-73,1.7012007646303405e-72,-2.2803688408863633e-72,-3.59702853220096e-72,-1.946270029402789e-73,4.176196609521675e-72,,-3.9815696002946924e-72,0.0
CL335|L,14880,1,1.9432735066588404e-63,-7.466757723548007e-72,-3.285858709658236e-71,-5.089569782384907e-72,1.2695914686517176e-71,-2.016267241049106e-71,-2.7769017314197456e-71,-2.3771879411631003e-72,3.5235775037745464e-71,,-3.28585870776556e-71,0.0
AVLP712m|L,521783,1,1.887990863720653e-62,-7.741289497712482e-71,-3.178407225421741e-70,-5.277352909642052e-71,1.2021391378252464e-70,-1.9762680858555656e-70,-2.6506719344575354e-70,-2.4639365880704297e-71,3.424800884228784e-70,,1.2713628902537095e-69,1.589203612817137e-69
LAL073|L,521527,1,4.151419303424649e-62,-1.723613115704046e-70,-6.982128512223359e-70,-1.1748963577870332e-70,2.6292576982596564e-70,-4.3528708178890306e-70,-5.807232154436325e-70,-5.487167579170129e-71,7.530845270140372e-70,,0.0,6.982128507744135e-70
PS018_b|L,70595,1,6.306107094135989e-62,-2.275237884752161e-70,-1.069978393113518e-69,-1.549181613347109e-70,4.2122730231915095e-70,-6.487510905625784e-70,-9.15060231778807e-70,-7.26056271405052e-71,1.1425840202540232e-69,,-1.069978392223221e-69,0.0
LAL081|L,14040,1,0.00011677887705145579,-0.00011677887705145579,-0.00011677887705145579,-0.00011677887705145579,1.4837400944756953e-69,-0.00011677887705145579,-3.1996418301233146e-69,-2.3216164117192445e-70,0.00011677887705145579,,-0.0001167788770514558,0.0
CRE013|L,512662,1,2.5469530321814178e-61,-9.411689547161791e-70,-4.316184844694116e-69,-6.411672055389031e-70,1.6875079449889685e-69,-2.628676897820454e-69,-3.675017639155213e-69,-3.00001749177276e-70,4.616186593871392e-69,,0.0,4.3161848422189527e-69
CB2117|L,73921;91220,2,8.824095760481448e-61,-3.417295790877845e-69,-1.491337884345526e-68,-2.32949144278647e-69,5.748041526288707e-69,-9.165337327632902e-69,-1.258388740066879e-68,-1.0878043480913752e-69,1.6001183191546634e-68,,-1.4913378844298416e-68,0.0
LAL204|L,532751,1,1.259332546040979e-60,-4.1352856895815017e-69,-2.145457801313618e-68,-2.806240765526266e-69,8.659646161777339e-69,-1.2794931865179928e-68,-1.8648337247609913e-68,-1.3290449240552355e-69,2.2783622937191416e-68,,-2.1454578004144314e-68,0.0
VES005|L,521191,1,1.3919077583139118e-60,-4.810166241936317e-69,-2.3664316494838477e-68,-3.2709880576696597e-69,9.42707512645108e-69,-1.423724136600673e-68,-2.039332843716882e-68,-1.5391781842666574e-69,2.5203494679105132e-68,,-2.366431650487781e-68,0.0
LAL083|L,11750;11795,2,3.102971372828254e-60,-1.2210493495637072e-68,-5.23890953937671e-68,-8.324398965649275e-69,2.0089300949065013e-68,-3.229979441193755e-68,-4.406469642811783e-68,-3.8860945299877976e-69,5.62751899237549e-68,,2.8472335306794566e-70,5.267381877958803e-68
ICL002m|L,12220,1,1.1421672807047408e-58,-5.4607105921686464e-67,-1.8929624135099234e-66,-3.707320197677646e-67,6.734456771465293e-67,-1.2195167357644671e-66,-1.5222303937421588e-66,-1.7533903944910003e-67,2.0683014529590235e-66,,-1.89296241411469e-66,0.0
LAL045|R,13184,1,3.7492717096401704e-58,-1.7257588633588079e-66,-6.243739532312427e-66,-1.1735733026027536e-66,2.2589903344768097e-66,-3.9847491936371814e-66,-5.070166229709674e-66,-5.521855607560542e-67,6.795925093068482e-66,,0.0,6.243739533185972e-66
CB3992|L,126923;158782,2,2.2053572104423122e-57,-8.95415644401869e-66,-3.7153876598280627e-65,-6.104462930558906e-66,1.409986007713097e-65,-2.3054016495278213e-65,-3.104941366772172e-65,-2.849693513459784e-66,4.000357011174041e-65,,0.0,3.7153876584636484e-65
DNpe023|L,11410,1,4.6203346716388204e-54,-1.519976977523929e-62,-7.870877848918428e-62,-1.0315548345793278e-62,3.1754504356972494e-62,-4.695427409453476e-62,-6.8393230143391e-62,-4.884221429446013e-63,8.359299991863029e-62,,-2.3612632015233562e-61,-1.574175415555475e-61
AVLP718m|L,18186,1,1.6143303213996448e-43,-6.977382031447615e-52,-2.7058670629874396e-51,-4.753355522031968e-52,1.004064429921339e-51,-1.7018026290139284e-51,-2.2305315107842428e-51,-2.2240265094156476e-52,2.928269713929004e-51,,-2.7058670639988855e-51,0.0
CB2469|R,580150,1,8.889762911925534e-40,-4.762046321750473e-48,-1.4426448240546198e-47,-3.2066629986019416e-48,4.832200959397863e-48,-9.594247288415367e-48,-1.1219785241944259e-47,-1.555383323148532e-48,1.598183156369473e-47,,0.0,1.4426448240054563e-47
LAL112|R,15905;16862,2,3.050870009375187e-20,-1.1425060960155575e-28,-5.166387110791811e-28,-7.785079167068878e-29,2.0119405073881268e-28,-3.154446606676385e-28,-4.387879194084924e-28,-3.639981793086695e-29,5.530385290100481e-28,,0.0,5.166387107326202e-28
GNG497|L,11784,1,2.7646292788285136e-09,4.7235905118769976e-20,-4.77906567537317e-17,8.856390194868033e-19,2.3918946329425235e-17,-2.387171043228677e-17,-4.86762957732185e-17,-8.384031143680333e-19,4.862905986809973e-17,,0.0,4.779065676169405e-17
lLN1_bc|R,10140,1,-6.509082953874774,3.693881109746216e-15,2.6762992116791854e-15,2.1351573930539435e-15,5.087909490335155e-16,3.311552650934904e-15,5.411418186252419e-16,1.5587237166922728e-15,-4.235022928371458e-15,,0.0,-2.6417527404322203e-15
CB2985|R,112493,1,8.061985072122553e-08,-1.0724314222001028e-16,-1.391351343383808e-15,-6.205889741445539e-17,6.420541005818988e-16,-7.49297242156359e-16,-1.3292924459693526e-15,-4.5184244805554903e-17,1.436535588189363e-15,,-1.3913513427346999e-15,0.0
GNG115|R,10964,1,1.4132693160728032e-07,-4.59930649087428e-16,-2.4085116250507942e-15,-3.119780049836994e-16,9.742904879816832e-16,-1.4342211371170438e-15,-2.096533620067095e-15,-1.4795264410372862e-16,2.556464269154523e-15,,0.0,2.408511623670557e-15
PVLP011|L,523564,1,-5.701325556151299,-4.605587434603961e-15,-1.0758134633321385e-14,-6.41723613174064e-15,3.076273599358712e-15,-7.670097081383863e-15,-4.340898501580744e-15,1.8116486971366795e-15,8.946485936184705e-15,,-1.0693492812184978e-14,0.0
GNG589|R,17140,1,9.327835527653385e-07,-2.5930300962085904e-15,-1.5970789537394522e-14,-1.7403041799754857e-15,6.688879720592966e-15,-9.281909826756483e-15,-1.4230485357419037e-14,-8.527259162331047e-16,1.6823515453627628e-14,,0.0,1.5970789537860975e-14
PVLP011|R,16659,1,5.5860853853949,2.4863113775314102e-14,5.67022514298623e-15,-1.911642294056561e-15,9.596444316163936e-15,1.5328430210188916e-14,7.581867437042792e-15,2.6774756069370662e-14,-3.244498121235689e-14,,0.0,-5.671977911064607e-15
CB0122|L,34402,1,4.820885239670744e-06,-2.2363385979968772e-14,-8.020922496000686e-14,-1.5203204400778705e-14,2.892291949001904e-14,-5.1286305472858295e-14,-6.500602055922816e-14,-7.160181579190065e-15,8.736940653919692e-14,,-8.020922503457743e-14,0.0
IN21A013|R,801357;802895;905560,3,4.229406186545322e-06,-8.633542736181837e-15,-7.278029357659695e-14,-5.570545933861705e-15,3.2073375420207556e-14,-4.070691810113811e-14,-6.720974764273524e-14,-3.0629968023201323e-15,7.584329037891708e-14,,0.0,7.278029350391401e-14
IN17A052|L,903997,1,5.142812111497137e-06,-8.18984304069723e-15,-8.867763204224781e-14,-5.008239005669509e-15,4.024389450077529e-14,-4.8433737481701874e-14,-8.366939303657831e-14,-3.1816040350277213e-15,9.185923607727554e-14,,-8.867763204328762e-14,0.0
LAL131|R,82136,1,7.67560874556768e-06,-2.6413979756412028e-14,-1.3051942782574197e-13,-1.7959328651175632e-14,5.205272403466497e-14,-7.84667037778202e-14,-1.1256009917456634e-13,-8.454651105236397e-15,1.3897407893097837e-13,,0.0,1.3051942774294167e-13
IN19A013|R,801682;801747,2,1.1453164054609689e-05,-4.621305707347112e-14,-1.930391040182751e-13,-3.150610051023661e-14,7.3413023472402e-14,-1.1962608066362858e-13,-1.615330035080385e-13,-1.4706956563234513e-14,2.077460605815096e-13,,0.0,1.9303910375909537e-13
LAL085|L,512278,1,1.4399542177976227e-05,-4.780177543773043e-14,-2.452157302646644e-13,-3.2454663045849205e-14,9.8706977413467e-14,-1.4650875270760765e-13,-2.1276106721881523e-13,-1.534711239188123e-14,2.6056284265654567e-13,,0.0,2.45215730510813e-13
IN03B022|R,902529,1,1.4254692232750274e-05,-4.094555805781511e-14,-2.438664580438069e-13,-2.7554859089784585e-14,1.014604499929959e-13,-1.424060080914579e-13,-2.1631159895402232e-13,-1.3390698968030526e-14,2.572571570118374e-13,,0.0,2.4386645788486066e-13
IN11A048|R,803132,1,1.6195401200174997e-05,-3.4540132313132674e-14,-2.785536362806816e-13,-2.244793673246587e-14,1.2200675198377446e-13,-1.5654688430543092e-13,-2.561056995482157e-13,-1.2092195580666805e-14,2.9064583186134837e-13,,-2.7855363624966197e-13,0.0
CRE014|L,36487;520615,2,1.982662350142006e-05,-7.285551572680166e-14,-3.360907744815581e-13,-4.962708469593065e-14,1.3161762937737822e-13,-2.044731449500942e-13,-2.8646368978562744e-13,-2.3228431030871006e-14,3.593192055124291e-13,,-3.3609077475305824e-13,0.0
DNge033|L,13295,1,-0.0006070011350445208,1.4034752999935933e-12,1.1225421411453745e-12,-1.08754099935445e-11,1.404665794241095e-13,1.2630087271662438e-12,1.1997952134689875e-11,1.2278885293538094e-11,-1.3401427434683469e-11,,2.245084273603635e-12,1.1225421368018176e-12
MBON31|L,10816,1,-16.321792340629536,-5.811392573931945e-15,-3.096037039691112e-13,-2.8708749873326964e-13,1.5189615569758963e-13,-1.5782518779730968e-13,-2.2516205235841586e-14,2.8127610615933766e-13,2.832759780977353e-14,,-2.887829227901729e-12,-2.5784190339857467e-12
AN19B017|R,10840,1,2.9095067929328685e-05,-1.6242563623674435e-13,-4.664938382166669e-13,-1.0886528367989105e-13,1.520341009899613e-13,-3.1445973747352316e-13,-3.5762855453677585e-13,-5.356035255685331e-14,5.200541907735202e-13,,-4.664938381213519e-13,0.0
AN05B097|L,16500,1,3.5854556014158705e-05,-1.28167505789628e-13,-6.086324496707341e-13,-8.724692091945426e-14,2.40232471940553e-13,-3.6839997763771207e-13,-5.213855287512797e-13,-4.092058487017373e-14,6.495530345409077e-13,,-6.086324488099732e-13,0.0
GNG150|R,28332,1,5.571578085703929,-1.872350692443337e-13,-7.940962089510954e-13,-7.717329350987784e-13,3.0343056985338086e-13,-4.90650934156991e-13,-2.236327385231706e-14,5.844978658544446e-13,2.0959834309665075e-13,,0.0,7.941000731637818e-13
GNG529|R,14075,1,-12.694988561553146,-2.6948862567537046e-13,-9.909718373337636e-13,-1.832235614149596e-13,3.6074160582919656e-13,-6.301596477890942e-13,-8.07748275918804e-13,-8.626506426041084e-14,1.0772369015941743e-12,,-1.4865695667222295e-12,-4.955231991627865e-13
LAL164|R,18480,1,-2.6216324172881848e-05,1.437519349774336e-12,5.950427466359637e-13,1.1407335068621259e-13,4.212383015691861e-13,1.0162810481010785e-12,4.809693959497511e-13,1.3234459990881233e-12,-1.918488745724087e-12,,0.0,-5.9504274653364e-13
AVLP370_b|L,533064,1,0.00010841194190677171,-4.969176954150476e-13,-1.8062825421269978e-12,-3.379735030274139e-13,6.546824233559752e-13,-1.1516001192422198e-12,-1.468309039099584e-12,-1.5894419238763363e-13,1.9652267345146315e-12,,-1.8062825426240213e-12,0.0
DNg91|L,12982,1,0.00011985048600437509,-4.227833442960503e-13,-2.0357387418231573e-12,-2.876920354174068e-13,8.064776987635536e-13,-1.229261042949167e-12,-1.7480467064057506e-12,-1.3509130887864352e-13,2.170830050701801e-12,,-2.03573874128743e-12,0.0
PS252|L,31295,1,0.00011756195630945275,-2.1389967305098526e-13,-2.0252242200266143e-12,-1.3500334673438918e-13,9.056622734878146e-13,-1.1195619465531742e-12,-1.890220873292225e-12,-7.88963263165961e-14,2.1041205463432102e-12,,-2.025224221248065e-12,0.0
PS203|R,18303,1,0.00013044759578340442,-3.7145677394321065e-13,-2.232237853696888e-12,-2.498650334254405e-13,9.303905398768388e-13,-1.3018473139553785e-12,-1.9823728202714477e-12,-1.2159174051777013e-13,2.3538295942146585e-12,,-2.2322378557472676e-12,0.0
AN06B004|L,13771,1,0.0001460500656815532,-3.316797932678396e-13,-2.509938461800313e-12,-2.17595110672998e-13,1.0891293342662368e-12,-1.4208091289781694e-12,-2.292343351127315e-12,-1.140846825948416e-13,2.6240231443951548e-12,,4.1832305995390084e-13,2.928261523568966e-12
LAL023|L,99882;517723,2,0.0002534997249249692,-7.195761714696355e-13,-4.338130457718899e-12,-4.837898999093514e-13,1.8092771431246318e-12,-2.5288533147730697e-12,-3.854340557809548e-12,-2.3578627156028415e-13,4.573916729279183e-12,17,-4.33813045626224e-12,0.0
PS274|L,521305,1,0.0003872536364566301,-1.2047896014690707e-12,-6.609819067077327e-12,-8.152438231411365e-13,2.702514732804128e-12,-3.907304327663818e-12,-5.79457524393619e-12,-3.8954577832793423e-13,6.9993648454052615e-12,16,-6.609819076963703e-12,0.0
AN08B099_g|L,60511;74183,2,-8.090173556214677e-05,3.102496072584401e-12,-2.6220766396385807e-12,-3.818475558074773e-12,2.862286356111491e-12,2.402097179438235e-13,1.1963989184361924e-12,6.920971630659174e-12,-4.2988949910205935e-12,,0.0,2.622076638404418e-12
pIP1|L,10030,1,0.00043291088268283053,-1.0777598631365623e-12,-7.444126916801775e-12,-7.320778068428551e-13,3.183183526832606e-12,-4.26094338773589e-12,-6.712049109958919e-12,-3.456820562937072e-13,7.789808973095481e-12,16,-7.444126914686091e-12,0.0
PS323|L,580414,1,-0.0005171965075962977,7.28802738929522e-12,7.39332760008081e-13,-6.624348023694836e-12,3.2743473146435692e-12,4.013680080446253e-12,7.363680783702916e-12,1.3912375412990056e-11,-1.4651708172998136e-11,,7.393327707357488e-13,0.0
PS011|L,524159,1,0.00047189825370865494,-1.4740323838067927e-12,-8.053526461325548e-12,-9.976687069275685e-13,3.2897470387593777e-12,-4.763779423739255e-12,-7.05585775439798e-12,-4.76363676879224e-13,8.529890138204773e-12,16,-8.053526466844006e-12,0.0
IN06B088|R,904119,1,-0.0001767361712802598,5.4024565159071816e-12,-1.5620431778072582e-12,-4.142836793994818e-12,3.4822498468572197e-12,1.920206666635427e-12,2.58079361618756e-12,9.545293309901999e-12,-7.983250132094742e-12,,-1.5620431768226966e-12,0.0
DNge116|R,28961,1,0.000545669564376419,-5.8978478482195134e-12,-1.5387666252669764e-11,-3.532103892055074e-12,4.744909202225126e-12,-1.0642757060519283e-11,-1.185556236061469e-11,-2.3657439561644394e-12,1.7753410208834206e-11,,-1.5387666250317576e-11,0.0
AOTU016_c|L,518450;527589,2,0.0009739717459861337,-3.747542370549025e-12,-1.6466389186533056e-11,-2.5541612107090166e-12,6.359423407992015e-12,-1.0106965788612879e-11,-1.3912227975824038e-11,-1.193381159840008e-12,1.7659770346373064e-11,16,-1.6466389190046447e-11,0.0
IN18B051|L,904387;910301,2,-0.0002820931522911285,8.449777312130314e-12,-4.6684855765647615e-12,-8.572799755787949e-12,6.559131444347538e-12,1.8906458672667033e-12,3.9043141792231875e-12,1.7022577067918263e-11,-1.2354091491353502e-11,,0.0,4.6684855771472234e-12
PVLP138|R,11798,1,0.0012401698467996,-4.699420295782759e-12,-2.0987144165336098e-11,-3.2027566810696624e-12,8.14386193477667e-12,-1.28432822063657e-11,-1.7784387484266435e-11,-1.4966636147130966e-12,2.2483807780049196e-11,16,-2.0987144157411917e-11,0.0
LAL171|R,18956,1,0.007537118961199273,1.7663161638352255e-11,-3.08330363162932e-12,1.500281213242102e-10,1.0373232634990787e-11,7.28992898023915e-12,-1.5311142495583953e-10,-1.3236495968585796e-10,1.3544826331748727e-10,14,-3.083303559540144e-12,0.0
IPS001|L,542561,1,-0.000643526514610147,7.823714663699596e-12,-1.4449095311773046e-11,-3.7750208464813274e-11,1.1136404987736321e-11,-3.3126903186684436e-12,2.3301113153040226e-11,4.557392312851287e-11,-3.112482781673982e-11,,-1.444909530534742e-11,0.0
CB0374|R,28487,1,-0.001100971752991821,-2.59671174256218e-11,-5.122535387213083e-11,-1.0148105066827925e-10,1.2629118223254515e-11,-3.8596235644786996e-11,5.025569679614842e-11,7.551393324265745e-11,-2.4288579370526626e-11,,-5.1225353868881643e-11,0.0
DNg12_d|L,544361,1,5.650720366568384,1.842027340078568e-11,-2.012835814139481e-11,-2.4335541675988516e-11,1.9274315771090246e-11,-8.540100194349727e-13,4.207183534593705e-12,4.27558150767742e-11,-2.2627456935379386e-11,,-2.012835768858568e-11,0.0
LAL136_a|L,32081;98545;527207,3,0.004144022191880455,-2.363922459412377e-11,-6.590506887211134e-11,-1.579638978669786e-11,2.1132922138993788e-11,-4.477214670139028e-11,-5.010867908541348e-11,-7.84283480742591e-12,7.374790367953725e-11,16,-6.590506890016968e-11,0.0
CRE015|L,47023,1,0.0040690300475137026,-2.1033593687900475e-11,-6.656617781850194e-11,-1.4208693968079752e-11,2.2766292065300737e-11,-4.379988584039512e-11,-5.23574838504222e-11,-6.824899719820723e-12,7.339107753832267e-11,16,-6.656617787377212e-11,0.0
CB4166|L,71389,1,0.004719014160094813,-2.473940699520182e-11,-7.697028474950325e-11,-1.669241500823932e-11,2.6115438877150715e-11,-5.085484589214282e-11,-6.027786974126392e-11,-8.0469919869625e-12,8.501727673646576e-11,16,-7.697028476780688e-11,0.0
GNG590|L,558781,1,-9.995337215856549e-05,4.376738236221217e-11,-1.4085264854462404e-11,3.27741488723008e-11,2.8926323608337287e-11,1.484105875543752e-11,-4.6859413726763204e-11,1.0993233489911369e-11,3.092031364551035e-12,,-1.4085264855603247e-11,0.0
LAL024|L,530667,1,0.004839322084943934,-1.9859223677157786e-11,-8.146411239740939e-11,-1.3538234793089592e-11,3.0802444360125806e-11,-5.066166803552221e-11,-6.79258776043198e-11,-6.320988884068192e-12,8.778510128147758e-11,16,-8.146411249405879e-11,0.0
DNg97|L,13805,1,-0.00043654314236257183,4.9985683697219464e-11,-1.6398853295285423e-11,-2.1625655497080085e-11,3.3192268496252444e-11,1.6793415194804997e-11,5.226802201794661e-12,7.161133919429955e-11,-5.521248589901412e-11,,0.0,1.6398853284887165e-11
AOTU026|L,517465,1,0.005669139224481528,-1.5459645556112808e-11,-9.710802223896457e-11,-1.0358053701484789e-11,4.0824188341425876e-11,-5.628383393010738e-11,-8.674996853747978e-11,-5.1015918546280215e-12,1.0220961409359258e-10,16,-9.710802230430957e-11,0.0
AOTU052|L,21025,1,-17.465918841409906,-1.9834880463620733e-10,-2.9434397524198255e-10,-3.7812046944596684e-10,4.7997585302887604e-11,-2.463465075786207e-10,8.37764942039843e-11,1.797716648097595e-10,1.1457231043222303e-10,,-2.943440279611991e-10,0.0
AOTU016_a|L,19686,1,0.00805204651426446,-2.486372392117102e-11,-1.3746874109276426e-10,-1.681697600849121e-11,5.6302508585796614e-11,-8.116623252544529e-11,-1.2065176508427303e-10,-8.046747912679807e-12,1.4551548900544404e-10,16,-1.374687411426773e-10,0.0
SMP110|R,575726,1,-0.00022623118206746695,-6.33852172104494e-10,-7.74353967947509e-10,-1.3893319732338637e-09,7.025089792150753e-11,-7.041030700252581e-10,6.149780052863547e-10,7.554798011293697e-10,1.8874166818139247e-11,,0.0,7.743539679481336e-10
LAL125|R,10546,1,0.00040672231410597066,1.917427713106347e-10,4.958378196126087e-11,2.74129812042223e-10,7.107949467468693e-11,1.2066327663465622e-10,-2.2454603008096215e-10,-8.238704073158831e-11,3.280325877032744e-11,,-4.958378195458556e-11,-9.916756390917112e-11
GNG512|L,513863,1,-0.004236607858285926,1.2719725162268536e-10,-3.66932333632393e-11,-6.062554711715392e-11,8.194524249296234e-11,4.5252009090209786e-11,2.393231375391462e-11,1.878227987398393e-10,-1.5112956537659998e-10,,0.0,3.669323338562522e-11
CB0356|L,19508,1,0.011793801045775982,-3.262927125242501e-11,-2.019520267504924e-10,-2.1890079525359185e-11,8.466137774903369e-11,-1.1729064903197433e-10,-1.800619472251332e-10,-1.0739191727065823e-11,2.126912184775582e-10,16,-2.0195202672911582e-10,0.0
DNa13|R,11066;516170,2,-0.0011061217401744314,1.629580669724519e-10,-5.326052895621861e-11,-7.628016378232746e-11,1.0810929796433525e-10,5.484876902704727e-11,2.3019634826108845e-11,2.3923823075477937e-10,-1.8597770179856076e-10,,0.0,5.3260528944786425e-11
LAL026_a|R,513691,1,-0.01688242981337114,8.221724499451368e-11,-1.3624022726369907e-10,-4.969083528286878e-10,1.0922873612910638e-10,-2.701149128685669e-11,3.606681255649887e-10,5.791255978232014e-10,-4.4288537055950234e-10,83,0.0,1.3624022693306007e-10
CB3098|R,109184,1,0.026851054595732955,-1.30393241925001e-10,-4.4402766781616923e-10,-8.845305991677212e-11,1.5681721294558413e-10,-2.8721045501957316e-10,-3.555746078993971e-10,-4.194018200822888e-11,4.859678498243981e-10,16,-4.440276678132938e-10,0.0
LAL172|R,12954,1,0.027369963183131833,-9.510205273455729e-11,-4.117838102043387e-10,-1.2676958747010307e-11,1.583408787348907e-10,-2.534429316380917e-10,-3.991068514573284e-10,-8.242509398754698e-11,4.942089041918857e-10,15,-4.1178380987450715e-10,0.0
CRE014|R,27342;84747,2,-0.001399431564696304,-4.0033902749967326e-10,-7.453277731781513e-10,-1.2250418301757405e-09,1.72494372839239e-10,-5.728334003621439e-10,4.797140569975893e-10,8.247028026760673e-10,-7.937502949791609e-11,,0.0,7.453277731808109e-10
LAL040|R,200284,1,-0.01747090276233924,3.3273398206195664e-09,2.7805109503000943e-09,4.156215331732127e-09,2.734144351597359e-10,3.053925385531856e-09,-1.3757043814320328e-09,-8.288755111125609e-10,-1.9516354391875333e-09,,2.8577473641392517e-09,7.723641369171991e-11
AN11B012|L,139941,1,-0.0015504461940341456,-2.3176551699830116e-09,-2.9274597091779e-09,-4.2975757595332155e-09,3.0490226959744406e-10,-2.6225574395804783e-09,1.3701160503553156e-09,1.979920589550204e-09,9.47539119627696e-10,,-2.9274597091751916e-09,0.0
PS274|R,12292,1,-0.008112965570370625,6.844127167052652e-10,-1.0313032748297124e-10,-2.5192334579135687e-10,3.9377152209411823e-10,2.906411945813045e-10,1.4879301830838563e-10,9.36336062496622e-10,-8.332057350136508e-10,16,0.0,1.0313032762943096e-10
PLP029|L,519413,1,-0.053757399256758646,1.4614625784953808e-09,6.192770316759612e-10,-1.44944973473544e-10,4.210927734097098e-10,1.0403698043324736e-09,7.642220051495053e-10,1.6064075519689249e-09,-2.225684583644886e-09,83,6.19277032758769e-10,0.0
CB0356|R,19519,1,-0.016848250523033823,3.250189734772848e-10,-5.354418926728816e-10,-7.235835373866884e-10,4.302304330750832e-10,-1.0521145969351875e-10,1.8814164471380683e-10,1.0486025108639733e-09,-5.131606181910916e-10,,0.0,5.354418924646931e-10
LAL019|R,76829;525069,2,-0.006875675113174522,1.1094058144295544e-08,8.801824049954612e-09,2.0186133981723602e-08,1.1461170471704662e-09,9.947941097102034e-09,-1.1384309931768992e-08,-9.09207583742806e-09,2.9025178747344834e-10,,0.0,-8.80182405008038e-09
GNG499|L,13783,1,-0.011929688561539552,4.111999934169489e-09,1.7843915661870577e-09,5.719408753061635e-09,1.163804183991216e-09,2.948195750210674e-09,-3.9350171868745775e-09,-1.6074088188921453e-09,-1.7698274729491228e-10,,0.0,-1.7843915660688682e-09
AN10B021|L,17361,1,-0.006789215509980075,1.483105843285704e-10,-3.296017037825108e-09,-3.3900704679543876e-09,1.7221638110768394e-09,-1.573853226716811e-09,9.405343012927927e-11,3.538381052282958e-09,-2.4236401445784967e-10,,0.0,3.2960170378576308e-09
LAL171|L,14830,1,-0.0348907222979088,3.5018861774960037e-09,-1.6783560030275788e-09,-2.0535407339869374e-09,2.5901210902617913e-09,9.117650873894831e-10,3.751847309593586e-10,5.5554269114829415e-09,-3.8770709084553625e-09,,1.0898414733360321e-10,1.7873401505209693e-09
PVLP203m|L,11555;14150;21144;513575,4,0.012006112015798268,-3.020442372753375e-10,-7.473205833316944e-09,-7.317085012914324e-09,3.5855807980208035e-09,-3.88762503542314e-09,-1.561208204026199e-10,7.015040775638987e-09,4.581650576779574e-10,,-7.473205833070647e-09,0.0
LAL023|R,16311;533411,2,-0.0020787822236776232,-5.314087437323327e-08,-6.378775332513711e-08,-1.1586433422159744e-07,5.323439475951922e-09,-5.8464313849175455e-08,5.207658089646033e-08,6.272345984836417e-08,1.0642934767729377e-09,16,0.0,6.378775332515929e-08
SIP109m|R,518889,1,-0.002834681383931379,1.0335946849485255e-07,9.144454941206304e-08,1.8045412524711992e-07,5.9574595413947575e-09,9.740200895345132e-08,-8.900957583505688e-08,-7.709465675226736e-08,-1.4349892659795664e-08,29,0.0,-9.144454941207295e-08
LAL026_a|L,10962,1,0.05671992222503099,1.941466170908426e-08,5.2523609655386306e-09,2.4701019027552595e-08,7.081150371772815e-09,1.2333511337296905e-08,-1.9448658062013967e-08,-5.286357318468336e-09,3.399635292970504e-11,16,5.252360966058282e-09,0.0
GNG590|R,11588,1,0.002840716301948417,-1.5751536971528277e-08,-3.224482619673572e-08,-4.8513822741044505e-08,8.246644612603723e-09,-2.399818158414961e-08,1.6268996544308782e-08,3.276228576951623e-08,-5.174595727805049e-10,,0.0,3.2244826196791455e-08
IN16B045|L,803423;803874;803961;804667;804682;1051358866,6,-0.08494642160781926,-8.575485017566484e-06,-8.608513291180464e-06,-1.150789433374571e-05,1.651413680698892e-08,-8.591999154373065e-06,2.899381042565246e-06,2.9324093161792237e-06,5.676103975001239e-06,16,-8.608513291180625e-06,0.0
LAL124|R,10517,1,0.015218177017417475,4.109612154900056e-08,-7.395101067885319e-09,3.7202379619935886e-08,2.424561130844294e-08,1.6850510240463114e-08,-4.4597480687821206e-08,3.893741929064673e-09,3.5013591388206467e-09,,6.491255526715674e-08,7.230765633480474e-08
DNge148|R,12394,1,-0.0019964153633110766,1.1646354570386974e-07,6.085608017197229e-08,1.7600349780011917e-07,2.7803732765948726e-08,8.865981293791657e-08,-1.1514741762814688e-07,-5.953995209624942e-08,-1.3161280757228645e-09,16,0.0,-6.085608017200098e-08
AN07B024|L,35505,1,-0.0006538987537713827,8.926457326114748e-08,2.3438329420375695e-08,8.093301592021935e-08,3.291312192038589e-08,5.635145134076031e-08,-5.749468649984365e-08,8.331557340928128e-09,-3.1769886761303825e-08,,0.0,-2.3438329420366616e-08
LAL206|L,521536,1,-6.4273301172121196,-3.532521867663489e-07,-4.5429525278946236e-07,-8.371639728287295e-07,5.052153301155673e-08,-4.037737197543777e-07,3.828687200392671e-07,4.839117860623806e-07,-2.961653327291825e-08,119,-4.5429525280472267e-07,0.0
LAL120_b|R,13182,1,-0.02389534815753643,8.6479381183648e-08,-3.992666946958362e-08,5.469591866143014e-08,6.320302532661581e-08,2.327635585707411e-08,-9.462258813101375e-08,3.1783462522217864e-08,8.14320694736575e-09,16,-3.9926669469703084e-08,0.0
IN06B022|R,802442,1,0.007866398404656375,1.0978100719955272e-07,-2.0881117809207813e-07,-1.035990682696715e-07,1.5929609264581542e-07,-4.9515085446201274e-08,-1.0521210982240662e-07,2.1338007546922425e-07,-4.5688973771461054e-09,,0.0,2.0881117809207525e-07
LAL207|R,522706,1,0.0024494196668645826,8.592287930181218e-07,2.818616252316363e-07,1.1213496800944467e-06,2.8868358389324277e-07,5.705452091249023e-07,-8.394880548628104e-07,-2.62120887076325e-07,-1.974073815531128e-08,,0.0,-2.818616252316064e-07
SIP022|R,24396,1,-0.006986592344397312,-4.0572468178833345e-07,-1.0044992946221695e-06,-1.2018244745150552e-06,2.993873064169181e-07,-7.051119882052225e-07,1.9732517989288566e-07,7.960997927267217e-07,2.083995018954478e-07,16,0.0,1.0044992946222472e-06
AVLP016|R,10082,1,58.66638794252172,-3.7296792687087547e-07,-9.920973880357059e-07,-1.6597140535507167e-06,3.0956473058241523e-07,-6.825326574768186e-07,6.676166655150107e-07,1.286746126679841e-06,-2.946487386441352e-07,45,0.0,9.920973878239428e-07
MBON32|L,11455,1,0.00941146072979499,-9.04438333519284e-07,-2.04548465728777e-06,-2.891016026687956e-06,5.70523161884243e-07,-1.4749614954036695e-06,8.455313694001859e-07,1.9865776931686723e-06,5.890696411909823e-08,,0.0,2.0454846572877666e-06
CB3992|R,145613;160116;165864,3,-12.238449941031796,2.017315799274663e-05,1.8901963755391326e-05,2.888032069332407e-05,6.355971186776525e-07,1.9537560874004277e-05,-9.978356937932744e-06,-8.707162700577439e-06,-1.0194801054813886e-05,177,1.890196375537897e-05,0.0
PS188|R,115176,1,5.7595430366393625,-4.249354029257297e-06,-6.357286987495827e-06,-8.655368694483865e-06,1.0539664791192652e-06,-5.303320508411854e-06,2.2980817069880372e-06,4.406014665226568e-06,1.9512723222692595e-06,199,0.0,6.357286987528519e-06
CL366|R,10323,1,31.00681870976195,-3.3598315608114357e-07,-2.732736637902398e-06,-4.064774323965229e-06,1.198376740910627e-06,-1.5343598970388265e-06,1.3320376860628317e-06,3.728791167884086e-06,-9.96054529981688e-07,44,0.0,2.732736637900256e-06
VES204m|R,534654,1,-0.0019532576756002853,4.359116801916664e-06,1.9154890148082425e-06,5.757401678908377e-06,1.2218138935542105e-06,3.137302908362444e-06,-3.841912664100134e-06,-1.3982848769917138e-06,-5.172041378165289e-07,,0.0,-1.9154890148082446e-06
WED125|R,17908,1,57.810105809524096,5.453541075787929e-06,2.778905452357505e-06,7.72216363728356e-06,1.3373178117152122e-06,4.1162232642138845e-06,-4.943258184926056e-06,-2.2686225614956318e-06,-5.102828908618735e-07,45,2.7789054524143394e-06,0.0
PS047_b|R,555176,1,-11.608086788506876,2.8705461082794928e-05,2.5581575489794946e-05,4.5930697221520904e-05,1.5619427964999911e-06,2.7143518286318466e-05,-2.0349121731725958e-05,-1.7225236138725973e-05,-8.356339351068971e-06,22,0.0,-2.5581575489689805e-05
LAL053|R,13824,1,431.9851742050425,-3.187397938317919e-05,-3.5044560590241896e-05,-9.276213988500213e-05,1.5852906035313527e-06,-3.3459269988969217e-05,5.771757929476024e-05,6.088816050182294e-05,-2.584359991158105e-05,26,0.0,3.50445605895565e-05
LNO1|L,24399,1,-5.999361548142356,1.5267209840423376e-05,1.156836574370507e-05,2.1829959029432095e-05,1.8494220483591527e-06,1.3417787792040693e-05,-1.0261593285727025e-05,-6.56274918900872e-06,-5.00561655469635e-06,,1.1568365743692734e-05,0.0
IN06A008|R,802712,1,-0.004822838895654099,7.35226106174083e-07,-3.7175021238705764e-06,-3.795547980985987e-06,2.22636411502233e-06,-1.4911380088482967e-06,7.804585711541072e-08,4.53077408716007e-06,-8.132719632894937e-07,50,-3.717502123870561e-06,0.0
PS059|L,514988;519399,2,-2953.936400509283,4.163615617260995e-06,-2.169743260045479e-06,-2.202946294551262e-06,3.166679438653237e-06,9.969361996887613e-07,3.320303450578312e-08,6.366561911812257e-06,-4.1968186517667785e-06,16,-2.1697432215075266e-06,0.0
pIP1|R,10038,1,-0.026912045965337448,8.917849512903256e-06,1.1906597699003854e-06,7.778294563373245e-06,3.863594871501435e-06,5.054254641401558e-06,-6.58763479347286e-06,1.1395549495300106e-06,-2.3302147194303955e-06,,0.0,-1.1906597699004678e-06
GNG011|R,19306,1,0.00443376900018577,1.1468951679871953e-05,3.3919921330898063e-06,1.7462226895485696e-05,4.038479773391073e-06,7.430471906480887e-06,-1.4070234762395886e-05,-5.993275215613744e-06,2.601283082523937e-06,22,0.0,-3.391992133089724e-06
PS356|R,15132;521265,2,82.14183658051476,-0.0003574341749620413,-0.0003676036338180286,-0.0006014345286765345,5.084729427993663e-06,-0.0003625189043902232,0.0002338308948585059,0.00024400035371449324,0.00012360328010353538,26,0.0,0.00036760363381793264
CB4106|R,26051;31322,2,-0.026548880511019703,2.1394180656795122e-05,9.87172320003622e-06,3.700780066901213e-05,5.761228728379451e-06,1.5632951928415724e-05,-2.713607746897591e-05,-1.561362001221701e-05,5.741896812180789e-06,17,0.0,-9.871723200035989e-06
PS328|R,114607,1,25.106494107142623,-4.672747916577355e-07,-1.2855357510755354e-05,-1.3880902812133697e-05,6.194041359548809e-06,-6.661316151065377e-06,1.0255453013783439e-06,1.3413628020475962e-05,-5.582705097206084e-07,,0.0,1.2855357510685564e-05
IN11B011|L,905420,1,-0.060368242640703465,-0.00015006886620544082,-0.00016546849169605542,-0.00018322463672174513,7.699812745307289e-06,-0.00015776867895074792,1.775614502568972e-05,3.3155770516304295e-05,0.0001323127211797511,16,-0.0001654684916960553,0.0
GNG494|R,10806,1,-0.045048923582613545,3.2910159531215164e-05,1.6948991903095207e-05,4.8992514375933883e-05,7.98058381405998e-06,2.4929575717155154e-05,-3.204352247283868e-05,-1.6082354844718716e-05,-8.666370583764651e-07,16,0.0,-1.694899190309518e-05
PLP018|L,38037,1,-11.881447857414578,-0.0009107813630584526,-0.0009321269380394636,-0.0019073447947554108,1.0672787490505494e-05,-0.0009214541505488993,0.0009752178567159471,0.0009965634316969581,-6.443649365749451e-05,17,-0.0009321269380394642,0.0
SIP118m|R,20239;26872,2,0.6696385671704368,0.0019029470752601446,0.0018736140179941053,0.003685758482179828,1.4666528633019415e-05,0.0018882805466271238,-0.0018121444641857228,-0.0017828114069196837,-9.080261107442167e-05,25,0.0,-0.001873614017994106
AN06B007|R,17097,1,-0.00837454502470745,7.1766212616451e-06,-2.6933509451375272e-05,-1.0409429629401093e-05,1.7055065356510184e-05,-9.87844409486499e-06,-1.6524079821974178e-05,1.758605089104619e-05,9.347458560329078e-06,,-2.6933509451375367e-05,0.0
LAL120_b|L,525959,1,0.272650119960582,-0.0002626522950932733,-0.00029774517399051907,-0.0004658075930500208,1.7546439448622844e-05,-0.0002801987345418936,0.00016806241905950174,0.00020315529795674744,9.458987603377197e-05,,0.0,0.00029774517399051495
GNG390|L,17304,1,0.011392106936585539,4.9851505124286014e-05,8.627360377636201e-06,5.600616389182765e-05,2.061207237332491e-05,2.9239432750961265e-05,-4.7378803514191455e-05,-6.154658767541641e-06,-2.472701610094561e-06,,8.627360377636048e-06,0.0
PS048_a|R,12131,1,-11.453600438901168,5.196635505949584e-05,3.550715600947219e-06,7.620489976368765e-05,2.4207819729274308e-05,2.7758535330245055e-05,-7.265418416274042e-05,-2.4238544704191807e-05,2.0687829103244586e-05,33,0.0,-3.5507156009566195e-06
PS306|L,581131,1,48.47401926195051,-8.027768898139641e-06,-6.0281623770942695e-05,-5.9305053486371625e-05,2.6126927436401528e-05,-3.415469633444706e-05,-9.765702845710686e-07,5.1277284588231985e-05,9.00433918271071e-06,26,0.0004596473438246228,0.0005199289675954266
VES205m|R,13998,1,-0.27107953985096916,1.6171730569725002e-06,-7.860577834018008e-05,-0.00017817154827945897,4.011147569857629e-05,-3.849430264160359e-05,9.95657699392789e-05,0.00017978872133643148,-0.0001011829429962514,,0.0,7.860577834018116e-05
CB0079|L,15212,1,-12.37151073474976,-3.175761940023216e-05,-0.00011874479591502071,-0.00010989648976302085,4.349358825739427e-05,-7.525120765762055e-05,-8.848306151999857e-06,7.81388703627887e-05,4.060592555223202e-05,16,-0.00011874479591493955,0.0
IN19A037|L,802241,1,-0.20297599830076468,0.0009519215913188401,0.0008447761108700695,0.001551714322006771,5.357274022438531e-05,0.0008983488510944553,-0.0007069382111367016,-0.000599792730687931,-0.0002449833801821378,30,0.0008447761108700675,0.0
AVLP713m|R,15676,1,-0.03367999505301883,0.00012209758458387452,-5.786640407778413e-06,0.00017894445008719115,6.394211249582646e-05,5.815547208804772e-05,-0.00018473109049496955,-5.684686550331663e-05,6.263350591109503e-05,,0.0,5.786640407778329e-06
VES205m|L,16259,1,0.03642734064155932,0.0005168986317384592,0.00038122215791689594,0.0008336108914058058,6.783823691078164e-05,0.000449060394827678,-0.0004523887334889098,-0.00031671225966734657,-6.45098982495494e-05,,0.001143666521089467,0.0007624443631725704
LAL099|L,14093,1,-23.93438348177067,0.0003548876930257845,0.00021491897553802997,0.000438522824420887,6.998435874387726e-05,0.000284903334281719,-0.00022360384888285705,-8.363513139510253e-05,-0.00013128384414292743,,0.00021491897553821323,0.0
IN04B081|R,805502;806304;810059;810066;813018;903075,6,-0.20717942772915615,0.0007372735169555869,0.0005927944966588413,0.0011627524820021545,7.22395101483729e-05,0.0006650340068072153,-0.0005699579853433133,-0.00042547896504656753,-0.00016731553161227375,33,0.0,-0.0005927944966588452
LAL206|R,19452;524902,2,35.090001310368066,3.3579496539968e-05,-0.00011494038710849289,-0.00012599418779169144,7.425994182423044e-05,-4.0680445284450666e-05,1.1053800683198567e-05,0.00015957368433165947,-4.463329722316657e-05,39,0.0,0.0001149403871087449
IN08A026|R,809701,1,6.2143831476319775,-3.4062473617801977e-06,-0.00017162010283328566,-0.000173110626906853,8.410692773575273e-05,-8.751317509749765e-05,1.4905240735673422e-06,0.00016970437954507282,1.9157232882128555e-06,,0.0,0.00017162010283333377
LT78|R,14706;16154;16876;17028,4,21.665664352551808,-0.0014759414660117437,-0.0016486209472472261,-0.0014006047145520885,8.63397406177412e-05,-0.0015622812066295084,-0.0002480162326951375,-7.533675145965516e-05,0.0017239576987068811,37,0.0,0.0016486209472471923
AN06B088|R,31567,1,-0.007080272324760831,-4.9203143098641426e-05,-0.00023453310034222394,5.041749771806239e-05,9.266497862179126e-05,-0.00014186812172043266,-0.0002849505980602863,-9.962064081670382e-05,0.0003341537411589278,,-0.00023453310034222413,0.0
PVLP020|L,11848,1,0.028108256406613883,2.933287763644419e-05,-0.00015975623015004504,-0.00015401516353576367,9.454455389324462e-05,-6.521167625680055e-05,-5.74106661428137e-06,0.00018334804117220782,-2.359181102216282e-05,,0.0,0.00015975623015004512
MeVPLp1|L,10067,1,-2.072113333659698,0.0003605062179312874,0.00014754077687970744,0.0004965304830749706,0.00010648272052578997,0.00025402349740548125,-0.0003489897061952631,-0.00013602426514368318,-1.151651173602428e-05,,0.0,-0.0001475407768797276
CB1977|R,58951,1,-12.349619780690205,0.0007255630864373551,0.0004487176643527291,0.0011997120317780315,0.00013842271104231302,0.0005871403753950421,-0.0007509943674253025,-0.00047414894534067643,2.5431280987947375e-05,80,0.0,-0.00044871766435274605
PS106|L,514858,1,-6.1468640474859955,-0.001043139325534801,-0.001325228623318399,-0.0015829258884696308,0.00014104464889179904,-0.0011841839744266293,0.0002576972651512318,0.0005397865629348299,0.000785442060383569,102,-0.0013252286233183966,0.0
AOTU012|L,531863,1,0.4192751664292846,0.0006581302886158478,0.00026477644456020537,0.0008007030666623622,0.00019667692202782127,0.00046145336658802595,-0.0005359266221021568,-0.0001425727780465143,-0.0001222036665136911,19,0.0002647764445602007,0.0
MeVP60|L,13236,1,-4.058142496176851,-0.00027946399349534635,-0.0007064932516752672,-0.0009085444732578411,0.0002135146290899604,-0.0004929786225853039,0.00020205122158257384,0.0006290804797624947,7.741277191277251e-05,50,-0.0007064932516752368,0.0
SMP272|R,11329,1,-0.024932096886892522,0.001221128846285108,0.000756000933172618,0.0012286129675954261,0.00023256395655624502,0.000988564889728863,-0.0004726120344228079,-7.484121310317843e-06,-0.0007485168118623,307,0.0,-0.0007560009331726182
WED127|R,19799;24626,2,34.53452228857779,0.0008311192517970446,0.0003294419563033557,0.0008893441264119521,0.00025083864774684447,0.0005802806040499179,-0.0005599021701085964,-5.822487461490738e-05,-0.00027121708168844835,41,0.0003294419563031132,0.0
DNge123|R,12705,1,-0.030961257994168646,0.0009227565987394899,0.0004074459444762783,0.001442925826101439,0.00025765532713160563,0.0006651012716078839,-0.0010354798816251606,-0.0005201692273619494,0.00011272328288567109,16,0.00040744594447627864,0.0
AOTU012|R,10406,1,-0.9863069612712095,0.0009145590316181092,0.0003939905626108303,0.0011215092204778718,0.0002602842345036394,0.0006542747971144631,-0.0007275186578670414,-0.00020695018885976256,-0.00018704037375106777,16,0.0,-0.00039399056261081605
GNG411|L,21063,1,0.009768873033265131,-0.0004037364646740037,-0.0009444263187273014,-0.0015566002407862965,0.00027034492702664886,-0.0006740813917006526,0.000612173922058995,0.0011528637761122926,-0.00020843745738499125,,0.0,0.0009444263187273011
GNG547|L,13781,1,-5.418586979611713,0.0032192784768146094,0.0026014568440425167,0.002683914783930832,0.0003089108163860463,0.002910367660428581,-8.245793988831517e-05,0.0005353636928837774,-0.003136820536926294,80,0.0026014568440425,0.0
LoVP18|R,11769;17610;18464,3,-43.311939090672205,-0.0033599710462855203,-0.003985536297176226,-0.005743251131735983,0.00031278262544535263,-0.0036727536717308263,0.0017577148345597569,0.002383280085450462,0.0016022562117257637,17,0.0,0.003985536297176905
PS099_b|L,13456,1,11.742172918389219,-0.00011069682012278048,-0.0008066570244712652,-0.0005389148466421615,0.00034798010217424233,-0.000458676922297064,-0.0002677421778291037,0.00042821802651938094,0.0003784389979518842,16,0.0004033285247565502,0.0012099855492277195
AOTU002_a|R,22434;28227;34350,3,327.2036299579868,4.387291748770206e-05,-0.0006581189543433972,-0.000536669366840745,0.00035099593591554965,-0.0003071230184257771,-0.00012144958750265224,0.000580542284328447,7.757667001495017e-05,26,-0.0006581189543431762,0.0
CL121_b|L,22733,1,-6.398245302054464,-0.0012446345829236047,-0.002021646644556236,-0.002638312392171803,0.00038850603081631564,-0.001633140613739938,0.000616665747615567,0.0013936778092481983,0.0006279688353080377,39,-0.002021646644556256,0.0
WED124|R,88236,1,20.252131100171965,0.007199955825217264,0.006349389904511816,0.03001847626942712,0.0004252829603527241,0.006774672864864635,-0.023669086364915302,-0.02281852044420985,0.016469130539698035,49,0.00634938990451195,0.0
IB048|R,16495,1,-3.954089237420135,-0.020506746787029656,-0.02136065494281102,-0.00804515749791965,0.00042695407789067883,-0.02093370086492035,-0.01331549744489137,-0.012461589289110012,0.033822244231921025,15,0.0,0.02136065494281105
SIP111m|L,13177,1,0.3848816404171257,0.0031347449156403613,0.002278802362644612,0.005417839837807605,0.0004279712764978747,0.0027067736391424937,-0.0031390374751629926,-0.002283094922167243,4.292559522630636e-06,,0.0022788023626446117,0.0
LoVP92|R,25574,1,2.770618037533258,-0.0024513019337122927,-0.003368200379592015,-0.003984447513201027,0.00045844922293986106,-0.0029097511566521243,0.0006162471336090119,0.001533145579488734,0.001835054800103281,62,-0.0033682003795920024,0.0
LoVP76|R,21780,1,1.2419880609663307,0.0002292646518422816,-0.0007765051179086786,-0.0004495518377352291,0.0005028848848754801,-0.0002736202330331948,-0.0003269532801734495,0.0006788164895775106,9.768862833116793e-05,37,0.0,0.0007765051179086915
ICL004m_a|R,99541,1,0.1429779247706571,0.003326151201804357,0.0022661413419337597,0.005399817199943122,0.0005300049299352987,0.0027961462718690587,-0.003133675858009363,-0.0020736659981387654,-0.000192475343794994,,0.0,-0.0022661413419337605
GNG659|L,34307,1,0.4616555864995152,0.005407510136176127,0.004340962641547882,0.003963146676867681,0.0005332737473141227,0.004874236388862003,0.0003778159646802004,0.0014443634593084456,-0.005785326100856326,19,0.004340962641547883,0.0
LoVP26|L,15658,1,3.344928514401832,0.0009509685786539766,-0.0001366714949905661,0.0006813959612964964,0.0005438200368222713,0.0004071485418316876,-0.0008180674562870625,0.0002695726173574802,-0.0001329011223669141,37,-0.00013667149499055638,0.0
LCNOpm|L,11516,1,-5.750138538814978,0.0012556267015315266,0.00015701013116198683,0.0019979483898670677,0.0005493082851847699,0.0007063184163467596,-0.0018409382587050807,-0.000742321688335541,0.0005853115571735542,,0.00015701013116199057,0.0
IN08A050|R,814295,1,1.8773335840455052,0.005545735214866094,0.004421063186483989,0.005226111905295441,0.0005623360141910523,0.004983399200675029,-0.0008050487188114531,0.00031962330957065145,-0.00474068649605464,,0.0,-0.00442106318648399
PS192|L,39371;44395,2,-1.0599987491568852,-0.0018449166189846414,-0.003041298798078294,-0.0033515824697820545,0.0005981910895468262,-0.0024431077085314665,0.00031028367170376066,0.0015066658507974131,0.0015346329472808807,,-0.003041298798078297,0.0
LAL043_d|R,58704,1,5.808865218619992,-0.0015217558738970084,-0.0028092244703007397,-0.0037911403138162596,0.0006437342982018656,-0.0021654901720988815,0.0009819158435155199,0.0022693844399192514,0.0005398400303814884,,0.0,0.0028092244703007206
AN08B026|R,17792;18679;19043,3,0.905735801518023,0.03672767364119308,0.03543445515121365,0.049764887658549764,0.0006466092449897222,0.03608106439620337,-0.014330432507336129,-0.013037214017356684,-0.02239724113385696,17,0.03543445515121363,0.0
LT82b|R,11887,1,-9.750427672974276,0.0004500233896789601,-0.0009100501923966939,9.490871343071798e-06,0.000680036791037827,-0.00023001340135881982,-0.0009195410637397657,0.0004405325183358883,0.00046951767406080557,156,0.0,0.0009100501923966166
SIP109m|L,17604,1,0.29730234851230997,0.0010220205539657942,-0.0004264016621300284,0.00036212529197344914,0.0007242111080479113,0.0002978094459178796,-0.0007885269541034775,0.000659895261992345,-0.00023349359986231654,71,-0.0004264016621300336,0.0
GNG146|L,27250,1,-0.33622972228347,0.0018640528338219847,0.00039476183022936506,0.0023102369986285334,0.0007346455017963098,0.0011294073320256717,-0.0019154751683991681,-0.00044618416480654853,5.142233457718198e-05,16,0.0003947618302293681,0.0
IN08A016|R,805582,1,0.04417064062658588,-0.000194579413012896,-0.001925719814761817,-0.0017256866649283614,0.0008655702008744606,-0.001060149613887357,-0.00020003314983345588,0.0015311072519154656,0.000394612562846352,,0.0,0.0019257198147618168
ExR6|L,12506,1,-17.347610619088154,0.0023869611002790875,0.000647453263804945,0.001558294737723334,0.0008697539182370714,0.0015172071820420162,-0.000910841473918389,0.0008286663625557536,-0.0014761196263606987,16,0.000647453263804994,0.0
IN06B035|R,802903,1,0.4235533354293906,0.0007866188270748058,-0.0009799047824580148,0.00013762846091777293,0.0008832618047664102,-9.664297769160282e-05,-0.0011175332433757878,0.0006489903661570329,0.000330914416300982,146,0.0,0.0009799047824580157
LAL067|L,51065;58016;543891,3,-0.9170537037914684,0.1366303759762434,0.13484023493025432,0.15622946552439287,0.0008950705229945528,0.13573530545324888,-0.021389230594138546,-0.019599089548149443,-0.11524114538210485,65,0.13484023493025427,0.0
PLP245|L,54533,1,0.7924782876789122,0.011884295031493243,0.01005687703956058,0.02026078476981517,0.0009137089959663325,0.010970586035526902,-0.01020390773025459,-0.008376489738321922,-0.0016803873012386557,27,0.010056877039560574,0.0
IN12A039|R,803356,1,-5.607760516710322,0.00010638403939256925,-0.0017552496216913962,-0.001082047920731356,0.0009308168305419827,-0.0008244327911494223,-0.0006732017009600402,0.0011884319601239252,0.000566817661567471,30,0.0,0.0017552496216913772
LT84|L,11973,1,7.888433991813551,0.0006729030052636485,-0.0012587695262176752,-0.0005265472463536616,0.0009658362657406619,-0.00029293326047699283,-0.0007322222798640136,0.0011994502516173102,5.931927460036517e-05,48,-0.0012587695262176633,0.0
IN13A050|L,807238;808451;809525,3,-6.106647018332204,-0.009781923508598944,-0.011867331110488771,-0.013347858506296847,0.0010427038009449133,-0.010824627309543866,0.0014805273958080755,0.003565934997697902,0.00830139611279087,16,-0.011867331110488823,0.0
LoVC17|R,15343,1,1.4731922188998652,-0.004234266739258386,-0.006379720576706281,-0.005605766215532209,0.0010727269187239474,-0.005306993657982342,-0.0007739543611740713,0.0013714994762738235,0.005008221100432457,35,0.0,0.006379720576706291
PVLP060|R,23771;31839,2,9.150624853610788,-0.027313575129102406,-0.029479890983978803,-0.033935628491089054,0.0010831579274381978,-0.028396733056540585,0.004455737507110255,0.006622053361986651,0.02285783762199215,37,0.0,0.029479890983978657
SIP110m_b|R,13798,1,-2.464460033009664,0.007347561287691514,0.005149638837479523,0.009102457274862624,0.0010989612251059953,0.006248600062585548,-0.0039528184373831005,-0.0017548959871711096,-0.003394742850308415,16,0.0,-0.005149638837479515
VES022|R,10137;16671;524425,3,0.18476683772969563,-4.3268255922731046e-05,-0.002361272780921012,-0.003433031118397725,0.0011590022624991406,-0.0012022705184218732,0.001071758337476712,0.003389762862474993,-0.001028490081553981,33,0.0,0.002361272780921012
AOTU016_b|R,19066,1,-0.8137244863437669,-0.019779926447959537,-0.02221616824358578,-0.03575069755915925,0.0012181208978131236,-0.020998047345772663,0.013534529315573467,0.015970771111199718,0.006245397132386066,133,0.0,0.022216168243585792
VES104|L,10243,1,-24.353184608599893,0.005495993083040678,0.002632708802684797,0.0044827213815133195,0.0014316421401779403,0.004064350942862609,-0.0018500125788285218,0.0010132717015273588,-0.0036459805042121565,16,0.0026327088026849117,0.0
AN08B020|R,14016,1,-0.3516084336998473,8.72890885089981e-05,-0.0027794747053697696,-0.002434792344093343,0.001433381896939384,-0.001346092808430384,-0.0003446823612764268,0.0025220814326023413,0.00025739327276742873,,0.01667684685163865,0.01945632155700842
HST|R,12521,1,-2.2632367049320705,-0.0027107546932708397,-0.005615001309961488,-0.006670409484621407,0.0014521233083453241,-0.004162878001616158,0.0010554081746599188,0.003959654791350567,0.0016553465186109212,98,0.0,0.005615001309961478
AOTU002_a|L,18112;106493,2,-107.70555714887375,-0.01283064542133707,-0.015772267674897526,-0.022446295008951036,0.001470811126780228,-0.01430145654811758,0.0066740273340535105,0.009615649587613967,0.006156618087283558,16,0.0,0.01577226767489772
LAL136_a|R,17232;514768,2,-41.10090399683725,0.002429444034956484,-0.0006704683228676721,5.769289332380631e-05,0.0015499561789120782,0.0008794878560438884,-0.0007281612161914784,0.002371751141632678,-0.0017012828187650058,16,0.0,0.0006704683228682364
CB2066|R,39817;48453;54134;57534,4,24.046463622065392,0.6584331315465746,0.6551862950126386,0.8385099254021823,0.001623418266967946,0.6568097132796067,-0.18332363038954372,-0.18007679385560785,-0.4751095011570309,136,0.0,-0.6551862950126386
LAL153|R,64301,1,15.421311582149384,0.0006250259455530929,-0.0027351320026328535,0.0009072971095231136,0.0016800789740929732,-0.001055053028539845,-0.0036424291121559672,-0.0002822711639700207,0.003017403166602874,30,-0.002735132002632978,0.0
SIP110m_b|L,45643,1,1.2440850104881134,0.007632754234788628,0.004228603032114976,0.011979142176126634,0.001702075601336826,0.0059306786334518006,-0.0077505391440116575,-0.004346387941338006,0.00011778490922302938,,0.004530646107177008,0.0003020430750620207
SIP111m|R,13089,1,-1.7015170546842477,0.0049980516733749486,0.0015931348943773681,0.00555438105317258,0.0017024583894987902,0.0032955932838761633,-0.003961246158795212,-0.0005563293797976317,-0.0010368055145797363,16,0.0,-0.0015931348943773846
PS356|L,15786;17247,2,-289.60573814527834,-0.0011648555106515365,-0.004671202225054666,-0.003970483440667937,0.0017531733572015646,-0.00291802886785216,-0.0007007187843867282,0.002805627930016401,0.0018655742950382647,16,-0.004671202225051867,0.0
SIP110m_a|L,45951,1,3.54291254224879,0.004105229070662414,0.0005924335708442452,0.00918456022086212,0.0017563977499090845,0.0023488313207533323,-0.008592126650017875,-0.005079331150199705,0.00448689757935546,45,0.0005924335708442683,0.0
SIP110m_a|R,13365,1,-4.923194789036886,0.012488711922083829,0.008925286191366875,0.01656849780321563,0.0017817128653584773,0.010706999056725472,-0.0076432116118487535,-0.004079785881131799,-0.004845500310235076,16,0.0,-0.008925286191366878
LoVP18|L,13223,1,17.659132252135528,0.01364649698821013,0.009906397456480972,0.014958724166330649,0.0018700497658645787,0.011776447222345585,-0.005052326709849677,-0.001312227178120519,-0.008594170278360453,51,0.009906397456481031,0.0
GNG444|R,40141,1,-4.447604378017396,-0.024070386916549256,-0.02799152747195099,-0.038244230901086716,0.001960570277700868,-0.026030957194250068,0.010252703429135727,0.014173843984537462,0.013817683487413529,16,-0.027991527471950984,0.0
DNae001|R,11563,1,-1.5761480417687612,0.14098158839216834,0.13702294707217344,0.09851651785183207,0.0019793206599974396,0.1390022677321709,0.038506429220341365,0.04246507054033626,-0.17948801761250968,16,0.0,-0.1370229470721734
LAL099|R,522387,1,1.4010463193138287,0.01690450422567796,0.012655267386800426,0.02193547970158856,0.002124618419438768,0.014779885806239207,-0.00928021231478813,-0.005030975475910596,-0.00762429191088983,54,0.0,-0.012655267386800432
LAL130|R,520366,1,-0.8879112710972635,0.003679766460406866,-0.00070903061341949,-0.0021891114616150852,0.002194398536913178,0.0014853679234936802,0.0014800808481955949,0.005868877922021952,-0.0051598473086024626,315,0.0,0.000709030613419478
LAL009|L,419175,1,0.050599413458049865,0.054876274691597754,0.05037452915079433,0.058885825535448785,0.0022508727704017126,0.05262540192119604,-0.00851129638465445,-0.004009550843851024,-0.046364978306943305,194,0.050374529150794316,0.0
CB2000|R,27790;575760,2,-6.106728433729172,-0.46360327498244364,-0.4683111735684134,-0.6257897696011898,0.0023539492929847586,-0.4659572242754285,0.1574785960327766,0.16218649461874612,0.30612467894966716,135,0.0,0.46831117356841334
PS112|L,511784,1,-0.012912007789469788,-0.04770366940525546,-0.05242317172047503,-0.07329374175918775,0.0023597511576097857,-0.05006342056286526,0.020870570038712722,0.025590072353932295,0.02683309936654274,248,-0.05242317172047503,0.0
AOTU025|R,519926,1,-1131.709281578071,0.0012507020254084059,-0.0034735100790138384,0.00018516297451236257,0.0023621060522111222,-0.0011114040268155154,-0.0036586730535262007,0.0010655390508960434,0.002407971028117795,16,0.0,0.0034735100790120586
AN02A025|R,24544,1,0.5750019129971569,0.01763906286298447,0.01289015005297776,0.022087732039773184,0.002374456405003353,0.015264606457981117,-0.009197581986795421,-0.004448669176788713,-0.008441480876189046,114,0.0,-0.01289015005297777
LoVC9|L,12174,1,2.2345944901695334,0.021934560110851854,0.017114669111970987,0.03001879795078152,0.002409945499440433,0.01952461461141143,-0.012904128838810529,-0.008084237839929662,-0.009030431272041327,30,0.0,-0.017114669111970966
LAL030_a|R,38338;46409;520820,3,-108.39102079711485,0.19274088806646228,0.18783004880861323,0.1492298173471041,0.0024554196289245447,0.19028546843753777,0.03860023146150913,0.04351107071935817,-0.23134111952797146,16,0.0,-0.18783004880861373
AOTU019|L,10070,1,1754.8888789688133,1.1758967480498568,1.1708239017657283,1.7267180879256623,0.002536423142064239,1.1733603249077902,-0.555894186159934,-0.5508213398758055,-0.6200025618899228,156,0.0,-1.1708239017657214
LT82a|R,11291,1,-9.25749321641678,0.014854016608162846,0.00969500623185136,0.014548608879824202,0.0025795051881557425,0.012274511420007062,-0.0048536026479728414,0.000305407728338644,-0.010000413960190005,149,0.0,-0.009695006231851338
AOTU100m|L,519917,1,-2.37064158057875,0.001233194231326319,-0.0039281790006912036,-0.006166765696077546,0.002580686616008761,-0.0013474923846824398,0.002238586695386343,0.007399959927403865,-0.0034717809267126617,24,0.0,0.003928179000691234
IN08A037|R,807366,1,2.5736169376978486,-0.005164243236574452,-0.010520157129738496,-0.014898377243113256,0.0026779569465820224,-0.007842200183156484,0.004378220113374759,0.009734134006538803,0.0007860231231996927,60,0.0,0.01052015712973848
SAD009|L,38876,1,9.4412350871088,0.029412521027095094,0.02402289579123484,0.02249785245454324,0.0026948126179301268,0.026717708409165007,0.0015250433366916026,0.006914668572551856,-0.030937564363786692,41,0.02402289579123483,0.0
WED157|R,75476,1,-0.831405597644872,0.01240749328422269,0.006992850145229804,0.011546458552894419,0.0027073215694964447,0.009700171714726237,-0.004553608407664616,0.0008610347313282735,-0.007853884876558076,41,0.0,-0.006992850145229794
GNG541|R,41534,1,5.688030620621814,0.006770966712217671,0.0011941845369154906,-0.008990788615390976,0.0027883910876510903,0.003982575624566575,0.010184973152306466,0.015761755327608647,-0.016955939864524136,40,0.0,-0.0011941845369154763
IN13A068|R,809393,1,9.709103692864224,0.003887745582864256,-0.001724614325315455,-0.002017828877529618,0.0028061799540898555,0.0010815656287743328,0.000293214552214163,0.005905574460393874,-0.004180960135078419,26,0.0,0.0017246143253154625
PS321|R,12072,1,-5.49415059364271,-0.001270916092882859,-0.0069534500369009345,-0.005962375580991294,0.0028412669720090378,-0.004112183064891897,-0.0009910744559096403,0.004691459488108435,0.0022619905487924995,40,-0.0069534500369009145,0.0
LoVP93|R,41512;41852;42084,3,10.437925688486068,0.0008945271219947293,-0.004804544775518172,-0.00338780528121162,0.002849535948756451,-0.001955008826761786,-0.001416739494306552,0.004282332403206349,0.0005222123723118228,35,-0.004804544775518134,0.0
CB0625|L,559141,1,-4.729752878710369,-0.0013338031235322623,-0.0070581530181877865,-0.005424816903144632,0.002862174947327762,-0.004195978070860014,-0.001633336115043155,0.00409101377961237,0.002967139238575417,,-0.007058153018187827,0.0
PS059|R,11142;11495,2,3112.412150547441,-0.0047692079118866445,-0.010550050422656965,-0.012158757310497708,0.0028904212553851607,-0.00765962916728084,0.001608706887840743,0.007389549398611065,0.003160501024045901,26,0.0,0.010550050422701124
LC31b|L,521627,1,22.742195686660374,0.006663552446832446,0.0008570908874527872,0.001941380186794473,0.002903230779689829,0.0037603216671425223,-0.001084289299341686,0.004722172260037972,-0.005579263147490759,17,0.000857090887452815,0.0
LLPC1|R,21120;21406;21832;22063;23734;24253;24483;24774;25220;25298;25339;25372;25665;25815;26006;26008;26037;26070;26111;26162;26599;26884;26955;27000;27006;27131;27142;27396;27461;27755;28118;28153;28243;28260;28424;28497;28504;28541;28868;28873;29125;29172;29402;29506;29757;30204;30657;30694;30719;30965;34588;34859;35000;36872;36903;37321;38217;39544;40767,59,-443.366839947215,0.012735228316219774,0.00686760488632604,0.010870306119278778,0.0029338117149468675,0.009801416601270459,-0.004002701232952739,0.0018649221969409963,-0.008732527083267036,115,0.0,-0.006867604886327646
CB1339|R,536349,1,-2.0927799703526393,0.1127297576166496,0.10680538242112067,0.13616026161687436,0.0029621875977644493,0.10976757001888512,-0.029354879195753646,-0.02343050400022475,-0.08337487842089597,106,0.0,-0.10680538242112074
IN08A045|R,813650,1,2.5601638579986448,0.0047234176740715604,-0.0012932441682343028,0.0028834048643086984,0.0030083309211529317,0.0017150867529186118,-0.0041766490325430014,0.0018400128097628607,-0.0005467686415285582,56,0.0,0.0012932441682343037
PS065|L,11447,1,-22.975234175885472,-0.013462793297886012,-0.01975384074824313,-0.027535429111683055,0.0031455237251785573,-0.0166083170230645,0.007781588363439928,0.014072635813797044,0.005681204934446084,23,-0.01975384074824313,0.0
IN08A019|L,800559;902519,2,-15.822200036348471,-0.00036191586533592247,-0.006783607021169745,-0.005397557508494222,0.0032108455779169117,-0.0035727614432527516,-0.001386049512675523,0.0050356416431583005,0.0017479653780114455,26,-0.0067836070211699405,0.0
PLP148|L,10802,1,-0.09402628390002264,0.01842935537053588,0.011998808231066867,0.010532170303965327,0.003215273569734506,0.015214081800801377,0.001466637927101536,0.007897185066570547,-0.019895993297637415,229,0.0,-0.011998808231066867
LAL301m|R,18817;512520,2,-53.658835765801165,0.18125839817970696,0.17450086507505091,0.29528967268221173,0.003378766552328015,0.17787963162737871,-0.1207888076071608,-0.11403127450250475,-0.060469590572546174,16,0.0,-0.1745008650750514
CB3065|R,45925,1,1.8068901826343207,0.01426948654739679,0.0072900092105451135,0.01814667597466172,0.003489738668425838,0.010779747878970968,-0.010856666764116606,-0.0038771894272649305,-0.0034128197832801826,16,0.0,-0.007290009210545132
IN21A017|R,802330,1,-0.09733204411969616,-0.00011242169881635655,-0.007266969153416648,-0.006768200273930489,0.0035772737273001456,-0.003689695426116501,-0.0004987688794861584,0.006655778575114132,0.0006111905783025149,,0.0,0.00726696915341665
CL122_b|L,13279;19458,2,-1.1130032672859935,-0.0043196649188107705,-0.011534242414678144,-0.01667877534859278,0.003607288747933688,-0.007926953666744473,0.005144532933914634,0.012359110429782008,-0.0008248680151038639,16,-0.014724182567387611,-0.003189940152709505
HSS|R,10023,1,-146.74340080679417,-0.001613825389135335,-0.008990063368276797,-0.01115528323520592,0.003688118989570731,-0.005301944378705972,0.0021652198669291226,0.009541457846070585,-0.0005513944777937877,54,0.0,0.008990063368276633
LAL122|L,22185,1,-4.1278656500335416,-0.07156137835073285,-0.07898101380536421,-0.0761181897100676,0.003709817727315661,-0.07527119607804857,-0.0028628240952966034,0.004556811359334722,0.07442420244602949,255,-0.07898101380536418,0.0
IN08B087|L,805738;806464,2,-2.4131749216953384,-0.009392814948611616,-0.016918027193908555,-0.019952003052696017,0.00376260612264847,-0.013155421071260096,0.003033975858787461,0.010559188104084401,0.006358839089824156,111,0.0,0.01691802719390856
IN04B074|R,805798;806474;806884;807487;809067,5,-5.35604979013391,0.010830391374176442,0.0031110288072438977,0.014863685920804818,0.003859681283466272,0.006970710090710222,-0.011752657113560919,-0.004033294546628376,0.0009222657393844779,17,0.0,-0.003111028807243888
GNG556|R,12813,1,11.49557132179522,-0.040785789112060114,-0.04861327359870233,-0.05316887825545935,0.0039137422433211085,-0.04469953135538119,0.004555604656757023,0.01238308914339924,0.03623018445530309,70,0.0,0.048613273598702274
AVLP016|L,10115,1,-23.801734256223725,-0.10073257047574355,-0.10866175065608978,-0.11897318154681492,0.003964590090173114,-0.10469716056591659,0.01031143089072514,0.018240611071071368,0.0904211395850184,16,-0.10866175065608988,0.0
CB0625|R,529498,1,77.81405956955336,0.031935354637883016,0.023592522665807213,0.022737652771527415,0.004171415986037903,0.02776393865184568,0.0008548698942797954,0.009197701866355601,-0.032790224532162814,33,0.0,-0.023592522665807556
IN06A020|L,805096,1,-1.154455629683669,-0.003522056371905491,-0.012002862538740782,-0.014902991445605007,0.004240403083417645,-0.0077624594553231405,0.0029001289068642283,0.011380935073699517,0.0006219274650412628,34,-0.01200286253874078,0.0
DNg35|L,10482,1,-9.095528171797806,0.004013352641657426,-0.0049683182822993326,-0.0026807812613304895,0.0044908354619783795,-0.0004774828203209561,-0.002287537020968843,0.006694133902987916,-0.0017258156206885833,22,0.0,0.004968318282299418
LAL130|L,513791,1,52.409314074665026,0.05492651235697915,0.04563030254502947,0.06053448951845871,0.004648104905974839,0.050278407451004335,-0.014904186973429242,-0.005607977161479564,-0.040022325383549905,22,0.0456303025450296,0.0
SAD047|L,48850;522433,2,0.14489690483300538,-0.0023880259850359254,-0.012125175495595678,-0.010806721088920328,0.004868574755279877,-0.0072566007403157985,-0.00131845440667535,0.008418695103884403,0.003706480391711276,316,0.0,0.012125175495595678
PLP034|L,10089,1,-0.08414691065661711,0.07547969916211926,0.06518552964124184,0.0781914210568541,0.005147084760438697,0.07033261440168057,-0.01300589141561225,-0.002711721894734856,-0.06247380774650701,,0.06518552964124187,0.0
IN12A043_a|L,805934,1,1.9745162361481259,0.01591814540186229,0.005595716802985814,0.006427534531948366,0.005161214299438237,0.010756931102424039,-0.000831817728962551,0.009490610869913922,-0.015086327672899736,44,0.005595716802985828,0.0
DNge103|L,10979,1,-4.334790229247553,-0.04612695859312838,-0.05665402261891995,-0.10067477070429008,0.005263532012895782,-0.05139049060602418,0.044020748085370126,0.05454781211116169,0.0021062105077582507,17,-0.05665402261891996,0.0
LAL072|L,14869,1,-3.8523103756427535,0.026386026249242824,0.015477685721472251,0.04013481077684188,0.005454170263885285,0.020931855985357517,-0.024657125055369628,-0.01374878452759906,-0.001728901193873194,15,0.015477685721472229,0.0
PS230|R,11216;13157,2,-1577.9183079562054,-0.014439343332147195,-0.025445077081241642,-0.024809326604599544,0.005502866874547222,-0.01994221020669969,-0.0006357504766420964,0.010369983272452348,0.015075093808789292,16,0.0,0.02544507708123653
CB1131|R,80120;81568,2,-50.98593336127842,0.026799654754516025,0.01566282759578328,0.009784252948212184,0.005568413579366373,0.02123124117514949,0.005878574647571097,0.017015401806303843,-0.032678229402087124,64,0.0,-0.015662827595783274
LLPC1|L,15102;15157;15779;16101;16295;17687;18623;18788;19329;21024;21171;22193;22586;22666;23164;24371;24899;25583;25605;25625;28071;31138;32606;33581;37722;39947;108445;128209;514032;514675;516494;516495;518151;518271;519094;521049;522365;526156;526943;530364;530365;530366;533983;537150;539243,45,230.17648919828164,1.675693100734006e-05,-0.011226668794201889,-0.005922266126086637,0.0056217128626046145,-0.005604955931597933,-0.005304402668115252,0.005939023057093977,0.005287645737107912,127,-0.011226668794204845,0.0
AOTU008|L,27776;557095,2,-0.02098022612976243,0.04917917620557586,0.03750358816521042,0.05277101216819972,0.005837794020182726,0.04334138218539313,-0.015267424002989322,-0.0035918359626238685,-0.03391175220258654,,0.03752379591278998,2.020774757957626e-05
LAL144|R,14435;23212;25552,3,-2.235415659113321,-0.2519367769866395,-0.2636336872878006,-0.4583816658554049,0.005848455150580552,-0.25778523213722004,0.1947479785676043,0.20644488886876544,0.0571887984190352,256,0.0,0.2636336872878006
GNG637|R,16673,1,40.010938416563064,0.010445184128865135,-0.0014682318718646798,0.004660739384137958,0.0059567080003649076,0.004488476128500075,-0.006128971256002638,0.005784444744727178,-0.004316212872862498,105,0.0,0.0014682318718642004
ICL013m_a|R,526837,1,59.10442970107662,0.12516960386400328,0.11312686207219701,0.03532487962226347,0.006021370895903134,0.11914823296810041,0.07780198244993353,0.0898447242417398,-0.2029715863139368,145,0.0,-0.11312686207219691
LoVC11|L,511797,1,-2.8570221075345192,-0.024704826252942024,-0.037507890905437644,-0.038337517319087855,0.006401532326247807,-0.03110635857918984,0.0008296264136502059,0.01363269106614582,0.023875199839291816,26,-0.03750789090543764,0.0
IN07B081|L,804428,1,-6.191357087818987,-0.006458170722193477,-0.020636786316485044,-0.017586268340138492,0.007089307797145784,-0.013547478519339308,-0.0030505179763465505,0.011128097617945016,0.009508688698540027,31,0.0,0.02063678631648506
SAD084|L,12905,1,-0.2460857234529822,-0.023756796538815874,-0.038193886142309556,-0.06745797914869961,0.007218544801746844,-0.030975341340562713,0.029264093006390057,0.04370118260988373,-0.0055072964675741826,23,0.0,0.03819388614230956
PS180|R,12904,1,4.952066082892439,-0.07589499357725961,-0.09118665041465028,-0.1094207631049653,0.007645828418695329,-0.08354082199595496,0.018234112690315055,0.033525769527705716,0.05766088088694456,46,-0.0911866504146503,0.0
LAL141|R,12347,1,-0.7192492744515966,0.04200424134465691,0.026644518103712114,0.06862220557688012,0.007679861620472396,0.03432437972418451,-0.041977687473168,-0.026617964232223203,-2.6553871488915143e-05,192,0.0,-0.026644518103712114
CB2270|R,24817;26422,2,-0.7296381451347214,-0.16580280916594448,-0.18121449342608245,-0.2436864123967623,0.007705842130068977,-0.17350865129601345,0.06247191897067982,0.07788360323081779,0.10333089019526465,,0.0,0.18121449342608248
MNhm03|R,802659,1,5.583964162125098,0.0018372756484836062,-0.014507325569152425,-0.017419548209932804,0.008172300608818015,-0.006335024960334376,0.002912222640780379,0.01925682385841641,-0.004749498289263986,45,0.0,0.014507325569152392
IN09A004|L,800922,1,-0.2978427221786062,-0.010941894906564532,-0.027646486004302983,-0.028200940560649524,0.008352295548869224,-0.01929419045543376,0.0005544545563465425,0.017259045654084988,0.01038744035021799,35,-0.027646486004302976,0.0
mALD4|R,13007,1,-0.5191799386801154,0.014180394128325178,-0.0032799864182414436,0.011101365523302105,0.00873019027328331,0.005450203855041868,-0.014381351941543549,0.0030790286050230713,0.00020095781321837278,27,-0.0032799864182414457,0.0
CB1960|R,40371,1,-3.6022960326483253,-0.02537858939505661,-0.04286587486652924,-0.05540520690849085,0.008743642735736324,-0.03412223213079293,0.012539332041961603,0.03002661751343424,0.012839257353095003,149,0.0,0.04286587486652923
CL053|R,11022,1,-4.771028847525429,-0.02483404181751487,-0.04249650461031031,-0.053891361856509806,0.00883123139639772,-0.033665273213912564,0.011394857246199491,0.02905732003899493,0.013439184571315379,17,0.0,0.042496504610310265
VES075|L,12368,1,0.20101854004622308,0.0001259238716306005,-0.017798670392518666,-0.038429036833984076,0.008962297132074635,-0.008836373260444032,0.020630366441465407,0.03855496070561468,-0.020756290313096018,,-0.017798670392518666,0.0
INXXX003|R,800088,1,3.1362043131178194,0.011608759090355853,-0.006737216355442486,-0.007821430255365245,0.00917298772289917,0.0024357713674566747,0.0010842138999227597,0.019430189345721098,-0.012692972990278613,43,0.0,0.006737216355442484
PVLP141|R,514764,1,319.78699801834205,-0.018348590176386875,-0.03898578129364948,-0.0439706434441081,0.0103185955586313,-0.028667185735019494,0.004984862150458625,0.025622053267721226,0.013363728025928251,26,-0.03898578129364993,0.0
CL287|L,12963,1,-5.463824093648512,0.011161295211943294,-0.0105684126396456,-0.002024317892680373,0.010864853925794447,0.0002964412861488207,-0.008544094746965226,0.013185613104623666,-0.0026172004649780674,27,-0.01056841263964561,0.0
LAL117|R,18597,1,-1.7606491081171092,0.03816647558362246,0.015858412647963567,0.028621214119700318,0.01115403146782945,0.027012444115793018,-0.012762801471736758,0.009545261463922143,-0.025403674111885714,57,0.0,-0.01585841264796357
CB2033|L,103979,1,10.72277601746252,0.01912728902216281,-0.003855772625563922,0.008740582979191535,0.011491530823863364,0.007635758198299559,-0.012596355604755458,0.010386706042971271,-0.006530933417407349,23,-0.003855772625564104,0.0
LoVC11|R,10338,1,9.813994352715271,0.11116580435186242,0.0875956605858426,0.10189408853222959,0.011785071883009915,0.0993807324688525,-0.01429842794638698,0.00927171581963285,-0.09686737640547546,28,0.0,-0.0875956605858425
PS057|L,13454,1,-8.519820890021865,-0.03813839947437536,-0.06192510858066283,-0.04844048362421141,0.011893354553143736,-0.05003175402751907,-0.013484624956451419,0.010302084149836055,0.05162302443082678,54,-0.06192510858066281,0.0
IN19A108|R,808440,1,3.030022634549288,-0.00023168050886984408,-0.024361740846131796,-0.024662298190520265,0.012065030168630975,-0.012296710677500832,0.0003005573443884681,0.02443061768165042,-6.887683551862733e-05,,0.0,0.024361740846131824
PS055|R,27206;66731,2,10.613683825283616,-0.005722060060970462,-0.030143898072452647,-0.025252242853009324,0.012210919005741092,-0.01793297906671164,-0.00489165521944332,0.01953018279203886,0.010613715280413783,33,0.0,0.030143898072452692
CB0540|R,12564,1,148.62394914244837,-0.36447911328448945,-0.3895270571753668,-0.5077703055368797,0.012523971945438668,-0.3770030852299289,0.11824324836151302,0.14329119225239037,0.24623586492297642,20,0.0,0.38952705717536845
CB2347|R,30641,1,-18.8263530575985,-0.07147912731722163,-0.09677031219266563,-0.107747030198849,0.012645592437722003,-0.0841247197549435,0.010976718006183364,0.036267902881627366,0.060502409311038265,16,0.0,0.09677031219266552
LAL302m|R,19163;19445;20199;20798,4,-85.2837137715265,-0.18105170076950494,-0.20663762081687154,-0.2883987714551628,0.01279296002368331,-0.19384466079318768,0.08176115063829122,0.10734707068565785,0.0992905501312137,16,0.0,0.20663762081687168
PS336|R,16339,1,-5.470901447147456,0.028162855466794853,0.0022165749587157667,0.01912727177385748,0.012973140254039544,0.015189715212755316,-0.016910696815141714,0.009035583692937372,-0.01125215865165314,133,0.0022165749587157732,0.0
PLP245|R,12989,1,-4.0102837985932895,-0.05994002708636276,-0.0863615635504202,-0.13331374670677001,0.013210768232028726,-0.07315079531839146,0.0469521831563498,0.07337371962040726,0.012987843930012951,16,0.0,0.08636156355042025
WED038|R,46792,1,2.703325276094702,-0.026829722991533977,-0.05340566576178071,-0.06404594137122599,0.013287971385123366,-0.04011769437665732,0.010640275609445282,0.03721621837969201,0.01618944738208869,92,0.0,0.05340566576178066
DNge068|L,16079,1,-65.23549683703122,0.07175454358871412,0.043294391403142035,0.1106141930970231,0.014230076092786044,0.05752446749592794,-0.06731980169388106,-0.038859649508308974,-0.0044347418948330174,16,0.043294391403142105,0.0
AVLP734m|L,19200,1,-4.619663438092528,-0.04423638072190985,-0.07303870038989123,-0.0766601994618154,0.014401159833990691,-0.05863754055590054,0.0036214990719241765,0.03242381873990556,0.04061488164998567,26,-0.07303870038989126,0.0
LC19|R,19539;21350;24309,3,48.95444761006299,-0.04812412262938417,-0.07692786678981789,-0.075840962649903,0.014401872080216859,-0.06252599470960093,-0.0010869041399148866,0.027716840020518833,0.04921102676929905,28,-0.08041477580902545,-0.003486909019206991
MBON26|L,524893,1,27.849420947557846,0.06200846577286426,0.03262945262607566,0.013963842792126917,0.0146895065733943,0.04731895919947004,0.018665609833948743,0.04804462298073734,-0.080674075606813,138,0.039155343313363324,0.00652589068728743
CB2143|L,38741;45481;525456,3,1.9617325973297592,-0.028294009520313516,-0.057777707906349736,-0.041600480168088524,0.014741849193018113,-0.0430358587133316,-0.016177227738261222,0.013306470647775003,0.04447123725857474,16,-0.057777707906349805,0.0
PS047_b|L,11908,1,4.609909133938988,0.015080028946973665,-0.015282615977478604,0.007968765044920284,0.015181322462226133,-0.0001012935152524747,-0.023251381022398883,0.007111263902053381,0.00817135207542522,16,-0.015282615977478636,0.0
AN06B009|L,10997,1,-12.477377104495844,-0.016539044799217886,-0.04691770197130343,-0.046200323774319006,0.015189328586042772,-0.031728373385260626,-0.0007173781969844265,0.029661278975101117,0.017256422996202312,16,-0.07037655368521409,-0.02345885171391044
AOTU006|L,516223,1,35.40312280680503,0.05105033982806612,0.020561084325585878,0.07174353598384346,0.015244627751240122,0.035805712076825744,-0.05118245165825759,-0.020693196155777343,0.00013211183019146364,40,0.020561084325585822,0.0
LAL138|R,10290,1,-31.458360922984582,-0.5751811298541233,-0.6060109374111332,-0.7105509204290291,0.015414903778504784,-0.5905960336326278,0.10453998301789627,0.13536979057490584,0.47064114683622704,24,-0.6060109374111329,0.0
IN08A022|R,801167;816247,2,7.834506635626996,0.007461534175810042,-0.023959053174151288,-0.012646572926754432,0.015710293674980662,-0.008248759499170552,-0.011312480247396854,0.020108107102564474,0.0038509460715868125,16,0.0,0.023959053174151323
IN19A037|R,906624,1,3.192807045465356,0.0017726385066841074,-0.030662457032004178,-0.0281826493865476,0.016217547769344146,-0.014444909262660049,-0.0024798076454565846,0.029955287893231708,0.0007071691387724771,50,0.0,0.030662457032004174
PS049|L,31330,1,-3054.5285959700113,-0.17143459237198214,-0.20389929068519963,-0.2115812842947534,0.01623234915660874,-0.18766694152860292,0.007681993609553773,0.040146691922771253,0.16375259876242837,16,-0.20389929068519547,0.0
PLP092|R,10866,1,-10.302361118664674,-0.147031629544776,-0.18025040502300063,-0.17038508066575253,0.016609387739112344,-0.16364101728388825,-0.009865324357248078,0.023353451120976608,0.156896953902024,296,0.0,0.18025040502300058
PVLP005|L,117272;525510,2,-5.301447658294056,0.02537616453821005,-0.00811603479445391,-0.008862981353084906,0.016746099666331976,0.00863006487187808,0.0007469465586309954,0.034239145891294946,-0.026123111096841043,38,-0.008116034794453901,0.0
PFL2|R,14729;518375,2,-7.934881141004851,-0.23843009184291827,-0.27401775985413485,-0.3489761105407128,0.017793834005608307,-0.2562239258485266,0.07495835068657791,0.11054601869779448,0.1634717411563404,16,0.0,0.27401775985413485
SAD008|R,132232;207192;524469,3,-62.76557026538103,0.016511883348584746,-0.020237954984243647,0.02567986230033084,0.018374919166414195,-0.0018630358178292612,-0.04591781728457449,-0.009167978951746095,0.029405933935989743,243,0.0,0.020237954984244046
DNge134|R,16856,1,-1.1052780294355071,0.018213157281759467,-0.019503725354783813,-0.01398733072716202,0.018858441318271642,-0.0006452840365121773,-0.005516394627621794,0.03220048800892149,-0.012696762654137675,289,-0.019503725354783816,0.0
CB1222|R,54514,1,-11.87216940854729,-0.18867838160594824,-0.22642674427069825,-0.27954771864758016,0.01887418133237504,-0.20755256293832317,0.05312097437688185,0.09086933704163193,0.13555740722906637,16,0.0,0.22642674427069834
AN02A025|L,20489,1,-0.37967926813204333,-0.1208449527203801,-0.1607785457281658,-0.1818493928092546,0.01996679650389285,-0.1408117492242729,0.021070847081088823,0.06100444008887454,0.09977410563929125,,-0.16077854572816577,0.0
PLP012|L,10238,1,463.1747666549694,0.07166807668927985,0.030560239002282222,0.03845828109082119,0.020553918843498817,0.051114157845782736,-0.00789804208853896,0.03320979559845867,-0.0637700346007409,17,0.030560239002278004,0.0
SMP442|L,68489,1,-4.247827658509889,0.07737267143438203,0.03622632455023184,0.1156960758342156,0.020573173442075085,0.05679949799230689,-0.07946975128398374,-0.03832340439983358,0.0020970798496017366,,0.03622632455023187,0.0
AN06B040|R,14484,1,0.6633896506595651,0.006887374388140587,-0.03472208432352953,-0.032231152953473785,0.020804729355835057,-0.01391735496769447,-0.0024909313700557326,0.039118527341614376,-0.004396443018084854,44,0.013888833901878271,0.04861091822540779
PLP060|R,11440,1,10.871313901141692,0.1288237406614475,0.08708208904129643,0.13928998937804662,0.02087082581007554,0.107952914851372,-0.05220790033675018,-0.010466248716599102,-0.07661584032469732,59,0.0,-0.0870820890412964
LoVC12|L,10477,1,-4.868963288789655,0.02185514513356088,-0.02197292065046294,-0.01381199451414865,0.021914032892011905,-5.888775845106512e-05,-0.00816092613631429,0.035667139647709525,-0.013694218997246587,29,-0.02197292065046295,0.0
IN08A017|L,803415,1,-2.6883839140759314,0.0006369773561443568,-0.04338376325859147,-0.04074000667635271,0.022010370307367907,-0.021373392951223556,-0.002643756582238769,0.04137698403249705,0.002006779226094412,150,-0.04338376325859147,0.0
AOTU051|R,39049,1,6.526691908899094,-0.0393956626073415,-0.08630121748047874,-0.08846371682108298,0.02345277743656862,-0.06284844004391012,0.0021624993406042245,0.04906805421374147,0.03723316326673727,30,0.0,0.08630121748047874
AOTU019|R,10005,1,-1842.4545596700418,0.01540610298226231,-0.03321879593569511,-0.0068820972373309485,0.02431244945897871,-0.008906346476717151,-0.02633669869836416,0.022288200219593258,0.01093059571610185,16,-0.03321879593569194,0.0
H2|L,10019,1,-76.17614414514104,-0.025530113148612792,-0.07564854539472522,-0.07652114643875127,0.025059216123056213,-0.050589329271668586,0.0008726010440260522,0.05099103329013848,0.02465751210458674,44,0.0,0.07564854539472504
LAL035|R,101652;149390,2,-131.82874340834718,1.2033627520682353,1.1522423421491141,1.274111737644428,0.025560204959560646,1.177802547108673,-0.12186939549531343,-0.07074898557619212,-1.0814933565729221,16,0.0,-1.1522423421491144
AOTU025|L,516361,1,1316.2653322721333,4.642360836034561,4.585776929130214,6.113244183547529,0.02829195345217363,4.6140688825823695,-1.5274672544173158,-1.4708833475129686,-3.114893581617245,26,4.585776929130211,0.0
LAL138|L,10018,1,22.17097149728505,1.0526265509491228,0.995883041538689,1.2763613134670067,0.02837175470521679,1.024254796243906,-0.28047827192831754,-0.22373476251788396,-0.7721482790208051,16,0.0,-0.9958830415386889
VES045|L,11061,1,-5.078968273562582,-0.02288590335884086,-0.08122707744330106,-0.07646987842740861,0.0291705870422301,-0.052056490401070944,-0.004757199015892427,0.05358397506856777,0.027643102374733285,265,-0.08122707744330103,0.0
PS048_a|L,12510,1,4.478011504234125,0.17561205461690446,0.11709091866898103,0.19489623990185606,0.029260567973961708,0.14635148664294273,-0.07780532123287502,-0.019284185284951606,-0.09780673338402937,105,0.11709091866898097,0.0
CB0194|L,30498,1,3.8178899399593416,-0.051928010340629556,-0.11223186334904028,-0.12305679419980846,0.03015192650420535,-0.08207993684483494,0.010824930850768202,0.0711287838591789,0.041103079489861374,58,0.0,0.11223186334904028
LC33|R,14002;17148;24608,3,62.6007028135816,0.05409411431981864,-0.006418973508858409,-0.015233969642987151,0.03025654391433853,0.023837570405479836,0.008814996134128743,0.06932808396280579,-0.06290911045394748,20,0.0,0.006418973508858696
PS316|R,42890;580948,2,17.257997943445275,-0.024895956949864212,-0.08714721001033697,-0.09248983909818936,0.03112562653023638,-0.05602158348010068,0.005342629087852399,0.06759388214832515,0.01955332786201181,45,0.0,0.08714721001033696
CB2000|L,23327,1,7.757006722807624,0.17529340957564946,0.11239839463784138,0.16505122087588533,0.03144750746890405,0.14384590210674536,-0.05265282623804397,0.010242188699764116,-0.12264058333760548,16,0.11239839463784122,0.0
LAL088|R,95863;118996,2,8.394925024609377,0.07850198627423517,0.014864727191116135,0.10620964581652201,0.03181862954155952,0.04668335673267563,-0.09134491862540585,-0.027707659542286822,0.012842932351170675,16,0.0,-0.014864727191116287
PVLP214m|L,16807;19105;19558;107613;519231,5,5.68317436380274,-0.09805251568605398,-0.16258420971496504,-0.11801367676990364,0.03226584701445553,-0.13031836270050953,-0.04457053294506142,0.019961161083849627,0.14262304863111544,16,-0.16258420971496504,0.0
IN19B035|L,801679;803061,2,-6.930464048962033,0.0061722381669360804,-0.059167096890648384,-0.05327655439796139,0.03266966752879223,-0.026497429361856183,-0.005890542492686991,0.059448792564897476,-0.0002816956742490894,59,0.0,0.059167096890648384
CB2953|L,37440,1,-11.475000579977955,0.07198922369786745,0.006373071087223699,0.03394136880688964,0.03280807630532188,0.039181147392545586,-0.027568297719665937,0.03804785489097782,-0.04442092597820152,16,0.006373071087223724,0.0
LAL193|R,18081,1,-1.5200637749355859,0.15369513653511366,0.08647306174966628,0.24162606809076653,0.03361103739272368,0.12008409914238995,-0.15515300634110027,-0.0879309315556529,0.0014578698059866508,23,0.0,-0.08647306174966629
CB0675|R,511939,1,-0.7497782030653438,-0.038292564987456715,-0.10562360601164782,0.026783522551616177,0.03366552051209555,-0.07195808549955227,-0.132407128563264,-0.06507608753907287,0.17069969355072073,229,0.0,0.10562360601164782
LAL076|L,16735,1,48.29700235529983,0.480968896150879,0.4131034320944519,0.7823933388437692,0.03393273202821358,0.4470361641226654,-0.36928990674931733,-0.3014244426928902,-0.11167898940156172,26,0.0,-0.41310343209445183
PS240|R,36350;519396,2,-22.97309224361986,0.2939331787331194,0.224624287725385,0.45352335339997835,0.03465444550386719,0.2592787332292522,-0.2288990656745933,-0.15959017466685893,-0.06503411305852606,143,0.0,-0.22462428772538523
PVLP047|L,29021,1,-70.00756263458982,0.054106690149369654,-0.015396251162944895,0.00027008813728927986,0.034751470656157274,0.019355219493212755,-0.015666339300234176,0.053836602012080376,-0.038440350849135475,16,-0.02052833488392628,-0.00513208372098157
AOTU007|L,74503,1,-0.2834419047665674,-0.13043238653090405,-0.20726553346944082,-0.24639863104206972,0.03841657346926842,-0.16884896000017247,0.039133097572628804,0.11596624451116562,0.09129928895827519,,0.0,0.20726553346944085
PS161|R,511998,1,-8.575109052038782,0.015133544156033032,-0.06309930488218203,-0.09705915393360784,0.03911642451910753,-0.023982880363074374,0.03395984905142582,0.11219269808964087,-0.049093393207458855,16,0.0,0.063099304882182
AN07B072_f|L,94941,1,-0.5180981675503687,-0.18218334021297902,-0.26079440242050167,-0.29961131465273744,0.03930553110376138,-0.22148887131674033,0.03881691223223574,0.11742797443975844,0.14336642798074317,16,0.0,0.26079440242050167
LT82a|L,11219;522472,2,21.2399136350434,-0.011843573506666682,-0.0909644117313205,-0.07395315782366069,0.039560419112326904,-0.05140399261899364,-0.017011253907659816,0.062109584316993996,0.0288548274143265,16,-0.09096441173132076,0.0
PFL2|L,13490;19715,2,-0.316980745047951,-0.35954566882083133,-0.4434481721038941,-0.44451227256498965,0.04195125164153136,-0.40149692046236274,0.001064100461095473,0.08496660374415821,0.35848156835973594,310,0.0,0.44344817210389403
LAL094|R,31058;49548;54247;101584;143172;148891;151471;570035,8,-52.378891861895816,-0.7523980340982884,-0.8386746073812663,-1.814529396453338,0.043138286641489096,-0.7955363207397775,0.975854789072072,1.0621313623550503,-0.22345675497378392,16,-0.8386746073812655,0.0
DNg01_b|L,28602,1,8.088228173935482,-0.021336209196630065,-0.11013886445220548,-0.1323908919024839,0.04440132762778771,-0.0657375368244178,0.02225202745027842,0.11105468270585382,-0.0009158182536483574,39,-0.1101388644522055,0.0
PVLP201m_a|R,19681,1,-142.28826128548715,0.07308758622282738,-0.01796768875993152,0.058264774644263426,0.04552763749137945,0.02755994873144774,-0.07623246340419494,0.014822811578563945,0.0031448771813675737,26,0.0,0.017967688759931693
PVLP140|L,11338,1,43.489719008142636,0.25297258729252037,0.16164448883904797,0.25205606497157945,0.04566404922673618,0.2073085380657839,-0.09041157613253144,0.000916522320940922,-0.1625610111599889,,0.0,-0.1616444888390483
IN06A020|R,805512,1,-4.4348486646296985,-0.05612281348923044,-0.14983364168916147,-0.12100309915762057,0.04685541409996553,-0.10297822758919598,-0.02883054253154092,0.06488028566839012,0.08495335602077135,31,-0.14983364168916147,0.0
CB1222|L,513202,1,4.766183051264781,0.11632283903050107,0.022524442648555087,0.08567286834305311,0.046899198190972984,0.06942364083952808,-0.06314842569449805,0.03064997068744794,-0.05317441333600303,64,0.022524442648555108,0.0
PS072|R,39912;44944;65132;511817;512038;513339,6,1.726216173094885,-0.08906423811809777,-0.18433738790510698,-0.2225656859115122,0.0476365748935046,-0.13670081301160236,0.03822829800640521,0.13350144779341447,0.05083594011169257,81,0.0,0.184337387905107
AOTU017|R,18720,1,-15.224145844437446,0.00319443738306473,-0.09263079990237481,-0.12566108960232447,0.04791261864271978,-0.044718181259655015,0.03303028969994965,0.12885552698538918,-0.036224727083014385,16,0.0,0.09263079990237465
PS252|R,56356;559017,2,-11.333072512127535,0.03712539298208368,-0.061634992141382454,0.024328493934510573,0.04938019256173307,-0.012254799579649426,-0.08596348607589303,0.012796899047573106,0.04883809309380935,,0.0,0.06163499214138229
AN06B040|L,13758,1,3.458593039079471,0.12819924555308568,0.028213257184817733,0.11008674418737957,0.04999299418413397,0.07820625136895173,-0.08187348700256183,0.018112501365706104,-0.04632575855052383,44,0.0,-0.028213257184817736
LAL127|L,16986;67889,2,-39.82097572011601,-0.06279819448161354,-0.1654538391922923,-0.197903184618002,0.051327822355339385,-0.11412601683695298,0.032449345425709694,0.13510499013638846,0.03034884905590384,16,-0.1654538391922924,0.0
CL248|L,521126,1,-20.59910981664393,0.05981576401804643,-0.04335388035626287,-0.025981918527967527,0.05158482218715465,0.008230941830891786,-0.017371961828295347,0.08579768254601398,-0.042443802189751086,80,-0.04335388035626283,0.0
PS065|R,523821,1,3.1666086303634935,-0.1695558395497395,-0.2763374510985756,-0.2896044644259618,0.05339080577441803,-0.22294664532415742,0.013267013327386288,0.12004862487622237,0.1562888262223532,37,0.0,0.27633745109857555
LAL111|L,13463,1,-1.6379638414585258,-0.06387711664376576,-0.1736941051065766,-0.19372840652566536,0.0549084942314054,-0.11878561087517116,0.020034301419088803,0.1298512898818996,0.04384281522467696,66,-0.17369410510657654,0.0
PS221|L,15685;15877;29327,3,9.622950759582997,-0.05501757870155132,-0.16775287471078537,-0.19929292235539767,0.05636764800461704,-0.11138522670616835,0.03154004764461228,0.1442753436538463,0.02347753105693903,83,-0.16775287471078526,0.0
LAL121|R,529489,1,-39.05222544519713,0.26652567909235825,0.1502913220601156,0.4209394720391778,0.058117178516121304,0.2084085005762368,-0.27064814997906217,-0.15441379294681956,0.004122470886703877,16,0.17176151092584685,0.021470188865730856
SAD084|R,12186,1,28.081642008940406,0.38253604028481225,0.2658852732938298,0.5831507413459929,0.05832538349549119,0.32421065678932115,-0.3172654680521631,-0.2006147010611807,-0.06527057223264913,25,0.26588527329383005,0.0
ALIN3|R,20326;22457,2,-26.616938281765858,-0.19612864735121271,-0.3287355111912244,-0.4739084790840128,0.06630343192000585,-0.2624320792712186,0.14517296789278844,0.2777798317328002,0.05095567945842427,,0.0,0.3287355111912243
IN12B014|R,803110,1,-294.04327359349793,0.29384999371607945,0.15817348830079225,0.9705464499173564,0.06783825270764358,0.22601174100843657,-0.8123729616165641,-0.6766964562012769,0.5185229679004847,16,0.1581734883007922,0.0
CL248|R,11311,1,35.36849198282514,-0.07928594402003065,-0.2176527122077072,-0.14622189261388963,0.06918338409383827,-0.14846932811386906,-0.07143081959381758,0.06693594859385897,0.15071676361384823,16,0.0,0.2176527122077071
DNge124|R,12447,1,3.9626640874526196,0.3113423404673306,0.16424392854006895,0.310336612203131,0.07354920596363083,0.23779313450369982,-0.14609268366306202,0.0010057282641996788,-0.16524965680426865,123,0.16424392854006895,0.0
CB2093|R,27262,1,-30.99185592616696,-0.5732967992054508,-0.7214517325954357,-0.9348686893857837,0.0740774666949926,-0.6473742659004433,0.2134169567903477,0.361571890180333,0.35987984241510296,16,0.0,0.7214517325954359
GNG663|R,15723;520192,2,28.08879055015322,-0.4470095801371916,-0.5955427658895347,-0.9572095409015988,0.07426659287617154,-0.521276173013363,0.3616667750120642,0.5101999607644074,0.08534280512512735,,0.0,0.5955427658895348
PVLP213m|R,15374;525421,2,-308.50490058709426,0.03901155012129648,-0.11310918969646598,-0.09022690882131236,0.07606036990888124,-0.03704881978758626,-0.022882280875153628,0.12923845894260882,-0.016129269246142854,16,0.0,0.11310918969646866
SAD036|L,515757,1,-2.19506703626088,0.16465002632716141,-0.0035134697059822748,0.21728776074060052,0.08408174801657184,0.08056827831058953,-0.2208012304465829,-0.0526377344134392,0.05615120411942145,,-0.0035134697059822765,0.0
AOTU016_b|L,23775;25830;46259,3,1.4126749885927883,0.21573159419132218,0.041814448171282714,0.09726937589858049,0.08695857301001973,0.12877302118130243,-0.055454927727297806,0.11846221829274162,-0.16027666646402436,39,0.041814448171282714,0.0
LAL076|R,24688,1,-28.150719093514105,-0.9389615747443134,-1.120384662670201,-1.3328305750658311,0.09071154396294374,-1.029673118707257,0.21244591239563054,0.39386900032151806,0.7265156623486829,,-1.1203846626702008,0.0
ICL013m_b|R,520198,1,99.39386734833927,-0.29047129798174265,-0.47243664077089,-0.94752163355352,0.09098267139457365,-0.3814539693763161,0.4750849927826301,0.6570503355717774,-0.18461369480088755,123,0.0,0.4724366407708902
PLP060|L,525958,1,-3.5360835133954795,-0.08365791617351612,-0.26750486048865535,-0.2267944566157767,0.09192347215756964,-0.1755813883310858,-0.040710403872878706,0.14313654044226057,0.12436832004639484,108,-0.26750486048865535,0.0
DNae001|L,512071,1,66.3225530673958,2.744464327575304,2.558968841551332,4.165120713487371,0.09274774301198584,2.6517165845633186,-1.6061518719360384,-1.4206563859120664,-1.1383124556392654,20,2.5589688415513323,0.0
AOTU027|L,12391,1,160.6084687310821,8.431389633268031,8.240808105330856,15.264241645943661,0.09529076396858698,8.336098869299445,-7.023433540612807,-6.832852012675633,-1.4079560926552246,16,8.240808105330858,0.0
PS308|R,523372,1,25.50686813922342,-0.027854121813370707,-0.2243992968851542,-0.22272232042512546,0.09827258753589176,-0.12612670934926257,-0.0016769764600287848,0.19486819861175472,0.02953109827339948,44,0.0,0.22439929688515417
LAL302m|L,19309;19816;22524;79407,4,680.2243794368839,2.3350170469396847,2.128183008914517,1.934137935655675,0.10341701901258384,2.2316000279271004,0.19404507325884202,0.40087911128400966,-2.529062120198527,26,2.128183008914518,0.0
CB1792|R,559554,1,22.820329062934917,-0.10987101531172934,-0.3328801705674917,-0.36699346291235574,0.11150457762788119,-0.2213755929396105,0.03411329234486406,0.2571224476006264,0.07575772296686528,79,0.0,0.3328801705674916
LAL127|R,17420;533667,2,5.830264900121892,0.6806134916453969,0.45152500302212983,0.6676704199984124,0.11454424431163344,0.5660692473337634,-0.2161454169762824,0.012943071646984484,-0.46446807466911433,31,0.0,-0.4515250030221299
DNg71|L,575669,1,-6.542215206258531,-0.24923828838754813,-0.48044512922034205,-0.5048900175304257,0.11560342041639694,-0.3648417088039451,0.024444888310083738,0.25565172914287765,0.2247934000774644,16,-0.48044512922034205,0.0
CL322|L,11720,1,-8.698112026046212,-0.01334684900228317,-0.2683103020688307,-0.1982557526094497,0.12748172653327378,-0.14082857553555694,-0.07005454945938105,0.18490890360716652,0.08340139846166421,17,0.0,0.2683103020688308
CB0297|L,514310,1,-8.92536013515963,0.10243930604994632,-0.15599779914251408,-0.11762417184416364,0.1292185525962302,-0.026779246546283865,-0.03837362729835044,0.22006347789410993,-0.06406567875159587,156,0.0,0.15599779914251416
PS060|L,13404,1,-7.950774927474476,-0.14887975798791864,-0.43558935477806254,-0.4564547447522872,0.14335479839507195,-0.2922345563829906,0.020865389974224692,0.3075749867643686,0.12801436801369395,69,-0.4355893547780625,0.0
LAL054|L,524000,1,-28.612874536204988,0.13064319954615883,-0.1614017995076039,-0.3566559317754025,0.14602249952688134,-0.015379299980722494,0.19525413226779867,0.4872991313215614,-0.3258973318139575,16,-0.16140179950760428,0.0
PS239|L,21793;529411,2,3.787237877209772,-0.06184230908504425,-0.35525688822232243,-0.2442740855791493,0.14670728956863907,-0.2085495986536833,-0.11098280264317313,0.18243177649410502,0.1728251117282174,,-0.35525688822232243,0.0
LAL304m|L,14438;14746,2,-18.09973269412798,0.037302531216297063,-0.2581334014507045,-0.10719120289886283,0.1477179663335008,-0.11041543511720368,-0.1509421985518417,0.14449373411515992,0.11363966733554463,,0.0,0.25813340145070446
LAL081|R,13273,1,-298.5359475225353,-2.7934204045328412,-3.089664153794309,-3.5357466120394174,0.14812187463073398,-2.941542279163574,0.4460824582451081,0.7423262075065761,2.3473379462877326,20,0.0,3.0896641537943075
CB2270|L,19115;80808,2,18.395965700214624,0.7306157401658516,0.43345895373911414,0.7327730631018061,0.14857839321336858,0.5820373469524831,-0.2993141093626918,-0.0021573229359546035,-0.43130163080315975,229,0.43345895373911414,0.0
LAL113|L,63923;520641,2,-302.4608759448423,0.50494831047972,0.15310418528340602,0.248792617649614,0.175922062598157,0.32902624788156626,-0.09568843236620794,0.25615569283010603,-0.4092598781135121,16,0.15310418528340497,0.0
LAL060_a|L,42132;71751;72857;513929,4,-58.199574755400384,7.540770707979647,7.168159336276624,8.967910258748718,0.1863056858515113,7.354465022128135,-1.7997509224720938,-1.4271395507690712,-5.741019785507554,247,7.168159336276624,0.0
AOTU005|R,14365,1,-106.64384221650056,-2.8904704580161624,-3.2891580680717882,-2.9579780543788665,0.19934380502781285,-3.0898142630439756,-0.33118001369292077,0.06750759636270467,3.221650471709083,23,0.0,3.289158068071787
PS021|L,47750;72315,2,60.450399425668195,-3.846825452619093,-4.25156713742554,-6.315821499870066,0.2023708424032241,-4.049196295022316,2.064254362444526,2.4689960472509744,1.7825710901745666,298,-4.251567137425539,0.0
LAL051|R,12910,1,650.4854528514637,1.6386274393126297,1.2295983046136094,0.4177849583988235,0.2045145673495101,1.4341128719631224,0.8118133462147858,1.220842480913806,-2.4504407855274155,87,0.0,-1.2295983046136123
AVLP299_a|L,69394,1,45.24742151559086,-1.6280967138442373,-2.0758255353236734,-2.933335526290466,0.22386441073971813,-1.8519611245839558,0.8575099909667921,1.3052388124462286,0.7705867228774452,35,-2.0758255353236734,0.0
LT51|L,11163;11348;11417;11726;12264;14774;14777,7,-310.3397703830589,0.09728817380192484,-0.35164934443365503,-0.08684944910909236,0.22446875911778993,-0.12718058531586643,-0.2647998953245627,0.18413762291101718,0.16751172152263785,16,-0.35164934443365564,0.0
LAL179|L,30801;50397;82205,3,-1230.3172280262274,-3.5996789201868222,-4.066850760154369,-5.143447491788082,0.2335859199837736,-3.8332648401705955,1.076596731633713,1.5437685716012601,2.523082188553109,141,0.0,4.066850760154379
PFL3|R,18327;18803;18851;19009;23159;26488;35322;79549;513266;518378;520811;567101,12,586.3015437189357,8.8549148666109,8.358027114695727,8.58054718441624,0.24844387595758627,8.606470990653316,-0.22252006972051505,0.27436768219465757,-8.632394796890383,31,8.35802711469573,0.0
PS230|L,13291;516911,2,1625.5238543527882,0.8211822414904921,0.32185550636131216,0.8233933090330866,0.24966336756458998,0.5715188739259006,-0.5015378026717745,-0.0022110675425945324,-0.3196444388187176,26,0.32185550636131166,0.0
GNG315|L,13124,1,-18.578629222347487,1.5850347579088497,1.0597280370982083,1.2146167636110268,0.2626533604053207,1.322381397503529,-0.15488872651281843,0.37041799429782307,-1.4301460313960312,16,1.0597280370982085,0.0
LT51|R,11463;11670;13090;14370;14697;14823;15402,7,376.16467633916164,0.8133374951106367,0.2593126182330124,0.46518225635231786,0.2770124384388121,0.5363250566718255,-0.20586963811930542,0.34815523875831883,-0.6074678569913312,35,0.0,-0.2593126182330091
PVLP202m|R,18802;21237;23898,3,-26.508794978355215,0.08431139759235669,-0.5181949059324015,-0.14894187113335744,0.30125315176237916,-0.2169417541700225,-0.36925303479904403,0.2332532687257141,0.2849416372066874,16,0.0,0.5181949059324016
LAL145|L,513401;519895,2,40.97751324479756,0.5835703842101473,-0.021147087524386307,0.4120046852367827,0.30235873586726686,0.2812116483428807,-0.4331517727611691,0.17156569897336477,-0.15041861144897845,200,-0.02114708752438617,0.0
CB0540|L,520341,1,-69.15268288036656,-0.2539824555916991,-0.9074793389205386,-0.7098791448421481,0.32674844166441974,-0.5807308972561194,-0.19760019407839047,0.4558966892504489,0.4515826496700896,38,-0.907479338920538,0.0
GNG515|R,12232,1,-488.3253248739089,2.5789703075639103,1.8550969544602995,2.7791433356409176,0.36193667655180517,2.217033631012104,-0.9240463811806181,-0.20017302807700774,-1.6549239263832918,304,1.855096954460299,0.0
PS304|R,520194,1,46.052818545534535,0.5321879773079805,-0.20319452066986643,-0.7003667539368742,0.36769124898892347,0.16449672831905698,0.49717223326700777,1.2325547312448546,-1.0293602105749884,158,0.0,0.2031945206698669
PVLP209m|L,20713;29390;36963;38471;519881,5,73.07542751818414,2.16779058995847,1.3422289026597904,1.5692031185263806,0.4127808436493396,1.75500974630913,-0.2269742158665902,0.5985874714320888,-1.9408163740918796,53,1.342228902659791,0.0
VES074|L,10116,1,-779.4905250083988,-2.8469038762945083,-3.6974981098988935,-4.001978834137202,0.42529711680219295,-3.2722009930967006,0.30448072423830774,1.1550749578426938,2.542423152056201,16,0.0,3.6974981098988944
PS077|R,29207;42700;45861;50575;56560;71649;527350,7,911.986411753413,-0.9986997331899645,-1.8615398770377272,-2.3035140501834133,0.4314200719238813,-1.4301198051138428,0.44197417314568616,1.3048143169934487,0.5567255600442784,16,0.0,1.8615398770377305
VES202m|L,10585;13920;15383;566769,4,-3.7151051016493173,0.3204522866085113,-0.5555305070565535,-0.45883516483865305,0.43799139683253246,-0.11753911022402104,-0.0966953422179003,0.7792874514471646,-0.22375694439061106,37,-0.5555305070565535,0.0
LAL094|L,151629;152644;162777;174170;513794,5,33.592001556022694,-13.162302832711847,-14.071176877719067,-16.069429744932112,0.4544370225036098,-13.616739855215457,1.9982528672130446,2.907126912220266,11.164049965498801,16,0.0,14.071176877719067
LAL060_a|R,35965;46760;537444,3,93.53509490916193,0.20974277873916317,-0.7426897634106981,0.20708025969321703,0.47621627107493064,-0.2664734923357671,-0.9497700231039151,0.0026625190459461452,0.740027244364752,16,0.0,0.7426897634106993
SIP022|L,173968,1,0.07926199218640871,15.506159132456967,14.504750973154977,18.86787252792908,0.5007040796509934,15.005455052805972,-4.363121554774097,-3.361713395472111,-11.143037577682867,,14.504750973154975,0.0
DNb02|R,10805;13922,2,18.190513592690312,-0.973014093000786,-2.111136104164008,-2.3140578170353074,0.569061005581611,-1.542075098582397,0.2029217128712992,1.3410437240345217,0.7700923801294867,33,0.6938431191238236,2.804979223287832
PS261|L,518513;519363,2,63.44949298320595,-0.6709555566743708,-1.918993350142202,-2.1898705076244,0.6240188967339155,-1.2949744534082859,0.2708771574821975,1.5189149509500286,0.4000783991921733,94,-1.9189933501422032,0.0
GNG562|R,12086,1,29.27915916671666,-0.02290071720391245,-1.3678457684855938,-1.6331766795533413,0.6724725256408406,-0.6953732428447533,0.26533091106774775,1.6102759623494287,-0.2424301938638352,29,0.30262075715882764,1.6704665256444216
PVLP048|L,18204;22278;23827;25970,4,-26.477741872471405,-0.22412780490439363,-1.6122391747716622,-1.7405547393864345,0.6940556849336343,-0.9181834898380281,0.12831556461477206,1.516426934482041,0.09581224028962157,22,-3.711021089561299,-2.098781914789636
PVLP201m_b|R,19822,1,-71.91034031011988,0.9058217349738306,-0.7456307107496286,0.8501014347550533,0.8257262228617296,0.08009551211210118,-1.595732145504682,0.05572030021877733,0.6899104105308512,26,0.0,0.745630710749629
PVLP202m|L,20360;20814;24000,3,286.6791092279338,0.036817321525103086,-1.6544314553746873,-1.6487192847118894,0.8456243884498952,-0.80880706692479,-0.005712170662797805,1.6855366062369925,-0.031105150862305284,62,-1.654431455374687,0.0
LAL301m|L,22126;89545,2,897.4242888518141,5.727073296937726,3.802404474086813,6.091519706153738,0.9623344114254562,4.764738885512267,-2.289115232066925,-0.36444640921601285,-3.437958064870801,16,3.802404474086818,0.0
PVLP213m|L,47846;65270,2,46.97393003323908,-0.01950982030128468,-2.1762118396135604,-2.1096783276309954,1.078351009656138,-1.0978608299574228,-0.066533511982565,2.090168507329711,0.08604333228384978,,-2.17621183961356,0.0
LAL300m|R,18745;20755,2,-422.3957313482813,7.62091813411887,5.395737084614166,7.078282884407747,1.112590524752351,6.508327609366517,-1.682545799793583,0.5426352497111188,-5.938372334325283,16,0.0,-5.395737084614164
AVLP370_a|L,13036,1,50.364817691265664,0.5614887560228152,-1.7648419049484878,-1.448149073843269,1.1631653304856517,-0.6016765744628363,-0.3166928311052191,2.009637829866084,-0.24479592491759591,151,-1.7648419049484882,0.0
PFL3|L,15210;17000;17286;17290;26038;29836;108478;513032;519346;519351;523032;530071,12,-622.7757626813593,0.6663340943456135,-1.7143535369966154,-0.8578251274955248,1.1903438156711146,-0.524009721325502,-0.8565284095010907,1.5241592218411382,0.19019431515547716,18,0.0,1.7143535369966145
LAL126|L,11636;529710,2,304.4245114276248,4.096309055684714,1.3608989687297188,1.2360385192401726,1.3677050434774973,2.7286040122072155,0.12486044948954647,2.860270536444542,-4.22116950517426,28,0.0,-1.3608989687297166
VES202m|R,15594;18465;516692,3,340.13748477419665,1.0846627083755733,-1.8644069172322264,-2.612713936008742,1.4745348128038998,-0.3898721044283248,0.7483070187765154,3.697376644384315,-1.8329697271520888,41,0.0,1.8644069172322277
AOTU015|R,17436;17461;18138;18335,4,-204.94006401417187,8.34152296694419,4.338916648859413,8.142759441970954,2.00130315904239,6.340219807901801,-3.8038427931115417,0.19876352497323757,-4.5376801738326495,307,0.0,-4.338916648859413
LAL126|R,521525;524483,2,-1468.773961279641,32.81227144980838,28.51480988418476,46.02298181964477,2.1487307828118034,30.663540666996553,-17.50817193546001,-13.210710369836402,-15.304099514348357,16,28.514809884184764,0.0
AOTU001|L,32894;103686;382559434,3,-721.1284908949269,-11.293875341907096,-15.848062613040751,-20.30861527789297,2.2770936355668283,-13.570968977473928,4.460552664852215,9.01473993598587,6.833322677054881,16,0.0,15.848062613040753
LAL300m|L,17685;19283,2,266.10651016038406,2.9088895037213485,-2.2732361542493065,0.8911594348752498,2.591062828985328,0.317826674736021,-3.164395589124556,2.0177300688460993,0.25550608540320735,16,-2.273236154249308,0.0
AOTU001|R,35228;36409;71967;141703,4,859.8675052092393,0.04896048361126985,-12.649960616560675,-10.247173569368828,6.349460550085973,-6.3005000664747,-2.402787047191847,10.296134052980099,2.3538265635805766,25,-12.669505036468943,-0.019544419908275473
GNG562|L,520117,1,-536.7371462563498,-8.936461388850914,-22.38456663766438,-24.09464828333737,6.724052624406735,-15.660514013257654,1.7100816456729853,15.158186894486455,7.226379743177928,81,-25.40950789651037,-3.024941258845984
